Date,SPY,VIX,HY_Spread
2000-01-03,90.9070281982422,24.209999084472656,1.6899999999999995
2000-01-04,87.35195922851562,27.01000022888184,1.7200000000000006
2000-01-05,87.50826263427734,26.40999984741211,1.669999999999999
2000-01-06,86.10187530517578,25.729999542236328,1.67
2000-01-07,91.1023178100586,21.71999931335449,1.700000000000001
2000-01-10,91.41487121582033,21.709999084472656,1.6999999999999993
2000-01-11,90.3209991455078,22.5,1.6899999999999995
2000-01-12,89.4224853515625,22.84000015258789,1.6800000000000006
2000-01-13,90.6335678100586,21.709999084472656,1.7500000000000009
2000-01-14,91.86415100097656,19.65999984741211,1.7299999999999995
2000-01-17,91.86415100097656,19.65999984741211,1.7299999999999995
2000-01-18,91.14139556884766,21.5,1.7200000000000006
2000-01-19,91.8836669921875,21.71999931335449,1.6999999999999993
2000-01-20,90.4772720336914,21.75,1.6599999999999993
2000-01-21,90.2819366455078,20.81999969482422,1.63
2000-01-24,87.72312927246094,24.06999969482422,1.669999999999999
2000-01-25,88.71930694580078,23.020000457763672,1.63
2000-01-26,88.01605987548828,23.030000686645508,1.589999999999999
2000-01-27,87.66454315185547,23.540000915527344,1.5500000000000007
2000-01-28,84.92990112304688,26.13999938964844,1.5999999999999996
2000-01-31,87.23479461669922,24.950000762939453,1.6799999999999995
2000-02-01,88.09423828125,23.450000762939453,1.6499999999999997
2000-02-02,88.17237854003906,23.1200008392334,1.620000000000001
2000-02-03,89.5006332397461,22.01000022888184,1.6400000000000006
2000-02-04,89.12952423095703,21.540000915527344,1.6000000000000003
2000-02-07,88.99275207519531,22.790000915527344,1.660000000000001
2000-02-08,90.20382690429688,21.25,1.59
2000-02-09,88.30911254882812,22.899999618530277,1.7000000000000002
2000-02-10,88.48491668701172,23.06999969482422,1.7200000000000006
2000-02-11,86.68783569335938,24.420000076293945,1.7299999999999995
2000-02-14,87.1957015991211,24.3799991607666,1.740000000000001
2000-02-15,88.1821517944336,22.920000076293945,1.7700000000000005
2000-02-16,86.88321685791016,23.51000022888184,1.79
2000-02-17,86.43392181396484,23.170000076293945,1.75
2000-02-18,84.57829284667969,26.0,1.8200000000000005
2000-02-21,84.57829284667969,26.0,1.8200000000000005
2000-02-22,84.36343383789062,25.86000061035156,1.88
2000-02-23,85.35960388183594,23.88999938964844,1.839999999999999
2000-02-24,83.64070129394531,24.3799991607666,1.9400000000000004
2000-02-25,83.33795166015625,25.200000762939453,1.9899999999999995
2000-02-28,85.08611297607422,24.68000030517578,2.0100000000000007
2000-02-29,85.90654754638672,23.3700008392334,1.91
2000-03-01,86.53157043457031,21.63999938964844,1.96
2000-03-02,86.5902099609375,21.059999465942383,1.9499999999999995
2000-03-03,88.21143341064453,19.209999084472656,1.9300000000000008
2000-03-06,87.35195922851562,21.5,1.91
2000-03-07,85.66236877441406,24.309999465942383,1.95
2000-03-08,85.55494689941406,23.81999969482422,1.9799999999999995
2000-03-09,88.05518341064453,22.209999084472656,2.0500000000000007
2000-03-10,87.58637237548828,21.239999771118164,2.0900000000000007
2000-03-13,86.62926483154297,22.850000381469727,2.169999999999999
2000-03-14,85.39867401123047,24.40999984741211,2.150000000000001
2000-03-15,87.39104461669922,22.34000015258789,2.170000000000001
2000-03-16,91.47346496582033,20.770000457763672,2.16
2000-03-17,92.07804870605467,22.3700008392334,2.1599999999999997
2000-03-20,91.60800170898438,22.959999084472656,2.140000000000001
2000-03-21,93.4879150390625,21.700000762939453,2.1800000000000006
2000-03-22,94.05585479736328,21.489999771118164,2.2
2000-03-23,95.66168212890624,22.26000022888184,2.1999999999999997
2000-03-24,96.22956848144533,23.309999465942383,2.13
2000-03-27,95.21129608154295,24.530000686645508,2.1100000000000003
2000-03-28,94.66295623779295,24.86000061035156,2.16
2000-03-29,94.76084899902344,24.100000381469727,2.200000000000001
2000-03-30,93.17465209960938,25.46999931335449,2.3
2000-03-31,94.23208618164062,24.11000061035156,2.3
2000-04-03,94.78045654296876,24.030000686645508,2.3000000000000007
2000-04-04,94.0755386352539,27.1200008392334,2.379999999999999
2000-04-05,93.4879150390625,28.40999984741211,2.4499999999999997
2000-04-06,94.30067443847656,27.149999618530277,2.390000000000001
2000-04-07,94.89793395996094,24.38999938964844,2.3999999999999995
2000-04-10,94.5259017944336,25.989999771118164,2.4400000000000004
2000-04-11,94.25171661376952,27.25,2.45
2000-04-12,91.6667938232422,28.979999542236328,2.4400000000000004
2000-04-13,90.39392852783205,29.399999618530277,2.45
2000-04-14,85.22406005859375,33.4900016784668,2.530000000000001
2000-04-17,88.20064544677734,28.950000762939453,2.5
2000-04-18,90.5310287475586,26.1200008392334,2.4300000000000006
2000-04-19,89.68889617919922,27.020000457763672,2.42
2000-04-20,90.11976623535156,25.850000381469727,2.41
2000-04-21,90.11976623535156,25.850000381469727,2.41
2000-04-24,89.14060974121094,27.3700008392334,2.42
2000-04-25,92.8417739868164,25.239999771118164,2.3600000000000003
2000-04-26,91.79405975341795,26.96999931335449,2.37
2000-04-27,91.49055480957033,26.190000534057617,2.34
2000-04-28,90.9226531982422,26.200000762939453,2.34
2000-05-01,92.1563720703125,25.8799991607666,2.3
2000-05-02,90.31559753417967,28.5,2.3200000000000003
2000-05-03,88.20064544677734,31.6299991607666,2.34
2000-05-04,88.86643981933594,30.770000457763672,2.38
2000-05-05,89.94348907470703,27.530000686645508,2.3599999999999994
2000-05-08,89.26789093017578,28.200000762939453,2.35
2000-05-09,88.55313873291016,28.93000030517578,2.3600000000000003
2000-05-10,86.55565643310547,29.8700008392334,2.410000000000001
2000-05-11,88.5335464477539,27.76000022888184,2.49
2000-05-12,89.49310302734375,26.049999237060547,2.52
2000-05-15,91.0401611328125,24.86000061035156,2.5200000000000005
2000-05-16,91.92138671875,24.34000015258789,2.51
2000-05-17,90.9618148803711,23.979999542236328,2.53
2000-05-18,89.84557342529297,23.959999084472656,2.5200000000000005
2000-05-19,88.43563079833984,25.440000534057617,2.5500000000000007
2000-05-22,87.76979064941406,26.0,2.5699999999999994
2000-05-23,86.47735595703125,25.8700008392334,2.55
2000-05-24,87.88733673095703,24.31999969482422,2.5200000000000005
2000-05-25,86.37945556640625,24.57999992370605,2.500000000000001
2000-05-26,86.47735595703125,24.46999931335449,2.51
2000-05-29,86.47735595703125,24.46999931335449,2.51
2000-05-30,89.29724884033203,23.6200008392334,2.4899999999999998
2000-05-31,89.49310302734375,23.649999618530277,2.5200000000000005
2000-06-01,91.05972290039062,22.36000061035156,2.5100000000000007
2000-06-02,92.64592742919922,21.479999542236328,2.5
2000-06-05,92.19554138183594,22.709999084472656,2.4400000000000004
2000-06-06,91.7843017578125,23.049999237060547,2.39
2000-06-07,92.4207534790039,22.479999542236328,2.3600000000000003
2000-06-08,92.0584716796875,22.770000457763672,2.3500000000000005
2000-06-09,91.86263275146484,22.13999938964844,2.3400000000000007
2000-06-12,90.78556823730467,22.31999969482422,2.35
2000-06-13,92.4892578125,21.670000076293945,2.3600000000000003
2000-06-14,92.64592742919922,21.479999542236328,2.3500000000000005
2000-06-15,92.8417739868164,20.68000030517578,2.3600000000000003
2000-06-16,92.07887268066406,20.5,2.369999999999999
2000-06-19,93.25666046142578,20.6299991607666,2.380000000000001
2000-06-20,92.92295837402344,20.8799991607666,2.3600000000000003
2000-06-21,92.88373565673828,20.61000061035156,2.3500000000000005
2000-06-22,91.4704360961914,22.0,2.37
2000-06-23,90.6852569580078,22.34000015258789,2.339999999999999
2000-06-26,91.85315704345705,22.450000762939453,2.4099999999999997
2000-06-27,91.17597198486328,21.799999237060547,2.380000000000001
2000-06-28,91.43115234375,20.290000915527344,2.3999999999999995
2000-06-29,90.56747436523438,19.700000762939453,2.3999999999999995
2000-06-30,91.25448608398438,19.540000915527344,2.3999999999999995
2000-07-03,92.51073455810548,19.82999992370605,2.41
2000-07-04,92.51073455810548,19.82999992370605,2.41
2000-07-05,90.84229278564452,21.15999984741211,2.4000000000000004
2000-07-06,91.54889678955078,20.940000534057617,2.38
2000-07-07,93.0211181640625,19.21999931335449,2.370000000000001
2000-07-10,92.86402130126952,20.32999992370605,2.3400000000000007
2000-07-11,93.0603485107422,20.11000061035156,2.330000000000001
2000-07-12,93.66883850097656,20.030000686645508,2.290000000000001
2000-07-13,94.08108520507812,20.030000686645508,2.3000000000000007
2000-07-14,95.00360107421876,19.31999969482422,2.24
2000-07-17,94.8465576171875,19.450000762939453,2.2200000000000006
2000-07-18,94.07121276855467,19.75,2.2200000000000006
2000-07-19,93.31551361083984,19.649999618530277,2.24
2000-07-20,94.61103057861328,18.940000534057617,2.290000000000001
2000-07-21,92.76585388183594,18.940000534057617,2.27
2000-07-24,92.23595428466795,19.920000076293945,2.2600000000000007
2000-07-25,92.53038787841795,19.38999938964844,2.2600000000000007
2000-07-26,91.62744140625,19.670000076293945,2.2700000000000005
2000-07-27,91.31334686279295,19.600000381469727,2.24
2000-07-28,89.25231170654297,20.84000015258789,2.249999999999999
2000-07-31,89.82159423828125,20.739999771118164,2.2700000000000005
2000-08-01,90.37117767333984,20.549999237060547,2.27
2000-08-02,90.82264709472656,20.0,2.299999999999999
2000-08-03,91.4507827758789,19.989999771118164,2.31
2000-08-04,91.94147491455078,18.6200008392334,2.33
2000-08-07,93.04071044921876,19.030000686645508,2.29
2000-08-08,93.39405059814452,18.790000915527344,2.3100000000000005
2000-08-09,92.60889434814452,19.18000030517578,2.4400000000000004
2000-08-10,92.15740966796876,19.190000534057617,2.4700000000000006
2000-08-11,92.58920288085938,18.549999237060547,2.45
2000-08-14,93.7669906616211,17.8799991607666,2.45
2000-08-15,93.6884765625,17.979999542236328,2.4300000000000006
2000-08-16,93.35482788085938,18.020000457763672,2.42
2000-08-17,94.33617401123048,17.479999542236328,2.46
2000-08-18,94.02218627929688,17.049999237060547,2.46
2000-08-21,94.53248596191406,17.350000381469727,2.47
2000-08-22,94.37548828125,17.469999313354492,2.509999999999999
2000-08-23,94.74844360351562,17.3799991607666,2.53
2000-08-24,95.0428466796875,17.040000915527344,2.49
2000-08-25,95.00360107421876,16.530000686645508,2.5
2000-08-28,95.32744598388672,16.540000915527344,2.4899999999999998
2000-08-29,95.34715270996094,16.889999389648438,2.490000000000001
2000-08-30,94.434326171875,17.690000534057617,2.490000000000001
2000-08-31,95.69061279296876,16.84000015258789,2.51
2000-09-01,95.7887725830078,17.530000686645508,2.540000000000001
2000-09-04,95.7887725830078,17.530000686645508,2.540000000000001
2000-09-05,95.0232162475586,19.81999969482422,2.53
2000-09-06,93.94361114501952,20.790000915527344,2.54
2000-09-07,94.74844360351562,19.420000076293945,2.51
2000-09-08,94.10067749023438,18.459999084472656,2.52
2000-09-11,93.96324157714844,18.399999618530277,2.52
2000-09-12,93.27628326416016,18.59000015258789,2.56
2000-09-13,93.52162170410156,18.31999969482422,2.58
2000-09-14,93.99271392822266,18.26000022888184,2.579999999999999
2000-09-15,91.93637084960938,18.520000457763672,2.6
2000-09-18,91.0901870727539,20.25,2.6100000000000003
2000-09-19,91.91667938232422,19.540000915527344,2.5699999999999994
2000-09-20,91.23776245117188,19.93000030517578,2.5500000000000007
2000-09-21,89.8504638671875,20.18000030517578,2.55
2000-09-22,91.4837646484375,20.739999771118164,2.5500000000000007
2000-09-25,90.83438110351562,21.40999984741211,2.53
2000-09-26,89.67332458496094,21.8799991607666,2.5200000000000005
2000-09-27,90.14561462402344,21.670000076293945,2.539999999999999
2000-09-28,91.30662536621094,19.46999931335449,2.5
2000-09-29,90.4407958984375,20.56999969482422,2.54
2000-10-02,90.5785675048828,21.229999542236328,2.58
2000-10-03,89.73245239257812,21.850000381469727,2.54
2000-10-04,90.48016357421876,21.540000915527344,2.51
2000-10-05,90.79503631591795,21.030000686645508,2.5200000000000005
2000-10-06,88.82720947265625,22.709999084472656,2.53
2000-10-09,88.15815734863281,24.020000457763672,2.53
2000-10-10,86.70196533203125,24.86000061035156,2.54
2000-10-11,85.97386932373047,26.56999969482422,2.610000000000001
2000-10-12,83.8289566040039,30.51000022888184,2.639999999999999
2000-10-13,86.62324523925781,27.600000381469727,2.639999999999999
2000-10-16,87.01683044433594,26.790000915527344,2.629999999999999
2000-10-17,84.85220336914062,27.84000015258789,2.640000000000001
2000-10-18,84.537353515625,28.71999931335449,2.68
2000-10-19,87.72522735595703,25.09000015258789,2.66
2000-10-20,88.09909057617188,24.239999771118164,2.6499999999999995
2000-10-23,88.49266052246094,24.690000534057617,2.68
2000-10-24,87.90233612060547,24.280000686645508,2.6599999999999997
2000-10-25,85.83614349365234,26.649999618530277,2.6500000000000004
2000-10-26,86.07223510742188,28.6200008392334,2.5999999999999988
2000-10-27,87.70549774169922,26.46999931335449,2.580000000000001
2000-10-30,88.49266052246094,25.459999084472656,2.5600000000000005
2000-10-31,90.01773834228516,23.6299991607666,2.5600000000000005
2000-11-01,89.7127456665039,24.280000686645508,2.5700000000000003
2000-11-02,89.86028289794922,23.920000076293945,2.539999999999999
2000-11-03,89.90950012207031,23.670000076293945,2.52
2000-11-06,90.53922271728516,24.520000457763672,2.499999999999999
2000-11-07,90.51952362060548,24.90999984741211,2.499999999999999
2000-11-08,88.51236724853516,25.65999984741211,2.4799999999999995
2000-11-09,88.1778335571289,27.200000762939453,2.5
2000-11-10,86.03289794921875,28.530000686645508,2.5
2000-11-13,85.36383056640625,29.059999465942383,2.52
2000-11-14,87.60713195800781,26.809999465942383,2.52
2000-11-15,87.88262939453125,26.149999618530277,2.5200000000000005
2000-11-16,86.50514221191406,25.049999237060547,2.540000000000001
2000-11-17,86.04273223876953,24.809999465942383,2.579999999999999
2000-11-20,84.81280517578125,27.43000030517578,2.6099999999999994
2000-11-21,85.24579620361328,26.6200008392334,2.640000000000001
2000-11-22,83.20912170410156,27.709999084472656,2.6100000000000003
2000-11-23,83.20912170410156,27.709999084472656,2.6100000000000003
2000-11-24,84.91120147705078,26.0,2.63
2000-11-27,85.6590576171875,26.93000030517578,2.6499999999999995
2000-11-28,84.18313598632812,27.63999938964844,2.6
2000-11-29,84.0257339477539,27.489999771118164,2.63
2000-11-30,83.29765319824219,29.649999618530277,2.639999999999999
2000-12-01,83.25834655761719,27.479999542236328,2.66
2000-12-04,83.96665954589844,27.780000686645508,2.6599999999999997
2000-12-05,86.7216567993164,24.989999771118164,2.6899999999999995
2000-12-06,85.33432006835938,25.06999969482422,2.7300000000000004
2000-12-07,84.16345977783203,25.34000015258789,2.719999999999999
2000-12-08,84.36027526855469,22.40999984741211,2.74
2000-12-11,87.29232788085938,23.51000022888184,2.71
2000-12-12,86.91841888427734,24.8799991607666,2.72
2000-12-13,85.72791290283203,23.6299991607666,2.7399999999999998
2000-12-14,84.6357421875,24.86000061035156,2.77
2000-12-15,82.72409057617188,26.549999237060547,2.77
2000-12-18,83.82950592041016,27.700000762939453,2.8100000000000005
2000-12-19,82.12208557128906,27.170000076293945,2.81
2000-12-20,79.74358367919922,31.739999771118164,2.87
2000-12-21,80.29627990722656,29.65999984741211,2.89
2000-12-22,82.70438385009766,27.549999237060547,2.9000000000000004
2000-12-25,82.70438385009766,27.549999237060547,2.9000000000000004
2000-12-26,83.59262084960938,28.729999542236328,2.89
2000-12-27,84.20452880859375,28.13999938964844,2.8599999999999994
2000-12-28,84.46112060546875,26.56999969482422,2.83
2000-12-29,82.86231231689453,26.850000381469727,2.88
2001-01-01,82.86231231689453,26.850000381469727,2.88
2001-01-02,81.36214447021484,29.989999771118164,2.99
2001-01-03,85.2703857421875,26.600000381469727,2.83
2001-01-04,84.35253143310547,26.96999931335449,2.91
2001-01-05,81.59902954101562,28.670000076293945,2.99
2001-01-08,82.23067474365234,29.84000015258789,2.9399999999999995
2001-01-09,82.0135269165039,27.989999771118164,2.92
2001-01-10,83.4544448852539,26.799999237060547,2.83
2001-01-11,83.53338623046875,25.790000915527344,2.8500000000000005
2001-01-12,83.37550354003906,24.559999465942383,2.8000000000000007
2001-01-15,83.37550354003906,24.559999465942383,2.8000000000000007
2001-01-16,83.90843200683594,25.280000686645508,2.7299999999999995
2001-01-17,84.29334259033203,24.93000030517578,2.72
2001-01-18,85.13225555419922,23.3700008392334,2.72
2001-01-19,84.64864349365234,23.239999771118164,2.6999999999999997
2001-01-22,85.211181640625,23.25,2.71
2001-01-23,85.88227081298828,21.56999969482422,2.67
2001-01-24,86.13885498046875,22.030000686645508,2.6100000000000003
2001-01-25,85.9217529296875,22.63999938964844,2.63
2001-01-26,85.82308959960938,22.56999969482422,2.6500000000000004
2001-01-29,86.28102111816406,22.61000061035156,2.6499999999999995
2001-01-30,87.03899383544922,22.56999969482422,2.6499999999999995
2001-01-31,86.54630279541016,22.020000457763672,2.619999999999999
2001-02-01,87.12105560302734,21.65999984741211,2.630000000000001
2001-02-02,85.1440200805664,21.950000762939453,2.63
2001-02-05,85.76937103271484,22.190000534057617,2.59
2001-02-06,85.5167236328125,21.979999542236328,2.58
2001-02-07,85.07460021972656,21.670000076293945,2.7700000000000005
2001-02-08,84.08293151855469,21.459999084472656,2.78
2001-02-09,83.27445220947266,22.030000686645508,2.79
2001-02-12,84.22822570800781,21.920000076293945,2.8200000000000003
2001-02-13,83.53968811035156,21.3700008392334,2.8199999999999994
2001-02-14,83.41331481933594,21.520000457763672,2.7700000000000005
2001-02-15,84.22188568115234,20.270000457763672,2.77
2001-02-16,82.36482238769531,22.1200008392334,2.81
2001-02-19,82.36482238769531,22.1200008392334,2.81
2001-02-20,81.09532928466797,24.690000534057617,2.81
2001-02-21,79.34567260742188,25.75,2.8200000000000003
2001-02-22,79.46570587158203,26.76000022888184,2.84
2001-02-23,78.92878723144531,27.209999084472656,2.8600000000000003
2001-02-26,80.60894775390625,25.43000030517578,2.890000000000001
2001-02-27,79.86360168457031,26.489999771118164,2.8600000000000003
2001-02-28,78.29082489013672,28.350000381469727,2.88
2001-03-01,78.70140075683594,28.07999992370605,2.88
2001-03-02,78.07610321044922,27.43000030517578,2.87
2001-03-05,78.7898178100586,27.1200008392334,2.829999999999999
2001-03-06,79.63619232177734,25.88999938964844,2.85
2001-03-07,80.20469665527344,24.1200008392334,2.85
2001-03-08,80.2930908203125,24.290000915527344,2.87
2001-03-09,77.9181900024414,25.6200008392334,2.8199999999999994
2001-03-12,74.5831527709961,30.31999969482422,2.8600000000000003
2001-03-13,75.80850982666016,27.549999237060547,2.85
2001-03-14,74.31156158447266,29.61000061035156,2.9800000000000004
2001-03-15,74.33050537109375,28.559999465942383,3.03
2001-03-16,72.83966064453125,29.90999984741211,3.03
2001-03-19,74.32162475585938,29.780000686645508,3.02
2001-03-20,72.32659912109375,30.959999084472656,3.06
2001-03-21,71.09796905517578,31.93000030517578,3.0600000000000005
2001-03-22,70.37596893310547,32.84000015258789,3.0699999999999994
2001-03-23,72.50394439697266,30.450000762939453,3.04
2001-03-26,73.42864990234375,29.040000915527344,3.0500000000000007
2001-03-27,74.92963409423828,27.040000915527344,2.9800000000000004
2001-03-28,72.858642578125,28.57999992370605,3.03
2001-03-29,73.1373062133789,29.170000076293945,3.02
2001-03-30,73.90361785888672,28.63999938964844,3.04
2001-04-02,72.32659912109375,31.209999084472656,3.0
2001-04-03,69.91362762451172,34.720001220703125,3.03
2001-04-04,70.20498657226562,34.06999969482422,3.04
2001-04-05,72.86497497558594,29.940000534057617,3.03
2001-04-06,71.75665283203125,31.690000534057617,3.0600000000000005
2001-04-09,72.55467224121094,31.90999984741211,3.04
2001-04-10,73.87831115722656,29.440000534057617,2.99
2001-04-11,73.92897033691406,28.459999084472656,2.96
2001-04-12,75.27163696289062,26.1200008392334,2.92
2001-04-13,75.27163696289062,26.1200008392334,2.92
2001-04-16,74.47994232177734,26.32999992370605,2.8999999999999995
2001-04-17,75.53133392333984,25.61000061035156,2.9300000000000006
2001-04-18,78.53334045410156,24.1299991607666,2.95
2001-04-19,79.57828521728516,24.15999984741211,2.91
2001-04-20,78.84994506835938,25.3799991607666,2.87
2001-04-23,77.41864776611328,28.15999984741211,2.8999999999999995
2001-04-24,77.00064086914062,28.489999771118164,2.8500000000000005
2001-04-25,78.00763702392578,27.399999618530277,2.8500000000000005
2001-04-26,78.35599517822266,25.959999084472656,2.829999999999999
2001-04-27,79.66065979003906,24.020000457763672,2.76
2001-04-30,80.21798706054688,25.479999542236328,2.7300000000000004
2001-05-01,80.4649658203125,24.200000762939453,2.750000000000001
2001-05-02,80.31929779052734,24.229999542236328,2.7
2001-05-03,79.29962158203125,25.780000686645508,2.7
2001-05-04,80.64862823486328,23.90999984741211,2.7300000000000004
2001-05-07,79.95195770263672,24.86000061035156,2.75
2001-05-08,79.91402435302734,24.440000534057617,2.76
2001-05-09,79.57828521728516,24.350000381469727,2.76
2001-05-10,79.81265258789062,24.0,2.740000000000001
2001-05-11,79.26164245605469,23.540000915527344,2.67
2001-05-14,79.41996765136719,24.26000022888184,2.6800000000000006
2001-05-15,79.78730010986328,23.709999084472656,2.6899999999999995
2001-05-16,81.66828918457031,21.88999938964844,2.66
2001-05-17,81.79499816894531,21.46999931335449,2.6100000000000003
2001-05-18,82.16860961914062,21.229999542236328,2.619999999999999
2001-05-21,83.37828063964844,20.76000022888184,2.6099999999999994
2001-05-22,83.2706069946289,21.350000381469727,2.630000000000001
2001-05-23,81.85830688476562,22.07999992370605,2.6899999999999995
2001-05-24,82.0990219116211,20.56999969482422,2.6500000000000004
2001-05-25,81.12998962402344,20.600000381469727,2.6500000000000004
2001-05-28,81.12998962402344,20.600000381469727,2.6500000000000004
2001-05-29,80.48399353027344,22.13999938964844,2.64
2001-05-30,79.35665130615234,22.76000022888184,2.63
2001-05-31,79.76828002929688,22.63999938964844,2.6500000000000004
2001-06-01,80.26229858398438,21.59000015258789,2.63
2001-06-04,80.64862823486328,21.3799991607666,2.6500000000000004
2001-06-05,81.57332611083984,19.57999992370605,2.66
2001-06-06,80.89563751220703,20.38999938964844,2.6900000000000004
2001-06-07,81.18698120117188,19.670000076293945,2.68
2001-06-08,80.43330383300781,19.920000076293945,2.6499999999999995
2001-06-11,79.86333465576172,20.700000762939453,2.66
2001-06-12,79.72394561767578,20.700000762939453,2.6800000000000006
2001-06-13,79.03998565673828,21.450000762939453,2.67
2001-06-14,77.26666259765625,23.1200008392334,2.67
2001-06-15,77.39112091064453,22.809999465942383,2.710000000000001
2001-06-18,77.01639556884766,23.170000076293945,2.7300000000000004
2001-06-19,77.35301208496094,22.34000015258789,2.7300000000000004
2001-06-20,77.75947570800781,21.709999084472656,2.74
2001-06-21,78.64239501953125,19.3799991607666,2.74
2001-06-22,78.02623748779297,20.020000457763672,2.75
2001-06-25,77.30855560302734,20.670000076293945,2.75
2001-06-26,77.2005386352539,21.200000762939453,2.72
2001-06-27,77.1561279296875,20.8799991607666,2.6800000000000006
2001-06-28,77.58161926269531,20.01000022888184,2.66
2001-06-29,77.86744689941406,19.059999465942383,2.6500000000000004
2001-07-02,78.8392333984375,18.76000022888184,2.669999999999999
2001-07-03,78.82015228271484,18.920000076293945,2.67
2001-07-04,78.82015228271484,18.920000076293945,2.67
2001-07-05,77.28319549560547,20.09000015258789,2.669999999999999
2001-07-06,75.6127700805664,21.6299991607666,2.6899999999999995
2001-07-09,76.02561950683594,22.479999542236328,2.6900000000000004
2001-07-10,75.11099243164062,23.25,2.709999999999999
2001-07-11,75.18724060058594,24.01000022888184,2.740000000000001
2001-07-12,76.97196960449219,22.09000015258789,2.74
2001-07-13,77.63883972167969,21.13999938964844,2.710000000000001
2001-07-16,76.66706085205078,22.90999984741211,2.74
2001-07-17,77.38477325439453,22.61000061035156,2.7300000000000004
2001-07-18,76.85760498046875,23.600000381469727,2.78
2001-07-19,77.5308837890625,22.51000022888184,2.78
2001-07-20,77.06716918945312,22.34000015258789,2.77
2001-07-23,75.54927825927734,23.739999771118164,2.7700000000000005
2001-07-24,74.81880187988281,25.239999771118164,2.74
2001-07-25,75.64446258544922,24.0,2.74
2001-07-26,76.43844604492188,23.01000022888184,2.76
2001-07-27,76.73059844970703,22.0,2.7700000000000005
2001-07-30,76.7560043334961,22.690000534057617,2.76
2001-07-31,77.07354736328125,21.6200008392334,2.78
2001-08-01,77.55626678466797,20.559999465942383,2.76
2001-08-02,77.87380981445312,20.09000015258789,2.74
2001-08-03,77.4482650756836,19.88999938964844,2.72
2001-08-06,76.40670013427734,21.88999938964844,2.75
2001-08-07,76.70518493652344,21.01000022888184,2.74
2001-08-08,75.28248596191406,22.31999969482422,2.88
2001-08-09,75.50476837158203,21.75,2.84
2001-08-10,75.76519012451172,20.549999237060547,2.87
2001-08-13,75.78427124023438,20.420000076293945,2.890000000000001
2001-08-14,75.75242614746094,20.479999542236328,2.890000000000001
2001-08-15,75.09830474853516,20.90999984741211,2.8600000000000003
2001-08-16,75.3586654663086,21.540000915527344,2.89
2001-08-17,74.15192413330078,23.84000015258789,2.97
2001-08-20,74.83785247802734,22.8700008392334,2.93
2001-08-21,73.56124877929688,24.399999618530277,2.9799999999999995
2001-08-22,74.32339477539062,22.440000534057617,2.9399999999999995
2001-08-23,74.05667114257812,22.229999542236328,2.92
2001-08-24,75.5937271118164,19.709999084472656,2.91
2001-08-27,75.14273071289062,20.559999465942383,2.9099999999999997
2001-08-28,74.04398345947266,22.0,2.95
2001-08-29,73.38341522216797,23.030000686645508,2.97
2001-08-30,71.97339630126953,25.40999984741211,2.97
2001-08-31,72.50057983398438,24.920000076293945,2.9000000000000004
2001-09-03,72.50057983398438,24.920000076293945,2.9000000000000004
2001-09-04,72.03691101074219,25.850000381469727,2.88
2001-09-05,72.21479034423828,26.350000381469727,2.9000000000000004
2001-09-06,70.35385131835938,28.61000061035156,2.9399999999999995
2001-09-07,69.05183410644531,30.989999771118164,2.99
2001-09-10,69.89657592773438,31.84000015258789,2.99
2001-09-11,69.89657592773438,31.84000015258789,2.99
2001-09-12,69.89657592773438,31.84000015258789,2.99
2001-09-13,69.89657592773438,31.84000015258789,3.16
2001-09-14,69.89657592773438,31.84000015258789,3.3599999999999994
2001-09-17,66.2445297241211,41.7599983215332,3.45
2001-09-18,66.08572387695312,38.869998931884766,3.4799999999999995
2001-09-19,64.75194549560547,40.560001373291016,3.5200000000000005
2001-09-20,62.69413375854492,43.7400016784668,3.52
2001-09-21,62.01774215698242,42.65999984741211,3.53
2001-09-24,64.197998046875,37.75,3.4800000000000004
2001-09-25,64.86741638183594,35.810001373291016,3.4799999999999995
2001-09-26,64.63793182373047,35.2599983215332,3.459999999999999
2001-09-27,65.19891357421875,34.0,3.4700000000000006
2001-09-28,66.58235168457031,31.93000030517578,3.42
2001-10-01,66.47395324707031,32.31999969482422,3.4400000000000004
2001-10-02,67.30908203125,31.18000030517578,3.42
2001-10-03,68.43751525878906,31.34000015258789,3.43
2001-10-04,68.494873046875,31.96999931335449,3.38
2001-10-05,68.36103057861328,33.38999938964844,3.4000000000000004
2001-10-08,67.91473388671875,35.119998931884766,3.4000000000000004
2001-10-09,67.55136108398438,34.83000183105469,3.3600000000000003
2001-10-10,69.055908203125,31.600000381469727,3.34
2001-10-11,70.12689971923828,31.5,3.3
2001-10-12,69.80813598632812,35.27000045776367,3.33
2001-10-15,69.6806640625,35.310001373291016,3.34
2001-10-16,70.12055969238281,32.880001068115234,3.33
2001-10-17,68.62874603271484,35.08000183105469,3.3100000000000005
2001-10-18,68.48210906982422,34.95000076293945,3.31
2001-10-19,68.43751525878906,34.11000061035156,3.29
2001-10-22,69.7890396118164,32.25,3.28
2001-10-23,69.43206787109375,32.0,3.28
2001-10-24,69.24717712402344,30.950000762939453,3.28
2001-10-25,70.49032592773438,29.459999084472656,3.3000000000000007
2001-10-26,70.3309097290039,28.420000076293945,3.31
2001-10-29,68.50127410888672,31.63999938964844,3.3200000000000003
2001-10-30,67.67888641357422,33.459999084472656,3.35
2001-10-31,67.44935607910156,33.560001373291016,3.38
2001-11-01,69.17707824707031,32.310001373291016,3.37
2001-11-02,69.64883422851562,30.709999084472656,3.37
2001-11-05,70.56043243408203,30.5,3.3400000000000007
2001-11-06,71.6569595336914,28.799999237060547,3.3600000000000003
2001-11-07,71.56132507324219,29.1299991607666,3.3500000000000005
2001-11-08,71.78447723388672,28.6200008392334,3.28
2001-11-09,71.86099243164062,27.440000534057617,3.2700000000000005
2001-11-12,71.42108917236328,29.350000381469727,3.2700000000000005
2001-11-13,73.027587890625,26.46999931335449,3.24
2001-11-14,73.09777069091797,26.559999465942383,3.1900000000000004
2001-11-15,73.23165130615234,25.559999465942383,3.1
2001-11-16,72.90650939941406,25.06999969482422,3.0700000000000003
2001-11-19,73.805419921875,24.459999084472656,3.08
2001-11-20,73.18704223632812,24.1200008392334,3.08
2001-11-21,72.7025375366211,24.190000534057617,3.01
2001-11-22,72.7025375366211,24.190000534057617,3.01
2001-11-23,73.74803161621094,23.25,2.97
2001-11-26,73.90743255615234,23.790000915527344,2.96
2001-11-27,73.5886459350586,24.0,3.01
2001-11-28,72.2562484741211,25.899999618530277,3.01
2001-11-29,73.23165130615234,25.18000030517578,3.0700000000000003
2001-11-30,72.7088623046875,23.84000015258789,3.1
2001-12-03,72.27535247802734,25.770000457763672,3.14
2001-12-04,73.49942016601562,24.07999992370605,3.1499999999999995
2001-12-05,74.84455871582031,23.020000457763672,3.0700000000000003
2001-12-06,74.80631256103516,23.709999084472656,3.03
2001-12-07,74.30905151367188,23.489999771118164,2.96
2001-12-10,72.91926574707031,25.6200008392334,3.0
2001-12-11,72.77262878417969,25.299999237060547,3.0100000000000007
2001-12-12,72.85550689697266,24.8700008392334,3.040000000000001
2001-12-13,71.44020080566406,25.90999984741211,2.9799999999999995
2001-12-14,72.12236022949219,24.6299991607666,2.91
2001-12-17,72.86827850341797,24.26000022888184,2.9700000000000006
2001-12-18,73.30177307128906,23.290000915527344,2.9399999999999995
2001-12-19,73.81819152832031,22.57999992370605,2.9399999999999995
2001-12-20,73.09140014648438,23.670000076293945,2.92
2001-12-21,73.53472900390625,22.5,2.87
2001-12-24,73.39398193359375,22.6200008392334,2.8100000000000005
2001-12-25,73.39398193359375,22.6200008392334,2.8100000000000005
2001-12-26,73.79698944091797,22.290000915527344,2.8199999999999994
2001-12-27,74.24475860595703,21.59000015258789,2.88
2001-12-28,74.20639038085938,21.399999618530277,2.869999999999999
2001-12-31,73.11892700195312,23.799999237060547,2.85
2002-01-01,73.11892700195312,23.799999237060547,2.85
2002-01-02,73.9057388305664,22.709999084472656,2.8199999999999994
2002-01-03,74.74376678466797,21.34000015258789,2.8200000000000003
2002-01-04,75.24272155761719,20.450000762939453,2.78
2002-01-07,74.7117919921875,21.940000534057617,2.8
2002-01-08,74.53903198242188,21.82999992370605,2.8000000000000007
2002-01-09,73.93132781982422,22.1299991607666,2.78
2002-01-10,74.25758361816406,22.36000061035156,2.8200000000000003
2002-01-11,73.52830505371094,22.600000381469727,2.8600000000000003
2002-01-14,73.06770324707031,23.57999992370605,2.88
2002-01-15,73.66267395019531,22.700000762939453,2.8600000000000003
2002-01-16,72.17210388183594,23.450000762939453,2.87
2002-01-17,72.71589660644531,22.25,2.8199999999999994
2002-01-18,72.38324737548828,22.520000457763672,2.8599999999999994
2002-01-21,72.38324737548828,22.520000457763672,2.8599999999999994
2002-01-22,71.8842544555664,23.61000061035156,2.85
2002-01-23,72.43440246582031,21.8799991607666,2.87
2002-01-24,72.65831756591797,21.149999618530277,2.85
2002-01-25,72.63911437988281,21.01000022888184,2.8100000000000005
2002-01-28,72.83740997314453,21.13999938964844,2.78
2002-01-29,70.5472412109375,24.350000381469727,2.8400000000000007
2002-01-30,71.56438446044922,23.21999931335449,2.890000000000001
2002-01-31,72.40245056152344,21.09000015258789,2.85
2002-02-01,72.06338500976562,21.1200008392334,2.8600000000000003
2002-02-04,70.27220916748047,24.8700008392334,2.93
2002-02-05,69.8371810913086,25.450000762939453,2.9800000000000004
2002-02-06,69.53648376464844,26.09000015258789,3.01
2002-02-07,69.10152435302734,25.11000061035156,3.0500000000000007
2002-02-08,70.42569732666016,23.26000022888184,3.03
2002-02-11,71.28929901123047,21.780000686645508,3.02
2002-02-12,71.0654296875,21.6200008392334,2.99
2002-02-13,71.8202896118164,20.850000381469727,2.9300000000000006
2002-02-14,71.68592834472656,21.770000457763672,2.95
2002-02-15,70.93744659423828,22.3700008392334,2.9799999999999995
2002-02-18,70.93744659423828,22.3700008392334,2.9799999999999995
2002-02-19,69.57489013671875,24.43000030517578,2.99
2002-02-20,70.7455825805664,22.65999984741211,3.01
2002-02-21,69.28060913085938,23.799999237060547,2.97
2002-02-22,70.13782501220703,22.86000061035156,2.9800000000000004
2002-02-25,71.29570007324219,21.84000015258789,2.9799999999999995
2002-02-26,71.1485824584961,21.68000030517578,2.96
2002-02-27,71.42366027832031,21.489999771118164,3.0
2002-02-28,71.10381317138672,21.59000015258789,2.9800000000000004
2002-03-01,72.76069641113281,19.959999084472656,2.97
2002-03-04,74.04644775390625,20.5,2.9400000000000004
2002-03-05,73.80978393554688,20.299999237060547,2.9000000000000004
2002-03-06,74.6861801147461,19.940000534057617,2.91
2002-03-07,74.52632141113281,20.040000915527344,2.830000000000001
2002-03-08,74.83973693847656,19.270000457763672,2.789999999999999
2002-03-11,74.99959564208984,19.84000015258789,2.78
2002-03-12,74.95486450195312,19.59000015258789,2.78
2002-03-13,74.23200225830078,19.459999084472656,2.8199999999999994
2002-03-14,74.12962341308594,19.200000762939453,2.789999999999999
2002-03-15,74.83597564697266,18.420000076293945,2.8100000000000005
2002-03-18,74.84878540039062,18.93000030517578,2.799999999999999
2002-03-19,75.3492202758789,18.15999984741211,2.83
2002-03-20,73.931396484375,18.459999084472656,2.8100000000000005
2002-03-21,73.96349334716797,18.149999618530277,2.78
2002-03-22,73.80309295654297,17.770000457763672,2.78
2002-03-25,72.88567352294922,18.479999542236328,2.74
2002-03-26,73.30907440185547,18.1299991607666,2.76
2002-03-27,73.50153350830078,17.700000762939453,2.8100000000000005
2002-03-28,73.469482421875,17.399999618530273,2.8100000000000005
2002-03-29,73.469482421875,17.399999618530273,2.8100000000000005
2002-04-01,73.50153350830078,18.729999542236328,2.78
2002-04-02,73.09738159179688,19.15999984741211,2.81
2002-04-03,72.58419036865234,20.200000762939453,2.830000000000001
2002-04-04,72.28260040283203,19.780000686645508,2.839999999999999
2002-04-05,72.29550170898438,19.1299991607666,2.8500000000000005
2002-04-08,72.44949340820312,19.61000061035156,2.85
2002-04-09,71.94261169433594,19.46999931335449,2.8500000000000005
2002-04-10,72.75736999511719,18.190000534057617,2.84
2002-04-11,70.94823455810547,20.299999237060547,2.830000000000001
2002-04-12,71.480712890625,19.420000076293945,2.8599999999999994
2002-04-15,70.93539428710938,19.81999969482422,2.84
2002-04-16,72.62264251708984,18.11000061035156,2.81
2002-04-17,72.46868896484375,18.43000030517578,2.789999999999999
2002-04-18,72.15433502197266,19.290000915527344,2.8200000000000003
2002-04-19,72.4173583984375,18.299999237060547,2.8
2002-04-22,71.21124267578125,19.770000457763672,2.77
2002-04-23,70.9033203125,20.280000686645508,2.78
2002-04-24,70.19121551513672,20.770000457763672,2.81
2002-04-25,70.22969055175781,20.950000762939453,2.83
2002-04-26,68.8952865600586,22.13999938964844,2.83
2002-04-29,68.55526733398438,24.049999237060547,2.8200000000000003
2002-04-30,69.1968002319336,21.90999984741211,2.84
2002-05-01,70.04368591308594,20.059999465942383,2.8600000000000003
2002-05-02,69.774169921875,20.06999969482422,2.84
2002-05-03,69.0172119140625,20.190000534057617,2.89
2002-05-06,67.66355895996094,22.559999465942383,2.8600000000000003
2002-05-07,67.42617797851562,21.940000534057617,2.8600000000000003
2002-05-08,69.93460083007812,20.38999938964844,2.8599999999999994
2002-05-09,69.1262435913086,21.559999465942383,2.89
2002-05-10,67.82392120361328,22.40999984741211,2.93
2002-05-13,69.20323181152344,20.71999931335449,2.9000000000000004
2002-05-14,70.71085357666016,19.350000381469727,2.890000000000001
2002-05-15,70.43498229980469,19.190000534057617,2.9099999999999997
2002-05-16,70.80065155029297,18.5,2.96
2002-05-17,71.1471176147461,17.700000762939453,2.9400000000000013
2002-05-20,70.37725067138672,19.239999771118164,2.96
2002-05-21,69.73571014404297,20.049999237060547,2.950000000000001
2002-05-22,69.88966369628906,19.57999992370605,2.9799999999999995
2002-05-23,70.63389587402344,18.229999542236328,2.9700000000000006
2002-05-24,69.72928619384766,18.899999618530277,2.959999999999999
2002-05-27,69.72928619384766,18.899999618530277,2.959999999999999
2002-05-28,69.35078430175781,20.309999465942383,2.9499999999999997
2002-05-29,68.83753967285156,20.38999938964844,2.97
2002-05-30,68.64506530761719,20.61000061035156,3.000000000000001
2002-05-31,68.78621673583984,19.979999542236328,2.9800000000000004
2002-06-03,66.95783233642578,23.3700008392334,3.000000000000001
2002-06-04,67.1246109008789,23.88999938964844,3.0100000000000007
2002-06-05,67.75332641601562,22.61000061035156,2.99
2002-06-06,66.3740234375,24.15999984741211,2.9899999999999998
2002-06-07,66.29707336425781,23.51000022888184,2.960000000000001
2002-06-10,66.55365753173828,23.71999931335449,2.9499999999999997
2002-06-11,65.41169738769531,24.450000762939453,2.95
2002-06-12,65.80943298339844,24.149999618530277,3.0
2002-06-13,65.1486587524414,25.020000457763672,3.0
2002-06-14,65.05242156982422,25.959999084472656,3.02
2002-06-17,66.79745483398438,24.63999938964844,2.9700000000000006
2002-06-18,67.3427505493164,24.239999771118164,3.0200000000000005
2002-06-19,65.77100372314453,26.059999465942383,3.0600000000000005
2002-06-20,64.93055725097656,27.479999542236328,3.0500000000000007
2002-06-21,63.9152946472168,27.229999542236328,3.05
2002-06-24,64.25006103515625,26.979999542236328,3.03
2002-06-25,62.807987213134766,27.84000015258789,3.03
2002-06-26,62.91099166870117,28.420000076293945,3.12
2002-06-27,64.0118637084961,26.290000915527344,3.140000000000001
2002-06-28,63.70928192138672,25.399999618530277,3.13
2002-07-01,62.46672439575195,27.11000061035156,3.140000000000001
2002-07-02,61.14057922363281,28.959999084472656,3.1800000000000006
2002-07-03,61.488224029541016,29.420000076293945,3.17
2002-07-04,61.488224029541016,29.420000076293945,3.17
2002-07-05,63.93461608886719,27.11000061035156,3.1500000000000004
2002-07-08,63.13631439208984,28.25,3.1899999999999995
2002-07-09,61.54616165161133,30.21999931335449,3.1899999999999995
2002-07-10,59.3057861328125,34.099998474121094,3.21
2002-07-11,59.78862380981445,33.849998474121094,3.21
2002-07-12,59.131935119628906,32.939998626708984,3.24
2002-07-15,59.44739532470703,35.029998779296875,3.26
2002-07-16,58.30147171020508,36.650001525878906,3.24
2002-07-17,58.41733169555664,35.45000076293945,3.2700000000000005
2002-07-18,56.52460861206055,35.119998931884766,3.3
2002-07-19,54.53529739379883,38.16999816894531,3.25
2002-07-22,52.919410705566406,41.869998931884766,3.3
2002-07-23,51.47084426879883,44.91999816894531,3.33
2002-07-24,54.54176712036133,39.86000061035156,3.35
2002-07-25,54.07820129394531,39.27000045776367,3.3500000000000005
2002-07-26,55.10829162597656,35.5099983215332,3.34
2002-07-29,57.79285430908203,31.32999992370605,3.25
2002-07-30,58.54610443115234,31.920000076293945,3.21
2002-07-31,58.68775939941406,32.029998779296875,3.25
2002-08-01,57.155521392822266,36.95000076293945,3.2700000000000005
2002-08-02,55.87438201904297,41.290000915527344,3.34
2002-08-05,53.93015670776367,45.08000183105469,3.3600000000000003
2002-08-06,55.74561309814453,42.02999877929688,3.3
2002-08-07,56.71772384643555,38.72999954223633,3.3500000000000005
2002-08-08,58.55253982543945,36.33000183105469,3.33
2002-08-09,58.771427154541016,35.33000183105469,3.3600000000000003
2002-08-12,58.34009552001953,37.04999923706055,3.33
2002-08-13,57.2778549194336,35.81999969482422,3.39
2002-08-14,59.37018203735352,32.36000061035156,3.37
2002-08-15,60.1942024230957,29.43000030517578,3.35
2002-08-16,60.01396179199219,28.809999465942383,3.3199999999999994
2002-08-19,61.41741561889648,28.61000061035156,3.3200000000000003
2002-08-20,60.76718521118164,29.59000015258789,3.3600000000000003
2002-08-21,61.6427116394043,28.229999542236328,3.3199999999999994
2002-08-22,62.2414665222168,27.75,3.28
2002-08-23,60.902381896972656,29.31999969482422,3.27
2002-08-26,61.32728958129883,29.88999938964844,3.29
2002-08-27,60.61907196044922,30.11000061035156,3.28
2002-08-28,59.29291915893555,33.31999969482422,3.3
2002-08-29,59.31865692138672,33.66999816894531,3.33
2002-08-30,59.08687973022461,32.63999938964844,3.3200000000000003
2002-09-02,59.08687973022461,32.63999938964844,3.3200000000000003
2002-09-03,56.83363342285156,39.970001220703125,3.39
2002-09-04,57.644775390625,37.43999862670898,3.4000000000000004
2002-09-05,57.155521392822266,38.86000061035156,3.47
2002-09-06,57.940948486328125,36.33000183105469,3.42
2002-09-09,58.36585235595703,36.45000076293945,3.41
2002-09-10,59.03537368774414,35.08000183105469,3.43
2002-09-11,58.66840362548828,34.810001373291016,3.42
2002-09-12,57.58684539794922,37.5,3.45
2002-09-13,57.728477478027344,35.81999969482422,3.4400000000000004
2002-09-16,57.8701286315918,36.7400016784668,3.47
2002-09-17,56.54392623901367,38.0099983215332,3.51
2002-09-18,55.97738265991211,37.52000045776367,3.51
2002-09-19,54.52886962890625,40.650001525878906,3.55
2002-09-20,54.54697799682617,38.97999954223633,3.59
2002-09-23,54.10079193115234,39.68000030517578,3.63
2002-09-24,53.227760314941406,40.52000045776367,3.65
2002-09-25,54.54697799682617,37.33000183105469,3.67
2002-09-26,55.43938827514648,34.599998474121094,3.64
2002-09-27,53.51231002807617,36.970001220703125,3.71
2002-09-30,52.89149856567383,39.68999862670898,3.76
2002-10-01,55.43292999267578,34.119998931884766,3.74
2002-10-02,53.77097702026367,36.83000183105469,3.73
2002-10-03,53.227760314941406,37.310001373291016,3.76
2002-10-04,52.25128173828125,39.459999084472656,3.78
2002-10-07,51.171348571777344,42.63999938964844,3.86
2002-10-08,51.97318649291992,41.02000045776367,3.89
2002-10-09,50.505252838134766,42.130001068115234,3.9
2002-10-10,52.141357421875,37.54999923706055,3.9
2002-10-11,54.42412185668945,35.70000076293945,3.88
2002-10-14,54.7280502319336,36.040000915527344,3.88
2002-10-15,57.36002731323242,34.02000045776367,3.7399999999999993
2002-10-16,55.96968078613281,36.0,3.770000000000001
2002-10-17,57.08194351196289,34.099998474121094,3.73
2002-10-18,57.32120132446289,33.529998779296875,3.7600000000000007
2002-10-21,58.31061935424805,33.11000061035156,3.7
2002-10-22,57.89025115966797,34.09000015258789,3.710000000000001
2002-10-23,58.33000183105469,33.20000076293945,3.73
2002-10-24,57.14014434814453,34.029998779296875,3.77
2002-10-25,58.33000183105469,30.0,3.78
2002-10-28,57.9484977722168,31.06999969482422,3.810000000000001
2002-10-29,57.27592849731445,32.27000045776367,3.85
2002-10-30,57.83209228515625,31.229999542236328,3.83
2002-10-31,57.24360656738281,31.13999938964844,3.82
2002-11-01,58.375274658203125,29.299999237060547,3.76
2002-11-04,58.93140411376953,30.81999969482422,3.72
2002-11-05,59.39701843261719,31.229999542236328,3.7200000000000006
2002-11-06,60.16658782958984,30.729999542236328,3.72
2002-11-07,58.69215393066406,31.420000076293945,3.73
2002-11-08,57.97438430786133,29.40999984741211,3.66
2002-11-11,57.07544708251953,31.299999237060547,3.66
2002-11-12,57.52813720703125,30.57999992370605,3.68
2002-11-13,57.58637237548828,31.239999771118164,3.67
2002-11-14,58.672760009765625,28.670000076293945,3.58
2002-11-15,59.10602951049805,26.649999618530277,3.54
2002-11-18,58.51111602783203,27.65999984741211,3.5200000000000005
2002-11-19,58.43346405029297,27.40999984741211,3.5
2002-11-20,59.73332214355469,25.31999969482422,3.4799999999999995
2002-11-21,60.84560012817383,23.809999465942383,3.46
2002-11-22,60.41228103637695,23.15999984741211,3.4300000000000006
2002-11-25,60.45112609863281,24.06999969482422,3.42
2002-11-26,59.30002212524414,25.96999931335449,3.45
2002-11-27,60.96843719482422,27.25,3.390000000000001
2002-11-28,60.96843719482422,27.25,3.390000000000001
2002-11-29,60.77445983886719,27.5,3.38
2002-12-02,60.8714485168457,27.459999084472656,3.37
2002-12-03,60.0566520690918,28.32999992370605,3.35
2002-12-04,59.78503036499024,28.920000076293945,3.38
2002-12-05,59.12545394897461,30.100000381469727,3.38
2002-12-06,59.513450622558594,28.8799991607666,3.42
2002-12-09,57.87735366821289,30.780000686645508,3.420000000000001
2002-12-10,58.65336608886719,28.76000022888184,3.4000000000000004
2002-12-11,58.7050895690918,27.76000022888184,3.4000000000000004
2002-12-12,58.69862365722656,27.290000915527344,3.42
2002-12-13,57.77389526367188,28.18000030517578,3.42
2002-12-16,59.26770782470703,26.239999771118164,3.369999999999999
2002-12-17,58.75036239624024,26.65999984741211,3.37
2002-12-18,58.07134246826172,28.290000915527344,3.4000000000000004
2002-12-19,57.657470703125,30.209999084472656,3.4400000000000004
2002-12-20,58.48019027709961,26.709999084472656,3.4199999999999995
2002-12-23,58.49971008300781,26.200000762939453,3.44
2002-12-24,58.06427764892578,26.489999771118164,3.4399999999999995
2002-12-25,58.06427764892578,26.489999771118164,3.4399999999999995
2002-12-26,58.09028625488281,27.3700008392334,3.45
2002-12-27,56.78407669067383,29.549999237060547,3.49
2002-12-30,57.25846481323242,29.6200008392334,3.48
2002-12-31,57.33646011352539,28.6200008392334,3.4799999999999995
2003-01-01,57.33646011352539,28.6200008392334,3.4799999999999995
2003-01-02,59.182037353515625,25.38999938964844,3.37
2003-01-03,59.36398696899414,24.68000030517578,3.390000000000001
2003-01-06,60.41025924682617,24.90999984741211,3.38
2003-01-07,60.26079940795898,25.1299991607666,3.39
2003-01-08,59.38994216918945,25.530000686645508,3.35
2003-01-09,60.31275177001953,24.25,3.29
2003-01-10,60.47523880004883,24.31999969482422,3.31
2003-01-13,60.45574188232422,24.899999618530277,3.29
2003-01-14,60.65068435668945,24.56999969482422,3.3100000000000005
2003-01-15,60.04631805419922,25.51000022888184,3.29
2003-01-16,59.79938125610352,25.01000022888184,3.29
2003-01-17,58.91557693481445,25.700000762939453,3.29
2003-01-20,58.91557693481445,25.700000762939453,3.29
2003-01-21,57.999290466308594,27.59000015258789,3.3100000000000005
2003-01-22,57.29747009277344,29.01000022888184,3.33
2003-01-23,57.64837265014648,27.530000686645508,3.33
2003-01-24,56.13423156738281,31.51000022888184,3.33
2003-01-27,55.367408752441406,34.689998626708984,3.27
2003-01-28,55.77678298950195,31.93000030517578,3.2300000000000004
2003-01-29,56.19920349121094,31.26000022888184,3.1800000000000006
2003-01-30,54.86703109741211,31.31999969482422,3.1900000000000004
2003-01-31,55.92626190185547,31.170000076293945,3.16
2003-02-03,56.03676986694336,31.020000457763672,3.140000000000001
2003-02-04,55.484371185302734,32.7599983215332,3.12
2003-02-05,55.13995742797852,33.040000915527344,3.1100000000000003
2003-02-06,54.8800163269043,33.349998474121094,3.12
2003-02-07,54.21065139770508,34.0099983215332,3.1100000000000003
2003-02-10,54.59408950805664,33.9900016784668,3.1099999999999994
2003-02-11,54.217166900634766,33.68000030517578,3.1300000000000003
2003-02-12,53.35285186767578,34.33000183105469,3.16
2003-02-13,53.515323638916016,33.70000076293945,3.1699999999999995
2003-02-14,54.68506622314453,32.619998931884766,3.16
2003-02-17,54.68506622314453,32.619998931884766,3.16
2003-02-18,55.64682388305664,31.11000061035156,3.16
2003-02-19,55.35439300537109,31.309999465942383,3.16
2003-02-20,54.80203628540039,31.15999984741211,3.18
2003-02-21,55.35439300537109,30.25,3.16
2003-02-24,54.457611083984375,31.979999542236328,3.1700000000000004
2003-02-25,54.893028259277344,31.739999771118164,3.18
2003-02-26,54.09366989135742,31.940000534057617,3.18
2003-02-27,54.80852890014648,30.530000686645508,3.2
2003-02-28,55.17244720458984,29.6299991607666,3.21
2003-03-03,54.64606475830078,30.43000030517578,3.23
2003-03-04,53.7752685546875,31.82999992370605,3.2500000000000004
2003-03-05,54.23015594482422,30.3799991607666,3.25
2003-03-06,53.7752685546875,31.3700008392334,3.24
2003-03-07,54.14567947387695,31.07999992370605,3.26
2003-03-10,52.84597396850586,33.310001373291016,3.29
2003-03-11,52.32608795166016,33.61000061035156,3.28
2003-03-12,52.67699813842773,33.5099983215332,3.26
2003-03-13,54.49660873413086,31.76000022888184,3.21
2003-03-14,54.67207717895508,30.979999542236328,3.22
2003-03-17,56.39418411254883,31.75,3.1700000000000004
2003-03-18,56.72558975219727,30.43000030517578,3.1099999999999994
2003-03-19,57.16099166870117,31.540000915527344,3.04
2003-03-20,57.28448486328125,30.440000534057617,3.05
2003-03-21,58.50718307495117,28.670000076293945,2.9899999999999998
2003-03-24,56.56281280517578,30.38999938964844,3.03
2003-03-25,57.10435485839844,28.75,3.04
2003-03-26,56.81729888916016,28.229999542236328,3.01
2003-03-27,56.862979888916016,27.959999084472656,3.0
2003-03-28,56.57585144042969,27.75,3.01
2003-03-31,55.29053115844727,29.149999618530277,3.04
2003-04-01,56.13869094848633,28.36000061035156,3.0200000000000005
2003-04-02,57.49587631225586,28.020000457763672,2.98
2003-04-03,57.221797943115234,28.209999084472656,3.01
2003-04-04,57.56110000610352,29.1299991607666,2.99
2003-04-07,57.4502067565918,28.450000762939453,2.95
2003-04-08,57.54153823852539,27.1299991607666,2.97
2003-04-09,56.784664154052734,27.11000061035156,2.97
2003-04-10,57.09783935546875,25.600000381469727,2.96
2003-04-11,56.862979888916016,24.440000534057617,2.93
2003-04-14,58.037410736083984,23.40999984741211,2.92
2003-04-15,58.578948974609375,22.559999465942383,2.9200000000000004
2003-04-16,57.5806884765625,22.520000457763672,2.9000000000000004
2003-04-17,58.4354248046875,21.5,2.86
2003-04-18,58.4354248046875,21.5,2.86
2003-04-21,58.494136810302734,21.950000762939453,2.84
2003-04-22,59.59681701660156,20.700000762939453,2.83
2003-04-23,60.1449089050293,20.799999237060547,2.79
2003-04-24,59.60986709594727,20.32999992370605,2.8000000000000003
2003-04-25,58.87253952026367,20.799999237060547,2.8200000000000003
2003-04-28,59.89044952392578,20.84000015258789,2.79
2003-04-29,60.0992317199707,20.76000022888184,2.7700000000000005
2003-04-30,59.9687385559082,21.209999084472656,2.76
2003-05-01,59.96220016479492,21.59000015258789,2.7700000000000005
2003-05-02,60.81693649291992,20.6299991607666,2.73
2003-05-05,60.69952392578125,21.1299991607666,2.71
2003-05-06,61.27367782592773,20.799999237060547,2.74
2003-05-07,60.93441009521485,21.0,2.78
2003-05-08,60.321048736572266,21.239999771118164,2.67
2003-05-09,61.156211853027344,19.690000534057617,2.81
2003-05-12,61.90659332275391,19.520000457763672,2.83
2003-05-13,61.79567337036133,19.90999984741211,2.83
2003-05-14,61.665164947509766,20.0,2.8300000000000005
2003-05-15,62.056678771972656,19.239999771118164,2.8300000000000005
2003-05-16,61.90006637573242,18.399999618530277,2.84
2003-05-19,60.451568603515625,20.51000022888184,2.8600000000000003
2003-05-20,60.32756423950195,21.290000915527344,2.8600000000000003
2003-05-21,60.451568603515625,21.209999084472656,2.86
2003-05-22,61.05185317993164,19.780000686645508,2.8500000000000005
2003-05-23,61.17581558227539,19.170000076293945,2.8100000000000005
2003-05-26,61.17581558227539,19.170000076293945,2.8100000000000005
2003-05-27,62.245887756347656,19.989999771118164,2.83
2003-05-28,62.42203903198242,20.030000686645508,2.83
2003-05-29,62.25889205932617,20.43000030517578,2.87
2003-05-30,63.2572021484375,19.46999931335449,2.85
2003-06-02,63.51818084716797,20.850000381469727,2.85
2003-06-03,63.77915954589844,20.84000015258789,2.88
2003-06-04,64.69916534423828,20.6200008392334,2.87
2003-06-05,65.01889038085938,20.82999992370605,2.87
2003-06-06,64.76441192626953,21.25,2.83
2003-06-09,64.10543060302734,22.149999618530277,2.87
2003-06-10,64.75791931152344,20.63999938964844,2.89
2003-06-11,65.44298553466797,20.209999084472656,2.87
2003-06-12,65.64522552490234,20.40999984741211,2.8799999999999994
2003-06-13,64.96013641357422,20.65999984741211,2.88
2003-06-16,66.3303451538086,20.21999931335449,2.87
2003-06-17,66.3303451538086,20.01000022888184,2.85
2003-06-18,66.27161407470703,19.76000022888184,2.83
2003-06-19,65.26029205322266,19.799999237060547,2.87
2003-06-20,65.1162338256836,19.13999938964844,2.86
2003-06-23,64.44831085205078,20.57999992370605,2.8800000000000003
2003-06-24,64.51378631591797,20.75,2.87
2003-06-25,63.865516662597656,20.809999465942383,2.8500000000000005
2003-06-26,64.6971435546875,19.399999618530277,2.8
2003-06-27,63.95065307617188,19.15999984741211,2.8
2003-06-30,63.930965423583984,19.520000457763672,2.81
2003-07-01,64.52033233642578,19.459999084472656,2.81
2003-07-02,65.33235168457031,19.030000686645508,2.75
2003-07-03,64.65785217285156,19.38999938964844,2.72
2003-07-04,64.65785217285156,19.38999938964844,2.72
2003-07-07,65.94129180908203,20.059999465942383,2.7
2003-07-08,66.23595428466797,19.479999542236328,2.68
2003-07-09,65.86273956298828,18.93000030517578,2.68
2003-07-10,65.02455139160156,19.190000534057617,2.71
2003-07-11,65.64008331298828,18.46999931335449,2.7299999999999995
2003-07-14,65.9609603881836,19.59000015258789,2.72
2003-07-15,65.81689453125,19.549999237060547,2.66
2003-07-16,65.43052673339844,19.76000022888184,2.62
2003-07-17,64.50070190429688,20.21999931335449,2.61
2003-07-18,65.16207885742188,19.11000061035156,2.6100000000000003
2003-07-21,64.35662078857422,19.780000686645508,2.5699999999999994
2003-07-22,64.93942260742188,19.170000076293945,2.5600000000000005
2003-07-23,64.98526000976562,18.63999938964844,2.59
2003-07-24,64.49415588378906,18.600000381469727,2.55
2003-07-25,65.6335220336914,17.75,2.5700000000000003
2003-07-28,65.3912582397461,18.36000061035156,2.58
2003-07-29,65.09001922607422,18.670000076293945,2.55
2003-07-30,64.93287658691406,18.850000381469727,2.55
2003-07-31,65.08349609375,19.489999771118164,2.58
2003-08-01,64.50724029541016,20.75,2.5699999999999994
2003-08-04,64.50724029541016,21.270000457763672,2.62
2003-08-05,63.13861846923828,22.68000030517578,2.62
2003-08-06,63.505348205566406,21.5,2.64
2003-08-07,64.1732406616211,20.26000022888184,2.640000000000001
2003-08-08,64.35662078857422,19.59000015258789,2.6900000000000004
2003-08-11,64.59891510009766,19.75,2.6100000000000003
2003-08-12,65.18827056884766,17.940000534057617,2.63
2003-08-13,64.85429382324219,18.770000457763672,2.56
2003-08-14,65.03107452392578,18.46999931335449,2.59
2003-08-15,65.23406982421875,18.270000457763672,2.55
2003-08-18,65.7972640991211,18.18000030517578,2.6
2003-08-19,66.04608917236328,17.860000610351562,2.6100000000000003
2003-08-20,65.77757263183594,17.81999969482422,2.56
2003-08-21,65.9871597290039,17.84000015258789,2.51
2003-08-22,65.33235168457031,18.549999237060547,2.4899999999999998
2003-08-25,65.43711853027344,19.530000686645508,2.5
2003-08-26,65.554931640625,19.489999771118164,2.49
2003-08-27,65.57461547851562,19.1299991607666,2.47
2003-08-28,65.98060607910156,18.479999542236328,2.49
2003-08-29,66.42588806152344,18.6299991607666,2.46
2003-09-01,66.42588806152344,18.6299991607666,2.46
2003-09-02,67.31645202636719,19.020000457763672,2.39
2003-09-03,67.68317413330078,19.440000534057617,2.4000000000000004
2003-09-04,67.71590423583984,18.709999084472656,2.460000000000001
2003-09-05,67.33610534667969,18.170000076293945,2.5200000000000005
2003-09-08,67.89268493652344,18.26000022888184,2.4799999999999995
2003-09-09,67.44741821289062,18.850000381469727,2.53
2003-09-10,66.76642608642578,20.01000022888184,2.55
2003-09-11,66.96282958984375,19.25,2.4800000000000004
2003-09-12,67.08728790283203,18.68000030517578,2.5600000000000005
2003-09-15,66.85152435302734,19.280000686645508,2.55
2003-09-16,67.82720947265625,18.030000686645508,2.5700000000000003
2003-09-17,67.69624328613281,18.149999618530277,2.56
2003-09-18,68.49513244628906,17.56999969482422,2.54
2003-09-19,68.14674377441406,17.540000915527344,2.5200000000000005
2003-09-22,67.41053771972656,19.649999618530277,2.5200000000000005
2003-09-23,67.6668701171875,19.46999931335449,2.5
2003-09-24,66.46397399902344,21.21999931335449,2.5
2003-09-25,65.91838836669922,22.26000022888184,2.52
2003-09-26,65.70143127441406,22.229999542236328,2.55
2003-09-29,66.34562683105469,21.670000076293945,2.5600000000000005
2003-09-30,65.70143127441406,22.71999931335449,2.5700000000000003
2003-10-01,67.10160064697266,21.06999969482422,2.56
2003-10-02,67.34481048583984,20.799999237060547,2.54
2003-10-03,67.96267700195312,19.5,2.5200000000000005
2003-10-06,68.27165222167969,19.51000022888184,2.51
2003-10-07,68.53459930419922,19.40999984741211,2.49
2003-10-08,68.36368560791016,19.18000030517578,2.5100000000000007
2003-10-09,68.54772186279297,18.81999969482422,2.5
2003-10-10,68.7383804321289,18.450000762939453,2.4799999999999995
2003-10-13,68.95529174804688,17.549999237060547,2.4799999999999995
2003-10-14,69.19851684570312,17.3700008392334,2.4799999999999995
2003-10-15,69.01446533203125,17.690000534057617,2.4400000000000004
2003-10-16,69.2905044555664,17.190000534057617,2.4000000000000004
2003-10-17,68.53459930419922,17.6200008392334,2.38
2003-10-20,69.04732513427734,17.040000915527344,2.3599999999999994
2003-10-21,68.92900085449219,16.549999237060547,2.39
2003-10-22,68.06129455566406,17.670000076293945,2.43
2003-10-23,67.93638610839844,17.68000030517578,2.41
2003-10-24,68.08758544921875,17.709999084472656,2.42
2003-10-27,68.12046813964844,18.049999237060547,2.390000000000001
2003-10-28,69.04732513427734,16.81999969482422,2.4099999999999997
2003-10-29,69.13934326171875,16.43000030517578,2.390000000000001
2003-10-30,69.28398132324219,16.329999923706055,2.3599999999999994
2003-10-31,69.21820068359375,16.100000381469727,2.3600000000000003
2003-11-03,69.6717758178711,16.549999237060547,2.3199999999999994
2003-11-04,69.52059936523438,16.549999237060547,2.3600000000000003
2003-11-05,69.57321166992188,16.860000610351562,2.3500000000000005
2003-11-06,69.94132232666016,16.739999771118164,2.34
2003-11-07,69.4219970703125,16.93000030517578,2.3199999999999994
2003-11-10,69.13934326171875,17.6200008392334,2.33
2003-11-11,69.11961364746094,17.540000915527344,2.33
2003-11-12,69.895263671875,16.75,2.329999999999999
2003-11-13,69.91503143310547,16.469999313354492,2.3500000000000005
2003-11-14,69.32337951660156,16.940000534057617,2.37
2003-11-17,68.97498321533203,18.600000381469727,2.390000000000001
2003-11-18,68.25849151611328,19.11000061035156,2.38
2003-11-19,68.8369369506836,18.799999237060547,2.37
2003-11-20,68.21907806396484,19.479999542236328,2.3999999999999995
2003-11-21,68.5017318725586,18.979999542236328,2.39
2003-11-24,69.4088363647461,17.440000534057617,2.38
2003-11-25,69.6717758178711,16.709999084472656,2.38
2003-11-26,69.92160034179688,16.229999542236328,2.35
2003-11-27,69.92160034179688,16.229999542236328,2.35
2003-11-28,69.97418212890625,16.31999969482422,2.33
2003-12-01,70.73011016845703,16.770000457763672,2.3
2003-12-02,70.5526123046875,16.270000457763672,2.3
2003-12-03,70.44087982177734,16.6299991607666,2.29
2003-12-04,70.73011016845703,16.299999237060547,2.29
2003-12-05,70.2370834350586,17.09000015258789,2.329999999999999
2003-12-08,70.7104263305664,16.540000915527344,2.33
2003-12-09,70.16478729248047,17.6299991607666,2.34
2003-12-10,70.15824127197266,17.8700008392334,2.3500000000000005
2003-12-11,70.94702911376953,16.729999542236328,2.3500000000000005
2003-12-12,71.08507537841797,16.40999984741211,2.34
2003-12-15,70.73011016845703,17.229999542236328,2.34
2003-12-16,71.09822082519531,15.93000030517578,2.35
2003-12-17,71.3216781616211,15.579999923706056,2.35
2003-12-18,72.12368774414062,16.15999984741211,2.3200000000000003
2003-12-19,71.92288208007812,16.420000076293945,2.33
2003-12-22,72.42484283447266,16.940000534057617,2.34
2003-12-23,72.47103881835938,16.489999771118164,2.31
2003-12-24,72.39845275878906,16.65999984741211,2.34
2003-12-25,72.39845275878906,16.65999984741211,2.34
2003-12-26,72.45125579833984,17.450000762939453,2.33
2003-12-29,73.41551208496094,17.09000015258789,2.33
2003-12-30,73.42876434326172,17.68000030517578,2.33
2003-12-31,73.4947738647461,18.309999465942383,2.3400000000000007
2004-01-01,73.4947738647461,18.309999465942383,2.3400000000000007
2004-01-02,73.46173095703125,18.21999931335449,2.3200000000000003
2004-01-05,74.26090240478516,17.489999771118164,2.27
2004-01-06,74.33356475830078,16.729999542236328,2.3200000000000003
2004-01-07,74.58452606201172,15.5,2.3000000000000007
2004-01-08,74.88170623779297,15.609999656677246,2.2600000000000007
2004-01-09,74.22785949707031,16.75,2.31
2004-01-12,74.77603149414062,16.81999969482422,2.3199999999999994
2004-01-13,74.34014129638672,18.040000915527344,2.3500000000000005
2004-01-14,74.96097564697266,16.75,2.33
2004-01-15,75.1458969116211,15.5600004196167,2.33
2004-01-16,75.44310760498047,15.0,2.3
2004-01-19,75.44310760498047,15.0,2.3
2004-01-20,75.42327880859375,15.210000038146973,2.31
2004-01-21,76.01768493652344,14.34000015258789,2.33
2004-01-22,75.81959533691406,14.710000038146973,2.33
2004-01-23,75.57518005371094,14.84000015258789,2.3
2004-01-26,76.52622985839844,14.550000190734863,2.28
2004-01-27,75.74028778076172,15.350000381469728,2.26
2004-01-28,74.8751449584961,16.780000686645508,2.2300000000000004
2004-01-29,74.94774627685547,17.139999389648438,2.1900000000000004
2004-01-30,74.94774627685547,16.6299991607666,2.1899999999999995
2004-02-02,75.27139282226562,17.110000610351562,2.17
2004-02-03,75.1458969116211,17.34000015258789,2.18
2004-02-04,74.53166961669922,17.8700008392334,2.1599999999999997
2004-02-05,74.74962615966797,17.709999084472656,2.13
2004-02-06,75.58837890625,16.0,2.16
2004-02-09,75.60821533203125,16.389999389648438,2.16
2004-02-10,75.8525390625,15.9399995803833,2.1500000000000004
2004-02-11,76.65833282470703,15.390000343322754,2.1900000000000004
2004-02-12,76.38093566894531,15.3100004196167,2.1800000000000006
2004-02-13,76.03750610351562,15.579999923706056,2.2
2004-02-16,76.03750610351562,15.579999923706056,2.2
2004-02-17,76.72435760498047,15.399999618530272,2.1900000000000004
2004-02-18,76.38753509521484,15.59000015258789,2.1900000000000004
2004-02-19,76.10356903076172,15.800000190734863,2.1900000000000004
2004-02-20,75.87238311767578,16.040000915527344,2.1800000000000006
2004-02-23,75.68085479736328,16.290000915527344,2.2
2004-02-24,75.54876708984375,15.899999618530272,2.1900000000000004
2004-02-25,75.86576080322266,14.93000030517578,2.210000000000001
2004-02-26,75.9119873046875,14.829999923706056,2.2
2004-02-27,75.96488952636719,14.550000190734863,2.21
2004-03-01,76.7177505493164,14.4399995803833,2.2
2004-03-02,76.26862335205078,14.859999656677246,2.1900000000000004
2004-03-03,76.40735626220703,14.550000190734863,2.18
2004-03-04,76.60546875,14.399999618530272,2.18
2004-03-05,76.863037109375,14.479999542236328,2.25
2004-03-08,75.92521667480469,15.789999961853027,2.3000000000000003
2004-03-09,75.62142181396484,16.600000381469727,2.3000000000000003
2004-03-10,74.35334777832031,18.670000076293945,2.31
2004-03-11,73.38909912109375,20.670000076293945,2.3199999999999994
2004-03-12,74.35334777832031,18.299999237060547,2.31
2004-03-15,73.44188690185547,21.1299991607666,2.31
2004-03-16,73.83160400390625,20.34000015258789,2.34
2004-03-17,74.65715026855469,18.11000061035156,2.33
2004-03-18,74.6769790649414,18.530000686645508,2.3200000000000003
2004-03-19,73.60658264160156,19.149999618530277,2.3
2004-03-22,72.67208862304688,21.57999992370605,2.3199999999999994
2004-03-23,72.54618072509766,20.670000076293945,2.33
2004-03-24,72.60587310791016,19.809999465942383,2.33
2004-03-25,73.56685638427734,17.8799991607666,2.34
2004-03-26,73.58676147460938,17.329999923706055,2.31
2004-03-29,74.6206283569336,16.5,2.28
2004-03-30,74.87246704101562,16.280000686645508,2.28
2004-03-31,74.95863342285156,16.739999771118164,2.2900000000000005
2004-04-01,75.40933227539062,16.649999618530273,2.27
2004-04-02,75.97931671142578,15.640000343322754,2.17
2004-04-05,76.39684295654297,14.970000267028809,2.13
2004-04-06,76.15162658691406,15.31999969482422,2.1599999999999997
2004-04-07,75.9726791381836,15.760000228881836,2.1499999999999995
2004-04-08,75.80037689208984,16.260000228881836,2.1500000000000004
2004-04-09,75.80037689208984,16.260000228881836,2.1500000000000004
2004-04-12,76.09861755371094,15.279999732971191,2.13
2004-04-13,75.03157043457031,17.260000228881836,2.1100000000000003
2004-04-14,75.15084838867188,15.619999885559082,2.08
2004-04-15,74.86587524414062,15.739999771118164,2.09
2004-04-16,75.4424819946289,14.9399995803833,2.1100000000000003
2004-04-19,75.4424819946289,15.420000076293944,2.12
2004-04-20,74.17658996582031,16.670000076293945,2.1000000000000005
2004-04-21,74.67365264892578,15.600000381469728,2.09
2004-04-22,75.72081756591797,14.609999656677246,2.1
2004-04-23,75.79370880126953,14.010000228881836,2.0699999999999994
2004-04-26,75.68768310546875,14.770000457763672,2.06
2004-04-27,75.75396728515625,15.06999969482422,2.08
2004-04-28,74.7730712890625,16.290000915527344,2.06
2004-04-29,74.116943359375,16.600000381469727,2.0600000000000005
2004-04-30,73.54032135009766,17.190000534057617,2.05
2004-05-03,74.32904052734375,16.6200008392334,2.05
2004-05-04,74.26939392089844,16.549999237060547,2.0700000000000003
2004-05-05,74.7465591430664,15.770000457763672,2.05
2004-05-06,74.1036605834961,17.049999237060547,2.0600000000000005
2004-05-07,72.87754821777344,18.1299991607666,1.97
2004-05-10,72.1286392211914,19.770000457763672,1.9800000000000004
2004-05-11,72.7383804321289,18.56999969482422,1.99
2004-05-12,73.20232391357422,18.13999938964844,2.0
2004-05-13,72.8974609375,18.86000061035156,2.0200000000000005
2004-05-14,72.93059539794922,18.46999931335449,2.03
2004-05-17,72.30758666992188,19.959999084472656,2.08
2004-05-18,72.67208862304688,19.32999992370605,2.05
2004-05-19,72.42021942138672,18.93000030517578,2.03
2004-05-20,72.65221405029297,18.670000076293945,2.05
2004-05-21,72.77811431884766,18.489999771118164,2.03
2004-05-24,73.0830078125,18.07999992370605,2.02
2004-05-25,74.13018798828125,15.960000038146973,2.02
2004-05-26,74.388671875,15.970000267028809,2.05
2004-05-27,74.80623626708984,15.279999732971191,2.0500000000000007
2004-05-28,74.7995834350586,15.5,2.03
2004-05-31,74.7995834350586,15.5,2.03
2004-06-01,74.70016479492188,16.299999237060547,2.05
2004-06-02,74.978515625,16.079999923706055,2.06
2004-06-03,74.28924560546875,17.030000686645508,2.08
2004-06-04,74.87914276123047,16.780000686645508,2.06
2004-06-07,76.01908111572266,15.390000343322754,2.05
2004-06-08,76.12511444091797,15.010000228881836,2.04
2004-06-09,75.4159927368164,15.390000343322754,2.03
2004-06-10,75.7870864868164,15.039999961853027,2.03
2004-06-11,75.7870864868164,15.039999961853027,2.03
2004-06-14,75.03817749023438,16.06999969482422,2.0100000000000007
2004-06-15,75.56838989257812,15.050000190734863,2.06
2004-06-16,75.55513763427734,14.789999961853027,2.04
2004-06-17,75.4424819946289,15.149999618530272,2.03
2004-06-18,75.58482360839844,14.989999771118164,2.03
2004-06-21,75.29878997802734,15.260000228881836,2.05
2004-06-22,75.6779556274414,14.3100004196167,2.05
2004-06-23,76.32982635498047,13.979999542236328,2.06
2004-06-24,76.09037017822266,14.8100004196167,2.06
2004-06-25,75.7245101928711,15.1899995803833,2.0700000000000003
2004-06-28,75.465087890625,16.06999969482422,2.04
2004-06-29,75.77772521972656,15.470000267028809,2.06
2004-06-30,76.1834716796875,14.34000015258789,2.09
2004-07-01,75.1258316040039,15.199999809265137,2.12
2004-07-02,75.0859603881836,15.079999923706056,2.13
2004-07-05,75.0859603881836,15.079999923706056,2.13
2004-07-06,74.42741394042969,16.25,2.14
2004-07-07,74.64688873291016,15.8100004196167,2.13
2004-07-08,74.12808227539062,16.200000762939453,2.14
2004-07-09,74.32098388671875,15.779999732971191,2.14
2004-07-12,74.35423278808594,14.960000038146973,2.1500000000000004
2004-07-13,74.4074478149414,14.460000038146973,2.14
2004-07-14,74.18126678466797,13.760000228881836,2.12
2004-07-15,73.70232391357422,14.710000038146973,2.12
2004-07-16,73.6424789428711,14.34000015258789,2.1500000000000004
2004-07-19,73.32981872558594,15.170000076293944,2.14
2004-07-20,74.26107025146484,14.170000076293944,2.12
2004-07-21,72.89080810546875,16.40999984741211,2.12
2004-07-22,73.09036254882812,15.75,2.13
2004-07-23,72.4784164428711,16.5,2.13
2004-07-26,72.33870697021484,17.299999237060547,2.1099999999999994
2004-07-27,73.01720428466797,16.549999237060547,2.09
2004-07-28,73.23674774169922,16.149999618530273,2.1
2004-07-29,73.54934692382812,15.68000030517578,2.0900000000000007
2004-07-30,73.72899627685547,15.31999969482422,2.1
2004-08-02,73.88196563720703,15.369999885559082,2.13
2004-08-03,73.30989837646484,16.030000686645508,2.14
2004-08-04,73.30321502685547,16.209999084472656,2.14
2004-08-05,72.10590362548828,18.31999969482422,2.140000000000001
2004-08-06,71.07486724853516,19.34000015258789,2.22
2004-08-09,71.17465209960938,18.88999938964844,2.1899999999999995
2004-08-10,72.09262084960938,17.469999313354492,2.18
2004-08-11,71.94627380371094,18.040000915527344,2.17
2004-08-12,71.16136169433594,19.07999992370605,2.1900000000000004
2004-08-13,71.30104064941406,17.979999542236328,2.2
2004-08-16,72.03938293457031,17.56999969482422,2.2
2004-08-17,72.44514465332031,17.020000457763672,2.21
2004-08-18,73.19015502929688,16.229999542236328,2.1999999999999997
2004-08-19,72.97728729248047,16.959999084472656,2.2
2004-08-20,73.4894790649414,16.0,2.1899999999999995
2004-08-23,73.30321502685547,15.880000114440918,2.1899999999999995
2004-08-24,73.40302276611328,15.329999923706056,2.18
2004-08-25,73.90190124511719,14.979999542236328,2.1800000000000006
2004-08-26,73.90190124511719,14.90999984741211,2.1900000000000004
2004-08-27,74.13470458984375,14.710000038146973,2.18
2004-08-30,73.5227279663086,15.4399995803833,2.1899999999999995
2004-08-31,73.90855407714844,15.289999961853027,2.1900000000000004
2004-09-01,74.04826354980469,14.90999984741211,2.2
2004-09-02,74.88636016845703,14.279999732971191,2.17
2004-09-03,74.58037567138672,13.90999984741211,2.1500000000000004
2004-09-06,74.58037567138672,13.90999984741211,2.1500000000000004
2004-09-07,75.07264709472656,14.06999969482422,2.13
2004-09-08,74.88636016845703,14.0600004196167,2.1500000000000004
2004-09-09,74.81986999511719,14.010000228881836,2.1500000000000004
2004-09-10,75.20564270019531,13.760000228881836,2.1599999999999997
2004-09-13,75.45178985595703,13.170000076293944,2.1499999999999995
2004-09-14,75.60475158691406,13.5600004196167,2.1499999999999995
2004-09-15,75.03269958496094,14.640000343322754,2.140000000000001
2004-09-16,75.25886535644531,14.390000343322754,2.16
2004-09-17,75.5788345336914,14.029999732971191,2.13
2004-09-20,75.1246337890625,14.43000030517578,2.14
2004-09-21,75.45193481445312,13.65999984741211,2.140000000000001
2004-09-22,74.51010131835938,14.739999771118164,2.13
2004-09-23,74.10933685302734,14.800000190734863,2.130000000000001
2004-09-24,74.44999694824219,14.279999732971191,2.12
2004-09-27,73.97575378417969,14.619999885559082,2.13
2004-09-28,74.32972717285156,13.829999923706056,2.140000000000001
2004-09-29,74.70379638671875,13.210000038146973,2.12
2004-09-30,74.65039825439453,13.34000015258789,2.1100000000000003
2004-10-01,75.91282653808594,12.75,2.09
2004-10-04,76.03971862792969,13.40999984741211,2.1
2004-10-05,76.07980346679688,13.949999809265137,2.1000000000000005
2004-10-06,76.60079193115234,13.279999732971191,2.09
2004-10-07,75.77922821044922,14.5,2.09
2004-10-08,75.15133666992188,15.050000190734863,2.1
2004-10-11,75.45858001708984,14.710000038146973,2.1
2004-10-12,75.16465759277344,15.050000190734863,2.1100000000000003
2004-10-13,74.50343322753906,15.420000076293944,2.12
2004-10-14,73.90225982666016,16.43000030517578,2.13
2004-10-15,74.31639099121094,15.039999961853027,2.12
2004-10-18,74.5969467163086,14.710000038146973,2.13
2004-10-19,73.96907806396484,15.130000114440918,2.1
2004-10-20,73.82211303710938,14.850000381469728,2.13
2004-10-21,74.30303955078125,14.539999961853027,2.12
2004-10-22,73.46809387207031,15.279999732971191,2.12
2004-10-25,73.38125610351562,16.579999923706055,2.13
2004-10-26,74.50343322753906,16.389999389648438,2.1100000000000003
2004-10-27,75.39849853515625,15.720000267028809,2.08
2004-10-28,75.62557983398438,15.390000343322754,2.1000000000000005
2004-10-29,75.61224365234375,16.270000457763672,2.09
2004-11-01,75.81932067871094,16.270000457763672,2.09
2004-11-02,75.84600830078125,16.18000030517578,2.0900000000000007
2004-11-03,76.80117797851562,14.039999961853027,2.08
2004-11-04,77.84988403320312,13.970000267028809,2.0500000000000007
2004-11-05,78.33747863769531,13.84000015258789,2.0200000000000005
2004-11-08,78.22392272949219,13.800000190734863,2.03
2004-11-09,78.07028198242188,13.609999656677246,2.03
2004-11-10,78.13040161132812,13.079999923706056,2.04
2004-11-11,78.72486114501953,13.039999961853027,2.04
2004-11-12,79.34605407714844,13.329999923706056,2.02
2004-11-15,79.54100036621094,13.380000114440918,2.01
2004-11-16,78.97158813476562,13.210000038146973,2.0
2004-11-17,79.4405288696289,13.210000038146973,2.0100000000000007
2004-11-18,79.5477523803711,12.979999542236328,2.01
2004-11-19,78.66339874267578,13.5,1.99
2004-11-22,79.03858184814453,12.970000267028809,1.96
2004-11-23,79.15916442871094,12.670000076293944,1.96
2004-11-24,79.34676361083984,12.720000267028809,1.95
2004-11-25,79.34676361083984,12.720000267028809,1.95
2004-11-26,79.28646850585938,12.779999732971191,1.96
2004-11-29,78.92469024658203,13.300000190734863,1.93
2004-11-30,78.97830200195312,13.239999771118164,1.9499999999999995
2004-12-01,79.8759994506836,12.970000267028809,1.95
2004-12-02,79.94300842285156,12.979999542236328,1.9399999999999995
2004-12-03,79.88936614990234,12.960000038146973,1.9600000000000009
2004-12-06,79.86258697509766,13.1899995803833,1.96
2004-12-07,79.1189956665039,13.670000076293944,1.96
2004-12-08,79.58121490478516,13.1899995803833,1.9400000000000004
2004-12-09,79.86258697509766,12.880000114440918,1.9399999999999995
2004-12-10,79.94300842285156,12.760000228881836,1.95
2004-12-13,80.63971710205078,12.539999961853027,1.9399999999999995
2004-12-14,80.92106628417969,12.729999542236328,1.9400000000000004
2004-12-15,80.98136901855469,12.350000381469728,1.91
2004-12-16,80.93448638916016,12.270000457763672,1.92
2004-12-17,80.3946533203125,11.949999809265137,1.92
2004-12-20,80.41486358642578,11.829999923706056,1.9000000000000004
2004-12-21,81.03408813476562,11.550000190734863,1.91
2004-12-22,81.22930145263672,11.449999809265137,1.91
2004-12-23,81.2898941040039,11.229999542236328,1.9099999999999997
2004-12-24,81.2898941040039,11.229999542236328,1.9099999999999997
2004-12-27,81.12158966064453,12.140000343322754,1.9000000000000004
2004-12-28,81.56585693359375,12.0,1.9000000000000004
2004-12-29,81.6869888305664,11.619999885559082,1.89
2004-12-30,81.53221130371094,12.5600004196167,1.8900000000000008
2004-12-31,81.35718536376953,13.289999961853027,1.8599999999999997
2005-01-03,80.97351837158203,14.079999923706056,1.8599999999999997
2005-01-04,79.9841079711914,13.979999542236328,1.85
2005-01-05,79.43214416503906,14.09000015258789,1.83
2005-01-06,79.83599090576172,13.579999923706056,1.84
2005-01-07,79.7215805053711,13.489999771118164,1.83
2005-01-10,80.09850311279297,13.229999542236328,1.8200000000000005
2005-01-11,79.54656219482422,13.1899995803833,1.8100000000000005
2005-01-12,79.80906677246094,12.5600004196167,1.81
2005-01-13,79.16964721679688,12.84000015258789,1.7999999999999998
2005-01-14,79.58694458007812,12.43000030517578,1.7899999999999991
2005-01-17,79.58694458007812,12.43000030517578,1.7899999999999991
2005-01-18,80.41486358642578,12.470000267028809,1.7700000000000005
2005-01-19,79.573486328125,13.18000030517578,1.7599999999999998
2005-01-20,79.08885192871094,13.829999923706056,1.7999999999999998
2005-01-21,78.60424041748047,14.359999656677246,1.79
2005-01-24,78.44940185546875,14.649999618530272,1.7700000000000005
2005-01-25,78.6715316772461,14.0600004196167,1.7800000000000002
2005-01-26,78.90711212158203,13.4399995803833,1.7599999999999998
2005-01-27,79.0417251586914,13.239999771118164,1.75
2005-01-28,79.0417251586914,13.239999771118164,1.75
2005-01-31,79.53307342529297,12.81999969482422,1.75
2005-02-01,80.03792572021484,12.029999732971191,1.739999999999999
2005-02-02,80.28024291992188,11.65999984741211,1.7299999999999995
2005-02-03,80.07156372070312,11.789999961853027,1.7000000000000002
2005-02-04,80.92639923095703,11.210000038146973,1.6900000000000004
2005-02-07,80.8187484741211,11.729999542236328,1.6499999999999997
2005-02-08,80.91295623779297,11.600000381469728,1.63
2005-02-09,80.30714416503906,12.0,1.6399999999999997
2005-02-10,80.59660339355469,11.510000228881836,1.67
2005-02-11,81.2898941040039,11.43000030517578,1.6500000000000004
2005-02-14,81.22930145263672,11.520000457763672,1.63
2005-02-15,81.53221130371094,11.270000457763672,1.6400000000000006
2005-02-16,81.5860595703125,11.100000381469728,1.62
2005-02-17,80.92639923095703,11.770000457763672,1.6399999999999997
2005-02-18,81.03408813476562,11.18000030517578,1.62
2005-02-21,81.03408813476562,11.18000030517578,1.62
2005-02-22,79.82925415039062,13.140000343322754,1.6399999999999997
2005-02-23,80.40142059326172,12.390000343322754,1.6400000000000006
2005-02-24,80.9331283569336,11.56999969482422,1.62
2005-02-25,81.734130859375,11.489999771118164,1.62
2005-02-28,81.19561004638672,12.079999923706056,1.59
2005-03-01,81.59954833984375,12.039999961853027,1.58
2005-03-02,81.55912780761719,12.5,1.6000000000000003
2005-03-03,81.59278106689453,12.93000030517578,1.5900000000000007
2005-03-04,82.60912322998047,11.9399995803833,1.5699999999999994
2005-03-07,82.64954376220703,12.260000228881836,1.5500000000000007
2005-03-08,82.33991241455078,12.399999618530272,1.54
2005-03-09,81.42449188232422,12.699999809265137,1.5300000000000002
2005-03-10,81.60623931884766,12.489999771118164,1.5099999999999998
2005-03-11,81.03408813476562,12.800000190734863,1.4800000000000004
2005-03-14,81.53895568847656,12.390000343322754,1.5
2005-03-15,80.8658218383789,13.149999618530272,1.5099999999999998
2005-03-16,80.17929077148438,13.489999771118164,1.5300000000000002
2005-03-17,80.3407974243164,13.289999961853027,1.5700000000000005
2005-03-18,80.10231018066406,13.140000343322754,1.59
2005-03-21,79.8049545288086,13.609999656677246,1.5999999999999996
2005-03-22,78.99408721923828,14.270000457763672,1.5600000000000005
2005-03-23,79.06165313720703,14.0600004196167,1.5699999999999994
2005-03-24,79.15624237060547,13.420000076293944,1.58
2005-03-25,79.15624237060547,13.420000076293944,1.58
2005-03-28,79.2711181640625,13.75,1.58
2005-03-29,78.74405670166016,14.489999771118164,1.6000000000000003
2005-03-30,79.85900115966797,13.640000343322754,1.6100000000000003
2005-03-31,79.7103271484375,14.020000457763672,1.6399999999999997
2005-04-01,79.35218048095703,14.09000015258789,1.6500000000000004
2005-04-04,79.48736572265625,14.109999656677246,1.6500000000000004
2005-04-05,79.86576080322266,13.68000030517578,1.6599999999999993
2005-04-06,80.142822265625,13.149999618530272,1.67
2005-04-07,80.5752944946289,12.329999923706056,1.6499999999999997
2005-04-08,79.73738098144531,12.619999885559082,1.6399999999999997
2005-04-11,79.7981948852539,11.979999542236328,1.67
2005-04-12,80.21039581298828,11.300000190734863,1.66
2005-04-13,79.26435089111328,13.3100004196167,1.6900000000000004
2005-04-14,78.23047637939453,14.529999732971191,1.75
2005-04-15,77.13581848144531,17.739999771118164,1.7800000000000002
2005-04-18,77.3722915649414,16.559999465942383,1.75
2005-04-19,77.98721313476562,14.960000038146973,1.7599999999999998
2005-04-20,76.89927673339844,16.920000076293945,1.7800000000000002
2005-04-21,78.39268493652344,14.40999984741211,1.7299999999999995
2005-04-22,78.09532165527344,15.380000114440918,1.7400000000000002
2005-04-25,78.60888671875,14.619999885559082,1.71
2005-04-26,77.84529876708984,14.90999984741211,1.7000000000000002
2005-04-27,78.14940643310547,14.869999885559082,1.7199999999999998
2005-04-28,77.16956329345703,16.860000610351562,1.75
2005-04-29,78.21699523925781,15.3100004196167,1.7599999999999998
2005-05-02,78.65621948242188,15.119999885559082,1.7700000000000005
2005-05-03,78.79139709472656,14.529999732971191,1.7700000000000005
2005-05-04,79.39949035644531,13.850000381469728,1.83
2005-05-05,79.37250518798828,13.979999542236328,1.84
2005-05-06,79.12248229980469,14.050000190734863,1.8199999999999996
2005-05-09,79.6157455444336,13.75,1.7800000000000002
2005-05-10,78.79139709472656,14.90999984741211,1.8199999999999996
2005-05-11,79.22383880615234,14.449999809265137,1.81
2005-05-12,78.35208892822266,16.1200008392334,1.83
2005-05-13,78.19670104980469,16.31999969482422,1.88
2005-05-16,78.92649841308594,15.68000030517578,1.89
2005-05-17,79.45356750488281,14.56999969482422,1.91
2005-05-18,80.27120208740234,13.630000114440918,1.92
2005-05-19,80.60908508300781,13.31999969482422,1.9099999999999997
2005-05-20,80.49419403076172,13.140000343322754,1.89
2005-05-23,80.940185546875,12.949999809265137,1.89
2005-05-24,80.75098419189453,12.6899995803833,1.91
2005-05-25,80.69014739990234,12.579999923706056,1.91
2005-05-26,81.12264251708984,12.239999771118164,1.91
2005-05-27,81.2577896118164,12.149999618530272,1.91
2005-05-30,81.2577896118164,12.149999618530272,1.91
2005-05-31,80.73747253417969,13.289999961853027,1.9000000000000004
2005-06-01,81.42672729492188,12.359999656677246,1.91
2005-06-02,81.60240936279297,11.84000015258789,1.89
2005-06-03,81.19021606445312,12.149999618530272,1.8400000000000003
2005-06-06,81.11589050292969,12.279999732971191,1.8200000000000005
2005-06-07,81.17670440673828,12.390000343322754,1.8200000000000005
2005-06-08,81.02806091308594,12.699999809265137,1.8199999999999996
2005-06-09,81.41322326660156,12.079999923706056,1.83
2005-06-10,81.22399139404297,11.960000038146973,1.84
2005-06-13,81.48080444335938,11.649999618530272,1.84
2005-06-14,81.6700210571289,11.789999961853027,1.87
2005-06-15,81.82537841796875,11.460000038146973,1.87
2005-06-16,82.034912109375,11.149999618530272,1.8600000000000003
2005-06-17,82.3388442993164,11.479999542236328,1.8500000000000003
2005-06-20,82.36602783203125,11.470000267028809,1.85
2005-06-21,82.41349029541016,11.079999923706056,1.8500000000000003
2005-06-22,82.48135375976562,11.050000190734863,1.89
2005-06-23,81.32115936279297,12.130000114440918,1.88
2005-06-24,80.72410583496094,12.18000030517578,1.89
2005-06-27,80.83942413330078,12.520000457763672,1.89
2005-06-28,81.51793670654297,11.579999923706056,1.87
2005-06-29,81.30081176757812,11.770000457763672,1.87
2005-06-30,80.85978698730469,12.039999961853027,1.87
2005-07-01,81.09725952148438,11.399999618530272,1.83
2005-07-04,81.09725952148438,11.399999618530272,1.83
2005-07-05,81.74859619140625,11.68000030517578,1.84
2005-07-06,81.06334686279297,12.270000457763672,1.85
2005-07-07,81.3822021484375,12.489999771118164,1.84
2005-07-08,82.31169128417969,11.449999809265137,1.83
2005-07-11,82.73238372802734,11.279999732971191,1.81
2005-07-12,82.94947052001953,10.949999809265137,1.7999999999999998
2005-07-13,83.0648193359375,10.84000015258789,1.79
2005-07-14,83.3905029296875,10.8100004196167,1.7799999999999994
2005-07-15,83.3429946899414,10.329999923706056,1.7700000000000005
2005-07-18,83.01053619384766,10.770000457763672,1.7999999999999998
2005-07-19,83.46512603759766,10.449999809265137,1.7800000000000002
2005-07-20,83.75006866455078,10.229999542236328,1.7700000000000005
2005-07-21,83.26155090332031,10.970000267028809,1.7599999999999998
2005-07-22,83.81793975830078,10.520000457763672,1.75
2005-07-25,83.58045196533203,11.100000381469728,1.7199999999999998
2005-07-26,83.6822280883789,10.989999771118164,1.7199999999999998
2005-07-27,83.98751068115234,10.359999656677246,1.7100000000000009
2005-07-28,84.51673889160156,10.520000457763672,1.6799999999999995
2005-07-29,83.95362091064453,11.56999969482422,1.67
2005-08-01,83.89254760742188,12.079999923706056,1.67
2005-08-02,84.39459228515625,11.75,1.6799999999999995
2005-08-03,84.6185073852539,11.829999923706056,1.7000000000000002
2005-08-04,83.94003295898438,12.520000457763672,1.6899999999999995
2005-08-05,83.3701171875,12.479999542236328,1.67
2005-08-08,83.21405029296875,13.210000038146973,1.67
2005-08-09,83.71614837646484,12.399999618530272,1.66
2005-08-10,83.67544555664062,12.380000114440918,1.6799999999999995
2005-08-11,84.00789642333984,12.420000076293944,1.71
2005-08-12,83.49224853515625,12.739999771118164,1.71
2005-08-15,84.00789642333984,12.260000228881836,1.7100000000000009
2005-08-16,82.91554260253906,13.520000457763672,1.71
2005-08-17,82.90874481201172,13.300000190734863,1.71
2005-08-18,82.90196228027344,13.420000076293944,1.7300000000000004
2005-08-19,83.09194946289062,13.420000076293944,1.7199999999999998
2005-08-22,83.09194946289062,13.420000076293944,1.7200000000000006
2005-08-23,82.93589782714844,13.34000015258789,1.7199999999999998
2005-08-24,82.19637298583984,14.170000076293944,1.7199999999999998
2005-08-25,82.4948959350586,13.729999542236328,1.7000000000000002
2005-08-26,81.93174743652344,13.720000267028809,1.6899999999999995
2005-08-29,82.56275939941406,13.520000457763672,1.6799999999999995
2005-08-30,82.12852478027344,13.649999618530272,1.67
2005-08-31,83.16658782958984,12.600000381469728,1.7700000000000005
2005-09-01,83.10552978515625,13.149999618530272,1.8100000000000005
2005-09-02,82.95626068115234,13.56999969482422,1.84
2005-09-05,82.95626068115234,13.56999969482422,1.84
2005-09-06,83.92646026611328,12.93000030517578,1.83
2005-09-07,84.06893157958984,12.520000457763672,1.83
2005-09-08,83.79081726074219,12.93000030517578,1.83
2005-09-09,84.5370864868164,11.979999542236328,1.8200000000000005
2005-09-12,84.3674545288086,11.649999618530272,1.8200000000000005
2005-09-13,83.89934539794922,12.390000343322754,1.83
2005-09-14,83.59398651123047,12.90999984741211,1.83
2005-09-15,83.5533218383789,12.489999771118164,1.84
2005-09-16,84.14745330810547,11.220000267028809,1.8500000000000003
2005-09-19,83.86811828613281,12.140000343322754,1.85
2005-09-20,83.15950775146484,12.640000343322754,1.8100000000000005
2005-09-21,82.38272857666016,13.789999961853027,1.84
2005-09-22,82.67571258544922,13.329999923706056,1.84
2005-09-23,82.74386596679688,12.960000038146973,1.83
2005-09-26,82.83924865722656,13.039999961853027,1.83
2005-09-27,82.8188247680664,12.760000228881836,1.84
2005-09-28,82.90059661865234,12.630000114440918,1.8200000000000005
2005-09-29,83.57510375976562,12.239999771118164,1.83
2005-09-30,83.83405303955078,11.920000076293944,1.8100000000000005
2005-10-03,83.53425598144531,12.460000038146973,1.8200000000000005
2005-10-04,82.59394073486328,13.199999809265137,1.8100000000000005
2005-10-05,81.51061248779297,14.550000190734863,1.81
2005-10-06,81.21762084960938,14.960000038146973,1.8200000000000005
2005-10-07,81.49700927734375,14.59000015258789,1.8200000000000005
2005-10-10,80.80883026123047,15.550000190734863,1.8200000000000005
2005-10-11,80.69295501708984,15.630000114440918,1.8000000000000007
2005-10-12,80.05928039550781,16.219999313354492,1.83
2005-10-13,80.01160430908203,16.469999313354492,1.8599999999999997
2005-10-14,80.85650634765625,14.869999885559082,1.8699999999999992
2005-10-17,81.15630340576172,14.670000076293944,1.84
2005-10-18,80.27732849121094,15.329999923706056,1.84
2005-10-19,81.61280822753906,13.5,1.8600000000000003
2005-10-20,80.17516326904297,16.110000610351562,1.8600000000000003
2005-10-21,80.488525390625,16.1299991607666,1.8500000000000003
2005-10-24,81.73544311523438,14.739999771118164,1.85
2005-10-25,81.57192993164062,14.529999732971191,1.81
2005-10-26,81.3334732055664,14.59000015258789,1.8400000000000007
2005-10-27,80.4681167602539,16.020000457763672,1.84
2005-10-28,81.62644958496094,14.25,1.83
2005-10-31,81.85128784179688,15.31999969482422,1.83
2005-11-01,82.09656524658203,14.850000381469728,1.84
2005-11-02,82.9551010131836,13.479999542236328,1.84
2005-11-03,83.30937194824219,13.0,1.8199999999999996
2005-11-04,83.20037841796875,13.170000076293944,1.8200000000000005
2005-11-07,83.28214263916016,13.100000381469728,1.8199999999999996
2005-11-08,83.28214263916016,13.079999923706056,1.83
2005-11-09,83.39111328125,12.800000190734863,1.8200000000000005
2005-11-10,84.03843688964844,11.899999618530272,1.84
2005-11-11,84.32460021972656,11.630000114440918,1.84
2005-11-14,84.27691650390625,12.18000030517578,1.83
2005-11-15,83.97029876708984,12.229999542236328,1.83
2005-11-16,84.140625,12.260000228881836,1.84
2005-11-17,84.92420196533203,11.25,1.85
2005-11-18,85.25806427001953,11.119999885559082,1.8600000000000003
2005-11-21,85.68733978271484,10.81999969482422,1.87
2005-11-22,86.05525207519531,10.600000381469728,1.91
2005-11-23,86.55267333984375,10.960000038146973,1.91
2005-11-24,86.55267333984375,10.960000038146973,1.91
2005-11-25,86.62077331542969,10.880000114440918,1.91
2005-11-28,86.00753784179688,11.84000015258789,1.89
2005-11-29,85.91215515136719,11.890000343322754,1.88
2005-11-30,85.4488296508789,12.0600004196167,1.89
2005-12-01,86.32098388671875,11.239999771118164,1.87
2005-12-02,86.42998504638672,11.010000228881836,1.87
2005-12-05,86.24601745605469,11.600000381469728,1.8599999999999997
2005-12-06,86.40955352783203,11.520000457763672,1.88
2005-12-07,85.90536499023438,12.18000030517578,1.8800000000000008
2005-12-08,85.850830078125,12.210000038146973,1.88
2005-12-09,86.07571411132812,11.6899995803833,1.88
2005-12-12,86.15746307373047,11.470000267028809,1.8600000000000003
2005-12-13,86.743408203125,11.109999656677246,1.88
2005-12-14,87.0841064453125,10.479999542236328,1.88
2005-12-15,86.8320083618164,10.729999542236328,1.87
2005-12-16,86.55250549316406,10.68000030517578,1.85
2005-12-19,86.10730743408203,11.380000114440918,1.84
2005-12-20,86.18949890136719,11.1899995803833,1.84
2005-12-21,86.32650756835938,10.8100004196167,1.84
2005-12-22,86.77854919433594,10.289999961853027,1.8299999999999992
2005-12-23,86.82652282714844,10.270000457763672,1.83
2005-12-26,86.82652282714844,10.270000457763672,1.83
2005-12-27,85.94292449951172,11.56999969482422,1.83
2005-12-28,86.13470458984375,11.350000381469728,1.8200000000000005
2005-12-29,85.7511215209961,11.609999656677246,1.8200000000000005
2005-12-30,85.28533172607422,12.06999969482422,1.8200000000000005
2006-01-02,85.28533172607422,12.06999969482422,1.8200000000000005
2006-01-03,86.78543853759766,11.140000343322754,1.84
2006-01-04,87.1964340209961,11.369999885559082,1.84
2006-01-05,87.25119018554688,11.3100004196167,1.84
2006-01-06,87.97726440429688,11.0,1.84
2006-01-09,88.20330047607422,11.130000114440918,1.84
2006-01-10,88.29234313964844,10.859999656677246,1.84
2006-01-11,88.57315826416016,10.9399995803833,1.84
2006-01-12,88.2238540649414,11.199999809265137,1.83
2006-01-13,88.14165496826172,11.229999542236328,1.8199999999999996
2006-01-16,88.14165496826172,11.229999542236328,1.8199999999999996
2006-01-17,87.90192413330078,11.90999984741211,1.83
2006-01-18,87.5525894165039,12.25,1.84
2006-01-19,87.88818359375,11.979999542236328,1.83
2006-01-20,86.28540802001953,14.5600004196167,1.81
2006-01-23,86.59361267089844,13.93000030517578,1.8199999999999996
2006-01-24,86.68267059326172,13.3100004196167,1.81
2006-01-25,86.75802612304688,12.869999885559082,1.7999999999999998
2006-01-26,87.23751068115234,12.420000076293944,1.7999999999999998
2006-01-27,88.04576873779297,11.970000267028809,1.7800000000000002
2006-01-30,87.97726440429688,12.390000343322754,1.79
2006-01-31,87.33340454101562,12.949999809265137,1.7799999999999994
2006-02-01,87.9430160522461,12.359999656677246,1.7599999999999998
2006-02-02,86.92240142822266,13.229999542236328,1.739999999999999
2006-02-03,86.49087524414062,12.960000038146973,1.7199999999999998
2006-02-06,86.71691131591797,13.039999961853027,1.6900000000000004
2006-02-07,85.94975280761719,13.59000015258789,1.71
2006-02-08,86.73060607910156,12.829999923706056,1.75
2006-02-09,86.5867919921875,13.119999885559082,1.7299999999999995
2006-02-10,86.74432373046875,12.869999885559082,1.71
2006-02-13,86.5867919921875,13.350000381469728,1.7199999999999998
2006-02-14,87.504638671875,12.25,1.71
2006-02-15,87.8128890991211,12.3100004196167,1.6999999999999993
2006-02-16,88.47044372558594,11.479999542236328,1.71
2006-02-17,88.23069763183594,12.010000228881836,1.7000000000000002
2006-02-20,88.23069763183594,12.010000228881836,1.7000000000000002
2006-02-21,88.01148986816406,12.40999984741211,1.6799999999999995
2006-02-22,88.5457992553711,11.880000114440918,1.6799999999999995
2006-02-23,88.41565704345703,11.869999885559082,1.6700000000000008
2006-02-24,88.64166259765625,11.460000038146973,1.6399999999999997
2006-02-27,88.67594146728516,11.59000015258789,1.6500000000000004
2006-02-28,87.83341217041016,12.34000015258789,1.6500000000000004
2006-03-01,88.61426544189453,11.539999961853027,1.66
2006-03-02,88.60741424560547,11.720000267028809,1.66
2006-03-03,88.19644927978516,11.960000038146973,1.67
2006-03-06,87.79230499267578,12.739999771118164,1.67
2006-03-07,87.65530395507812,12.65999984741211,1.67
2006-03-08,87.84027099609375,12.31999969482422,1.6799999999999995
2006-03-09,87.25119018554688,12.68000030517578,1.67
2006-03-10,88.07999420166016,11.850000381469728,1.67
2006-03-13,88.2444076538086,11.369999885559082,1.6900000000000004
2006-03-14,89.1690902709961,10.739999771118164,1.6799999999999995
2006-03-15,89.56639862060547,11.350000381469728,1.6999999999999993
2006-03-16,89.75131225585938,11.979999542236328,1.7199999999999998
2006-03-17,89.82626342773438,12.119999885559082,1.7000000000000002
2006-03-20,89.681884765625,11.789999961853027,1.7000000000000002
2006-03-21,89.11795043945312,11.619999885559082,1.7000000000000002
2006-03-22,89.66122436523438,11.210000038146973,1.6899999999999995
2006-03-23,89.47554016113281,11.170000076293944,1.6999999999999993
2006-03-24,89.5443344116211,11.1899995803833,1.7000000000000002
2006-03-27,89.4136734008789,11.460000038146973,1.7000000000000002
2006-03-28,88.86351013183594,11.579999923706056,1.6799999999999995
2006-03-29,89.42056274414062,10.949999809265137,1.71
2006-03-30,89.26235961914062,11.56999969482422,1.6999999999999993
2006-03-31,89.28300476074219,11.390000343322754,1.6899999999999995
2006-04-03,89.21422576904297,11.56999969482422,1.6799999999999995
2006-04-04,89.78502655029297,11.140000343322754,1.6899999999999995
2006-04-05,90.09449768066406,11.130000114440918,1.7000000000000002
2006-04-06,89.99821472167969,11.449999809265137,1.6999999999999993
2006-04-07,89.08358001708984,12.260000228881836,1.7000000000000002
2006-04-10,89.22110748291016,12.1899995803833,1.7000000000000002
2006-04-11,88.46466064453125,13.0,1.71
2006-04-12,88.62972259521484,12.760000228881836,1.71
2006-04-13,88.51283264160156,12.380000114440918,1.6900000000000004
2006-04-14,88.51283264160156,12.380000114440918,1.6900000000000004
2006-04-17,88.4783935546875,12.579999923706056,1.7000000000000002
2006-04-18,89.88129425048828,11.399999618530272,1.7000000000000002
2006-04-19,90.05319213867188,11.31999969482422,1.7000000000000002
2006-04-20,90.17699432373048,11.640000343322754,1.7000000000000002
2006-04-21,90.1907730102539,11.59000015258789,1.7000000000000002
2006-04-24,90.02571868896484,11.75,1.67
2006-04-25,89.65435791015625,11.75,1.6799999999999995
2006-04-26,89.67497253417969,11.760000228881836,1.6399999999999997
2006-04-27,90.10824584960938,11.84000015258789,1.67
2006-04-28,90.4107894897461,11.59000015258789,1.67
2006-05-01,89.67497253417969,12.539999961853027,1.63
2006-05-02,90.34894561767578,11.989999771118164,1.6100000000000003
2006-05-03,90.01193237304688,11.989999771118164,1.6099999999999994
2006-05-04,90.3351821899414,11.859999656677246,1.5999999999999996
2006-05-05,91.13292694091795,11.619999885559082,1.5999999999999996
2006-05-08,91.0228500366211,12.0,1.59
2006-05-09,91.20169067382812,11.989999771118164,1.59
2006-05-10,91.15350341796876,11.779999732971191,1.58
2006-05-11,90.05319213867188,12.489999771118164,1.6100000000000003
2006-05-12,88.87727355957031,14.1899995803833,1.63
2006-05-15,89.05606842041016,13.56999969482422,1.6399999999999997
2006-05-16,88.92539978027344,13.350000381469728,1.66
2006-05-17,87.23370361328125,16.260000228881836,1.66
2006-05-18,86.7935791015625,16.989999771118164,1.66
2006-05-19,87.40563201904297,17.18000030517578,1.6500000000000004
2006-05-22,86.738525390625,17.719999313354492,1.66
2006-05-23,86.07835388183594,18.26000022888184,1.6499999999999997
2006-05-24,86.76605224609375,17.360000610351562,1.6799999999999995
2006-05-25,87.83882904052734,15.5,1.67
2006-05-26,88.2858657836914,14.260000228881836,1.6700000000000008
2006-05-29,88.2858657836914,14.260000228881836,1.6700000000000008
2006-05-30,86.71790313720703,18.65999984741211,1.67
2006-05-31,87.68757629394531,16.440000534057617,1.66
2006-06-01,88.52655029296875,14.520000457763672,1.6599999999999993
2006-06-02,88.71219635009766,14.31999969482422,1.67
2006-06-05,87.41936492919922,16.649999618530273,1.6700000000000008
2006-06-06,87.20616912841797,17.34000015258789,1.6500000000000004
2006-06-07,86.55289459228516,17.799999237060547,1.6700000000000008
2006-06-08,86.47722625732422,18.350000381469727,1.66
2006-06-09,86.2021484375,18.1200008392334,1.6599999999999993
2006-06-12,85.26689147949219,20.959999084472656,1.6499999999999997
2006-06-13,84.27660369873047,23.809999465942383,1.67
2006-06-14,84.929931640625,21.459999084472656,1.67
2006-06-15,86.73167419433594,15.899999618530272,1.67
2006-06-16,86.09966278076172,17.25,1.67
2006-06-19,85.42273712158203,17.829999923706055,1.67
2006-06-20,85.71281433105469,16.690000534057617,1.67
2006-06-21,86.34832000732422,15.520000457763672,1.6799999999999995
2006-06-22,85.96842956542969,15.880000114440918,1.6899999999999995
2006-06-23,85.9545669555664,15.890000343322754,1.6899999999999995
2006-06-26,86.3344955444336,15.619999885559082,1.6900000000000004
2006-06-27,85.58849334716797,16.399999618530273,1.7000000000000002
2006-06-28,86.16874694824219,15.789999961853027,1.6900000000000004
2006-06-29,87.90934753417969,13.029999732971191,1.6900000000000004
2006-06-30,87.91627502441406,13.079999923706056,1.67
2006-07-03,88.27542877197266,13.050000190734863,1.6799999999999995
2006-07-04,88.27542877197266,13.050000190734863,1.6799999999999995
2006-07-05,87.77119445800781,14.149999618530272,1.67
2006-07-06,88.02678680419922,13.649999618530272,1.6599999999999993
2006-07-07,87.45346069335938,13.970000267028809,1.66
2006-07-10,87.61927032470703,14.020000457763672,1.66
2006-07-11,88.00607299804688,13.140000343322754,1.67
2006-07-12,87.06668090820312,14.489999771118164,1.66
2006-07-13,85.65067291259766,17.790000915527344,1.66
2006-07-14,85.31908416748047,18.049999237060547,1.6899999999999995
2006-07-17,85.1948013305664,18.63999938964844,1.6799999999999995
2006-07-18,85.62994384765625,17.739999771118164,1.6799999999999995
2006-07-19,86.8180160522461,15.550000190734863,1.6900000000000004
2006-07-20,86.2239761352539,16.209999084472656,1.6899999999999995
2006-07-21,85.61614227294922,17.399999618530273,1.6900000000000004
2006-07-24,87.17719268798828,14.979999542236328,1.6900000000000004
2006-07-25,87.4880142211914,14.850000381469728,1.6799999999999995
2006-07-26,87.60547637939453,14.619999885559082,1.6799999999999995
2006-07-27,87.52253723144531,14.9399995803833,1.6499999999999997
2006-07-28,88.39976501464844,14.329999923706056,1.67
2006-07-31,88.30999755859375,14.949999809265137,1.6799999999999995
2006-08-01,87.87481689453125,15.050000190734863,1.6899999999999995
2006-08-02,88.46887969970703,14.34000015258789,1.6900000000000004
2006-08-03,88.70369720458984,14.460000038146973,1.6799999999999995
2006-08-04,88.55171966552734,14.34000015258789,1.6899999999999995
2006-08-07,88.34451293945312,15.229999542236328,1.67
2006-08-08,88.00607299804688,15.229999542236328,1.7000000000000002
2006-08-09,87.70906829833984,15.199999809265137,1.7300000000000004
2006-08-10,87.97847747802734,14.460000038146973,1.7300000000000004
2006-08-11,87.72976684570312,14.300000190734863,1.7200000000000006
2006-08-14,87.79882049560547,14.260000228881836,1.6900000000000004
2006-08-15,88.8487777709961,13.420000076293944,1.7000000000000002
2006-08-16,89.58784484863281,12.40999984741211,1.71
2006-08-17,89.81581115722656,12.239999771118164,1.71
2006-08-18,90.27164459228516,11.640000343322754,1.71
2006-08-21,89.88488006591797,12.220000267028809,1.7199999999999998
2006-08-22,89.87792205810547,12.1899995803833,1.71
2006-08-23,89.62930297851562,12.399999618530272,1.7199999999999998
2006-08-24,89.5533447265625,12.399999618530272,1.7200000000000006
2006-08-25,89.66382598876953,12.3100004196167,1.7400000000000002
2006-08-28,90.09205627441406,12.18000030517578,1.7300000000000004
2006-08-29,90.19567108154295,12.279999732971191,1.7400000000000002
2006-08-30,90.25093841552734,12.220000267028809,1.7400000000000002
2006-08-31,90.2371063232422,12.3100004196167,1.7299999999999995
2006-09-01,90.7759017944336,11.960000038146973,1.7299999999999995
2006-09-04,90.7759017944336,11.960000038146973,1.7299999999999995
2006-09-05,90.9485855102539,12.630000114440918,1.7299999999999995
2006-09-06,90.14736938476562,13.739999771118164,1.7300000000000004
2006-09-07,89.73291778564453,13.880000114440918,1.7199999999999998
2006-09-08,89.98847198486328,13.15999984741211,1.7199999999999998
2006-09-11,90.07830810546876,12.989999771118164,1.7199999999999998
2006-09-12,90.9623794555664,11.920000076293944,1.7000000000000002
2006-09-13,91.32848358154295,11.18000030517578,1.7000000000000002
2006-09-14,91.33538055419922,11.550000190734863,1.7000000000000002
2006-09-15,91.54977416992188,11.760000228881836,1.6900000000000004
2006-09-18,91.67461395263672,11.779999732971191,1.6800000000000006
2006-09-19,91.4457015991211,11.979999542236328,1.6899999999999995
2006-09-20,91.93134307861328,11.390000343322754,1.6899999999999995
2006-09-21,91.48733520507812,12.25,1.71
2006-09-22,91.20980072021484,12.59000015258789,1.7200000000000006
2006-09-25,91.91050720214844,12.119999885559082,1.7200000000000006
2006-09-26,92.6736831665039,11.529999732971191,1.71
2006-09-27,92.7846908569336,11.579999923706056,1.71
2006-09-28,92.75,11.720000267028809,1.7300000000000004
2006-09-29,92.6736831665039,11.979999542236328,1.7200000000000006
2006-10-02,92.32681274414062,12.56999969482422,1.7299999999999995
2006-10-03,92.52106475830078,12.239999771118164,1.7199999999999998
2006-10-04,93.6033172607422,11.859999656677246,1.739999999999999
2006-10-05,93.78367614746094,11.979999542236328,1.739999999999999
2006-10-06,93.66578674316406,11.5600004196167,1.7299999999999995
2006-10-09,93.72126770019533,11.68000030517578,1.7299999999999995
2006-10-10,93.84613800048828,11.520000457763672,1.7199999999999998
2006-10-11,93.7351303100586,11.619999885559082,1.7299999999999995
2006-10-12,94.54690551757812,11.09000015258789,1.71
2006-10-13,94.7896499633789,10.75,1.7200000000000006
2006-10-16,94.9353485107422,11.09000015258789,1.71
2006-10-17,94.63703918457033,11.729999542236328,1.71
2006-10-18,94.76188659667967,11.34000015258789,1.7000000000000002
2006-10-19,94.91452026367188,10.899999618530272,1.7000000000000002
2006-10-20,94.9353485107422,10.630000114440918,1.6900000000000004
2006-10-23,95.37242889404295,11.079999923706056,1.66
2006-10-24,95.65687561035156,10.779999732971191,1.6500000000000004
2006-10-25,95.98297119140624,10.65999984741211,1.66
2006-10-26,96.28125762939452,10.5600004196167,1.6499999999999997
2006-10-27,95.67770385742188,10.800000190734863,1.6500000000000004
2006-10-30,95.60829162597656,11.199999809265137,1.6400000000000006
2006-10-31,95.5944366455078,11.100000381469728,1.6399999999999997
2006-11-01,94.94923400878906,11.510000228881836,1.6399999999999997
2006-11-02,94.89373779296876,11.420000076293944,1.6400000000000006
2006-11-03,94.72721862792967,11.15999984741211,1.59
2006-11-06,95.79563903808594,11.15999984741211,1.59
2006-11-07,96.16332244873048,11.09000015258789,1.5999999999999996
2006-11-08,96.37147521972656,10.75,1.5900000000000007
2006-11-09,95.86502075195312,11.010000228881836,1.62
2006-11-10,95.90666961669922,10.789999961853027,1.6100000000000003
2006-11-13,96.14249420166016,10.859999656677246,1.5999999999999996
2006-11-14,96.86402130126952,10.5,1.6099999999999994
2006-11-15,97.14154052734376,10.3100004196167,1.6099999999999994
2006-11-16,97.39134979248048,10.15999984741211,1.59
2006-11-17,97.41903686523438,10.050000190734863,1.5999999999999996
2006-11-20,97.47452545166016,9.970000267028809,1.6000000000000003
2006-11-21,97.57167053222656,9.899999618530272,1.5999999999999996
2006-11-22,97.76595306396484,10.140000343322754,1.5999999999999996
2006-11-23,97.76595306396484,10.140000343322754,1.5999999999999996
2006-11-24,97.37054443359376,10.729999542236328,1.6000000000000003
2006-11-27,96.03148651123048,12.300000190734863,1.6100000000000003
2006-11-28,96.44778442382812,11.619999885559082,1.62
2006-11-29,97.45377349853516,10.829999923706056,1.62
2006-11-30,97.49537658691406,10.90999984741211,1.6399999999999997
2006-12-01,97.28030395507812,11.65999984741211,1.6500000000000004
2006-12-04,98.02264404296876,11.229999542236328,1.66
2006-12-05,98.44579315185548,11.270000457763672,1.6499999999999997
2006-12-06,98.3625717163086,11.329999923706056,1.6499999999999997
2006-12-07,97.9323959350586,12.670000076293944,1.6399999999999997
2006-12-08,98.11280059814452,12.06999969482422,1.6300000000000008
2006-12-11,98.3972625732422,10.710000038146973,1.6400000000000006
2006-12-12,98.32095336914062,10.649999618530272,1.6499999999999997
2006-12-13,98.42503356933594,10.18000030517578,1.6399999999999997
2006-12-14,99.29222869873048,9.970000267028809,1.66
2006-12-15,99.30130004882812,10.050000190734863,1.66
2006-12-18,99.02922821044922,10.600000381469728,1.6500000000000004
2006-12-19,99.2176284790039,10.300000190734863,1.67
2006-12-20,99.16177368164062,10.260000228881836,1.67
2006-12-21,98.79898071289062,10.529999732971191,1.6800000000000006
2006-12-22,98.19207763671876,11.359999656677246,1.67
2006-12-25,98.19207763671876,11.359999656677246,1.67
2006-12-26,98.7710952758789,11.260000228881836,1.6599999999999993
2006-12-27,99.4198989868164,10.640000343322754,1.66
2006-12-28,99.21060180664062,10.989999771118164,1.6499999999999997
2006-12-29,98.79898071289062,11.5600004196167,1.6399999999999997
2007-01-01,98.79898071289062,11.5600004196167,1.6399999999999997
2007-01-02,98.79898071289062,11.5600004196167,1.6400000000000006
2007-01-03,98.62458801269533,12.039999961853027,1.6100000000000003
2007-01-04,98.8338394165039,11.510000228881836,1.62
2007-01-05,98.04554748535156,12.140000343322754,1.5999999999999996
2007-01-08,98.4990463256836,12.0,1.59
2007-01-09,98.41532135009766,11.90999984741211,1.59
2007-01-10,98.7431640625,11.470000267028809,1.59
2007-01-11,99.17572021484376,10.869999885559082,1.59
2007-01-12,99.92919158935548,10.149999618530272,1.5900000000000007
2007-01-15,99.92919158935548,10.149999618530272,1.5900000000000007
2007-01-16,99.7338409423828,10.739999771118164,1.59
2007-01-17,99.77570343017578,10.59000015258789,1.58
2007-01-18,99.44080352783205,10.850000381469728,1.58
2007-01-19,99.63613891601562,10.399999618530272,1.5699999999999994
2007-01-22,99.32920837402344,10.770000457763672,1.5700000000000005
2007-01-23,99.62222290039062,10.34000015258789,1.5700000000000005
2007-01-24,100.42449188232422,9.890000343322754,1.5700000000000005
2007-01-25,99.24546813964844,11.220000267028809,1.5599999999999996
2007-01-26,99.15480041503906,11.130000114440918,1.5600000000000005
2007-01-29,99.09896087646484,11.449999809265137,1.5499999999999998
2007-01-30,99.6152572631836,10.960000038146973,1.5600000000000005
2007-01-31,100.28498840332033,10.420000076293944,1.5700000000000005
2007-02-01,100.88493347167967,10.3100004196167,1.5600000000000005
2007-02-02,101.02447509765624,10.079999923706056,1.5599999999999996
2007-02-05,101.05236053466795,10.550000190734863,1.5600000000000005
2007-02-06,101.08026123046876,10.649999618530272,1.5500000000000007
2007-02-07,101.30352783203124,10.31999969482422,1.5599999999999996
2007-02-08,101.17090606689452,10.4399995803833,1.5499999999999998
2007-02-09,100.41751098632812,11.100000381469728,1.54
2007-02-12,100.07568359375,11.609999656677246,1.54
2007-02-13,100.91979217529295,10.34000015258789,1.54
2007-02-14,101.58258056640624,10.229999542236328,1.5499999999999998
2007-02-15,101.7151336669922,10.220000267028809,1.5599999999999996
2007-02-16,101.66626739501952,10.020000457763672,1.5499999999999998
2007-02-19,101.66626739501952,10.020000457763672,1.5499999999999998
2007-02-20,101.882568359375,10.239999771118164,1.5500000000000007
2007-02-21,101.84070587158205,10.199999809265137,1.54
2007-02-22,101.76390075683594,10.18000030517578,1.5399999999999991
2007-02-23,101.36629486083984,10.579999923706056,1.5300000000000002
2007-02-26,101.27560424804688,11.149999618530272,1.54
2007-02-27,97.32005310058594,18.309999465942383,1.59
2007-02-28,98.31764221191406,15.420000076293944,1.6000000000000003
2007-03-01,98.02465057373048,15.81999969482422,1.62
2007-03-02,96.74100494384766,18.61000061035156,1.6400000000000006
2007-03-05,95.82008361816406,19.6299991607666,1.6800000000000006
2007-03-06,97.45953369140624,15.960000038146973,1.66
2007-03-07,97.36186981201172,15.239999771118164,1.66
2007-03-08,98.18511199951172,14.289999961853027,1.67
2007-03-09,98.21300506591795,14.09000015258789,1.6500000000000004
2007-03-12,98.3594970703125,13.989999771118164,1.6500000000000004
2007-03-13,96.4479751586914,18.1299991607666,1.7000000000000002
2007-03-14,97.16651153564452,17.270000457763672,1.7199999999999998
2007-03-15,97.29907989501952,16.43000030517578,1.7000000000000002
2007-03-16,97.02661895751952,16.790000915527344,1.7000000000000002
2007-03-19,98.1963348388672,14.59000015258789,1.7000000000000002
2007-03-20,98.73560333251952,13.270000457763672,1.71
2007-03-21,100.36051940917967,12.1899995803833,1.7299999999999995
2007-03-22,100.2834930419922,12.93000030517578,1.75
2007-03-23,100.43054962158205,12.949999809265137,1.75
2007-03-26,100.2975082397461,13.15999984741211,1.75
2007-03-27,100.05941009521484,13.479999542236328,1.7599999999999998
2007-03-28,99.33094024658205,14.979999542236328,1.7800000000000002
2007-03-29,99.43603515625,15.140000343322754,1.7400000000000002
2007-03-30,99.45697784423828,14.640000343322754,1.75
2007-04-02,99.5690689086914,14.529999732971191,1.739999999999999
2007-04-03,100.64067840576172,13.460000038146973,1.7300000000000004
2007-04-04,100.75274658203124,13.239999771118164,1.7400000000000002
2007-04-05,101.02596282958984,13.229999542236328,1.7400000000000002
2007-04-06,101.02596282958984,13.229999542236328,1.71
2007-04-09,101.16600036621094,13.140000343322754,1.7199999999999998
2007-04-10,101.28506469726562,12.68000030517578,1.7199999999999998
2007-04-11,100.8718490600586,13.489999771118164,1.71
2007-04-12,101.32008361816406,12.710000038146973,1.71
2007-04-13,101.7823486328125,12.199999809265137,1.7000000000000002
2007-04-16,102.74891662597656,11.979999542236328,1.6799999999999995
2007-04-17,103.02204132080078,12.140000343322754,1.6799999999999995
2007-04-18,103.14813995361328,12.420000076293944,1.67
2007-04-19,103.12010955810548,12.539999961853027,1.67
2007-04-20,104.09366607666016,12.06999969482422,1.6800000000000006
2007-04-23,103.7014389038086,13.039999961853027,1.6799999999999995
2007-04-24,103.74348449707033,13.119999885559082,1.6799999999999995
2007-04-25,104.696044921875,13.210000038146973,1.6799999999999995
2007-04-26,104.81510162353516,12.789999961853027,1.6899999999999995
2007-04-27,104.73104858398438,12.449999809265137,1.6799999999999995
2007-04-30,103.86256408691406,14.220000267028809,1.6799999999999995
2007-05-01,104.12873840332033,13.510000228881836,1.67
2007-05-02,104.73802947998048,13.079999923706056,1.6599999999999993
2007-05-03,105.30538940429688,13.09000015258789,1.6400000000000006
2007-05-04,105.70458221435548,12.90999984741211,1.6399999999999997
2007-05-07,105.7255859375,13.149999618530272,1.6400000000000006
2007-05-08,105.58552551269533,13.210000038146973,1.66
2007-05-09,105.87271118164062,12.880000114440918,1.6500000000000004
2007-05-10,104.76605987548828,13.600000381469728,1.6599999999999993
2007-05-11,105.66256713867188,12.949999809265137,1.66
2007-05-14,105.4314193725586,13.960000038146973,1.6499999999999997
2007-05-15,105.45952606201172,14.010000228881836,1.6500000000000004
2007-05-16,106.1808853149414,13.5,1.6399999999999997
2007-05-17,105.97079467773438,13.510000228881836,1.6400000000000006
2007-05-18,106.89527893066406,12.760000228881836,1.6300000000000008
2007-05-21,106.83924102783205,13.300000190734863,1.63
2007-05-22,106.7551727294922,13.0600004196167,1.63
2007-05-23,106.76920318603516,13.239999771118164,1.63
2007-05-24,105.80265045166016,14.079999923706056,1.63
2007-05-25,106.24391174316406,13.34000015258789,1.62
2007-05-28,106.24391174316406,13.34000015258789,1.62
2007-05-29,106.629150390625,13.529999732971191,1.62
2007-05-30,107.49767303466795,12.829999923706056,1.6100000000000003
2007-05-31,107.38556671142578,13.050000190734863,1.5999999999999996
2007-06-01,107.91788482666016,12.779999732971191,1.5999999999999996
2007-06-04,107.93186950683594,13.289999961853027,1.58
2007-06-05,107.50466918945312,13.630000114440918,1.5699999999999994
2007-06-06,106.34894561767578,14.869999885559082,1.6000000000000003
2007-06-07,104.42989349365234,17.059999465942383,1.5999999999999996
2007-06-08,105.78865814208984,14.84000015258789,1.62
2007-06-11,105.97079467773438,14.710000038146973,1.6100000000000003
2007-06-12,104.81510162353516,16.670000076293945,1.6000000000000003
2007-06-13,106.38399505615234,14.729999542236328,1.58
2007-06-14,107.06336975097656,13.640000343322754,1.5699999999999994
2007-06-15,107.67255401611328,13.9399995803833,1.5999999999999996
2007-06-18,107.54596710205078,13.420000076293944,1.5999999999999996
2007-06-19,107.81324768066406,12.850000381469728,1.6000000000000003
2007-06-20,106.31490325927734,14.670000076293944,1.5700000000000005
2007-06-21,106.90579986572266,14.210000038146973,1.5999999999999996
2007-06-22,105.89993286132812,15.75,1.6000000000000003
2007-06-25,105.39349365234376,16.649999618530273,1.59
2007-06-26,104.31023406982422,18.88999938964844,1.6100000000000003
2007-06-27,105.79438018798828,15.529999732971191,1.59
2007-06-28,105.78036499023438,15.539999961853027,1.5999999999999996
2007-06-29,105.81551361083984,16.229999542236328,1.59
2007-07-02,106.77213287353516,15.399999618530272,1.5999999999999996
2007-07-03,107.15906524658205,14.920000076293944,1.6000000000000003
2007-07-04,107.15906524658205,14.920000076293944,1.6000000000000003
2007-07-05,107.0465316772461,15.479999542236328,1.58
2007-07-06,107.6092758178711,14.720000267028809,1.59
2007-07-09,107.69365692138672,15.15999984741211,1.58
2007-07-10,106.16018676757812,17.56999969482422,1.5999999999999996
2007-07-11,106.91290283203124,16.639999389648438,1.59
2007-07-12,108.6010284423828,15.539999961853027,1.59
2007-07-13,108.92463684082033,15.149999618530272,1.59
2007-07-16,108.91057586669922,15.59000015258789,1.58
2007-07-17,108.85430908203124,15.630000114440918,1.59
2007-07-18,108.65731811523438,16.0,1.58
2007-07-19,109.07937622070312,15.229999542236328,1.59
2007-07-20,107.97505950927734,16.950000762939453,1.6100000000000003
2007-07-23,108.3056411743164,16.809999465942383,1.6100000000000003
2007-07-24,106.42752075195312,18.549999237060547,1.6499999999999997
2007-07-25,106.6455307006836,18.100000381469727,1.6500000000000004
2007-07-26,104.1203155517578,20.739999771118164,1.83
2007-07-27,102.07331848144533,24.170000076293945,1.87
2007-07-30,103.67012786865234,20.8700008392334,1.88
2007-07-31,102.50243377685548,23.520000457763672,1.85
2007-08-01,103.00184631347656,23.670000076293945,1.8600000000000003
2007-08-02,103.82484436035156,21.21999931335449,1.83
2007-08-03,101.15184783935548,25.15999984741211,1.8600000000000003
2007-08-06,102.84707641601562,22.940000534057617,1.8900000000000008
2007-08-07,103.94439697265624,21.559999465942383,1.83
2007-08-08,105.39349365234376,21.450000762939453,1.87
2007-08-09,102.27027130126952,26.479999542236328,1.91
2007-08-10,101.79191589355467,28.299999237060547,1.8800000000000008
2007-08-13,102.15770721435548,26.56999969482422,1.91
2007-08-14,100.59611511230467,27.68000030517578,1.9499999999999995
2007-08-15,99.21038818359376,30.670000076293945,2.03
2007-08-16,99.95599365234376,30.82999992370605,2.0600000000000005
2007-08-17,101.79191589355467,29.989999771118164,2.0700000000000003
2007-08-20,101.7427215576172,26.32999992370605,2.08
2007-08-21,101.94671630859376,25.25,2.0900000000000007
2007-08-22,103.1565933227539,22.88999938964844,2.0700000000000003
2007-08-23,103.065185546875,22.6200008392334,2.04
2007-08-24,104.3383331298828,20.71999931335449,2.01
2007-08-27,103.36760711669922,22.71999931335449,2.0
2007-08-28,101.0956039428711,26.299999237060547,2.0699999999999994
2007-08-29,103.07923889160156,23.809999465942383,2.05
2007-08-30,102.80487823486328,25.059999465942383,2.0700000000000003
2007-08-31,103.81781768798828,23.3799991607666,2.05
2007-09-03,103.81781768798828,23.3799991607666,2.05
2007-09-04,104.8658676147461,22.780000686645508,2.04
2007-09-05,103.95849609375,24.57999992370605,2.06
2007-09-06,104.19769287109376,23.989999771118164,2.0600000000000005
2007-09-07,102.74861907958984,26.229999542236328,2.1000000000000005
2007-09-10,102.55165100097656,27.3799991607666,2.13
2007-09-11,103.7474594116211,25.270000457763672,2.1100000000000003
2007-09-12,104.01473999023438,24.959999084472656,2.13
2007-09-13,104.74630737304688,24.76000022888184,2.12
2007-09-14,104.73927307128906,24.920000076293945,2.12
2007-09-17,104.17655181884766,26.479999542236328,2.1
2007-09-18,107.2434539794922,20.350000381469727,2.1100000000000003
2007-09-19,107.87648010253906,20.030000686645508,2.1099999999999994
2007-09-20,107.11688995361328,20.450000762939453,2.04
2007-09-21,107.40592956542967,19.0,2.03
2007-09-24,107.20801544189452,19.3700008392334,2.0200000000000005
2007-09-25,106.9959716796875,18.600000381469727,2.0200000000000005
2007-09-26,107.5613784790039,17.6299991607666,2.03
2007-09-27,108.19749450683594,17.0,2.01
2007-09-28,107.83702850341795,18.0,2.0
2007-10-01,109.0526885986328,17.84000015258789,1.99
2007-10-02,108.90420532226562,18.489999771118164,2.0
2007-10-03,108.68511199951172,18.799999237060547,1.99
2007-10-04,108.85474395751952,18.440000534057617,1.97
2007-10-05,110.14813232421876,16.90999984741211,1.9399999999999995
2007-10-08,109.56153869628906,17.459999084472656,1.9399999999999995
2007-10-09,110.59333038330078,16.1200008392334,1.9000000000000004
2007-10-10,110.4096221923828,16.670000076293945,1.9099999999999997
2007-10-11,109.87952423095705,18.8799991607666,1.8999999999999997
2007-10-12,110.48741912841795,17.729999542236328,1.87
2007-10-15,109.5544662475586,19.25,1.88
2007-10-16,108.68511199951172,20.020000457763672,1.92
2007-10-17,109.01736450195312,18.540000915527344,1.91
2007-10-18,108.62151336669922,18.5,1.9400000000000004
2007-10-19,105.78036499023438,22.959999084472656,1.97
2007-10-22,106.39529418945312,21.63999938964844,1.96
2007-10-23,107.2574691772461,20.40999984741211,1.9799999999999995
2007-10-24,107.0595703125,20.799999237060547,1.9799999999999995
2007-10-25,107.31401824951172,21.170000076293945,1.99
2007-10-26,108.57205200195312,19.559999465942383,1.9799999999999995
2007-10-29,108.9324951171875,19.8700008392334,1.9800000000000004
2007-10-30,108.17634582519533,21.06999969482422,1.9899999999999995
2007-10-31,109.30001831054688,18.530000686645508,1.9899999999999995
2007-11-01,106.74159240722656,23.209999084472656,2.01
2007-11-02,106.86172485351562,23.01000022888184,2.04
2007-11-05,106.0489501953125,24.309999465942383,2.0200000000000005
2007-11-06,107.47655487060548,21.38999938964844,2.03
2007-11-07,104.53648376464844,26.489999771118164,2.1000000000000005
2007-11-08,104.00643157958984,26.15999984741211,2.16
2007-11-09,102.57878112792967,28.5,2.18
2007-11-12,101.56102752685548,31.09000015258789,2.18
2007-11-13,104.65663146972656,24.100000381469727,2.1800000000000006
2007-11-14,104.36687469482422,25.940000534057617,2.16
2007-11-15,102.8614730834961,28.059999465942383,2.22
2007-11-16,103.03815460205078,25.489999771118164,2.26
2007-11-19,101.60342407226562,26.01000022888184,2.3
2007-11-20,102.22539520263672,24.8799991607666,2.3500000000000005
2007-11-21,100.13341522216795,26.84000015258789,2.41
2007-11-22,100.13341522216795,26.84000015258789,2.41
2007-11-23,101.86495208740234,25.61000061035156,2.37
2007-11-26,99.61744689941406,28.90999984741211,2.4000000000000004
2007-11-27,100.76243591308594,26.280000686645508,2.41
2007-11-28,103.98517608642578,24.11000061035156,2.3999999999999995
2007-11-29,104.0205078125,23.96999931335449,2.4600000000000004
2007-11-30,105.06653594970705,22.8700008392334,2.47
2007-12-03,104.37389373779295,23.61000061035156,2.52
2007-12-04,103.44100189208984,23.790000915527344,2.53
2007-12-05,105.17253112792967,22.530000686645508,2.58
2007-12-06,106.677978515625,20.959999084472656,2.5900000000000007
2007-12-07,106.65672302246094,20.850000381469727,2.6100000000000003
2007-12-10,107.483642578125,20.739999771118164,2.59
2007-12-11,104.53648376464844,23.59000015258789,2.6300000000000003
2007-12-12,105.56832885742188,22.46999931335449,2.63
2007-12-13,105.34925842285156,22.559999465942383,2.58
2007-12-14,104.01346588134766,23.270000457763672,2.55
2007-12-17,102.52931213378906,24.520000457763672,2.55
2007-12-18,103.10175323486328,22.63999938964844,2.5200000000000005
2007-12-19,103.10175323486328,21.68000030517578,2.54
2007-12-20,103.75196838378906,20.57999992370605,2.51
2007-12-21,105.24758911132812,18.46999931335449,2.5
2007-12-24,106.02912902832033,18.600000381469727,2.4899999999999998
2007-12-25,106.02912902832033,18.600000381469727,2.4899999999999998
2007-12-26,106.25650024414062,18.65999984741211,2.49
2007-12-27,104.92076873779295,20.26000022888184,2.5200000000000005
2007-12-28,104.6579132080078,20.739999771118164,2.51
2007-12-31,103.88341522216795,22.5,2.52
2008-01-01,103.88341522216795,22.5,2.52
2008-01-02,102.97393798828124,23.170000076293945,2.54
2008-01-03,102.92424011230467,22.489999771118164,2.5700000000000003
2008-01-04,100.40192413330078,23.940000534057617,2.59
2008-01-07,100.31668090820312,23.790000915527344,2.6
2008-01-08,98.69671630859376,25.43000030517578,2.6300000000000003
2008-01-09,99.73405456542967,24.1200008392334,2.6700000000000004
2008-01-10,100.3877182006836,23.450000762939453,2.7299999999999995
2008-01-11,99.57776641845705,23.68000030517578,2.77
2008-01-14,100.38063049316406,22.899999618530277,2.76
2008-01-15,98.17092895507812,23.34000015258789,2.78
2008-01-16,97.32542419433594,24.3799991607666,2.77
2008-01-17,94.8031234741211,28.459999084472656,2.81
2008-01-18,93.82972717285156,27.18000030517578,2.87
2008-01-21,93.82972717285156,27.18000030517578,2.87
2008-01-22,92.87765502929688,31.01000022888184,2.98
2008-01-23,95.1086196899414,29.020000457763672,2.95
2008-01-24,95.9114990234375,27.780000686645508,2.95
2008-01-25,94.52604675292967,29.07999992370605,2.95
2008-01-28,96.08914184570312,27.780000686645508,2.97
2008-01-29,96.56520080566406,27.31999969482422,2.94
2008-01-30,95.85468292236328,27.6200008392334,2.94
2008-01-31,97.60252380371094,26.200000762939453,2.96
2008-02-01,99.17274475097656,24.020000457763672,2.9799999999999995
2008-02-04,97.92228698730467,25.989999771118164,2.98
2008-02-05,95.30048370361328,28.239999771118164,3.01
2008-02-06,94.53311920166016,28.96999931335449,3.0500000000000003
2008-02-07,95.15837097167967,27.65999984741211,3.06
2008-02-08,94.54737091064452,28.01000022888184,3.0900000000000003
2008-02-11,95.03050994873048,27.600000381469727,3.09
2008-02-12,95.9114990234375,26.32999992370605,3.1099999999999994
2008-02-13,96.89202880859376,24.8799991607666,3.1099999999999994
2008-02-14,96.0394287109375,25.540000915527344,3.1
2008-02-15,96.01808166503906,25.020000457763672,3.140000000000001
2008-02-18,96.01808166503906,25.020000457763672,3.140000000000001
2008-02-19,96.2880859375,25.59000015258789,3.07
2008-02-20,96.57228088378906,24.399999618530277,3.03
2008-02-21,95.76944732666016,25.1200008392334,3.1
2008-02-22,96.35912322998048,24.059999465942383,3.12
2008-02-25,97.5741195678711,23.030000686645508,3.08
2008-02-26,98.30594635009766,21.899999618530277,3.1000000000000005
2008-02-27,98.20642852783205,22.690000534057617,3.11
2008-02-28,97.24726104736328,23.530000686645508,3.17
2008-02-29,95.08023071289062,26.540000915527344,3.22
2008-03-03,94.85285949707033,26.280000686645508,3.22
2008-03-04,94.49048614501952,25.520000457763672,3.1900000000000004
2008-03-05,95.08731842041016,24.600000381469727,3.26
2008-03-06,93.1192398071289,27.549999237060547,3.35
2008-03-07,92.1600570678711,27.489999771118164,3.39
2008-03-10,90.945068359375,29.3799991607666,3.43
2008-03-11,94.21338653564452,26.36000061035156,3.39
2008-03-12,93.3323745727539,27.21999931335449,3.39
2008-03-13,93.53839111328124,27.290000915527344,3.39
2008-03-14,92.0889892578125,31.15999984741211,3.4200000000000004
2008-03-17,91.1582489013672,32.2400016784668,3.5
2008-03-18,94.9452133178711,25.790000915527344,3.39
2008-03-19,92.59344482421876,29.84000015258789,3.4400000000000004
2008-03-20,94.30851745605467,26.6200008392334,3.42
2008-03-21,94.30851745605467,26.6200008392334,3.42
2008-03-24,96.1935577392578,25.729999542236328,3.3400000000000003
2008-03-25,96.28638458251952,25.71999931335449,3.390000000000001
2008-03-26,95.10823822021484,26.07999992370605,3.41
2008-03-27,94.80834197998048,25.8799991607666,3.41
2008-03-28,93.90153503417967,25.709999084472656,3.47
2008-03-31,94.23001861572266,25.61000061035156,3.45
2008-04-01,97.54308319091795,22.68000030517578,3.43
2008-04-02,97.6072998046875,23.43000030517578,3.4
2008-04-03,97.85008239746094,23.209999084472656,3.3800000000000003
2008-04-04,97.74298858642578,22.450000762939453,3.4000000000000004
2008-04-07,97.79298400878906,22.420000076293945,3.370000000000001
2008-04-08,97.69300842285156,22.36000061035156,3.37
2008-04-09,96.98615264892578,22.809999465942383,3.38
2008-04-10,97.1217803955078,21.979999542236328,3.3500000000000005
2008-04-11,95.23674774169922,23.459999084472656,3.38
2008-04-14,94.91544342041016,23.81999969482422,3.39
2008-04-15,95.13679504394533,22.780000686645508,3.39
2008-04-16,97.71443176269533,20.530000686645508,3.39
2008-04-17,97.8572235107422,20.3700008392334,3.34
2008-04-18,98.8782958984375,20.1299991607666,3.26
2008-04-21,98.92828369140624,20.5,3.22
2008-04-22,98.49271392822266,20.8700008392334,3.21
2008-04-23,98.33563995361328,20.26000022888184,3.18
2008-04-24,98.76407623291016,20.059999465942383,3.13
2008-04-25,99.67801666259766,19.59000015258789,3.14
2008-04-28,99.6994171142578,19.63999938964844,3.11
2008-04-29,99.30674743652344,20.239999771118164,3.11
2008-04-30,98.7212142944336,20.790000915527344,3.1
2008-05-01,100.76336669921876,18.8799991607666,3.0400000000000005
2008-05-02,101.04180145263672,18.18000030517578,2.97
2008-05-05,100.55625915527344,18.899999618530277,3.01
2008-05-06,101.4273452758789,18.209999084472656,3.01
2008-05-07,99.62090301513672,19.729999542236328,3.05
2008-05-08,99.36383056640624,19.399999618530277,3.08
2008-05-09,99.1781997680664,19.40999984741211,3.07
2008-05-12,100.29212951660156,17.790000915527344,3.06
2008-05-13,100.30634307861328,17.979999542236328,3.0400000000000005
2008-05-14,100.51339721679688,17.65999984741211,3.0600000000000005
2008-05-15,101.77015686035156,16.299999237060547,3.08
2008-05-16,101.86297607421876,16.469999313354492,3.06
2008-05-19,102.1414031982422,17.010000228881836,3.0700000000000003
2008-05-20,101.3131332397461,17.579999923706055,3.0800000000000005
2008-05-21,99.59947967529295,18.59000015258789,3.08
2008-05-22,99.61373138427734,18.049999237060547,3.0600000000000005
2008-05-23,98.2785186767578,19.549999237060547,3.06
2008-05-26,98.2785186767578,19.549999237060547,3.06
2008-05-27,99.0068130493164,19.63999938964844,3.08
2008-05-28,99.46378326416016,19.06999969482422,3.03
2008-05-29,99.96360778808594,18.13999938964844,3.04
2008-05-30,100.21356201171876,17.829999923706055,3.0
2008-06-02,99.1781997680664,19.82999992370605,3.0500000000000003
2008-06-03,98.59984588623048,20.239999771118164,3.03
2008-06-04,98.54988098144533,20.799999237060547,3.04
2008-06-05,100.52056884765624,18.6299991607666,3.0100000000000007
2008-06-06,97.31462097167967,23.559999465942383,3.0400000000000005
2008-06-09,97.55020141601562,23.1200008392334,2.9400000000000004
2008-06-10,97.0646743774414,23.18000030517578,2.9399999999999995
2008-06-11,95.63660430908205,24.1200008392334,2.9700000000000006
2008-06-12,96.0007553100586,23.32999992370605,2.8999999999999995
2008-06-13,97.21463012695312,21.21999931335449,2.9000000000000004
2008-06-16,97.271728515625,20.950000762939453,2.92
2008-06-17,96.80048370361328,21.1299991607666,2.9399999999999995
2008-06-18,95.85796356201172,22.239999771118164,2.95
2008-06-19,95.97932434082033,21.57999992370605,2.92
2008-06-20,94.42144012451172,22.8700008392334,2.95
2008-06-23,94.32813262939452,22.63999938964844,2.93
2008-06-24,94.14158630371094,22.420000076293945,2.9800000000000004
2008-06-25,94.58654022216795,21.13999938964844,2.96
2008-06-26,92.01751708984376,23.93000030517578,3.0
2008-06-27,91.51521301269533,23.440000534057617,3.04
2008-06-30,91.83809661865234,23.950000762939453,3.05
2008-07-01,92.1251220703125,23.649999618530277,3.0600000000000005
2008-07-02,90.5464096069336,25.920000076293945,3.05
2008-07-03,90.63968658447266,24.780000686645508,3.08
2008-07-04,90.63968658447266,24.780000686645508,3.08
2008-07-07,89.71400451660156,25.780000686645508,3.1
2008-07-08,91.30707550048828,23.149999618530277,3.1099999999999994
2008-07-09,89.54895782470703,25.229999542236328,3.14
2008-07-10,89.91493225097656,25.59000015258789,3.17
2008-07-11,88.86725616455078,27.489999771118164,3.1500000000000004
2008-07-14,88.06352233886719,28.479999542236328,3.16
2008-07-15,86.82210540771484,28.540000915527344,3.22
2008-07-16,88.953369140625,25.100000381469727,3.24
2008-07-17,89.84317779541016,25.01000022888184,3.1999999999999997
2008-07-18,90.40288543701172,24.049999237060547,3.17
2008-07-21,90.453125,23.049999237060547,3.18
2008-07-22,91.47930145263672,21.18000030517578,3.13
2008-07-23,91.97447967529295,21.309999465942383,3.14
2008-07-24,90.06565856933594,23.440000534057617,3.1899999999999995
2008-07-25,90.04409790039062,22.90999984741211,3.17
2008-07-28,88.7237319946289,24.229999542236328,3.16
2008-07-29,90.61820220947266,22.030000686645508,3.13
2008-07-30,92.2327880859375,21.209999084472656,3.17
2008-07-31,91.01288604736328,22.940000534057617,3.22
2008-08-01,90.53209686279295,22.56999969482422,3.2099999999999995
2008-08-04,89.6925048828125,23.489999771118164,3.22
2008-08-05,92.11077880859376,21.13999938964844,3.2
2008-08-06,92.51980590820312,20.229999542236328,3.24
2008-08-07,91.1419906616211,21.149999618530277,3.25
2008-08-08,92.83551788330078,20.65999984741211,3.23
2008-08-11,93.79712677001952,20.1200008392334,3.24
2008-08-12,92.82117462158205,21.170000076293945,3.26
2008-08-13,92.2614974975586,21.549999237060547,3.2500000000000004
2008-08-14,92.95753479003906,20.34000015258789,3.26
2008-08-15,93.4096221923828,19.57999992370605,3.2700000000000005
2008-08-18,92.13231658935548,20.979999542236328,3.26
2008-08-19,91.12770080566406,21.280000686645508,3.28
2008-08-20,91.55104064941406,20.420000076293945,3.31
2008-08-21,91.70893096923828,19.81999969482422,3.28
2008-08-22,93.0364990234375,18.809999465942383,3.27
2008-08-25,91.1492156982422,20.96999931335449,3.3
2008-08-26,91.4146957397461,20.489999771118164,3.31
2008-08-27,92.30455780029295,19.76000022888184,3.3000000000000003
2008-08-28,93.42399597167967,19.43000030517578,3.29
2008-08-29,92.4193344116211,20.649999618530277,3.29
2008-09-01,92.4193344116211,20.649999618530277,3.29
2008-09-02,91.84530639648438,21.989999771118164,3.33
2008-09-03,91.766357421875,21.43000030517578,3.3200000000000003
2008-09-04,89.00360107421875,24.030000686645508,3.37
2008-09-05,89.283447265625,23.059999465942383,3.37
2008-09-08,91.12770080566406,22.63999938964844,3.37
2008-09-09,88.42234802246094,25.46999931335449,3.35
2008-09-10,88.7811279296875,24.520000457763672,3.37
2008-09-11,90.06565856933594,24.38999938964844,3.41
2008-09-12,90.48181915283205,25.65999984741211,3.43
2008-09-15,86.17623138427734,31.700000762939453,3.66
2008-09-16,87.6186294555664,30.299999237060547,3.68
2008-09-17,83.67900848388672,36.220001220703125,3.84
2008-09-18,86.16189575195312,33.099998474121094,3.79
2008-09-19,89.58370971679688,32.06999969482422,3.77
2008-09-22,87.55561065673828,33.849998474121094,3.78
2008-09-23,85.56355285644531,35.720001220703125,3.77
2008-09-24,85.83784484863281,35.189998626708984,3.78
2008-09-25,87.1802749633789,32.81999969482422,3.86
2008-09-26,87.2236099243164,34.7400016784668,3.88
2008-09-29,80.38861083984375,46.720001220703125,4.01
2008-09-30,83.71588134765625,39.38999938964844,4.0
2008-10-01,83.76640319824219,39.810001373291016,4.1
2008-10-02,80.72783660888672,45.2599983215332,4.31
2008-10-03,79.63798522949219,45.13999938964844,4.3500000000000005
2008-10-06,75.58174133300781,52.04999923706055,4.43
2008-10-07,72.19672393798828,53.68000030517578,4.550000000000001
2008-10-08,70.37794494628906,57.52999877929688,4.49
2008-10-09,65.46282196044922,63.91999816894531,4.48
2008-10-10,63.87497329711914,69.94999694824219,4.859999999999999
2008-10-13,73.14944458007812,54.9900016784668,4.859999999999999
2008-10-14,72.06684112548828,55.130001068115234,4.779999999999999
2008-10-15,64.97203063964844,69.25,4.94
2008-10-16,67.67857360839844,67.61000061035156,5.09
2008-10-17,67.27440643310547,70.33000183105469,5.449999999999999
2008-10-20,71.31620788574219,52.970001220703125,5.52
2008-10-21,69.18704986572266,53.11000061035156,5.6
2008-10-22,65.41950988769531,69.6500015258789,5.6
2008-10-23,66.17731475830078,67.80000305175781,5.48
2008-10-24,62.82120513916016,79.12999725341797,5.540000000000001
2008-10-27,60.59095764160156,80.05999755859375,5.6000000000000005
2008-10-28,67.67138671875,66.95999908447266,5.59
2008-10-29,67.18058013916016,69.95999908447266,5.58
2008-10-30,69.50460815429688,62.900001525878906,5.52
2008-10-31,69.88716125488281,59.88999938964844,5.529999999999999
2008-11-03,70.08924102783203,53.68000030517578,5.53
2008-11-04,72.47099304199219,47.72999954223633,5.559999999999999
2008-11-05,69.42522430419922,54.560001373291016,5.529999999999999
2008-11-06,65.57830047607422,63.68000030517578,5.5
2008-11-07,67.74356842041016,56.09999847412109,5.449999999999999
2008-11-10,66.85578918457031,59.97999954223633,5.4
2008-11-11,64.79154205322266,61.43999862670898,5.4
2008-11-12,61.94068145751953,66.45999908447266,5.41
2008-11-13,65.80204010009766,59.83000183105469,5.540000000000001
2008-11-14,62.518062591552734,66.30999755859375,5.559999999999999
2008-11-17,61.68807220458984,69.1500015258789,5.58
2008-11-18,62.85003662109375,67.63999938964844,5.710000000000001
2008-11-19,58.82267379760742,74.26000213623047,5.73
2008-11-20,54.45610427856445,80.86000061035156,5.92
2008-11-21,57.39362716674805,72.66999816894531,5.88
2008-11-24,61.37046813964844,64.69999694824219,5.860000000000001
2008-11-25,61.825172424316406,60.900001525878906,6.01
2008-11-26,64.21417236328125,54.91999816894531,6.0600000000000005
2008-11-27,64.21417236328125,54.91999816894531,6.0600000000000005
2008-11-28,65.02253723144531,55.27999877929688,6.1
2008-12-01,59.262969970703125,68.51000213623047,6.119999999999999
2008-12-02,61.5437126159668,62.97999954223633,6.109999999999999
2008-12-03,63.023284912109375,60.720001220703125,6.130000000000001
2008-12-04,61.56536102294922,63.63999938964844,6.160000000000001
2008-12-05,63.46358489990234,59.93000030517578,6.07
2008-12-08,65.6793212890625,58.4900016784668,6.02
2008-12-09,64.59669494628906,58.90999984741211,6.0600000000000005
2008-12-10,65.03694915771484,55.72999954223633,6.01
2008-12-11,63.47078704833984,55.77999877929688,6.07
2008-12-12,64.22863006591797,54.27999877929688,6.08
2008-12-15,63.33365249633789,56.7599983215332,6.100000000000001
2008-12-16,66.31444549560547,52.369998931884766,6.11
2008-12-17,65.67211151123047,49.84000015258789,6.0200000000000005
2008-12-18,64.44513702392578,47.34000015258789,6.029999999999999
2008-12-19,64.1679458618164,44.93000030517578,5.94
2008-12-22,63.345699310302734,44.560001373291016,5.93
2008-12-23,62.690879821777344,45.02000045776367,5.94
2008-12-24,63.054683685302734,44.209999084472656,5.9
2008-12-25,63.054683685302734,44.209999084472656,5.9
2008-12-26,63.41850662231445,43.380001068115234,5.9
2008-12-29,63.2365837097168,43.900001525878906,5.920000000000001
2008-12-30,64.7354507446289,41.630001068115234,5.859999999999999
2008-12-31,65.65951538085938,40.0,5.82
2009-01-01,65.65951538085938,40.0,5.82
2009-01-02,67.63860321044922,39.18999862670898,5.72
2009-01-05,67.55858612060547,39.08000183105469,5.82
2009-01-06,68.0096664428711,38.560001373291016,5.77
2009-01-07,65.97240447998047,43.38999938964844,5.710000000000001
2009-01-08,66.24160766601562,42.560001373291016,5.709999999999999
2009-01-09,64.82274627685547,42.81999969482422,5.720000000000001
2009-01-12,63.26567459106445,45.84000015258789,5.710000000000001
2009-01-13,63.382080078125,43.27000045776367,5.720000000000001
2009-01-14,61.38845443725586,49.13999938964844,5.68
2009-01-15,61.410301208496094,51.0,5.68
2009-01-16,61.89048004150391,46.11000061035156,5.550000000000001
2009-01-19,61.89048004150391,46.11000061035156,5.550000000000001
2009-01-20,58.62353515625,56.650001525878906,5.550000000000001
2009-01-21,61.15563201904297,46.41999816894531,5.58
2009-01-22,60.20968627929688,47.290000915527344,5.62
2009-01-23,60.47166061401367,47.27000045776367,5.629999999999999
2009-01-26,60.88639450073242,45.68999862670898,5.6000000000000005
2009-01-27,61.50483703613281,42.25,5.470000000000001
2009-01-28,63.58583068847656,39.65999984741211,5.489999999999999
2009-01-29,61.5194206237793,42.630001068115234,5.409999999999999
2009-01-30,60.26791763305664,44.84000015258789,5.38
2009-02-02,60.086029052734375,45.52000045776367,5.33
2009-02-03,60.93007659912109,43.060001373291016,5.32
2009-02-04,60.63171005249024,43.84999847412109,5.29
2009-02-05,61.53395462036133,43.72999954223633,5.23
2009-02-06,63.2874870300293,43.369998931884766,5.13
2009-02-09,63.37482452392578,43.63999938964844,5.09
2009-02-10,60.47166061401367,46.66999816894531,5.08
2009-02-11,60.82818222045898,44.52999877929688,5.1
2009-02-12,60.87184524536133,41.25,5.16
2009-02-13,60.21698760986328,42.93000030517578,5.24
2009-02-16,60.21698760986328,42.93000030517578,5.24
2009-02-17,57.64126586914063,48.65999984741211,5.279999999999999
2009-02-18,57.50301742553711,48.459999084472656,5.21
2009-02-19,56.88457107543945,47.08000183105469,5.27
2009-02-20,56.33156967163086,49.29999923706055,5.25
2009-02-23,54.31607818603516,52.619998931884766,5.24
2009-02-24,56.37520599365234,45.4900016784668,5.23
2009-02-25,55.93138122558594,44.66999816894531,5.180000000000001
2009-02-26,55.02184677124024,44.65999984741211,5.23
2009-02-27,53.79221725463867,46.34999847412109,5.220000000000001
2009-03-02,51.3692512512207,52.650001525878906,5.289999999999999
2009-03-03,50.98363494873047,50.93000030517578,5.34
2009-03-04,52.19145584106445,47.560001373291016,5.3100000000000005
2009-03-05,50.05957794189453,50.16999816894531,5.34
2009-03-06,50.14687728881836,49.33000183105469,5.35
2009-03-09,49.55750274658203,49.68000030517578,5.399999999999999
2009-03-10,52.5115966796875,44.369998931884766,5.449999999999999
2009-03-11,52.85359573364258,43.61000061035156,5.45
2009-03-12,54.93455505371094,41.18000030517578,5.52
2009-03-13,55.36382675170898,42.36000061035156,5.559999999999999
2009-03-16,55.19649887084961,43.7400016784668,5.569999999999999
2009-03-17,56.88457107543945,40.79999923706055,5.6
2009-03-18,58.15784454345703,40.060001373291016,5.880000000000001
2009-03-19,57.43751907348633,43.68000030517578,5.84
2009-03-20,56.21442794799805,45.88999938964844,5.859999999999999
2009-03-23,60.25230026245117,43.22999954223633,5.880000000000001
2009-03-24,59.06509780883789,42.93000030517578,5.800000000000001
2009-03-25,59.6879997253418,42.25,5.789999999999999
2009-03-26,60.90448760986328,40.36000061035156,5.76
2009-03-27,59.80523300170898,41.040000915527344,5.720000000000001
2009-03-30,57.73868560791016,45.540000915527344,5.75
2009-03-31,58.27366256713867,44.13999938964844,5.739999999999999
2009-04-01,59.4022102355957,42.27999877929688,5.700000000000001
2009-04-02,61.13899612426758,42.040000915527344,5.690000000000001
2009-04-03,61.74722290039063,39.70000076293945,5.68
2009-04-06,61.26356887817383,40.93000030517578,5.680000000000001
2009-04-07,59.83456039428711,40.38999938964844,5.67
2009-04-08,60.47946166992188,38.84999847412109,5.640000000000001
2009-04-09,62.88307571411133,36.52999877929688,5.61
2009-04-10,62.88307571411133,36.52999877929688,5.61
2009-04-13,62.89777755737305,37.810001373291016,5.6000000000000005
2009-04-14,61.81320190429688,37.66999816894531,5.6000000000000005
2009-04-15,62.47271347045898,36.16999816894531,5.529999999999999
2009-04-16,63.38874435424805,35.790000915527344,5.520000000000001
2009-04-17,63.813751220703125,33.939998626708984,5.43
2009-04-20,61.13899612426758,39.18000030517578,5.3500000000000005
2009-04-21,62.33346939086914,37.13999938964844,5.300000000000001
2009-04-22,61.952430725097656,38.09999847412109,5.33
2009-04-23,62.5606689453125,37.150001525878906,5.3
2009-04-24,63.5059814453125,36.81999969482422,5.25
2009-04-27,62.905067443847656,38.31999969482422,5.3
2009-04-28,62.70718383789063,37.95000076293945,5.239999999999999
2009-04-29,64.04096221923828,36.08000183105469,5.169999999999999
2009-04-30,64.06291961669922,36.5,5.08
2009-05-01,64.4073486328125,35.29999923706055,5.010000000000001
2009-05-04,66.59848022460938,34.529998779296875,4.98
2009-05-05,66.37130737304688,33.36000061035156,4.930000000000001
2009-05-06,67.52181243896484,32.45000076293945,4.91
2009-05-07,66.58383178710938,33.439998626708984,4.9
2009-05-08,68.13742065429688,32.04999923706055,4.8500000000000005
2009-05-11,66.86231231689453,32.869998931884766,4.880000000000001
2009-05-12,66.66444396972656,31.799999237060547,4.859999999999999
2009-05-13,64.9863052368164,33.650001525878906,4.859999999999999
2009-05-14,65.54322814941406,31.3700008392334,4.869999999999999
2009-05-15,65.0082778930664,33.119998931884766,4.85
2009-05-18,66.85494995117188,30.239999771118164,4.85
2009-05-19,66.77436828613281,28.799999237060547,4.789999999999999
2009-05-20,66.32733917236328,29.030000686645508,4.74
2009-05-21,65.37468719482422,31.350000381469727,4.700000000000001
2009-05-22,65.23542022705078,32.630001068115234,4.659999999999999
2009-05-25,65.23542022705078,32.630001068115234,4.659999999999999
2009-05-26,66.90628814697266,30.6200008392334,4.619999999999999
2009-05-27,65.71177673339844,32.36000061035156,4.48
2009-05-28,66.6278076171875,31.670000076293945,4.380000000000001
2009-05-29,67.80762481689453,28.920000076293945,4.289999999999999
2009-06-01,69.4491195678711,30.040000915527344,4.26
2009-06-02,69.50779724121094,29.6299991607666,4.140000000000001
2009-06-03,68.62837982177734,31.020000457763672,4.1
2009-06-04,69.27326965332031,30.18000030517578,4.049999999999999
2009-06-05,69.28793334960938,29.6200008392334,3.95
2009-06-08,69.00214385986328,29.770000457763672,3.81
2009-06-09,69.3538818359375,28.270000457763672,3.85
2009-06-10,69.17803192138672,28.459999084472656,3.77
2009-06-11,69.48580932617188,28.11000061035156,3.79
2009-06-12,69.67632293701172,28.149999618530277,3.79
2009-06-15,68.07879638671875,30.809999465942383,3.76
2009-06-16,67.1554183959961,32.68000030517578,3.74
2009-06-17,67.08946228027344,31.540000915527344,3.67
2009-06-18,67.58045196533203,30.030000686645508,3.61
2009-06-19,67.82954406738281,27.989999771118164,3.54
2009-06-22,65.79556274414062,31.170000076293945,3.51
2009-06-23,65.84712982177734,30.57999992370605,3.53
2009-06-24,66.4145736694336,29.049999237060547,3.52
2009-06-25,67.85903930664062,26.36000061035156,3.640000000000001
2009-06-26,67.68215942382812,25.93000030517578,3.65
2009-06-29,68.3159408569336,25.350000381469727,3.69
2009-06-30,67.76324462890625,26.350000381469727,3.64
2009-07-01,68.04326629638672,26.21999931335449,3.65
2009-07-02,66.18611907958984,27.950000762939453,3.63
2009-07-03,66.18611907958984,27.950000762939453,3.63
2009-07-06,66.17878723144531,29.0,3.66
2009-07-07,64.89644622802734,30.850000381469727,3.66
2009-07-08,64.8521957397461,31.299999237060547,3.66
2009-07-09,64.9775161743164,29.780000686645508,3.71
2009-07-10,64.82275390625,29.020000457763672,3.71
2009-07-13,66.39986419677734,26.309999465942383,3.7
2009-07-14,66.77568817138672,25.020000457763672,3.68
2009-07-15,68.72864532470703,25.88999938964844,3.63
2009-07-16,68.6180648803711,25.420000076293945,3.6000000000000005
2009-07-17,69.36978912353516,24.34000015258789,3.5600000000000005
2009-07-20,70.10675048828125,24.399999618530277,3.5500000000000003
2009-07-21,70.43099975585938,23.8700008392334,3.55
2009-07-22,70.41629791259766,23.46999931335449,3.53
2009-07-23,71.97127532958984,23.43000030517578,3.48
2009-07-24,72.26602172851562,23.09000015258789,3.41
2009-07-27,72.47977447509766,24.280000686645508,3.4000000000000004
2009-07-28,72.1407470703125,25.01000022888184,3.32
2009-07-29,71.96388244628906,25.61000061035156,3.23
2009-07-30,72.71556854248047,25.399999618530277,3.13
2009-07-31,72.81877136230469,25.920000076293945,3.11
2009-08-03,74.0199966430664,25.559999465942383,3.04
2009-08-04,74.21159362792969,24.88999938964844,2.99
2009-08-05,73.99788665771484,24.899999618530277,2.95
2009-08-06,73.61469268798828,25.670000076293945,2.9000000000000004
2009-08-07,74.58009338378906,24.76000022888184,2.85
2009-08-10,74.4253158569336,24.989999771118164,2.8500000000000005
2009-08-11,73.49675750732422,25.989999771118164,2.88
2009-08-12,74.28530883789062,25.450000762939453,2.97
2009-08-13,74.85276794433594,24.709999084472656,2.99
2009-08-14,74.27793884277344,24.270000457763672,3.0200000000000005
2009-08-17,72.4502944946289,27.88999938964844,3.08
2009-08-18,73.02510070800781,26.18000030517578,3.0700000000000003
2009-08-19,73.6662368774414,26.26000022888184,3.1
2009-08-20,74.4253158569336,25.09000015258789,3.09
2009-08-21,75.88448333740234,25.01000022888184,3.06
2009-08-24,75.87711334228516,25.13999938964844,3.0500000000000003
2009-08-25,76.0245361328125,24.920000076293945,3.01
2009-08-26,76.03189086914062,24.950000762939453,2.98
2009-08-27,76.20138549804688,24.68000030517578,2.9599999999999995
2009-08-28,76.1866683959961,24.76000022888184,2.95
2009-08-31,75.50865936279297,26.01000022888184,2.98
2009-09-01,73.84310913085938,29.149999618530277,3.01
2009-09-02,73.56307983398438,28.899999618530277,2.99
2009-09-03,74.17475891113281,27.100000381469727,3.0
2009-09-04,75.21388244628906,25.26000022888184,3.0
2009-09-07,75.21388244628906,25.26000022888184,3.0
2009-09-08,75.86238861083984,25.6200008392334,2.98
2009-09-09,76.44456481933594,24.31999969482422,3.01
2009-09-10,77.22574615478516,23.549999237060547,2.9600000000000004
2009-09-11,77.2110366821289,24.149999618530277,2.97
2009-09-14,77.58686065673828,23.86000061035156,2.9400000000000004
2009-09-15,77.9111099243164,23.420000076293945,2.93
2009-09-16,79.09025573730469,23.690000534057617,2.91
2009-09-17,78.97237396240234,23.649999618530277,2.87
2009-09-18,79.02271270751953,23.920000076293945,2.85
2009-09-21,78.82274627685547,24.059999465942383,2.8599999999999994
2009-09-22,79.2818603515625,23.07999992370605,2.84
2009-09-23,78.62283325195312,23.489999771118164,2.8400000000000003
2009-09-24,77.75648498535156,24.950000762939453,2.86
2009-09-25,77.34184265136719,25.61000061035156,2.83
2009-09-28,78.72650146484375,24.8799991607666,2.81
2009-09-29,78.48954772949219,25.190000534057617,2.81
2009-09-30,78.18597412109375,25.61000061035156,2.86
2009-10-01,76.24593353271484,28.270000457763672,2.9000000000000004
2009-10-02,75.8905029296875,28.68000030517578,2.93
2009-10-05,77.0234603881836,26.84000015258789,2.95
2009-10-06,78.12674713134766,25.700000762939453,2.94
2009-10-07,78.34146118164062,24.68000030517578,2.92
2009-10-08,78.94123077392578,24.18000030517578,2.9600000000000004
2009-10-09,79.42253875732422,23.1200008392334,2.9600000000000004
2009-10-12,79.7335433959961,23.01000022888184,2.9600000000000004
2009-10-13,79.57061767578125,22.989999771118164,2.95
2009-10-14,80.94051361083984,22.86000061035156,2.96
2009-10-15,81.2366943359375,21.71999931335449,2.96
2009-10-16,80.62952423095703,21.43000030517578,2.93
2009-10-19,81.29594421386719,21.489999771118164,2.91
2009-10-20,80.86648559570312,20.899999618530277,2.91
2009-10-21,80.14080047607422,22.21999931335449,2.89
2009-10-22,80.95532989501953,20.690000534057617,2.8800000000000003
2009-10-23,80.02973175048828,22.270000457763672,2.8
2009-10-26,79.16339874267578,24.309999465942383,2.83
2009-10-27,78.8005599975586,24.82999992370605,2.84
2009-10-28,77.31221008300781,27.90999984741211,2.85
2009-10-29,78.97085571289062,24.76000022888184,2.86
2009-10-30,76.68280792236328,30.690000534057617,2.8599999999999994
2009-11-02,77.24557495117188,29.780000686645508,2.85
2009-11-03,77.48995971679688,28.809999465942383,2.87
2009-11-04,77.68984985351562,27.71999931335449,2.89
2009-11-05,79.11897277832031,25.43000030517578,2.86
2009-11-06,79.32630157470703,24.190000534057617,2.8600000000000003
2009-11-09,81.13301086425781,23.149999618530277,2.89
2009-11-10,81.14783477783203,22.84000015258789,2.92
2009-11-11,81.56248474121094,23.040000915527344,2.92
2009-11-12,80.73320770263672,24.239999771118164,2.9399999999999995
2009-11-13,81.17008209228516,23.36000061035156,2.93
2009-11-16,82.34738159179688,22.88999938964844,2.92
2009-11-17,82.44364929199219,22.40999984741211,2.92
2009-11-18,82.39183807373047,21.6299991607666,2.94
2009-11-19,81.31816101074219,22.6299991607666,2.9199999999999995
2009-11-20,81.02937316894531,22.190000534057617,2.93
2009-11-23,82.05863952636719,21.15999984741211,2.92
2009-11-24,82.18447875976562,20.46999931335449,2.93
2009-11-25,82.47328186035156,20.479999542236328,2.9500000000000006
2009-11-26,82.47328186035156,20.479999542236328,2.9500000000000006
2009-11-27,81.13301086425781,24.739999771118164,2.99
2009-11-30,81.40703582763672,24.51000022888184,2.99
2009-12-01,82.41405487060547,21.920000076293945,3.0000000000000004
2009-12-02,82.37699890136719,21.1200008392334,2.95
2009-12-03,81.73284912109375,22.459999084472656,2.93
2009-12-04,82.19929504394531,21.25,2.91
2009-12-07,82.07344818115234,22.100000381469727,2.93
2009-12-08,81.16266632080078,23.690000534057617,2.9200000000000004
2009-12-09,81.46623992919922,22.65999984741211,2.89
2009-12-10,81.92532348632812,22.31999969482422,2.93
2009-12-11,82.27330780029297,21.59000015258789,2.8600000000000003
2009-12-14,82.83612823486328,21.149999618530277,2.79
2009-12-15,82.45106506347656,21.489999771118164,2.8000000000000003
2009-12-16,82.57695770263672,20.540000915527344,2.77
2009-12-17,81.5846939086914,22.51000022888184,2.75
2009-12-18,82.04625701904297,21.68000030517578,2.7300000000000004
2009-12-21,82.88005828857422,20.489999771118164,2.69
2009-12-22,83.17786407470703,19.540000915527344,2.6500000000000004
2009-12-23,83.3416519165039,19.709999084472656,2.6300000000000003
2009-12-24,83.7361831665039,19.46999931335449,2.65
2009-12-25,83.7361831665039,19.46999931335449,2.65
2009-12-28,83.91484832763672,19.93000030517578,2.64
2009-12-29,83.7957534790039,20.01000022888184,2.5900000000000003
2009-12-30,83.7659683227539,19.959999084472656,2.5600000000000005
2009-12-31,82.96195983886719,21.68000030517578,2.54
2010-01-01,82.96195983886719,21.68000030517578,2.54
2010-01-04,84.36897277832031,20.040000915527344,2.54
2010-01-05,84.59233093261719,19.350000381469727,2.53
2010-01-06,84.65187072753906,19.15999984741211,2.49
2010-01-07,85.0091781616211,19.059999465942383,2.48
2010-01-08,85.29209899902344,18.1299991607666,2.49
2010-01-11,85.41119384765625,17.549999237060547,2.47
2010-01-12,84.61465454101562,18.25,2.4799999999999995
2010-01-13,85.32930755615234,17.850000381469727,2.5
2010-01-14,85.56012725830078,17.6299991607666,2.46
2010-01-15,84.59976196289062,17.90999984741211,2.4799999999999995
2010-01-18,84.59976196289062,17.90999984741211,2.4799999999999995
2010-01-19,85.6568603515625,17.579999923706055,2.48
2010-01-20,84.78585815429688,18.68000030517578,2.48
2010-01-21,83.155517578125,22.270000457763672,2.51
2010-01-22,81.30184173583984,27.309999465942383,2.53
2010-01-25,81.71873474121094,25.40999984741211,2.56
2010-01-26,81.3762435913086,24.549999237060547,2.5900000000000003
2010-01-27,81.76337432861328,23.13999938964844,2.5700000000000003
2010-01-28,80.82535552978516,23.729999542236328,2.57
2010-01-29,79.94690704345703,24.6200008392334,2.5700000000000003
2010-02-01,81.19014739990234,22.59000015258789,2.57
2010-02-02,82.17288208007812,21.479999542236328,2.5600000000000005
2010-02-03,81.76337432861328,21.600000381469727,2.58
2010-02-04,79.23969268798828,26.07999992370605,2.62
2010-02-05,79.40342712402344,26.11000061035156,2.62
2010-02-08,78.83023834228516,26.51000022888184,2.64
2010-02-09,79.82038116455078,26.0,2.6500000000000004
2010-02-10,79.66402435302734,25.399999618530277,2.66
2010-02-11,80.49783325195312,23.959999084472656,2.7
2010-02-12,80.43083953857422,22.729999542236328,2.72
2010-02-15,80.43083953857422,22.729999542236328,2.72
2010-02-16,81.69636535644531,22.25,2.7299999999999995
2010-02-17,82.08348846435547,21.71999931335449,2.7299999999999995
2010-02-18,82.56737518310547,20.6299991607666,2.72
2010-02-19,82.73863983154297,20.020000457763672,2.65
2010-02-22,82.75348663330078,19.940000534057617,2.6500000000000004
2010-02-23,81.74848937988281,21.3700008392334,2.65
2010-02-24,82.50039672851562,20.270000457763672,2.6499999999999995
2010-02-25,82.38871765136719,20.100000381469727,2.64
2010-02-26,82.4408187866211,19.5,2.620000000000001
2010-03-01,83.29695129394531,19.26000022888184,2.65
2010-03-02,83.52777099609375,19.059999465942383,2.64
2010-03-03,83.6021728515625,18.82999992370605,2.63
2010-03-04,83.85530090332031,18.71999931335449,2.620000000000001
2010-03-05,85.05387115478516,17.420000076293945,2.61
2010-03-08,85.06875610351562,17.790000915527344,2.5899999999999994
2010-03-09,85.21019744873047,17.920000076293945,2.6100000000000003
2010-03-10,85.5898666381836,18.56999969482422,2.5900000000000003
2010-03-11,85.94722747802734,18.059999465942383,2.56
2010-03-12,85.95465087890625,17.579999923706055,2.55
2010-03-15,85.97698211669922,18.0,2.56
2010-03-16,86.66191101074219,17.690000534057617,2.55
2010-03-17,87.17558288574219,16.90999984741211,2.53
2010-03-18,87.13088989257812,16.6200008392334,2.52
2010-03-19,86.68987274169922,16.969999313354492,2.49
2010-03-22,87.15335845947266,16.8700008392334,2.5
2010-03-23,87.76630401611328,16.350000381469727,2.51
2010-03-24,87.3402099609375,17.549999237060547,2.4800000000000004
2010-03-25,87.19815063476562,18.399999618530277,2.47
2010-03-26,87.14586639404297,17.770000457763672,2.49
2010-03-29,87.69902801513672,17.59000015258789,2.49
2010-03-30,87.75881958007812,17.1299991607666,2.4800000000000004
2010-03-31,87.4598159790039,17.59000015258789,2.47
2010-04-01,88.05780792236328,17.469999313354492,2.44
2010-04-02,88.05780792236328,17.469999313354492,2.4400000000000004
2010-04-05,88.77544403076172,17.020000457763672,2.4300000000000006
2010-04-06,88.98475646972656,16.229999542236328,2.4600000000000004
2010-04-07,88.4764175415039,16.6200008392334,2.44
2010-04-08,88.78288269042969,16.479999542236328,2.43
2010-04-09,89.36598205566406,16.139999389648438,2.43
2010-04-12,89.50799560546875,15.579999923706056,2.3999999999999995
2010-04-13,89.57528686523438,16.200000762939453,2.4000000000000004
2010-04-14,90.59191131591795,15.59000015258789,2.4000000000000004
2010-04-15,90.66667938232422,15.890000343322754,2.4200000000000004
2010-04-16,89.22396087646484,18.36000061035156,2.43
2010-04-19,89.56033325195312,17.34000015258789,2.42
2010-04-20,90.36019134521484,15.729999542236328,2.4
2010-04-21,90.19573211669922,16.31999969482422,2.3800000000000003
2010-04-22,90.46485137939452,16.469999313354492,2.38
2010-04-23,91.05535888671876,16.6200008392334,2.37
2010-04-26,90.71150970458984,17.469999313354492,2.38
2010-04-27,88.56614685058594,22.809999465942383,2.39
2010-04-28,89.2388916015625,21.07999992370605,2.38
2010-04-29,90.3452377319336,18.440000534057617,2.37
2010-04-30,88.81282806396484,22.049999237060547,2.3800000000000003
2010-05-03,89.96400451660156,20.190000534057617,2.37
2010-05-04,87.84850311279297,23.84000015258789,2.38
2010-05-05,87.32526397705078,24.90999984741211,2.4000000000000004
2010-05-06,84.42488098144531,32.79999923706055,2.41
2010-05-07,83.16907501220703,40.95000076293945,2.55
2010-05-10,86.8318862915039,28.84000015258789,2.53
2010-05-11,86.585205078125,28.31999969482422,2.58
2010-05-12,87.79619598388672,25.520000457763672,2.61
2010-05-13,86.7048110961914,26.68000030517578,2.6000000000000005
2010-05-14,85.13497924804688,31.239999771118164,2.5900000000000003
2010-05-17,85.17986297607422,30.84000015258789,2.5899999999999994
2010-05-18,84.02124786376953,33.54999923706055,2.6100000000000003
2010-05-19,83.5428237915039,35.31999969482422,2.65
2010-05-20,80.38827514648438,45.790000915527344,2.74
2010-05-21,81.56187438964844,40.09999847412109,2.76
2010-05-24,80.51537322998047,38.31999969482422,2.79
2010-05-25,80.59759521484375,34.61000061035156,2.81
2010-05-26,80.1117172241211,35.02000045776367,2.87
2010-05-27,82.79528045654297,29.68000030517578,2.890000000000001
2010-05-28,81.7562484741211,32.06999969482422,2.89
2010-05-31,81.7562484741211,32.06999969482422,2.89
2010-06-01,80.38081359863281,35.540000915527344,2.92
2010-06-02,82.47383880615234,30.170000076293945,2.91
2010-06-03,82.75790405273438,29.459999084472656,2.9199999999999995
2010-06-04,79.85005187988281,35.47999954223633,2.95
2010-06-07,78.85584259033203,36.56999969482422,3.0
2010-06-08,79.70056915283203,33.70000076293945,2.99
2010-06-09,79.27449035644531,33.72999954223633,3.0
2010-06-10,81.59178161621094,30.56999969482422,3.01
2010-06-11,81.98796844482422,28.790000915527344,3.04
2010-06-14,81.86088562011719,28.57999992370605,3.06
2010-06-15,83.72221374511719,25.8700008392334,3.0500000000000003
2010-06-16,83.69231414794922,25.920000076293945,3.07
2010-06-17,83.82686614990234,25.049999237060547,3.04
2010-06-18,83.917724609375,23.950000762939453,3.04
2010-06-21,83.67742156982422,24.8799991607666,3.0200000000000005
2010-06-22,82.29540252685547,27.049999237060547,3.04
2010-06-23,82.04007720947266,26.90999984741211,3.05
2010-06-24,80.6805648803711,29.739999771118164,3.08
2010-06-25,81.01858520507812,28.530000686645508,3.09
2010-06-28,80.76322174072266,29.0,3.1000000000000005
2010-06-29,78.26968383789062,34.130001068115234,3.12
2010-06-30,77.52608489990234,34.540000915527344,3.08
2010-07-01,77.18058013916016,32.86000061035156,3.0200000000000005
2010-07-02,76.76000213623047,30.1200008392334,3.04
2010-07-05,76.76000213623047,30.1200008392334,3.04
2010-07-06,77.26319885253906,29.649999618530277,3.05
2010-07-07,79.69669342041016,26.84000015258789,3.08
2010-07-08,80.48529815673828,25.709999084472656,3.0700000000000003
2010-07-09,81.08621215820312,24.979999542236328,3.07
2010-07-12,81.13878631591797,24.43000030517578,3.05
2010-07-13,82.36302185058594,24.559999465942383,3.03
2010-07-14,82.3554916381836,24.88999938964844,3.02
2010-07-15,82.37804412841797,25.13999938964844,3.02
2010-07-16,80.10977935791016,26.25,3.04
2010-07-19,80.58296203613281,25.96999931335449,3.04
2010-07-20,81.47673797607422,23.93000030517578,2.99
2010-07-21,80.41771697998047,25.63999938964844,2.98
2010-07-22,82.21278381347656,24.6299991607666,2.97
2010-07-23,82.92633819580078,23.46999931335449,2.95
2010-07-26,83.7900390625,22.729999542236328,2.9200000000000004
2010-07-27,83.78257751464844,23.190000534057617,2.9000000000000004
2010-07-28,83.24177551269531,24.25,2.9200000000000004
2010-07-29,82.83621215820312,24.1299991607666,2.9200000000000004
2010-07-30,82.82115173339844,23.5,2.91
2010-08-02,84.69136810302734,22.01000022888184,2.8999999999999995
2010-08-03,84.28577423095703,22.6299991607666,2.9200000000000004
2010-08-04,84.84908294677734,22.209999084472656,2.9
2010-08-05,84.75894927978516,22.100000381469727,2.93
2010-08-06,84.41345977783203,21.739999771118164,2.94
2010-08-09,84.86407470703125,22.13999938964844,2.95
2010-08-10,84.40596771240234,22.3700008392334,3.05
2010-08-11,82.09266662597656,25.38999938964844,3.03
2010-08-12,81.58940124511719,25.729999542236328,3.04
2010-08-13,81.34906005859375,26.239999771118164,3.0500000000000003
2010-08-16,81.31150817871094,26.100000381469727,3.0
2010-08-17,82.31041717529297,24.32999992370605,2.99
2010-08-18,82.46063232421875,24.59000015258789,2.94
2010-08-19,81.02611541748047,26.440000534057617,2.93
2010-08-20,80.76322174072266,25.489999771118164,2.8999999999999995
2010-08-23,80.45525360107422,25.65999984741211,2.94
2010-08-24,79.26107788085938,27.459999084472656,2.95
2010-08-25,79.5689926147461,26.700000762939453,2.9400000000000004
2010-08-26,79.0357437133789,27.3700008392334,2.95
2010-08-27,80.26002502441406,24.450000762939453,2.96
2010-08-30,79.09584045410156,27.209999084472656,2.99
2010-08-31,79.09584045410156,26.049999237060547,3.01
2010-09-01,81.46171569824219,23.88999938964844,3.01
2010-09-02,82.22032165527344,23.190000534057617,3.0200000000000005
2010-09-03,83.2868423461914,21.309999465942383,2.97
2010-09-06,83.2868423461914,21.309999465942383,2.97
2010-09-07,82.34800720214844,23.799999237060547,2.9600000000000004
2010-09-08,82.92633819580078,23.25,2.95
2010-09-09,83.30936431884766,22.809999465942383,2.9600000000000004
2010-09-10,83.72997283935547,21.989999771118164,2.94
2010-09-13,84.66133880615234,21.209999084472656,2.97
2010-09-14,84.6087417602539,21.559999465942383,2.97
2010-09-15,84.93168640136719,22.100000381469727,3.0
2010-09-16,84.90914916992188,21.71999931335449,3.02
2010-09-17,84.94091796875,22.01000022888184,3.03
2010-09-20,86.23966217041016,21.5,3.02
2010-09-21,86.06595611572266,22.350000381469727,3.0500000000000003
2010-09-22,85.64310455322266,22.51000022888184,3.0500000000000003
2010-09-23,84.94844055175781,23.8700008392334,3.04
2010-09-24,86.70024871826172,21.709999084472656,3.05
2010-09-27,86.28495788574219,22.540000915527344,3.04
2010-09-28,86.58700561523438,22.600000381469727,3.06
2010-09-29,86.43600463867188,23.25,3.06
2010-09-30,86.17924499511719,23.700000762939453,3.0500000000000003
2010-10-01,86.54166412353516,22.5,3.0700000000000003
2010-10-04,85.89228057861328,23.530000686645508,3.1
2010-10-05,87.62149047851562,21.76000022888184,3.1100000000000003
2010-10-06,87.61393737792969,21.489999771118164,3.13
2010-10-07,87.50821685791016,21.559999465942383,3.18
2010-10-08,87.99903106689453,20.709999084472656,3.21
2010-10-11,88.08209991455078,18.959999084472656,3.21
2010-10-12,88.35391235351562,18.93000030517578,3.22
2010-10-13,89.04103088378906,19.06999969482422,3.22
2010-10-14,88.69373321533203,19.8799991607666,3.23
2010-10-15,88.87493133544922,19.030000686645508,3.26
2010-10-18,89.31288146972656,19.09000015258789,3.26
2010-10-19,88.14249420166016,20.6299991607666,3.25
2010-10-20,89.00331115722656,19.790000915527344,3.2300000000000004
2010-10-21,89.19963073730469,19.270000457763672,3.2
2010-10-22,89.36573791503906,18.780000686645508,3.18
2010-10-25,89.63005828857422,19.850000381469727,3.13
2010-10-26,89.64512634277344,20.21999931335449,3.13
2010-10-27,89.38835906982422,20.709999084472656,3.09
2010-10-28,89.40348815917969,20.8799991607666,3.16
2010-10-29,89.4714584350586,21.200000762939453,3.1500000000000004
2010-11-01,89.50165557861328,21.82999992370605,3.13
2010-11-02,90.21145629882812,21.56999969482422,3.08
2010-11-03,90.5738754272461,19.559999465942383,3.16
2010-11-04,92.31816864013672,18.520000457763672,3.24
2010-11-05,92.66552734375,18.26000022888184,3.27
2010-11-08,92.49186706542967,18.290000915527344,3.25
2010-11-09,91.827392578125,19.07999992370605,3.25
2010-11-10,92.19738006591795,18.46999931335449,3.31
2010-11-11,91.85002136230467,18.63999938964844,3.32
2010-11-12,90.76265716552734,20.61000061035156,3.24
2010-11-15,90.63433074951172,20.200000762939453,3.2
2010-11-16,89.22227478027344,22.57999992370605,3.15
2010-11-17,89.2676010131836,21.76000022888184,3.1299999999999994
2010-11-18,90.5814437866211,18.75,3.12
2010-11-19,90.83064270019533,18.040000915527344,3.1100000000000003
2010-11-22,90.755126953125,18.3700008392334,3.140000000000001
2010-11-23,89.44124603271484,20.6299991607666,3.1300000000000003
2010-11-24,90.76265716552734,19.559999465942383,3.1
2010-11-25,90.76265716552734,19.559999465942383,3.1
2010-11-26,89.7055435180664,22.21999931335449,3.0700000000000003
2010-11-29,89.97736358642578,21.530000686645508,3.04
2010-11-30,89.4714584350586,23.540000915527344,3.03
2010-12-01,91.3743133544922,21.36000061035156,3.01
2010-12-02,92.5447235107422,19.38999938964844,2.99
2010-12-03,92.79386138916016,18.010000228881836,3.02
2010-12-06,92.69570922851562,18.020000457763672,3.02
2010-12-07,92.7485809326172,17.989999771118164,2.99
2010-12-08,93.08838653564452,17.739999771118164,2.9000000000000004
2010-12-09,93.4508056640625,17.25,2.86
2010-12-10,93.9945068359375,17.610000610351562,2.7900000000000005
2010-12-13,94.05489349365234,17.549999237060547,2.8
2010-12-14,94.13795471191406,17.610000610351562,2.75
2010-12-15,93.70755004882812,17.940000534057617,2.74
2010-12-16,94.25120544433594,17.389999389648438,2.77
2010-12-17,94.3521957397461,16.110000610351562,2.7299999999999995
2010-12-20,94.57989501953124,16.40999984741211,2.7500000000000004
2010-12-21,95.17957305908205,16.489999771118164,2.72
2010-12-22,95.47561645507812,15.449999809265137,2.73
2010-12-23,95.33895111083984,16.469999313354492,2.7
2010-12-24,95.33895111083984,16.469999313354492,2.7
2010-12-27,95.3769302368164,17.670000076293945,2.7
2010-12-28,95.5135726928711,17.520000457763672,2.68
2010-12-29,95.5818862915039,17.280000686645508,2.7
2010-12-30,95.43006134033205,17.520000457763672,2.6900000000000004
2010-12-31,95.45284271240234,17.75,2.6800000000000006
2011-01-03,96.43959045410156,17.610000610351562,2.68
2011-01-04,96.3865203857422,17.3799991607666,2.7100000000000004
2011-01-05,96.8874740600586,17.020000457763672,2.67
2011-01-06,96.69770050048828,17.399999618530273,2.6700000000000004
2011-01-07,96.5079116821289,17.139999389648438,2.7300000000000004
2011-01-10,96.3865203857422,17.540000915527344,2.7500000000000004
2011-01-11,96.72804260253906,16.889999389648438,2.68
2011-01-12,97.60101318359376,16.239999771118164,2.68
2011-01-13,97.44158172607422,16.389999389648438,2.71
2011-01-14,98.14755249023438,15.460000038146973,2.74
2011-01-17,98.14755249023438,15.460000038146973,2.74
2011-01-18,98.31453704833984,15.869999885559082,2.72
2011-01-19,97.35050201416016,17.309999465942383,2.7
2011-01-20,97.22147369384766,17.989999771118164,2.7
2011-01-21,97.44158172607422,18.46999931335449,2.68
2011-01-24,97.99571228027344,17.649999618530273,2.6699999999999995
2011-01-25,98.04882049560548,17.59000015258789,2.66
2011-01-26,98.42835235595705,16.639999389648438,2.68
2011-01-27,98.6712646484375,16.149999618530273,2.67
2011-01-28,96.94818115234376,20.040000915527344,2.7
2011-01-31,97.6769027709961,19.530000686645508,2.68
2011-02-01,99.24058532714844,17.6299991607666,2.66
2011-02-02,99.05084991455078,17.299999237060547,2.64
2011-02-03,99.27094268798828,16.690000534057617,2.6100000000000003
2011-02-04,99.5518035888672,15.93000030517578,2.57
2011-02-07,100.17422485351562,16.280000686645508,2.53
2011-02-08,100.62969970703124,15.8100004196167,2.5
2011-02-09,100.40193939208984,15.869999885559082,2.53
2011-02-10,100.43991088867188,16.09000015258789,2.55
2011-02-11,101.03958129882812,15.6899995803833,2.56
2011-02-14,101.28248596191406,15.949999809265137,2.53
2011-02-15,100.96365356445312,16.3700008392334,2.53
2011-02-16,101.60128784179688,16.719999313354492,2.53
2011-02-17,101.9048843383789,16.59000015258789,2.56
2011-02-18,102.11744689941406,16.43000030517578,2.58
2011-02-21,102.11744689941406,16.43000030517578,2.58
2011-02-22,100.0679702758789,20.799999237060547,2.62
2011-02-23,99.45313262939452,22.1299991607666,2.6
2011-02-24,99.38482666015624,21.31999969482422,2.59
2011-02-25,100.447509765625,19.21999931335449,2.6
2011-02-28,101.06993865966795,18.350000381469727,2.5700000000000003
2011-03-01,99.38482666015624,21.01000022888184,2.59
2011-03-02,99.59734344482422,20.700000762939453,2.6
2011-03-03,101.31283569335938,18.600000381469727,2.55
2011-03-04,100.55380249023438,19.059999465942383,2.6
2011-03-07,99.76434326171876,20.65999984741211,2.59
2011-03-08,100.63728332519533,19.81999969482422,2.5900000000000003
2011-03-09,100.49305725097656,20.21999931335449,2.61
2011-03-10,98.6333236694336,21.8799991607666,2.66
2011-03-11,99.31649017333984,20.07999992370605,2.6300000000000003
2011-03-14,98.716796875,21.1299991607666,2.65
2011-03-15,97.58582305908205,24.31999969482422,2.68
2011-03-16,95.7792510986328,29.399999618530277,2.7099999999999995
2011-03-17,97.0468978881836,26.3700008392334,2.72
2011-03-18,97.39987182617188,24.440000534057617,2.69
2011-03-21,98.9093246459961,20.61000061035156,2.640000000000001
2011-03-22,98.56627655029295,20.209999084472656,2.640000000000001
2011-03-23,98.84835052490234,19.170000076293945,2.6300000000000003
2011-03-24,99.79367065429688,18.0,2.59
2011-03-25,100.09862518310548,17.90999984741211,2.58
2011-03-28,99.85469818115234,19.440000534057617,2.56
2011-03-29,100.52555084228516,18.15999984741211,2.59
2011-03-30,101.21930694580078,17.709999084472656,2.5899999999999994
2011-03-31,101.08209991455078,17.739999771118164,2.58
2011-04-01,101.5089874267578,17.399999618530273,2.58
2011-04-04,101.59285736083984,17.5,2.58
2011-04-05,101.57759857177734,17.25,2.55
2011-04-06,101.8978042602539,16.899999618530273,2.5500000000000003
2011-04-07,101.63861083984376,17.110000610351562,2.5700000000000003
2011-04-08,101.28791046142578,17.8700008392334,2.5600000000000005
2011-04-11,100.98300170898438,16.59000015258789,2.55
2011-04-12,100.22821807861328,17.09000015258789,2.58
2011-04-13,100.22058868408205,16.920000076293945,2.58
2011-04-14,100.29685974121094,16.270000457763672,2.55
2011-04-15,100.66275787353516,15.31999969482422,2.56
2011-04-18,99.53446197509766,16.959999084472656,2.5800000000000005
2011-04-19,100.10623931884766,15.829999923706056,2.56
2011-04-20,101.4709014892578,15.06999969482422,2.5500000000000003
2011-04-21,101.9893035888672,14.6899995803833,2.5700000000000003
2011-04-22,101.9893035888672,14.6899995803833,2.5700000000000003
2011-04-25,101.8825912475586,15.770000457763672,2.58
2011-04-26,102.75930786132812,15.619999885559082,2.5700000000000003
2011-04-27,103.4301528930664,15.350000381469728,2.57
2011-04-28,103.76558685302734,14.619999885559082,2.59
2011-04-29,104.00955200195312,14.75,2.5800000000000005
2011-05-02,103.8494644165039,15.989999771118164,2.57
2011-05-03,103.47592163085938,16.700000762939453,2.57
2011-05-04,102.78977966308594,17.079999923706055,2.56
2011-05-05,101.85968017578124,18.200000762939453,2.5899999999999994
2011-05-06,102.3094482421875,18.399999618530277,2.6
2011-05-09,102.7059326171875,17.15999984741211,2.64
2011-05-10,103.58263397216795,15.90999984741211,2.61
2011-05-11,102.49246215820312,16.950000762939453,2.61
2011-05-12,102.98040008544922,16.030000686645508,2.64
2011-05-13,102.18753814697266,17.06999969482422,2.64
2011-05-16,101.5395050048828,18.239999771118164,2.6
2011-05-17,101.52424621582033,17.549999237060547,2.59
2011-05-18,102.43151092529295,16.229999542236328,2.5899999999999994
2011-05-19,102.67542266845705,15.520000457763672,2.6100000000000003
2011-05-20,101.85968017578124,17.43000030517578,2.6300000000000003
2011-05-23,100.6780776977539,18.270000457763672,2.62
2011-05-24,100.59415435791016,17.81999969482422,2.62
2011-05-25,100.92961120605467,17.06999969482422,2.64
2011-05-26,101.39463806152344,16.09000015258789,2.64
2011-05-27,101.78346252441406,15.979999542236328,2.65
2011-05-30,101.78346252441406,15.979999542236328,2.65
2011-05-31,102.8431625366211,15.449999809265137,2.6500000000000004
2011-06-01,100.53314971923828,18.299999237060547,2.68
2011-06-02,100.42647552490234,18.09000015258789,2.7
2011-06-03,99.42777252197266,17.950000762939453,2.7299999999999995
2011-06-06,98.37567901611328,18.489999771118164,2.75
2011-06-07,98.314697265625,18.06999969482422,2.75
2011-06-08,97.90304565429688,18.790000915527344,2.73
2011-06-09,98.6501693725586,17.770000457763672,2.7300000000000004
2011-06-10,97.2778778076172,18.86000061035156,2.71
2011-06-13,97.35413360595705,19.61000061035156,2.72
2011-06-14,98.5891342163086,18.26000022888184,2.7100000000000004
2011-06-15,96.83572387695312,21.31999969482422,2.74
2011-06-16,97.04916381835938,22.729999542236328,2.75
2011-06-17,97.33879089355467,21.850000381469727,2.7900000000000005
2011-06-20,97.83674621582033,19.989999771118164,2.76
2011-06-21,99.17749786376952,18.86000061035156,2.75
2011-06-22,98.5799331665039,18.520000457763672,2.74
2011-06-23,98.29645538330078,19.290000915527344,2.76
2011-06-24,97.15486145019533,21.100000381469727,2.83
2011-06-27,98.02064514160156,20.559999465942383,2.87
2011-06-28,99.30010986328124,19.170000076293945,2.8100000000000005
2011-06-29,100.15052032470705,17.270000457763672,2.75
2011-06-30,101.10818481445312,16.520000457763672,2.72
2011-07-01,102.60218048095705,15.869999885559082,2.69
2011-07-04,102.60218048095705,15.869999885559082,2.69
2011-07-05,102.51789093017578,16.059999465942383,2.74
2011-07-06,102.6404800415039,16.34000015258789,2.7299999999999995
2011-07-07,103.70541381835938,15.949999809265137,2.6900000000000004
2011-07-08,102.96990203857422,15.949999809265137,2.73
2011-07-11,101.10818481445312,18.38999938964844,2.76
2011-07-12,100.67149353027344,19.8700008392334,2.7700000000000005
2011-07-13,101.00860595703124,19.90999984741211,2.76
2011-07-14,100.31144714355467,20.799999237060547,2.76
2011-07-15,100.89366149902344,19.530000686645508,2.8000000000000003
2011-07-18,100.06625366210938,20.950000762939453,2.8400000000000003
2011-07-19,101.6904525756836,19.209999084472656,2.78
2011-07-20,101.6291961669922,19.09000015258789,2.8
2011-07-21,103.03887939453124,17.559999465942383,2.77
2011-07-22,103.10784149169922,17.520000457763672,2.75
2011-07-25,102.53323364257812,19.350000381469727,2.77
2011-07-26,102.1501693725586,20.229999542236328,2.76
2011-07-27,100.0586166381836,22.979999542236328,2.7300000000000004
2011-07-28,99.76746368408205,23.739999771118164,2.73
2011-07-29,99.08556365966795,25.25,2.77
2011-08-01,98.6641845703125,23.65999984741211,2.77
2011-08-02,96.14356231689452,24.790000915527344,2.74
2011-08-03,96.66453552246094,23.3799991607666,2.72
2011-08-04,92.13665008544922,31.65999984741211,2.77
2011-08-05,91.99871826171876,32.0,2.77
2011-08-08,86.00749206542969,48.0,2.8800000000000003
2011-08-09,90.00674438476562,35.060001373291016,3.01
2011-08-10,86.03046417236328,42.9900016784668,3.03
2011-08-11,89.89185333251953,39.0,3.1500000000000004
2011-08-12,90.49707794189452,36.36000061035156,3.14
2011-08-15,92.41246032714844,31.8700008392334,3.1500000000000004
2011-08-16,91.6233367919922,32.849998474121094,3.12
2011-08-17,91.6845932006836,31.57999992370605,3.1100000000000003
2011-08-18,87.7313003540039,42.66999816894531,3.12
2011-08-19,86.2986068725586,43.04999923706055,3.120000000000001
2011-08-22,86.36758422851562,42.43999862670898,3.1300000000000003
2011-08-23,89.20996856689453,36.27000045776367,3.19
2011-08-24,90.4664535522461,35.900001525878906,3.21
2011-08-25,89.08740997314453,39.7599983215332,3.2500000000000004
2011-08-26,90.3822021484375,35.59000015258789,3.2500000000000004
2011-08-29,92.9793930053711,32.279998779296875,3.2500000000000004
2011-08-30,93.22457885742188,32.88999938964844,3.22
2011-08-31,93.6382827758789,31.6200008392334,3.2500000000000004
2011-09-01,92.65763092041016,31.81999969482422,3.23
2011-09-02,90.29022979736328,33.91999816894531,3.18
2011-09-05,90.29022979736328,33.91999816894531,3.18
2011-09-06,89.63133239746094,37.0,3.2100000000000004
2011-09-07,92.15961456298828,33.380001068115234,3.25
2011-09-08,91.20197296142578,34.31999969482422,3.26
2011-09-09,88.81156158447266,38.52000045776367,3.28
2011-09-12,89.38617706298828,38.59000015258789,3.2900000000000005
2011-09-13,90.20597076416016,36.90999984741211,3.3200000000000003
2011-09-14,91.45479583740234,34.599998474121094,3.3000000000000003
2011-09-15,93.03303527832033,31.96999931335449,3.3100000000000005
2011-09-16,93.58366394042967,30.979999542236328,3.31
2011-09-19,92.65182495117188,32.72999954223633,3.3100000000000005
2011-09-20,92.54400634765624,32.86000061035156,3.35
2011-09-21,89.81781005859375,37.31999969482422,3.26
2011-09-22,86.91451263427734,41.34999847412109,3.3200000000000003
2011-09-23,87.43819427490234,41.25,3.3100000000000005
2011-09-26,89.5174789428711,39.02000045776367,3.37
2011-09-27,90.51862335205078,37.709999084472656,3.39
2011-09-28,88.67036437988281,41.08000183105469,3.35
2011-09-29,89.37115478515625,38.84000015258789,3.3
2011-09-30,87.13780975341797,42.959999084472656,3.3
2011-10-03,84.6581039428711,45.45000076293945,3.3100000000000005
2011-10-04,86.51404571533203,40.81999969482422,3.33
2011-10-05,88.11585998535156,37.810001373291016,3.3600000000000003
2011-10-06,89.71000671386719,36.27000045776367,3.34
2011-10-07,89.10932159423828,36.20000076293945,3.32
2011-10-10,92.08965301513672,33.02000045776367,3.32
2011-10-11,92.18204498291016,32.86000061035156,3.32
2011-10-12,92.99068450927734,31.26000022888184,3.33
2011-10-13,92.80583190917967,30.700000762939453,3.2900000000000005
2011-10-14,94.39225006103516,28.239999771118164,3.26
2011-10-17,92.59022521972656,33.38999938964844,3.26
2011-10-18,94.3999481201172,31.559999465942383,3.23
2011-10-19,93.28330993652344,34.439998626708984,3.2099999999999995
2011-10-20,93.69149017333984,34.779998779296875,3.2
2011-10-21,95.47042846679688,31.31999969482422,3.18
2011-10-24,96.64097595214844,29.26000022888184,3.16
2011-10-25,94.7619171142578,32.220001220703125,3.14
2011-10-26,95.7245635986328,29.86000061035156,3.1
2011-10-27,99.05913543701172,25.459999084472656,3.04
2011-10-28,99.03606414794922,24.530000686645508,2.99
2011-10-31,96.64868927001952,29.959999084472656,3.0200000000000005
2011-11-01,93.95330810546876,34.77000045776367,3.03
2011-11-02,95.48583984375,32.7400016784668,3.03
2011-11-03,97.22628784179688,30.5,3.04
2011-11-04,96.63328552246094,30.15999984741211,3.06
2011-11-07,97.23394775390624,29.850000381469727,3.02
2011-11-08,98.48155975341795,27.479999542236328,3.0500000000000003
2011-11-09,94.8466567993164,36.15999984741211,3.08
2011-11-10,95.73995971679688,32.810001373291016,3.14
2011-11-11,97.5420379638672,30.040000915527344,3.14
2011-11-14,96.61788177490234,31.1299991607666,3.13
2011-11-15,97.09534454345705,31.21999931335449,3.14
2011-11-16,95.55512237548828,33.5099983215332,3.17
2011-11-17,94.03801727294922,34.5099983215332,3.16
2011-11-18,93.93791198730467,32.0,3.140000000000001
2011-11-21,92.15128326416016,32.90999984741211,3.1500000000000004
2011-11-22,91.78929901123048,31.96999931335449,3.1700000000000004
2011-11-23,89.76390838623047,33.97999954223633,3.1500000000000004
2011-11-24,89.76390838623047,33.97999954223633,3.1500000000000004
2011-11-25,89.59446716308594,34.470001220703125,3.1800000000000006
2011-11-28,92.18973541259766,32.130001068115234,3.1900000000000004
2011-11-29,92.45159149169922,30.63999938964844,3.22
2011-11-30,96.25592041015624,27.799999237060547,3.24
2011-12-01,96.24054718017578,27.40999984741211,3.3000000000000003
2011-12-02,96.15582275390624,27.520000457763672,3.24
2011-12-05,97.20317840576172,27.84000015258789,3.25
2011-12-06,97.23394775390624,28.1299991607666,3.26
2011-12-07,97.5959243774414,28.670000076293945,3.26
2011-12-08,95.45502471923828,30.59000015258789,3.26
2011-12-09,97.072265625,26.3799991607666,3.28
2011-12-12,95.65524291992188,25.670000076293945,3.27
2011-12-13,94.7619171142578,25.40999984741211,3.29
2011-12-14,93.75308990478516,26.040000915527344,3.24
2011-12-15,94.09191131591795,25.11000061035156,3.2700000000000005
2011-12-16,94.23143768310548,24.290000915527344,3.26
2011-12-19,93.2239227294922,24.920000076293945,3.26
2011-12-20,96.04492950439452,23.21999931335449,3.27
2011-12-21,96.23091888427734,21.43000030517578,3.3000000000000003
2011-12-22,97.08340454101562,21.15999984741211,3.29
2011-12-23,97.95140838623048,20.729999542236328,3.32
2011-12-26,97.95140838623048,20.729999542236328,3.32
2011-12-27,98.02887725830078,21.90999984741211,3.3000000000000003
2011-12-28,96.7423858642578,23.520000457763672,3.25
2011-12-29,97.7421646118164,22.649999618530277,3.28
2011-12-30,97.26166534423828,23.399999618530277,3.2700000000000005
2012-01-02,97.26166534423828,23.399999618530277,3.2700000000000005
2012-01-03,98.81161499023438,22.96999931335449,3.29
2012-01-04,98.96664428710938,22.21999931335449,3.3
2012-01-05,99.23015594482422,21.479999542236328,3.27
2012-01-06,98.97434997558594,20.6299991607666,3.27
2012-01-09,99.21466064453124,21.06999969482422,3.28
2012-01-10,100.07486724853516,20.690000534057617,3.25
2012-01-11,100.12913513183594,21.049999237060547,3.2700000000000005
2012-01-12,100.369384765625,20.46999931335449,3.27
2012-01-13,99.85012817382812,20.90999984741211,3.24
2012-01-16,99.85012817382812,20.90999984741211,3.24
2012-01-17,100.23763275146484,22.200000762939453,3.24
2012-01-18,101.34585571289062,20.88999938964844,3.25
2012-01-19,101.88060760498048,19.8700008392334,3.2200000000000006
2012-01-20,102.2603530883789,18.280000686645508,3.24
2012-01-23,101.9968719482422,18.670000076293945,3.24
2012-01-24,101.88060760498048,18.90999984741211,3.25
2012-01-25,102.73310089111328,18.309999465942383,3.3100000000000005
2012-01-26,102.2061538696289,18.56999969482422,3.28
2012-01-27,102.15962982177734,18.530000686645508,3.28
2012-01-30,101.81084442138672,19.399999618530277,3.25
2012-01-31,101.77208709716795,19.440000534057617,3.24
2012-02-01,102.66336822509766,18.549999237060547,3.25
2012-02-02,102.82608032226562,17.979999542236328,3.25
2012-02-03,104.26760864257812,17.100000381469727,3.2600000000000007
2012-02-06,104.19782257080078,17.760000228881836,3.2200000000000006
2012-02-07,104.46135711669922,17.649999618530273,3.1900000000000004
2012-02-08,104.77135467529295,18.15999984741211,3.17
2012-02-09,104.9030532836914,18.6299991607666,3.18
2012-02-10,104.12809753417967,20.790000915527344,3.17
2012-02-13,104.9030532836914,19.040000915527344,3.1899999999999995
2012-02-14,104.77135467529295,19.540000915527344,3.18
2012-02-15,104.2831039428711,21.13999938964844,3.1900000000000004
2012-02-16,105.43785858154295,19.21999931335449,3.17
2012-02-17,105.7168426513672,17.780000686645508,3.17
2012-02-20,105.7168426513672,17.780000686645508,3.17
2012-02-21,105.76332092285156,18.190000534057617,3.1500000000000004
2012-02-22,105.4223403930664,18.190000534057617,3.1500000000000004
2012-02-23,105.88733673095705,16.799999237060547,3.14
2012-02-24,106.1198272705078,17.309999465942383,3.12
2012-02-27,106.29808044433594,18.190000534057617,3.12
2012-02-28,106.6080551147461,17.959999084472656,3.12
2012-02-29,106.18959045410156,18.43000030517578,3.1
2012-03-01,106.73980712890624,17.260000228881836,3.1
2012-03-02,106.4143524169922,17.290000915527344,3.09
2012-03-05,105.9803237915039,18.049999237060547,3.1100000000000003
2012-03-06,104.43035888671876,20.8700008392334,3.1
2012-03-07,105.15884399414062,19.06999969482422,3.11
2012-03-08,106.2050552368164,17.950000762939453,3.11
2012-03-09,106.6158218383789,17.110000610351562,3.1100000000000003
2012-03-12,106.62352752685548,15.640000343322754,3.09
2012-03-13,108.54553985595705,14.800000190734863,3.08
2012-03-14,108.42931365966795,15.3100004196167,3.0700000000000003
2012-03-15,109.05705261230467,15.420000076293944,3.0700000000000003
2012-03-16,109.20804595947266,14.470000267028809,3.04
2012-03-19,109.63617706298828,15.039999961853027,3.03
2012-03-20,109.3170928955078,15.579999923706056,3.0200000000000005
2012-03-21,109.13800048828124,15.130000114440918,3.0
2012-03-22,108.35183715820312,15.56999969482422,3.01
2012-03-23,108.70211029052734,14.81999969482422,3.01
2012-03-26,110.2278060913086,14.260000228881836,3.01
2012-03-27,109.88526916503906,15.59000015258789,3.04
2012-03-28,109.34038543701172,15.470000267028809,3.03
2012-03-29,109.15359497070312,15.479999542236328,3.03
2012-03-30,109.60506439208984,15.5,3.07
2012-04-02,110.40677642822266,15.640000343322754,3.08
2012-04-03,109.9553680419922,15.65999984741211,3.0600000000000005
2012-04-04,108.86557006835938,16.440000534057617,3.08
2012-04-05,108.8110809326172,16.700000762939453,3.0900000000000003
2012-04-06,108.8110809326172,16.700000762939453,3.1300000000000003
2012-04-09,107.58899688720705,18.809999465942383,3.11
2012-04-10,105.78314208984376,20.38999938964844,3.140000000000001
2012-04-11,106.63936614990234,20.020000457763672,3.16
2012-04-12,108.03265380859376,17.200000762939453,3.1500000000000004
2012-04-13,106.74837493896484,19.549999237060547,3.15
2012-04-16,106.67830657958984,19.549999237060547,3.14
2012-04-17,108.2584457397461,18.459999084472656,3.14
2012-04-18,107.89261627197266,18.63999938964844,3.1500000000000004
2012-04-19,107.19979858398438,18.36000061035156,3.15
2012-04-20,107.3788070678711,17.440000534057617,3.17
2012-04-23,106.47589874267578,18.96999931335449,3.16
2012-04-24,106.88070678710938,18.100000381469727,3.1500000000000004
2012-04-25,108.34406280517578,16.81999969482422,3.17
2012-04-26,109.09913635253906,16.239999771118164,3.19
2012-04-27,109.2781219482422,16.31999969482422,3.1900000000000004
2012-04-30,108.87334442138672,17.149999618530273,3.2
2012-05-01,109.55056762695312,16.600000381469727,3.22
2012-05-02,109.22361755371094,16.8799991607666,3.1900000000000004
2012-05-03,108.39073181152344,17.559999465942383,3.18
2012-05-04,106.63936614990234,19.15999984741211,3.1899999999999995
2012-05-07,106.71722412109376,18.940000534057617,3.18
2012-05-08,106.28910064697266,19.049999237060547,3.1900000000000004
2012-05-09,105.65860748291016,20.07999992370605,3.22
2012-05-10,105.8765640258789,18.82999992370605,3.21
2012-05-11,105.55741119384766,19.88999938964844,3.22
2012-05-14,104.38981628417967,21.8700008392334,3.22
2012-05-15,103.79045867919922,21.96999931335449,3.24
2012-05-16,103.39349365234376,22.270000457763672,3.25
2012-05-17,101.86003875732422,24.489999771118164,3.2299999999999995
2012-05-18,100.98826599121094,25.100000381469727,3.2700000000000005
2012-05-21,102.72408294677734,22.01000022888184,3.25
2012-05-22,102.903076171875,22.479999542236328,3.34
2012-05-23,102.95761108398438,22.32999992370605,3.33
2012-05-24,103.15996551513672,21.540000915527344,3.36
2012-05-25,102.82526397705078,21.76000022888184,3.37
2012-05-28,102.82526397705078,21.76000022888184,3.37
2012-05-29,104.07069396972656,21.030000686645508,3.38
2012-05-30,102.56060028076172,24.13999938964844,3.4000000000000004
2012-05-31,102.3348617553711,24.059999465942383,3.4000000000000004
2012-06-01,99.75843811035156,26.65999984741211,3.41
2012-06-04,99.7117156982422,26.1200008392334,3.3999999999999995
2012-06-05,100.4667510986328,24.68000030517578,3.3999999999999995
2012-06-06,102.72408294677734,22.15999984741211,3.41
2012-06-07,102.78634643554688,21.71999931335449,3.43
2012-06-08,103.6036605834961,21.229999542236328,3.44
2012-06-11,102.28815460205078,23.559999465942383,3.4599999999999995
2012-06-12,103.46350860595705,22.09000015258789,3.43
2012-06-13,102.80193328857422,24.270000457763672,3.43
2012-06-14,103.89167785644533,21.68000030517578,3.4000000000000004
2012-06-15,104.95420837402344,21.11000061035156,3.4199999999999995
2012-06-18,105.15760040283205,18.31999969482422,3.42
2012-06-19,106.17477416992188,18.3799991607666,3.41
2012-06-20,106.00263214111328,17.239999771118164,3.3800000000000003
2012-06-21,103.62408447265624,20.07999992370605,3.3500000000000005
2012-06-22,104.42214965820312,18.11000061035156,3.36
2012-06-25,102.74776458740234,20.3799991607666,3.3600000000000003
2012-06-26,103.26415252685548,19.71999931335449,3.34
2012-06-27,104.19522857666016,19.450000762939453,3.35
2012-06-28,103.8979263305664,19.709999084472656,3.37
2012-06-29,106.48771667480467,17.079999923706055,3.39
2012-07-02,106.80850219726562,16.799999237060547,3.3999999999999995
2012-07-03,107.51274871826172,16.65999984741211,3.41
2012-07-04,107.51274871826172,16.65999984741211,3.41
2012-07-05,107.02759552001952,17.5,3.43
2012-07-06,106.0104751586914,17.100000381469727,3.41
2012-07-09,105.87747192382812,17.979999542236328,3.41
2012-07-10,104.95420837402344,18.71999931335449,3.39
2012-07-11,104.9698257446289,17.950000762939453,3.3600000000000003
2012-07-12,104.46127319335938,18.32999992370605,3.37
2012-07-13,106.21387481689452,16.739999771118164,3.37
2012-07-16,105.96351623535156,17.110000610351562,3.35
2012-07-17,106.691162109375,16.479999542236328,3.35
2012-07-18,107.4814224243164,16.15999984741211,3.33
2012-07-19,107.7630844116211,15.449999809265137,3.34
2012-07-20,106.7772216796875,16.270000457763672,3.31
2012-07-23,105.697509765625,18.6200008392334,3.3100000000000005
2012-07-24,104.78988647460938,20.46999931335449,3.2900000000000005
2012-07-25,104.81340026855467,19.34000015258789,3.3000000000000007
2012-07-26,106.54247283935548,17.530000686645508,3.3
2012-07-27,108.50637817382812,16.700000762939453,3.29
2012-07-30,108.50637817382812,18.030000686645508,3.26
2012-07-31,107.74744415283205,18.93000030517578,3.2700000000000005
2012-08-01,107.65355682373048,18.959999084472656,3.26
2012-08-02,106.9102554321289,17.56999969482422,3.24
2012-08-03,109.03060150146484,15.640000343322754,3.26
2012-08-06,109.24185943603516,15.949999809265137,3.24
2012-08-07,109.78955841064452,15.989999771118164,3.24
2012-08-08,109.922607421875,15.31999969482422,3.2300000000000004
2012-08-09,110.01644897460938,15.279999732971191,3.23
2012-08-10,110.19641876220705,14.739999771118164,3.23
2012-08-13,110.14166259765624,13.699999809265137,3.24
2012-08-14,110.1573486328125,14.850000381469728,3.2500000000000004
2012-08-15,110.28250885009766,14.630000114440918,3.2700000000000005
2012-08-16,111.0962142944336,14.289999961853027,3.26
2012-08-17,111.2448501586914,13.449999809265137,3.25
2012-08-20,111.25269317626952,14.020000457763672,3.2299999999999995
2012-08-21,110.91624450683594,15.020000457763672,3.2300000000000004
2012-08-22,110.96321105957033,15.109999656677246,3.22
2012-08-23,110.0556182861328,15.960000038146973,3.2
2012-08-24,110.72064971923828,15.18000030517578,3.21
2012-08-27,110.74413299560548,16.350000381469727,3.19
2012-08-28,110.63452911376952,16.489999771118164,3.1900000000000004
2012-08-29,110.72064971923828,17.059999465942383,3.1899999999999995
2012-08-30,109.922607421875,17.829999923706055,3.2
2012-08-31,110.4467544555664,17.469999313354492,3.21
2012-09-03,110.4467544555664,17.469999313354492,3.21
2012-09-04,110.3450927734375,17.979999542236328,3.18
2012-09-05,110.25120544433594,17.739999771118164,3.18
2012-09-06,112.48892974853516,15.600000381469728,3.1900000000000004
2012-09-07,112.92709350585938,14.380000114440918,3.2
2012-09-10,112.28547668457033,16.280000686645508,3.2
2012-09-11,112.59845733642578,16.40999984741211,3.18
2012-09-12,112.97400665283205,15.800000190734863,3.18
2012-09-13,114.69532775878906,14.050000190734863,3.21
2012-09-14,115.20392608642578,14.510000228881836,3.1500000000000004
2012-09-17,114.81271362304688,14.59000015258789,3.12
2012-09-18,114.71883392333984,14.18000030517578,3.09
2012-09-19,114.78140258789062,13.880000114440918,3.0700000000000003
2012-09-20,114.78921508789062,14.06999969482422,3.04
2012-09-21,114.7412338256836,13.979999542236328,3.06
2012-09-24,114.5682373046875,14.149999618530272,3.02
2012-09-25,113.34899139404295,15.43000030517578,3.03
2012-09-26,112.71183776855467,16.809999465942383,3.03
2012-09-27,113.77376556396484,14.84000015258789,3.05
2012-09-28,113.24674987792967,15.729999542236328,3.07
2012-10-01,113.54566192626952,16.31999969482422,3.0600000000000005
2012-10-02,113.6636199951172,15.710000038146973,3.04
2012-10-03,114.1277084350586,15.43000030517578,3.03
2012-10-04,114.94576263427734,14.550000190734863,2.99
2012-10-05,114.95364379882812,14.329999923706056,2.9800000000000004
2012-10-08,114.56035614013672,15.109999656677246,2.9800000000000004
2012-10-09,113.42762756347656,16.3700008392334,2.93
2012-10-10,112.70396423339844,16.290000915527344,2.9000000000000004
2012-10-11,112.76686096191406,15.59000015258789,2.87
2012-10-12,112.39717864990234,16.139999389648438,2.85
2012-10-15,113.3332748413086,15.270000457763672,2.83
2012-10-16,114.48168182373048,15.220000267028809,2.8
2012-10-17,115.0008544921875,15.06999969482422,2.77
2012-10-18,114.7019271850586,15.029999732971191,2.72
2012-10-19,112.79051208496094,17.059999465942383,2.71
2012-10-22,112.80622863769533,16.6200008392334,2.68
2012-10-23,111.24089813232422,18.82999992370605,2.7299999999999995
2012-10-24,110.92626190185548,18.32999992370605,2.74
2012-10-25,111.24877166748048,18.1200008392334,2.7299999999999995
2012-10-26,111.1858367919922,17.809999465942383,2.76
2012-10-29,111.1858367919922,17.809999465942383,2.75
2012-10-30,111.1858367919922,17.809999465942383,2.75
2012-10-31,111.1858367919922,18.600000381469727,2.7300000000000004
2012-11-01,112.35001373291016,16.690000534057617,2.75
2012-11-02,111.3510284423828,17.59000015258789,2.77
2012-11-05,111.57908630371094,18.420000076293945,2.74
2012-11-06,112.45227813720705,17.579999923706055,2.7399999999999998
2012-11-07,109.9036865234375,19.07999992370605,2.78
2012-11-08,108.58220672607422,18.489999771118164,2.8
2012-11-09,108.67658996582033,18.61000061035156,2.8199999999999994
2012-11-12,108.76312255859376,16.68000030517578,2.8199999999999994
2012-11-13,108.38552856445312,16.649999618530273,2.8500000000000005
2012-11-14,106.9224624633789,17.920000076293945,2.87
2012-11-15,106.74154663085938,17.989999771118164,2.9000000000000004
2012-11-16,107.26856994628906,16.40999984741211,2.9000000000000004
2012-11-19,109.43958282470705,15.239999771118164,2.9099999999999997
2012-11-20,109.48678588867188,15.079999923706056,2.8999999999999995
2012-11-21,109.69129180908205,15.3100004196167,2.89
2012-11-22,109.69129180908205,15.3100004196167,2.89
2012-11-23,111.1858367919922,15.140000343322754,2.89
2012-11-26,110.94985961914062,15.5,2.8999999999999995
2012-11-27,110.38350677490234,15.920000076293944,2.91
2012-11-28,111.27237701416016,15.510000228881836,2.91
2012-11-29,111.79153442382812,15.0600004196167,2.95
2012-11-30,111.81510925292967,15.869999885559082,2.95
2012-12-03,111.26449584960938,16.639999389648438,2.95
2012-12-04,111.10721588134766,17.1200008392334,2.9399999999999995
2012-12-05,111.30380249023438,16.459999084472656,2.97
2012-12-06,111.68141174316406,16.579999923706055,2.96
2012-12-07,112.01964569091795,15.899999618530272,2.96
2012-12-10,112.06681823730467,16.049999237060547,2.95
2012-12-11,112.82980346679688,15.56999969482422,2.95
2012-12-12,112.8848876953125,15.949999809265137,2.9400000000000004
2012-12-13,112.19268035888672,16.559999465942383,2.92
2012-12-14,111.77574920654295,17.0,2.9000000000000004
2012-12-17,113.08939361572266,16.34000015258789,2.8999999999999995
2012-12-18,114.34796905517578,15.56999969482422,2.92
2012-12-19,113.4984130859375,17.360000610351562,2.89
2012-12-20,114.1512680053711,17.670000076293945,2.89
2012-12-21,113.11515045166016,17.84000015258789,2.86
2012-12-24,112.7666015625,17.84000015258789,2.8600000000000003
2012-12-25,112.7666015625,17.84000015258789,2.8600000000000003
2012-12-26,112.29129028320312,19.479999542236328,2.87
2012-12-27,112.14076232910156,19.46999931335449,2.84
2012-12-28,110.9287338256836,22.71999931335449,2.85
2012-12-31,112.81411743164062,18.020000457763672,2.85
2013-01-01,112.81411743164062,18.020000457763672,2.85
2013-01-02,115.70555114746094,14.68000030517578,2.85
2013-01-03,115.44418334960938,14.5600004196167,2.84
2013-01-04,115.95116424560548,13.829999923706056,2.8100000000000005
2013-01-07,115.63427734375,13.789999961853027,2.8
2013-01-08,115.30156707763672,13.619999885559082,2.8100000000000005
2013-01-09,115.59468841552734,13.8100004196167,2.8100000000000005
2013-01-10,116.51358032226562,13.489999771118164,2.8
2013-01-11,116.50565338134766,13.359999656677246,2.8000000000000007
2013-01-14,116.42647552490234,13.520000457763672,2.8000000000000007
2013-01-15,116.50565338134766,13.550000190734863,2.81
2013-01-16,116.48982238769533,13.420000076293944,2.84
2013-01-17,117.2423858642578,13.56999969482422,2.8400000000000007
2013-01-18,117.50382995605467,12.460000038146973,2.8200000000000003
2013-01-21,117.50382995605467,12.460000038146973,2.8200000000000003
2013-01-22,118.13755798339844,12.43000030517578,2.8199999999999994
2013-01-23,118.3276824951172,12.460000038146973,2.83
2013-01-24,118.35936737060548,12.6899995803833,2.8200000000000003
2013-01-25,119.02481079101562,12.890000343322754,2.82
2013-01-28,118.8822021484375,13.56999969482422,2.8200000000000003
2013-01-29,119.34957885742188,13.3100004196167,2.81
2013-01-30,118.8822021484375,14.31999969482422,2.8400000000000003
2013-01-31,118.58907318115234,14.279999732971191,2.82
2013-02-01,119.80908203125,12.899999618530272,2.84
2013-02-04,118.46234130859376,14.670000076293944,2.85
2013-02-05,119.65852355957033,13.720000267028809,2.85
2013-02-06,119.7457046508789,13.40999984741211,2.8600000000000003
2013-02-07,119.58726501464844,13.5,2.85
2013-02-08,120.252685546875,13.020000457763672,2.8599999999999994
2013-02-11,120.2288818359375,12.9399995803833,2.84
2013-02-12,120.4269561767578,12.640000343322754,2.85
2013-02-13,120.52996826171876,12.979999542236328,2.84
2013-02-14,120.64083099365234,12.65999984741211,2.85
2013-02-15,120.498291015625,12.460000038146973,2.8500000000000005
2013-02-18,120.498291015625,12.460000038146973,2.8500000000000005
2013-02-19,121.40133666992188,12.3100004196167,2.86
2013-02-20,119.88829040527344,14.68000030517578,2.87
2013-02-21,119.15949249267578,15.220000267028809,2.87
2013-02-22,120.3239517211914,14.170000076293944,2.87
2013-02-25,118.03459930419922,18.989999771118164,2.89
2013-02-26,118.84261322021484,16.8700008392334,2.9000000000000004
2013-02-27,120.33979034423828,14.729999542236328,2.8999999999999995
2013-02-28,120.1021499633789,15.510000228881836,2.890000000000001
2013-03-01,120.498291015625,15.359999656677246,2.8999999999999995
2013-03-04,121.13993072509766,14.010000228881836,2.9000000000000004
2013-03-05,122.22522735595705,13.479999542236328,2.9
2013-03-06,122.3915557861328,13.529999732971191,2.89
2013-03-07,122.6134262084961,13.0600004196167,2.89
2013-03-08,123.13621520996094,12.59000015258789,2.8800000000000003
2013-03-11,123.60362243652344,11.5600004196167,2.870000000000001
2013-03-12,123.32627868652344,12.270000457763672,2.870000000000001
2013-03-13,123.5006103515625,11.829999923706056,2.85
2013-03-14,124.15808868408205,11.300000190734863,2.88
2013-03-15,123.9941864013672,11.300000190734863,2.890000000000001
2013-03-18,123.30987548828124,13.359999656677246,2.91
2013-03-19,123.0234375,14.390000343322754,2.9000000000000004
2013-03-20,123.8827896118164,12.670000076293944,2.9000000000000004
2013-03-21,122.82452392578124,13.989999771118164,2.8999999999999995
2013-03-22,123.81120300292967,13.56999969482422,2.9000000000000004
2013-03-25,123.29399871826172,13.739999771118164,2.91
2013-03-26,124.28070831298828,12.770000457763672,2.91
2013-03-27,124.28070831298828,13.149999618530272,2.93
2013-03-28,124.6625747680664,12.699999809265137,2.96
2013-03-29,124.6625747680664,12.699999809265137,2.96
2013-04-01,124.16927337646484,13.579999923706056,2.9099999999999997
2013-04-02,124.78199768066406,12.779999732971191,2.91
2013-04-03,123.5167999267578,14.210000038146973,2.91
2013-04-04,124.01808166503906,13.890000343322754,2.88
2013-04-05,123.4610824584961,13.920000076293944,2.8200000000000003
2013-04-08,124.29654693603516,13.1899995803833,2.8200000000000003
2013-04-09,124.7261962890625,12.84000015258789,2.8199999999999994
2013-04-10,126.2540283203125,12.359999656677246,2.83
2013-04-11,126.66777801513672,12.239999771118164,2.84
2013-04-12,126.35745239257812,12.0600004196167,2.8200000000000003
2013-04-15,123.42922973632812,17.270000457763672,2.8200000000000003
2013-04-16,125.25139617919922,13.960000038146973,2.81
2013-04-17,123.42131805419922,16.510000228881836,2.81
2013-04-18,122.64945220947266,17.559999465942383,2.8
2013-04-19,123.71564483642578,14.970000267028809,2.81
2013-04-22,124.26473236083984,14.390000343322754,2.8200000000000003
2013-04-23,125.54584503173828,13.479999542236328,2.8
2013-04-24,125.6253890991211,13.609999656677246,2.8000000000000003
2013-04-25,126.13460540771484,13.619999885559082,2.81
2013-04-26,125.91188049316406,13.609999656677246,2.81
2013-04-29,126.75528717041016,13.710000038146973,2.8199999999999994
2013-04-30,127.05767059326172,13.520000457763672,2.83
2013-05-01,125.94367980957033,14.489999771118164,2.8200000000000003
2013-05-02,127.11335754394533,13.59000015258789,2.81
2013-05-03,128.40237426757812,12.850000381469728,2.8199999999999994
2013-05-06,128.72862243652344,12.65999984741211,2.83
2013-05-07,129.38107299804688,12.829999923706056,2.8199999999999994
2013-05-08,129.96987915039062,12.65999984741211,2.8000000000000003
2013-05-09,129.60389709472656,13.130000114440918,2.82
2013-05-10,130.02561950683594,12.59000015258789,2.82
2013-05-13,130.1290740966797,12.550000190734863,2.8100000000000005
2013-05-14,131.47377014160156,12.770000457763672,2.81
2013-05-15,132.1819305419922,12.8100004196167,2.82
2013-05-16,131.56129455566406,13.06999969482422,2.81
2013-05-17,132.83447265625,12.449999809265137,2.81
2013-05-20,132.82643127441406,13.020000457763672,2.8
2013-05-21,133.01744079589844,13.369999885559082,2.81
2013-05-22,132.0308074951172,13.81999969482422,2.78
2013-05-23,131.6488037109375,14.06999969482422,2.77
2013-05-24,131.53744506835938,13.989999771118164,2.75
2013-05-27,131.53744506835938,13.989999771118164,2.75
2013-05-28,132.32518005371094,14.479999542236328,2.73
2013-05-29,131.46583557128906,14.829999923706056,2.75
2013-05-30,131.95118713378906,14.529999732971191,2.7700000000000005
2013-05-31,130.057373046875,16.299999237060547,2.79
2013-06-03,130.7735595703125,16.280000686645508,2.8200000000000003
2013-06-04,130.14498901367188,16.270000457763672,2.86
2013-06-05,128.32276916503906,17.5,2.89
2013-06-06,129.4845733642578,16.6299991607666,2.88
2013-06-07,131.13162231445312,15.140000343322754,2.89
2013-06-10,131.13162231445312,15.4399995803833,2.89
2013-06-11,129.77896118164062,17.06999969482422,2.91
2013-06-12,128.7047576904297,18.59000015258789,2.91
2013-06-13,130.66221618652344,16.40999984741211,2.9200000000000004
2013-06-14,129.8426055908203,17.149999618530273,2.93
2013-06-17,130.84515380859375,16.799999237060547,2.93
2013-06-18,131.87960815429688,16.610000610351562,2.92
2013-06-19,130.057373046875,16.639999389648438,2.87
2013-06-20,126.83485412597656,20.489999771118164,2.93
2013-06-21,127.24199676513672,18.899999618530277,2.87
2013-06-24,125.6341552734375,20.11000061035156,2.86
2013-06-25,126.84205627441406,18.46999931335449,2.8800000000000003
2013-06-26,128.09788513183594,17.209999084472656,2.890000000000001
2013-06-27,128.84988403320312,16.860000610351562,2.92
2013-06-28,128.32188415527344,16.860000610351562,2.83
2013-07-01,129.07386779785156,16.3700008392334,2.83
2013-07-02,128.95382690429688,16.440000534057617,2.81
2013-07-03,129.0098419189453,16.200000762939453,2.8000000000000003
2013-07-04,129.0098419189453,16.200000762939453,2.8000000000000003
2013-07-05,130.4016876220703,14.890000343322754,2.77
2013-07-08,131.14556884765625,14.779999732971191,2.7900000000000005
2013-07-09,132.0894775390625,14.350000381469728,2.78
2013-07-10,132.1374969482422,14.210000038146973,2.75
2013-07-11,133.937255859375,14.010000228881836,2.77
2013-07-12,133.99327087402344,13.84000015258789,2.77
2013-07-15,134.50511169433594,13.789999961853027,2.76
2013-07-16,134.00125122070312,14.420000076293944,2.74
2013-07-17,134.3452606201172,13.779999732971191,2.74
2013-07-18,135.0811767578125,13.770000457763672,2.75
2013-07-19,135.3211212158203,12.539999961853027,2.74
2013-07-22,135.58511352539062,12.289999961853027,2.71
2013-07-23,135.29708862304688,12.65999984741211,2.7000000000000006
2013-07-24,134.80117797851562,13.18000030517578,2.6700000000000004
2013-07-25,135.12916564941406,12.970000267028809,2.69
2013-07-26,135.2731475830078,12.720000267028809,2.67
2013-07-29,134.85711669921875,13.390000343322754,2.69
2013-07-30,134.85711669921875,13.390000343322754,2.68
2013-07-31,134.95321655273438,13.449999809265137,2.68
2013-08-01,136.5130157470703,12.9399995803833,2.66
2013-08-02,136.7449493408203,11.979999542236328,2.68
2013-08-05,136.54501342773438,11.84000015258789,2.7
2013-08-06,135.76905822753906,12.720000267028809,2.6900000000000004
2013-08-07,135.3291015625,12.979999542236328,2.72
2013-08-08,135.82504272460938,12.729999542236328,2.7299999999999995
2013-08-09,135.43307495117188,13.40999984741211,2.74
2013-08-12,135.2731475830078,12.8100004196167,2.72
2013-08-13,135.6730499267578,12.3100004196167,2.72
2013-08-14,134.9771270751953,13.039999961853027,2.72
2013-08-15,133.08934020996094,14.729999542236328,2.7
2013-08-16,132.64935302734375,14.369999885559082,2.7
2013-08-19,131.80149841308594,15.100000381469728,2.7
2013-08-20,132.44943237304688,14.90999984741211,2.72
2013-08-21,131.6335906982422,15.9399995803833,2.71
2013-08-22,132.83340454101562,14.760000228881836,2.68
2013-08-23,133.2812957763672,13.979999542236328,2.6700000000000004
2013-08-26,132.78541564941406,14.989999771118164,2.67
2013-08-27,130.64962768554688,16.770000457763672,2.66
2013-08-28,131.1135711669922,16.489999771118164,2.65
2013-08-29,131.3215789794922,16.809999465942383,2.62
2013-08-30,130.9055938720703,17.010000228881836,2.56
2013-09-02,130.9055938720703,17.010000228881836,2.56
2013-09-03,131.49752807617188,16.610000610351562,2.5800000000000005
2013-09-04,132.58544921875,15.880000114440918,2.5500000000000003
2013-09-05,132.75340270996094,15.770000457763672,2.5500000000000003
2013-09-06,132.8173370361328,15.850000381469728,2.5900000000000003
2013-09-09,134.08926391601562,15.630000114440918,2.6
2013-09-10,135.0811767578125,14.529999732971191,2.6100000000000003
2013-09-11,135.50511169433594,13.81999969482422,2.61
2013-09-12,135.14512634277344,14.289999961853027,2.6100000000000003
2013-09-13,135.44906616210938,14.15999984741211,2.64
2013-09-16,136.23300170898438,14.380000114440918,2.68
2013-09-17,136.8409423828125,14.529999732971191,2.6700000000000004
2013-09-18,138.42481994628906,13.59000015258789,2.7500000000000004
2013-09-19,138.19281005859375,13.15999984741211,2.7200000000000006
2013-09-20,137.22662353515625,13.119999885559082,2.68
2013-09-23,136.5916290283203,14.3100004196167,2.7
2013-09-24,136.27011108398438,14.079999923706056,2.68
2013-09-25,135.87625122070312,14.010000228881836,2.7
2013-09-26,136.39869689941406,14.0600004196167,2.72
2013-09-27,135.77175903320312,15.460000038146973,2.73
2013-09-30,135.0482940673828,16.600000381469727,2.75
2013-10-01,136.11734008789062,15.539999961853027,2.76
2013-10-02,135.98878479003906,16.600000381469727,2.7700000000000005
2013-10-03,134.73480224609375,17.670000076293945,2.78
2013-10-04,135.75564575195312,16.739999771118164,2.76
2013-10-07,134.58201599121094,19.40999984741211,2.74
2013-10-08,133.01463317871094,20.34000015258789,2.71
2013-10-09,133.1111297607422,19.600000381469727,2.7099999999999995
2013-10-10,135.98069763183594,16.479999542236328,2.68
2013-10-11,136.85690307617188,15.720000267028809,2.68
2013-10-14,137.40350341796875,16.06999969482422,2.68
2013-10-15,136.40672302246094,18.65999984741211,2.66
2013-10-16,138.31175231933594,14.710000038146973,2.66
2013-10-17,139.23611450195312,13.479999542236328,2.66
2013-10-18,140.17657470703125,13.039999961853027,2.66
2013-10-21,140.1846466064453,13.15999984741211,2.6500000000000004
2013-10-22,140.99649047851562,13.329999923706056,2.66
2013-10-23,140.3213653564453,13.420000076293944,2.67
2013-10-24,140.7875213623047,13.199999809265137,2.68
2013-10-25,141.43055725097656,13.09000015258789,2.6600000000000006
2013-10-28,141.65562438964844,13.3100004196167,2.66
2013-10-29,142.41119384765625,13.40999984741211,2.69
2013-10-30,141.703857421875,13.649999618530272,2.6800000000000006
2013-10-31,141.3019256591797,13.75,2.65
2013-11-01,141.63955688476562,13.279999732971191,2.64
2013-11-04,142.13787841796875,12.93000030517578,2.66
2013-11-05,141.6877899169922,13.270000457763672,2.66
2013-11-06,142.41119384765625,12.670000076293944,2.7
2013-11-07,140.61065673828125,13.90999984741211,2.7
2013-11-08,142.5076904296875,12.899999618530272,2.69
2013-11-11,142.5317840576172,12.529999732971191,2.69
2013-11-12,142.24241638183594,12.81999969482422,2.67
2013-11-13,143.38380432128906,12.520000457763672,2.6900000000000004
2013-11-14,144.09918212890625,12.369999885559082,2.72
2013-11-15,144.72616577148438,12.1899995803833,2.7
2013-11-18,144.21978759765625,13.100000381469728,2.66
2013-11-19,143.9063262939453,13.390000343322754,2.66
2013-11-20,143.4561767578125,13.399999618530272,2.67
2013-11-21,144.6136474609375,12.65999984741211,2.6500000000000004
2013-11-22,145.33705139160156,12.260000228881836,2.6500000000000004
2013-11-25,145.1924285888672,12.789999961853027,2.6499999999999995
2013-11-26,145.2325897216797,12.8100004196167,2.63
2013-11-27,145.58627319335938,12.979999542236328,2.63
2013-11-28,145.58627319335938,12.979999542236328,2.63
2013-11-29,145.48976135253906,13.699999809265137,2.6100000000000003
2013-12-02,145.11195373535156,14.229999542236328,2.6
2013-12-03,144.48504638671875,14.550000190734863,2.6
2013-12-04,144.4689483642578,14.699999809265137,2.62
2013-12-05,143.83401489257812,15.079999923706056,2.59
2013-12-06,145.4415283203125,13.789999961853027,2.58
2013-12-09,145.81126403808594,13.489999771118164,2.57
2013-12-10,145.2888641357422,13.90999984741211,2.56
2013-12-11,143.65708923339844,15.420000076293944,2.5500000000000003
2013-12-12,143.18287658691406,15.539999961853027,2.53
2013-12-13,143.16680908203125,15.760000228881836,2.5
2013-12-16,144.05902099609375,16.030000686645508,2.5
2013-12-17,143.6008758544922,16.209999084472656,2.5
2013-12-18,146.052490234375,13.800000190734863,2.5
2013-12-19,145.88368225097656,14.149999618530272,2.4200000000000004
2013-12-20,146.73228454589844,13.789999961853027,2.3799999999999994
2013-12-23,147.5161895751953,13.039999961853027,2.35
2013-12-24,147.8394775390625,12.479999542236328,2.3599999999999994
2013-12-25,147.8394775390625,12.479999542236328,2.3599999999999994
2013-12-26,148.59107971191406,12.329999923706056,2.37
2013-12-27,148.58297729492188,12.460000038146973,2.37
2013-12-30,148.55877685546875,13.5600004196167,2.35
2013-12-31,149.26187133789062,13.720000267028809,2.33
2014-01-01,149.26187133789062,13.720000267028809,2.33
2014-01-02,147.83140563964844,14.229999542236328,2.34
2014-01-03,147.80712890625,13.760000228881836,2.34
2014-01-06,147.37876892089844,13.550000190734863,2.32
2014-01-07,148.28399658203125,12.920000076293944,2.3200000000000003
2014-01-08,148.31629943847656,12.869999885559082,2.3100000000000005
2014-01-09,148.41326904296875,12.890000343322754,2.31
2014-01-10,148.81736755371094,12.140000343322754,2.3200000000000003
2014-01-13,146.83734130859375,13.279999732971191,2.34
2014-01-14,148.43756103515625,12.279999732971191,2.34
2014-01-15,149.23757934570312,12.279999732971191,2.32
2014-01-16,149.04360961914062,12.529999732971191,2.32
2014-01-17,148.41326904296875,12.4399995803833,2.33
2014-01-20,148.41326904296875,12.4399995803833,2.33
2014-01-21,148.84970092773438,12.869999885559082,2.3000000000000003
2014-01-22,148.9466552734375,12.84000015258789,2.3
2014-01-23,147.72630310058594,13.770000457763672,2.3200000000000003
2014-01-24,144.57443237304688,18.13999938964844,2.35
2014-01-27,143.86322021484375,17.420000076293945,2.36
2014-01-28,144.71994018554688,15.800000190734863,2.35
2014-01-29,143.32984924316406,17.350000381469727,2.3800000000000003
2014-01-30,144.84921264648438,17.290000915527344,2.36
2014-01-31,144.0006561279297,18.40999984741211,2.4000000000000004
2014-02-03,140.75982666015625,21.440000534057617,2.39
2014-02-04,141.74578857421875,19.11000061035156,2.41
2014-02-05,141.56797790527344,19.950000762939453,2.42
2014-02-06,143.4348907470703,17.229999542236328,2.4
2014-02-07,145.21290588378906,15.289999961853027,2.42
2014-02-10,145.4796142578125,15.260000228881836,2.42
2014-02-11,147.0716552734375,14.510000228881836,2.39
2014-02-12,147.14443969726562,14.300000190734863,2.3600000000000003
2014-02-13,147.9041290283203,14.140000343322754,2.39
2014-02-14,148.72039794921875,13.56999969482422,2.38
2014-02-17,148.72039794921875,13.56999969482422,2.38
2014-02-18,148.898193359375,13.869999885559082,2.4000000000000004
2014-02-19,147.91220092773438,15.5,2.41
2014-02-20,148.78500366210938,14.789999961853027,2.390000000000001
2014-02-21,148.6152801513672,14.68000030517578,2.3800000000000003
2014-02-24,149.4396209716797,14.229999542236328,2.38
2014-02-25,149.38311767578125,13.670000076293944,2.38
2014-02-26,149.3911895751953,14.350000381469728,2.38
2014-02-27,150.175048828125,14.039999961853027,2.36
2014-02-28,150.55490112304688,14.0,2.35
2014-03-03,149.4961700439453,16.0,2.37
2014-03-04,151.59742736816406,14.100000381469728,2.35
2014-03-05,151.7349090576172,13.890000343322754,2.3599999999999994
2014-03-06,152.0823516845703,14.210000038146973,2.37
2014-03-07,152.14703369140625,14.109999656677246,2.34
2014-03-10,152.06617736816406,14.199999809265137,2.3600000000000003
2014-03-11,151.31460571289062,14.800000190734863,2.37
2014-03-12,151.3550567626953,14.470000267028809,2.3800000000000003
2014-03-13,149.65789794921875,16.219999313354492,2.39
2014-03-14,149.23757934570312,17.81999969482422,2.4
2014-03-17,150.5872344970703,15.640000343322754,2.3999999999999995
2014-03-18,151.662109375,14.520000457763672,2.4199999999999995
2014-03-19,150.85394287109375,15.119999885559082,2.370000000000001
2014-03-20,151.7349090576172,14.520000457763672,2.34
2014-03-21,151.14634704589844,15.0,2.3200000000000003
2014-03-24,150.5213165283203,15.09000015258789,2.29
2014-03-25,151.2356414794922,14.020000457763672,2.28
2014-03-26,150.14793395996094,14.93000030517578,2.28
2014-03-27,149.831298828125,14.619999885559082,2.26
2014-03-28,150.5699462890625,14.40999984741211,2.2500000000000004
2014-03-31,151.8038330078125,13.880000114440918,2.26
2014-04-01,152.8103790283203,13.100000381469728,2.26
2014-04-02,153.32179260253906,13.09000015258789,2.2500000000000004
2014-04-03,153.11886596679688,13.369999885559082,2.24
2014-04-04,151.30868530273438,13.960000038146973,2.25
2014-04-07,149.63650512695312,15.56999969482422,2.24
2014-04-08,150.25344848632812,14.890000343322754,2.26
2014-04-09,151.86878967285156,13.81999969482422,2.25
2014-04-10,148.6786651611328,15.890000343322754,2.24
2014-04-11,147.33929443359375,17.030000686645508,2.2300000000000004
2014-04-14,148.50003051757812,16.110000610351562,2.22
2014-04-15,149.52285766601562,15.609999656677246,2.2
2014-04-16,151.08946228027344,14.18000030517578,2.19
2014-04-17,151.30056762695312,13.359999656677246,2.16
2014-04-18,151.30056762695312,13.359999656677246,2.16
2014-04-21,151.82818603515625,13.25,2.18
2014-04-22,152.51821899414062,13.1899995803833,2.15
2014-04-23,152.16102600097656,13.270000457763672,2.1499999999999995
2014-04-24,152.46946716308594,13.31999969482422,2.14
2014-04-25,151.2194366455078,14.0600004196167,2.1299999999999994
2014-04-28,151.69833374023438,13.970000267028809,2.13
2014-04-29,152.4045867919922,13.710000038146973,2.1500000000000004
2014-04-30,152.85911560058594,13.40999984741211,2.16
2014-05-01,152.87535095214844,13.25,2.14
2014-05-02,152.6561737060547,12.90999984741211,2.14
2014-05-05,152.94842529296875,13.289999961853027,2.1500000000000004
2014-05-06,151.61717224121094,13.800000190734863,2.15
2014-05-07,152.5100555419922,13.399999618530272,2.16
2014-05-08,152.3477325439453,13.43000030517578,2.18
2014-05-09,152.57501220703125,12.920000076293944,2.21
2014-05-12,154.06051635742188,12.229999542236328,2.2
2014-05-13,154.19851684570312,12.130000114440918,2.2100000000000004
2014-05-14,153.4679412841797,12.170000076293944,2.2
2014-05-15,152.12042236328125,13.170000076293944,2.22
2014-05-16,152.64805603027344,12.4399995803833,2.2
2014-05-19,153.20822143554688,12.420000076293944,2.22
2014-05-20,152.24221801757812,12.960000038146973,2.23
2014-05-21,153.52476501464844,11.90999984741211,2.26
2014-05-22,153.89816284179688,12.029999732971191,2.25
2014-05-23,154.51507568359375,11.359999656677246,2.24
2014-05-26,154.51507568359375,11.359999656677246,2.24
2014-05-27,155.46484375,11.510000228881836,2.23
2014-05-28,155.3512420654297,11.68000030517578,2.23
2014-05-29,156.15480041503906,11.56999969482422,2.24
2014-05-30,156.4064178466797,11.399999618530272,2.22
2014-06-02,156.58499145507812,11.579999923706056,2.22
2014-06-03,156.50384521484375,11.869999885559082,2.22
2014-06-04,156.82041931152344,12.079999923706056,2.23
2014-06-05,157.84320068359375,11.68000030517578,2.24
2014-06-06,158.59812927246094,10.729999542236328,2.23
2014-06-09,158.7604522705078,11.149999618530272,2.22
2014-06-10,158.7767333984375,10.989999771118164,2.2099999999999995
2014-06-11,158.22479248046875,11.600000381469728,2.2
2014-06-12,157.10455322265625,12.5600004196167,2.21
2014-06-13,157.58348083496094,12.18000030517578,2.19
2014-06-16,157.71336364746094,12.649999618530272,2.1700000000000004
2014-06-17,158.15167236328125,12.0600004196167,2.17
2014-06-18,159.31248474121094,10.609999656677246,2.19
2014-06-19,159.4910430908203,10.619999885559082,2.19
2014-06-20,159.81483459472656,10.850000381469728,2.2
2014-06-23,159.765869140625,10.979999542236328,2.1900000000000004
2014-06-24,158.8035125732422,12.130000114440918,2.18
2014-06-25,159.521240234375,11.59000015258789,2.18
2014-06-26,159.4070587158203,11.630000114440918,2.18
2014-06-27,159.7169952392578,11.260000228881836,2.2
2014-06-30,159.6353759765625,11.56999969482422,2.18
2014-07-01,160.70388793945312,11.149999618530272,2.1899999999999995
2014-07-02,160.86697387695312,10.81999969482422,2.2
2014-07-03,161.65817260742188,10.31999969482422,2.2100000000000004
2014-07-04,161.65817260742188,10.31999969482422,2.2100000000000004
2014-07-07,161.09542846679688,11.329999923706056,2.18
2014-07-08,160.05953979492188,11.979999542236328,2.18
2014-07-09,160.77734375,11.649999618530272,2.1700000000000004
2014-07-10,160.14108276367188,12.59000015258789,2.2
2014-07-11,160.36131286621094,12.079999923706056,2.2000000000000006
2014-07-14,161.16885375976562,11.81999969482422,2.21
2014-07-15,160.86697387695312,11.960000038146973,2.2
2014-07-16,161.46241760253906,11.0,2.1900000000000004
2014-07-17,159.62722778320312,14.539999961853027,2.22
2014-07-18,161.25856018066406,12.0600004196167,2.2
2014-07-21,160.95672607421875,12.8100004196167,2.1899999999999995
2014-07-22,161.65817260742188,12.239999771118164,2.19
2014-07-23,162.01705932617188,11.520000457763672,2.2
2014-07-24,162.02517700195312,11.84000015258789,2.2
2014-07-25,161.2666778564453,12.6899995803833,2.19
2014-07-28,161.3319549560547,12.5600004196167,2.1900000000000004
2014-07-29,160.63864135742188,13.279999732971191,2.18
2014-07-30,160.6630859375,13.329999923706056,2.1700000000000004
2014-07-31,157.49026489257812,16.950000762939453,2.17
2014-08-01,157.0090789794922,17.030000686645508,2.23
2014-08-04,158.14283752441406,15.119999885559082,2.24
2014-08-05,156.6094207763672,16.8700008392334,2.25
2014-08-06,156.6584014892578,16.3700008392334,2.26
2014-08-07,155.8101043701172,16.65999984741211,2.28
2014-08-08,157.6126251220703,15.770000457763672,2.27
2014-08-11,158.0694122314453,14.229999542236328,2.28
2014-08-12,157.84918212890625,14.130000114440918,2.29
2014-08-13,158.91766357421875,12.899999618530272,2.31
2014-08-14,159.6680450439453,12.420000076293944,2.2900000000000005
2014-08-15,159.6353759765625,13.149999618530272,2.29
2014-08-18,160.97303771972656,12.31999969482422,2.31
2014-08-19,161.81321716308594,12.210000038146973,2.3300000000000005
2014-08-20,162.24546813964844,11.779999732971191,2.3000000000000003
2014-08-21,162.71853637695312,11.760000228881836,2.28
2014-08-22,162.46566772460938,11.470000267028809,2.26
2014-08-25,163.28944396972656,11.699999809265137,2.25
2014-08-26,163.39547729492188,11.630000114440918,2.26
2014-08-27,163.33018493652344,11.779999732971191,2.24
2014-08-28,163.24049377441406,12.050000190734863,2.2300000000000004
2014-08-29,163.7053680419922,12.09000015258789,2.23
2014-09-01,163.7053680419922,12.09000015258789,2.23
2014-09-02,163.62387084960938,12.25,2.25
2014-09-03,163.5341339111328,12.359999656677246,2.24
2014-09-04,163.29757690429688,12.640000343322754,2.25
2014-09-05,164.0316925048828,12.09000015258789,2.29
2014-09-08,163.60751342773438,12.65999984741211,2.26
2014-09-09,162.57174682617188,13.5,2.25
2014-09-10,163.1834259033203,12.880000114440918,2.26
2014-09-11,163.3710174560547,12.800000190734863,2.25
2014-09-12,162.41671752929688,13.3100004196167,2.27
2014-09-15,162.2943115234375,14.119999885559082,2.28
2014-09-16,163.51783752441406,12.729999542236328,2.3000000000000003
2014-09-17,163.73797607421875,12.649999618530272,2.29
2014-09-18,164.61077880859375,12.029999732971191,2.28
2014-09-19,164.4624786376953,12.109999656677246,2.26
2014-09-22,163.19235229492188,13.6899995803833,2.27
2014-09-23,162.25816345214844,14.93000030517578,2.26
2014-09-24,163.52828979492188,13.270000457763672,2.27
2014-09-25,160.88966369628906,15.640000343322754,2.27
2014-09-26,162.16802978515625,14.850000381469728,2.27
2014-09-29,161.87306213378906,15.979999542236328,2.27
2014-09-30,161.4468994140625,16.309999465942383,2.29
2014-10-01,159.25897216796875,16.709999084472656,2.3100000000000005
2014-10-02,159.2835693359375,16.15999984741211,2.32
2014-10-03,161.03717041015625,14.550000190734863,2.29
2014-10-06,160.84864807128906,15.460000038146973,2.3000000000000003
2014-10-07,158.36585998535156,17.200000762939453,2.3000000000000003
2014-10-08,161.135498046875,15.109999656677246,2.32
2014-10-09,157.93968200683594,18.76000022888184,2.34
2014-10-10,156.13693237304688,21.239999771118164,2.36
2014-10-13,153.57203674316406,24.63999938964844,2.36
2014-10-14,153.80970764160156,22.790000915527344,2.39
2014-10-15,152.76901245117188,25.270000457763672,2.44
2014-10-16,152.63787841796875,25.200000762939453,2.47
2014-10-17,154.440673828125,21.989999771118164,2.44
2014-10-20,155.9402313232422,18.56999969482422,2.45
2014-10-21,159.029541015625,16.079999923706055,2.43
2014-10-22,157.8987274169922,17.8700008392334,2.42
2014-10-23,159.73428344726562,16.530000686645508,2.42
2014-10-24,160.96340942382812,16.110000610351562,2.43
2014-10-27,160.74220275878906,16.040000915527344,2.44
2014-10-28,162.58595275878906,14.390000343322754,2.4300000000000006
2014-10-29,162.3401336669922,15.149999618530272,2.3600000000000003
2014-10-30,163.38082885742188,14.520000457763672,2.39
2014-10-31,165.2491455078125,14.029999732971191,2.39
2014-11-03,165.33926391601562,14.729999542236328,2.39
2014-11-04,164.7656707763672,14.890000343322754,2.39
2014-11-05,165.80636596679688,14.170000076293944,2.39
2014-11-06,166.47006225585938,13.670000076293944,2.4
2014-11-07,166.6257781982422,13.119999885559082,2.43
2014-11-10,167.15025329589844,12.670000076293944,2.41
2014-11-11,167.31410217285156,12.920000076293944,2.41
2014-11-12,167.1337890625,13.020000457763672,2.43
2014-11-13,167.32229614257812,13.789999961853027,2.47
2014-11-14,167.36331176757812,13.3100004196167,2.48
2014-11-17,167.46981811523438,13.989999771118164,2.49
2014-11-18,168.43673706054688,13.859999656677246,2.52
2014-11-19,168.1663818359375,13.960000038146973,2.51
2014-11-20,168.46136474609375,13.579999923706056,2.5200000000000005
2014-11-21,169.3627166748047,12.899999618530272,2.49
2014-11-24,169.83798217773438,12.619999885559082,2.5
2014-11-25,169.71510314941406,12.25,2.4600000000000004
2014-11-26,170.14938354492188,12.06999969482422,2.47
2014-11-27,170.14938354492188,12.06999969482422,2.47
2014-11-28,169.78883361816406,13.329999923706056,2.52
2014-12-01,168.60885620117188,14.15999984741211,2.54
2014-12-02,169.6986541748047,12.850000381469728,2.5400000000000005
2014-12-03,170.35421752929688,12.5,2.52
2014-12-04,170.16583251953125,12.380000114440918,2.53
2014-12-05,170.44442749023438,11.890000343322754,2.48
2014-12-08,169.30532836914062,14.210000038146973,2.4800000000000004
2014-12-09,169.19065856933594,15.350000381469728,2.51
2014-12-10,166.47828674316406,18.530000686645508,2.53
2014-12-11,167.32229614257812,20.07999992370605,2.53
2014-12-12,164.61814880371094,21.07999992370605,2.58
2014-12-15,163.48728942871094,20.420000076293945,2.56
2014-12-16,162.1761932373047,23.56999969482422,2.6
2014-12-17,165.35565185546875,19.440000534057617,2.6
2014-12-18,169.44467163085938,16.809999465942383,2.56
2014-12-19,170.16561889648438,16.489999771118164,2.5600000000000005
2014-12-22,170.94847106933594,15.25,2.53
2014-12-23,171.1791229248047,14.800000190734863,2.53
2014-12-24,171.1956024169922,14.369999885559082,2.5
2014-12-25,171.1956024169922,14.369999885559082,2.5
2014-12-26,171.7476806640625,14.5,2.5
2014-12-29,171.97833251953125,15.0600004196167,2.49
2014-12-30,171.05552673339844,15.920000076293944,2.49
2014-12-31,169.35816955566406,19.200000762939453,2.51
2015-01-01,169.35816955566406,19.200000762939453,2.51
2015-01-02,169.26759338378906,17.790000915527344,2.51
2015-01-05,166.21060180664062,19.920000076293945,2.52
2015-01-06,164.64505004882812,21.1200008392334,2.5200000000000005
2015-01-07,166.6967315673828,19.309999465942383,2.53
2015-01-08,169.65481567382812,17.010000228881836,2.5400000000000005
2015-01-09,168.29519653320312,17.549999237060547,2.5500000000000003
2015-01-12,166.97686767578125,19.600000381469727,2.55
2015-01-13,166.50721740722656,20.559999465942383,2.55
2015-01-14,165.501953125,21.479999542236328,2.58
2015-01-15,163.98590087890625,22.38999938964844,2.65
2015-01-16,166.1365203857422,20.950000762939453,2.62
2015-01-19,166.1365203857422,20.950000762939453,2.62
2015-01-20,166.49073791503906,19.88999938964844,2.6099999999999994
2015-01-21,167.3312530517578,18.850000381469727,2.59
2015-01-22,169.81956481933594,16.399999618530273,2.5900000000000003
2015-01-23,168.88848876953125,16.65999984741211,2.6
2015-01-26,169.2839813232422,15.520000457763672,2.58
2015-01-27,167.05104064941406,17.219999313354492,2.59
2015-01-28,164.90872192382812,20.440000534057617,2.5900000000000003
2015-01-29,166.43313598632812,18.76000022888184,2.58
2015-01-30,164.34019470214844,20.96999931335449,2.6100000000000003
2015-02-02,166.3754425048828,19.43000030517578,2.6100000000000003
2015-02-03,168.78138732910156,17.329999923706055,2.6100000000000003
2015-02-04,168.1387481689453,18.32999992370605,2.6
2015-02-05,169.83607482910156,16.850000381469727,2.6
2015-02-06,169.36639404296875,17.290000915527344,2.55
2015-02-09,168.6083526611328,18.549999237060547,2.53
2015-02-10,170.40460205078125,17.229999542236328,2.53
2015-02-11,170.50344848632812,16.959999084472656,2.53
2015-02-12,172.14317321777344,15.34000015258789,2.54
2015-02-13,172.85174560546875,14.6899995803833,2.5500000000000003
2015-02-16,172.85174560546875,14.6899995803833,2.5500000000000003
2015-02-17,173.12371826171875,15.800000190734863,2.53
2015-02-18,173.14015197753906,15.449999809265137,2.53
2015-02-19,173.01658630371094,15.289999961853027,2.53
2015-02-20,174.05477905273438,14.300000190734863,2.5
2015-02-23,174.0301055908203,14.5600004196167,2.48
2015-02-24,174.52444458007812,13.6899995803833,2.49
2015-02-25,174.3760986328125,13.84000015258789,2.49
2015-02-26,174.17013549804688,13.90999984741211,2.44
2015-02-27,173.57687377929688,13.34000015258789,2.46
2015-03-02,174.67282104492188,13.039999961853027,2.4799999999999995
2015-03-03,173.95590209960938,13.859999656677246,2.46
2015-03-04,173.2225799560547,14.229999542236328,2.46
2015-03-05,173.41204833984375,14.039999961853027,2.47
2015-03-06,170.97317504882812,15.199999809265137,2.45
2015-03-09,171.6817626953125,15.0600004196167,2.46
2015-03-10,168.896728515625,16.690000534057617,2.45
2015-03-11,168.50123596191406,16.8700008392334,2.45
2015-03-12,170.6435546875,15.420000076293944,2.4599999999999995
2015-03-13,169.59707641601562,16.0,2.47
2015-03-16,171.863037109375,15.609999656677246,2.48
2015-03-17,171.35218811035156,15.65999984741211,2.49
2015-03-18,173.41204833984375,13.970000267028809,2.5500000000000007
2015-03-19,172.62107849121094,14.06999969482422,2.5000000000000004
2015-03-20,174.144775390625,13.020000457763672,2.5100000000000007
2015-03-23,173.805419921875,13.40999984741211,2.54
2015-03-24,172.82882690429688,13.619999885559082,2.53
2015-03-25,170.29623413085938,15.4399995803833,2.53
2015-03-26,169.8907012939453,15.800000190734863,2.55
2015-03-27,170.27969360351562,15.06999969482422,2.53
2015-03-30,172.35704040527344,14.510000228881836,2.55
2015-03-31,170.8507843017578,15.289999961853027,2.5500000000000003
2015-04-01,170.24659729003906,15.109999656677246,2.55
2015-04-02,170.85902404785156,14.670000076293944,2.55
2015-04-03,170.85902404785156,14.670000076293944,2.58
2015-04-06,172.0094451904297,14.739999771118164,2.58
2015-04-07,171.5542449951172,14.779999732971191,2.5600000000000005
2015-04-08,172.13357543945312,13.979999542236328,2.51
2015-04-09,172.89505004882812,13.09000015258789,2.53
2015-04-10,173.8385467529297,12.579999923706056,2.53
2015-04-13,173.05226135253906,13.9399995803833,2.5400000000000005
2015-04-14,173.3833465576172,13.670000076293944,2.5400000000000005
2015-04-15,174.1613006591797,12.84000015258789,2.54
2015-04-16,174.11163330078125,12.600000381469728,2.5500000000000003
2015-04-17,172.10877990722656,13.890000343322754,2.53
2015-04-20,173.68130493164062,13.300000190734863,2.5500000000000003
2015-04-21,173.4744110107422,13.25,2.54
2015-04-22,174.3268280029297,12.710000038146973,2.53
2015-04-23,174.76551818847656,12.479999542236328,2.54
2015-04-24,175.171142578125,12.289999961853027,2.5600000000000005
2015-04-27,174.44273376464844,13.119999885559082,2.5400000000000005
2015-04-28,174.99725341796875,12.40999984741211,2.55
2015-04-29,174.27723693847656,13.390000343322754,2.58
2015-04-30,172.5308074951172,14.550000190734863,2.6000000000000005
2015-05-01,174.40135192871094,12.699999809265137,2.6100000000000003
2015-05-04,174.89793395996094,12.850000381469728,2.6099999999999994
2015-05-05,172.89505004882812,14.3100004196167,2.62
2015-05-06,172.1832733154297,15.149999618530272,2.64
2015-05-07,172.8701934814453,15.130000114440918,2.64
2015-05-08,175.1461944580078,12.859999656677246,2.6499999999999995
2015-05-11,174.310302734375,13.850000381469728,2.6600000000000006
2015-05-12,173.78890991210938,13.859999656677246,2.65
2015-05-13,173.82199096679688,13.760000228881836,2.7100000000000004
2015-05-14,175.634521484375,12.739999771118164,2.74
2015-05-15,175.824951171875,12.380000114440918,2.72
2015-05-18,176.37110900878906,12.729999542236328,2.73
2015-05-19,176.3131866455078,12.850000381469728,2.7100000000000004
2015-05-20,176.1890411376953,12.880000114440918,2.7300000000000004
2015-05-21,176.7022247314453,12.109999656677246,2.7500000000000004
2015-05-22,176.28013610839844,12.130000114440918,2.74
2015-05-25,176.28013610839844,12.130000114440918,2.74
2015-05-26,174.38479614257812,14.0600004196167,2.73
2015-05-27,176.04006958007812,13.270000457763672,2.7099999999999995
2015-05-28,175.8414306640625,13.3100004196167,2.75
2015-05-29,174.74899291992188,13.84000015258789,2.72
2015-06-01,175.10484313964844,13.970000267028809,2.7500000000000004
2015-06-02,174.9310302734375,14.239999771118164,2.75
2015-06-03,175.3944549560547,13.65999984741211,2.72
2015-06-04,173.91302490234375,14.710000038146973,2.72
2015-06-05,173.61505126953125,14.210000038146973,2.6899999999999995
2015-06-08,172.54742431640625,15.289999961853027,2.7
2015-06-09,172.52255249023438,14.470000267028809,2.7300000000000004
2015-06-10,174.59169006347656,13.220000267028809,2.7
2015-06-11,175.15451049804688,12.850000381469728,2.7099999999999995
2015-06-12,173.81370544433594,13.779999732971191,2.7
2015-06-15,173.06886291503906,15.390000343322754,2.73
2015-06-16,174.0123748779297,14.8100004196167,2.74
2015-06-17,174.29376220703125,14.5,2.76
2015-06-18,176.1062774658203,13.1899995803833,2.82
2015-06-19,175.32452392578125,13.960000038146973,2.8200000000000003
2015-06-22,176.2227325439453,12.739999771118164,2.81
2015-06-23,176.34751892089844,12.109999656677246,2.8200000000000003
2015-06-24,175.0667266845703,13.260000228881836,2.8100000000000005
2015-06-25,174.53439331054688,14.010000228881836,2.8000000000000003
2015-06-26,174.50115966796875,14.020000457763672,2.81
2015-06-29,170.841796875,18.850000381469727,2.84
2015-06-30,171.19940185546875,18.229999542236328,2.83
2015-07-01,172.57168579101562,16.09000015258789,2.83
2015-07-02,172.41366577148438,16.790000915527344,2.86
2015-07-03,172.41366577148438,16.790000915527344,2.86
2015-07-06,171.92300415039062,17.010000228881836,2.84
2015-07-07,173.004150390625,16.09000015258789,2.8400000000000003
2015-07-08,170.10166931152344,19.65999984741211,2.87
2015-07-09,170.40933227539062,19.96999931335449,2.8800000000000003
2015-07-10,172.55503845214844,16.829999923706055,2.9000000000000004
2015-07-13,174.4595489501953,13.899999618530272,2.8800000000000003
2015-07-14,175.2163848876953,13.369999885559082,2.91
2015-07-15,175.15818786621094,13.229999542236328,2.91
2015-07-16,176.56370544433594,12.109999656677246,2.8800000000000003
2015-07-17,176.71339416503906,11.949999809265137,2.87
2015-07-20,176.80487060546875,12.25,2.8600000000000003
2015-07-21,176.1062774658203,12.220000267028809,2.87
2015-07-22,175.79026794433594,12.119999885559082,2.85
2015-07-23,174.80056762695312,12.640000343322754,2.85
2015-07-24,172.98753356933594,13.739999771118164,2.87
2015-07-27,171.98114013671875,15.600000381469728,2.9
2015-07-28,174.09365844726562,13.4399995803833,2.91
2015-07-29,175.2912139892578,12.5,2.9000000000000004
2015-07-30,175.33282470703125,12.130000114440918,2.8800000000000003
2015-07-31,175.0667266845703,12.119999885559082,2.9399999999999995
2015-08-03,174.4762420654297,12.5600004196167,2.92
2015-08-04,174.1352081298828,13.0,2.8800000000000003
2015-08-05,174.7091064453125,12.510000228881836,2.9
2015-08-06,173.27859497070312,13.770000457763672,2.9200000000000004
2015-08-07,172.94595336914062,13.390000343322754,2.91
2015-08-10,175.12496948242188,12.229999542236328,2.93
2015-08-11,173.5447540283203,13.710000038146973,2.94
2015-08-12,173.75265502929688,13.609999656677246,2.97
2015-08-13,173.53640747070312,13.489999771118164,2.98
2015-08-14,174.16847229003906,12.829999923706056,2.97
2015-08-17,175.1415252685547,13.020000457763672,2.97
2015-08-18,174.63424682617188,13.789999961853027,3.01
2015-08-19,173.253662109375,15.25,3.06
2015-08-20,169.63589477539062,19.13999938964844,3.04
2015-08-21,164.5294189453125,28.030000686645508,3.1000000000000005
2015-08-24,157.60162353515625,40.7400016784668,3.140000000000001
2015-08-25,155.7469940185547,36.02000045776367,3.17
2015-08-26,161.7266845703125,30.31999969482422,3.2
2015-08-27,165.7270050048828,26.100000381469727,3.15
2015-08-28,165.7353515625,26.049999237060547,3.1300000000000003
2015-08-31,164.3963623046875,28.43000030517578,3.1500000000000004
2015-09-01,159.48948669433594,31.399999618530277,3.18
2015-09-02,162.5167999267578,26.09000015258789,3.17
2015-09-03,162.63320922851562,25.61000061035156,3.1699999999999995
2015-09-04,160.17147827148438,27.799999237060547,3.1500000000000004
2015-09-07,160.17147827148438,27.799999237060547,3.1500000000000004
2015-09-08,164.19676208496094,24.899999618530277,3.16
2015-09-09,162.00108337402344,26.229999542236328,3.1
2015-09-10,162.88267517089844,24.3700008392334,3.12
2015-09-11,163.62289428710938,23.200000762939453,3.1099999999999994
2015-09-14,163.0158233642578,24.25,3.1299999999999994
2015-09-15,165.0533905029297,22.540000915527344,3.1600000000000006
2015-09-16,166.48387145996094,21.350000381469727,3.1500000000000004
2015-09-17,166.10958862304688,21.13999938964844,3.18
2015-09-18,163.39517211914062,22.280000686645508,3.1500000000000004
2015-09-21,164.23948669433594,20.13999938964844,3.1899999999999995
2015-09-22,162.10768127441406,22.440000534057617,3.15
2015-09-23,161.84852600097656,22.1299991607666,3.1499999999999995
2015-09-24,161.26332092285156,23.46999931335449,3.16
2015-09-25,161.2215118408203,23.6200008392334,3.1900000000000004
2015-09-28,157.1753387451172,27.6299991607666,3.2099999999999995
2015-09-29,157.26727294921875,26.82999992370605,3.26
2015-09-30,160.20159912109375,24.5,3.29
2015-10-01,160.61962890625,22.549999237060547,3.3100000000000005
2015-10-02,163.01890563964844,20.940000534057617,3.34
2015-10-05,165.91978454589844,19.540000915527344,3.3300000000000005
2015-10-06,165.35137939453125,19.399999618530277,3.3200000000000003
2015-10-07,166.70567321777344,18.399999618530277,3.27
2015-10-08,168.21041870117188,17.420000076293945,3.28
2015-10-09,168.310791015625,17.079999923706055,3.26
2015-10-12,168.4696807861328,16.170000076293945,3.26
2015-10-13,167.4079132080078,17.670000076293945,3.28
2015-10-14,166.60531616210938,18.030000686645508,3.31
2015-10-15,169.16346740722656,16.049999237060547,3.29
2015-10-16,169.93264770507812,15.050000190734863,3.28
2015-10-19,170.01620483398438,14.979999542236328,3.3
2015-10-20,169.79884338378906,15.75,3.29
2015-10-21,168.7455291748047,16.700000762939453,3.28
2015-10-22,171.59617614746094,14.449999809265137,3.26
2015-10-23,173.47720336914062,14.460000038146973,3.2300000000000004
2015-10-26,173.0508575439453,15.289999961853027,3.22
2015-10-27,172.7165069580078,15.43000030517578,3.25
2015-10-28,174.68104553222656,14.329999923706056,3.2
2015-10-29,174.58071899414062,14.609999656677246,3.2100000000000004
2015-10-30,173.828369140625,15.06999969482422,3.1899999999999995
2015-11-02,175.88487243652344,14.149999618530272,3.18
2015-11-03,176.3948516845703,14.539999961853027,3.19
2015-11-04,175.85983276367188,15.510000228881836,3.16
2015-11-05,175.6842498779297,15.050000190734863,3.1800000000000006
2015-11-06,175.59231567382812,14.329999923706056,3.17
2015-11-09,173.95372009277344,16.520000457763672,3.15
2015-11-10,174.35501098632812,15.289999961853027,3.18
2015-11-11,173.66954040527344,16.059999465942383,3.18
2015-11-12,171.24510192871094,18.3700008392334,3.19
2015-11-13,169.3223419189453,20.07999992370605,3.2000000000000006
2015-11-16,171.89718627929688,18.15999984741211,3.24
2015-11-17,171.77171325683594,18.84000015258789,3.2300000000000004
2015-11-18,174.4971160888672,16.850000381469727,3.2100000000000004
2015-11-19,174.34661865234375,16.989999771118164,3.2
2015-11-20,174.9820098876953,15.470000267028809,3.2
2015-11-23,174.78134155273438,15.619999885559082,3.1900000000000004
2015-11-24,175.0154571533203,15.93000030517578,3.2
2015-11-25,174.99041748046875,15.1899995803833,3.2100000000000004
2015-11-26,174.99041748046875,15.1899995803833,3.2100000000000004
2015-11-27,175.19102478027344,15.119999885559082,3.22
2015-11-30,174.4636688232422,16.1299991607666,3.2
2015-12-01,176.12730407714844,14.670000076293944,3.2100000000000004
2015-12-02,174.3299102783203,15.90999984741211,3.1699999999999995
2015-12-03,171.8888702392578,18.11000061035156,3.18
2015-12-04,175.2411346435547,14.8100004196167,3.15
2015-12-07,174.17945861816406,15.84000015258789,3.15
2015-12-08,173.00904846191406,17.600000381469727,3.1899999999999995
2015-12-09,171.6631317138672,19.61000061035156,3.18
2015-12-10,172.10617065429688,19.34000015258789,3.1899999999999995
2015-12-11,168.77053833007812,24.38999938964844,3.24
2015-12-14,169.62330627441406,22.729999542236328,3.23
2015-12-15,171.40391540527344,20.950000762939453,3.2100000000000004
2015-12-16,173.9119415283203,17.860000610351562,3.21
2015-12-17,171.2617950439453,18.940000534057617,3.21
2015-12-18,168.21080017089844,20.700000762939453,3.2500000000000004
2015-12-21,169.5984344482422,18.700000762939453,3.27
2015-12-22,171.13739013671875,16.600000381469727,3.26
2015-12-23,173.2566680908203,15.56999969482422,3.26
2015-12-24,172.97064208984375,15.739999771118164,3.22
2015-12-25,172.97064208984375,15.739999771118164,3.22
2015-12-28,172.57537841796875,16.90999984741211,3.21
2015-12-29,174.41712951660156,16.079999923706055,3.22
2015-12-30,173.18087768554688,17.290000915527344,3.23
2015-12-31,171.44854736328125,18.209999084472656,3.23
2016-01-01,171.44854736328125,18.209999084472656,3.23
2016-01-04,169.05178833007812,20.700000762939453,3.24
2016-01-05,169.33767700195312,19.34000015258789,3.25
2016-01-06,167.20159912109375,20.59000015258789,3.26
2016-01-07,163.19021606445312,24.989999771118164,3.28
2016-01-08,161.39891052246094,27.01000022888184,3.3100000000000005
2016-01-11,161.55870056152344,24.299999237060547,3.3
2016-01-12,162.8622283935547,22.46999931335449,3.29
2016-01-13,158.80035400390625,25.21999931335449,3.28
2016-01-14,161.40736389160156,23.950000762939453,3.36
2016-01-15,157.9425506591797,27.020000457763672,3.3800000000000003
2016-01-18,157.9425506591797,27.020000457763672,3.3800000000000003
2016-01-19,158.15281677246094,26.049999237060547,3.35
2016-01-20,156.12606811523438,27.59000015258789,3.4000000000000004
2016-01-21,157.00067138671875,26.690000534057617,3.45
2016-01-22,160.2215118408203,22.34000015258789,3.4200000000000004
2016-01-25,157.79959106445312,24.149999618530277,3.44
2016-01-26,159.95248413085938,22.5,3.46
2016-01-27,158.21163940429688,23.11000061035156,3.4600000000000004
2016-01-28,159.03579711914062,22.420000076293945,3.4800000000000004
2016-01-29,162.9126739501953,20.200000762939453,3.48
2016-02-01,162.8538360595703,19.979999542236328,3.49
2016-02-02,159.9188690185547,21.979999542236328,3.49
2016-02-03,160.8775634765625,21.649999618530277,3.5200000000000005
2016-02-04,161.12985229492188,21.84000015258789,3.53
2016-02-05,158.06027221679688,23.3799991607666,3.52
2016-02-08,155.9326934814453,26.0,3.53
2016-02-09,155.94105529785156,26.540000915527344,3.54
2016-02-10,155.8064727783203,26.290000915527344,3.56
2016-02-11,153.7797393798828,28.13999938964844,3.63
2016-02-12,156.95021057128906,25.399999618530277,3.6
2016-02-15,156.95021057128906,25.399999618530277,3.6
2016-02-16,159.59925842285156,24.11000061035156,3.59
2016-02-17,162.2062530517578,22.309999465942383,3.62
2016-02-18,161.54188537597656,21.63999938964844,3.62
2016-02-19,161.4661407470703,20.530000686645508,3.5600000000000005
2016-02-22,163.80413818359375,19.3799991607666,3.57
2016-02-23,161.7353057861328,20.979999542236328,3.58
2016-02-24,162.47537231445312,20.71999931335449,3.56
2016-02-25,164.44326782226562,19.11000061035156,3.56
2016-02-26,164.0648193359375,19.809999465942383,3.5600000000000005
2016-02-29,162.77810668945312,20.549999237060547,3.55
2016-03-01,166.60455322265625,17.700000762939453,3.54
2016-03-02,167.35304260253906,17.09000015258789,3.5
2016-03-03,168.00901794433594,16.700000762939453,3.47
2016-03-04,168.5556182861328,16.860000610351562,3.43
2016-03-07,168.69012451171875,17.350000381469727,3.39
2016-03-08,166.8484344482422,18.670000076293945,3.38
2016-03-09,167.6725616455078,18.34000015258789,3.36
2016-03-10,167.80712890625,18.049999237060547,3.3000000000000007
2016-03-11,170.5150604248047,16.5,3.26
2016-03-14,170.29637145996094,16.920000076293945,3.2200000000000006
2016-03-15,170.0189208984375,16.84000015258789,3.1900000000000004
2016-03-16,171.0028076171875,14.989999771118164,3.22
2016-03-17,172.08767700195312,14.4399995803833,3.2
2016-03-18,172.76394653320312,14.020000457763672,3.17
2016-03-21,173.00900268554688,13.789999961853027,3.1500000000000004
2016-03-22,172.9160919189453,14.170000076293944,3.1
2016-03-23,171.77493286132812,14.9399995803833,3.0700000000000003
2016-03-24,171.69882202148438,14.739999771118164,3.06
2016-03-25,171.69882202148438,14.739999771118164,3.06
2016-03-28,171.80026245117188,15.239999771118164,3.0500000000000007
2016-03-29,173.3894500732422,13.81999969482422,3.0900000000000003
2016-03-30,174.15025329589844,13.5600004196167,3.1100000000000003
2016-03-31,173.72755432128906,13.949999809265137,3.12
2016-04-01,174.91098022460938,13.100000381469728,3.1
2016-04-04,174.34466552734375,14.119999885559082,3.1
2016-04-05,172.603271484375,15.420000076293944,3.08
2016-04-06,174.48829650878906,14.09000015258789,3.08
2016-04-07,172.4004364013672,16.15999984741211,3.06
2016-04-08,172.86532592773438,15.359999656677246,3.0700000000000003
2016-04-11,172.4595947265625,16.260000228881836,3.0500000000000003
2016-04-12,174.065673828125,14.850000381469728,3.03
2016-04-13,175.82394409179688,13.84000015258789,3.01
2016-04-14,175.83236694335938,13.720000267028809,2.99
2016-04-15,175.63796997070312,13.619999885559082,2.99
2016-04-18,176.87213134765625,13.350000381469728,2.9899999999999998
2016-04-19,177.4300079345703,13.239999771118164,2.96
2016-04-20,177.59902954101562,13.279999732971191,2.93
2016-04-21,176.64389038085938,13.949999809265137,2.91
2016-04-22,176.64389038085938,13.220000267028809,2.890000000000001
2016-04-25,176.33953857421875,14.079999923706056,2.88
2016-04-26,176.6016387939453,13.960000038146973,2.85
2016-04-27,176.965087890625,13.770000457763672,2.8600000000000003
2016-04-28,175.35902404785156,15.220000267028809,2.890000000000001
2016-04-29,174.4122314453125,15.699999809265137,2.8600000000000003
2016-05-02,175.79856872558594,14.68000030517578,2.8600000000000003
2016-05-03,174.2685089111328,15.600000381469728,2.85
2016-05-04,173.2964630126953,16.049999237060547,2.85
2016-05-05,173.2626190185547,15.90999984741211,2.8600000000000003
2016-05-06,173.89659118652344,14.720000267028809,2.87
2016-05-09,174.0403289794922,14.56999969482422,2.89
2016-05-10,176.20428466796875,13.630000114440918,2.89
2016-05-11,174.55599975585938,14.6899995803833,2.9
2016-05-12,174.60667419433594,14.40999984741211,2.91
2016-05-13,173.08514404296875,15.039999961853027,2.9000000000000004
2016-05-16,174.7926483154297,14.68000030517578,2.9000000000000004
2016-05-17,173.1611785888672,15.56999969482422,2.890000000000001
2016-05-18,173.2119598388672,15.949999809265137,2.87
2016-05-19,172.6117401123047,16.329999923706055,2.85
2016-05-20,173.70220947265625,15.199999809265137,2.86
2016-05-23,173.46546936035156,15.81999969482422,2.8600000000000003
2016-05-24,175.71401977539062,14.420000076293944,2.85
2016-05-25,176.90594482421875,13.899999618530272,2.87
2016-05-26,176.95660400390625,13.43000030517578,2.8600000000000003
2016-05-27,177.71737670898438,13.119999885559082,2.85
2016-05-30,177.71737670898438,13.119999885559082,2.85
2016-05-31,177.3792724609375,14.1899995803833,2.84
2016-06-01,177.74276733398438,14.199999809265137,2.82
2016-06-02,178.2837677001953,13.630000114440918,2.83
2016-06-03,177.75123596191406,13.470000267028809,2.8600000000000003
2016-06-06,178.6557159423828,13.649999618530272,2.86
2016-06-07,178.9346466064453,14.050000190734863,2.8600000000000003
2016-06-08,179.51791381835938,14.079999923706056,2.85
2016-06-09,179.27279663085938,14.640000343322754,2.8500000000000005
2016-06-10,177.57373046875,17.030000686645508,2.8600000000000003
2016-06-13,176.20428466796875,20.96999931335449,2.8600000000000003
2016-06-14,175.85775756835938,20.5,2.88
2016-06-15,175.61260986328125,20.13999938964844,2.9
2016-06-16,176.1366424560547,19.3700008392334,2.8999999999999995
2016-06-17,175.48069763183594,19.40999984741211,2.89
2016-06-20,176.61082458496094,18.3700008392334,2.87
2016-06-21,177.11215209960938,18.479999542236328,2.8600000000000003
2016-06-22,176.82322692871094,21.170000076293945,2.86
2016-06-23,179.12594604492188,17.25,2.8599999999999994
2016-06-24,172.6936798095703,25.76000022888184,2.9799999999999995
2016-06-27,169.600830078125,23.850000381469727,2.96
2016-06-28,172.65968322753906,18.75,2.95
2016-06-29,175.59967041015625,16.639999389648438,2.9000000000000004
2016-06-30,177.99583435058594,15.630000114440918,2.92
2016-07-01,178.3697052001953,14.770000457763672,2.8600000000000003
2016-07-04,178.3697052001953,14.770000457763672,2.8600000000000003
2016-07-05,177.08663940429688,15.579999923706056,2.83
2016-07-06,178.14878845214844,14.960000038146973,2.83
2016-07-07,178.03831481933594,14.760000228881836,2.7900000000000005
2016-07-08,180.6894073486328,13.199999809265137,2.78
2016-07-11,181.32667541503903,13.539999961853027,2.75
2016-07-12,182.64370727539065,13.550000190734863,2.7
2016-07-13,182.61817932128903,13.039999961853027,2.69
2016-07-14,183.63787841796875,12.81999969482422,2.7
2016-07-15,183.39144897460935,12.670000076293944,2.66
2016-07-18,183.88427734375,12.4399995803833,2.67
2016-07-19,183.69732666015625,11.970000267028809,2.6700000000000004
2016-07-20,184.4620819091797,11.770000457763672,2.66
2016-07-21,183.76535034179688,12.739999771118164,2.68
2016-07-22,184.58953857421875,12.020000457763672,2.66
2016-07-25,184.0882110595703,12.869999885559082,2.6500000000000004
2016-07-26,184.17318725585935,13.050000190734863,2.6499999999999995
2016-07-27,183.97772216796875,12.829999923706056,2.6700000000000004
2016-07-28,184.19017028808597,12.720000267028809,2.68
2016-07-29,184.4875640869141,11.869999885559082,2.71
2016-08-01,184.3346405029297,12.4399995803833,2.7300000000000004
2016-08-02,183.15353393554688,13.369999885559082,2.75
2016-08-03,183.6888427734375,12.859999656677246,2.76
2016-08-04,183.88427734375,12.420000076293944,2.76
2016-08-05,185.3882293701172,11.390000343322754,2.7300000000000004
2016-08-08,185.2778167724609,11.5,2.71
2016-08-09,185.3882293701172,11.65999984741211,2.7
2016-08-10,184.92941284179688,12.050000190734863,2.71
2016-08-11,185.78762817382807,11.68000030517578,2.6999999999999997
2016-08-12,185.6262359619141,11.550000190734863,2.71
2016-08-15,186.1614990234375,11.8100004196167,2.7
2016-08-16,185.2013397216797,12.640000343322754,2.6999999999999997
2016-08-17,185.5497283935547,12.1899995803833,2.69
2016-08-18,185.96604919433597,11.43000030517578,2.7
2016-08-19,185.69407653808597,11.34000015258789,2.67
2016-08-22,185.68560791015625,12.270000457763672,2.6500000000000004
2016-08-23,186.05950927734372,12.380000114440918,2.640000000000001
2016-08-24,185.10791015625,13.449999809265137,2.64
2016-08-25,184.9804229736328,13.630000114440918,2.63
2016-08-26,184.63198852539065,13.649999618530272,2.63
2016-08-29,185.54116821289065,12.9399995803833,2.59
2016-08-30,185.2353057861328,13.119999885559082,2.62
2016-08-31,184.7085418701172,13.420000076293944,2.6100000000000003
2016-09-01,184.7169647216797,13.479999542236328,2.62
2016-09-02,185.5497283935547,11.979999542236328,2.6300000000000003
2016-09-05,185.5497283935547,11.979999542236328,2.6300000000000003
2016-09-06,186.11045837402344,12.020000457763672,2.640000000000001
2016-09-07,186.0934600830078,11.9399995803833,2.6500000000000004
2016-09-08,185.6686553955078,12.510000228881836,2.67
2016-09-09,181.2247009277344,17.5,2.67
2016-09-12,183.8247985839844,15.15999984741211,2.6800000000000006
2016-09-13,181.1822052001953,17.850000381469727,2.7
2016-09-14,181.11422729492188,18.13999938964844,2.7
2016-09-15,182.9241180419922,16.299999237060547,2.72
2016-09-16,182.21701049804688,15.369999885559082,2.71
2016-09-19,182.2511749267578,15.529999732971191,2.7
2016-09-20,182.25970458984372,15.920000076293944,2.7
2016-09-21,184.30929565429688,13.300000190734863,2.7
2016-09-22,185.47067260742188,12.020000457763672,2.6900000000000004
2016-09-23,184.45445251464844,12.289999961853027,2.68
2016-09-26,182.95997619628903,14.5,2.7
2016-09-27,184.0958404541016,13.100000381469728,2.69
2016-09-28,185.0095977783203,12.390000343322754,2.6899999999999995
2016-09-29,183.33572387695312,14.020000457763672,2.6700000000000004
2016-09-30,184.71920776367188,13.289999961853027,2.69
2016-10-03,184.275146484375,13.56999969482422,2.66
2016-10-04,183.33572387695312,13.630000114440918,2.66
2016-10-05,184.1470184326172,12.989999771118164,2.640000000000001
2016-10-06,184.275146484375,12.84000015258789,2.6100000000000003
2016-10-07,183.6431884765625,13.479999542236328,2.6300000000000003
2016-10-10,184.59967041015625,13.380000114440918,2.6300000000000003
2016-10-11,182.26824951171875,15.359999656677246,2.6
2016-10-12,182.50735473632807,15.90999984741211,2.6
2016-10-13,181.90956115722656,16.690000534057617,2.59
2016-10-14,182.0034637451172,16.1200008392334,2.63
2016-10-17,181.37161254882807,16.209999084472656,2.62
2016-10-18,182.50735473632807,15.279999732971191,2.62
2016-10-19,182.99415588378903,14.40999984741211,2.62
2016-10-20,182.6525421142578,13.75,2.59
2016-10-21,182.73789978027344,13.34000015258789,2.6
2016-10-24,183.5150451660156,13.020000457763672,2.5900000000000003
2016-10-25,182.9002227783203,13.460000038146973,2.58
2016-10-26,182.53302001953125,14.239999771118164,2.6
2016-10-27,182.0461883544922,15.359999656677246,2.5900000000000003
2016-10-28,181.50816345214844,16.190000534057617,2.6
2016-10-31,181.5167694091797,17.059999465942383,2.6100000000000003
2016-11-01,180.2015838623047,18.559999465942383,2.6100000000000003
2016-11-02,179.1170196533203,19.31999969482422,2.6300000000000003
2016-11-03,178.2971649169922,22.07999992370605,2.67
2016-11-04,178.10073852539062,22.51000022888184,2.67
2016-11-07,182.0290679931641,18.709999084472656,2.66
2016-11-08,182.8489532470703,18.739999771118164,2.62
2016-11-09,184.7875823974609,14.380000114440918,2.6600000000000006
2016-11-10,185.2487030029297,14.739999771118164,2.6
2016-11-11,184.82167053222656,14.170000076293944,2.6
2016-11-14,184.96690368652344,14.479999542236328,2.6
2016-11-15,186.4101104736328,13.369999885559082,2.5900000000000003
2016-11-16,186.0599365234375,13.720000267028809,2.5499999999999994
2016-11-17,187.01646423339844,13.350000381469728,2.54
2016-11-18,186.59803771972656,12.850000381469728,2.5200000000000005
2016-11-21,188.007080078125,12.420000076293944,2.52
2016-11-22,188.37432861328125,12.40999984741211,2.53
2016-11-23,188.4768218994141,12.43000030517578,2.49
2016-11-24,188.4768218994141,12.43000030517578,2.49
2016-11-25,189.17706298828125,12.34000015258789,2.48
2016-11-28,188.2889404296875,13.149999618530272,2.47
2016-11-29,188.6561279296875,12.899999618530272,2.46
2016-11-30,188.2035217285156,13.329999923706056,2.45
2016-12-01,187.51177978515625,14.06999969482422,2.42
2016-12-02,187.60568237304688,14.119999885559082,2.4200000000000004
2016-12-05,188.7329864501953,12.140000343322754,2.4199999999999995
2016-12-06,189.33079528808597,11.789999961853027,2.44
2016-12-07,191.80740356445312,12.220000267028809,2.4400000000000004
2016-12-08,192.27706909179688,12.640000343322754,2.43
2016-12-09,193.43849182128903,11.75,2.43
2016-12-12,193.2164459228516,12.640000343322754,2.41
2016-12-13,194.5059967041016,12.720000267028809,2.39
2016-12-14,192.90049743652344,13.1899995803833,2.3200000000000003
2016-12-15,193.6947021484375,12.789999961853027,2.24
2016-12-16,193.31588745117188,12.199999809265137,2.28
2016-12-19,193.7368011474609,11.710000038146973,2.28
2016-12-20,194.4841461181641,11.449999809265137,2.28
2016-12-21,193.94297790527344,11.270000457763672,2.26
2016-12-22,193.60797119140625,11.43000030517578,2.2700000000000005
2016-12-23,193.89141845703125,11.4399995803833,2.25
2016-12-26,193.89141845703125,11.4399995803833,2.25
2016-12-27,194.3724822998047,11.989999771118164,2.2500000000000004
2016-12-28,192.7660980224609,12.949999809265137,2.26
2016-12-29,192.72314453125,13.369999885559082,2.27
2016-12-30,192.01870727539065,14.039999961853027,2.28
2017-01-02,192.01870727539065,14.039999961853027,2.28
2017-01-03,193.4876708984375,12.850000381469728,2.27
2017-01-04,194.6387939453125,11.850000381469728,2.25
2017-01-05,194.4841461181641,11.670000076293944,2.25
2017-01-06,195.17996215820312,11.31999969482422,2.24
2017-01-09,194.53570556640625,11.5600004196167,2.24
2017-01-10,194.53570556640625,11.489999771118164,2.24
2017-01-11,195.0854949951172,11.260000228881836,2.22
2017-01-12,194.59580993652344,11.539999961853027,2.2500000000000004
2017-01-13,195.04249572753903,11.229999542236328,2.23
2017-01-16,195.04249572753903,11.229999542236328,2.23
2017-01-17,194.3552398681641,11.869999885559082,2.26
2017-01-18,194.7847900390625,12.479999542236328,2.22
2017-01-19,194.0632476806641,12.779999732971191,2.2099999999999995
2017-01-20,194.77622985839844,11.539999961853027,2.2100000000000004
2017-01-23,194.26939392089844,11.770000457763672,2.21
2017-01-24,195.5150146484375,11.06999969482422,2.22
2017-01-25,197.2072906494141,10.8100004196167,2.2100000000000004
2017-01-26,197.0011138916016,10.630000114440918,2.2
2017-01-27,196.69189453125,10.579999923706056,2.1899999999999995
2017-01-30,195.47198486328125,11.880000114440918,2.21
2017-01-31,195.45486450195312,11.989999771118164,2.2299999999999995
2017-02-01,195.53216552734372,11.8100004196167,2.23
2017-02-02,195.6610565185547,11.93000030517578,2.23
2017-02-03,197.0097198486328,10.970000267028809,2.24
2017-02-06,196.6575164794922,11.369999885559082,2.25
2017-02-07,196.6661071777344,11.289999961853027,2.24
2017-02-08,196.92376708984372,11.449999809265137,2.25
2017-02-09,198.092041015625,10.880000114440918,2.24
2017-02-10,198.873779296875,10.850000381469728,2.2299999999999995
2017-02-13,199.9561462402344,11.06999969482422,2.23
2017-02-14,200.7550506591797,10.739999771118164,2.2099999999999995
2017-02-15,201.8030548095703,11.970000267028809,2.1900000000000004
2017-02-16,201.6313018798828,11.760000228881836,2.2
2017-02-17,201.9490203857422,11.489999771118164,2.21
2017-02-20,201.9490203857422,11.489999771118164,2.21
2017-02-21,203.1517639160156,11.56999969482422,2.2
2017-02-22,202.9713592529297,11.739999771118164,2.21
2017-02-23,203.1088104248047,11.710000038146973,2.2300000000000004
2017-02-24,203.36651611328125,11.470000267028809,2.23
2017-02-27,203.684326171875,12.09000015258789,2.2100000000000004
2017-02-28,203.1345367431641,12.920000076293944,2.19
2017-03-01,205.97799682617188,12.539999961853027,2.18
2017-03-02,204.6808319091797,11.8100004196167,2.16
2017-03-03,204.8097076416016,10.960000038146973,2.16
2017-03-06,204.1997833251953,11.239999771118164,2.17
2017-03-07,203.58985900878903,11.449999809265137,2.15
2017-03-08,203.21192932128903,11.859999656677246,2.15
2017-03-09,203.46961975097656,12.300000190734863,2.1699999999999995
2017-03-10,204.1825408935547,11.65999984741211,2.18
2017-03-13,204.28567504882807,11.350000381469728,2.17
2017-03-14,203.50392150878903,12.300000190734863,2.18
2017-03-15,205.26498413085935,11.630000114440918,2.2
2017-03-16,204.8612060546875,11.210000038146973,2.2100000000000004
2017-03-17,204.50146484375,11.279999732971191,2.22
2017-03-20,204.2771453857422,11.34000015258789,2.23
2017-03-21,201.65432739257807,12.470000267028809,2.23
2017-03-22,202.1288604736328,12.8100004196167,2.23
2017-03-23,201.9131622314453,13.119999885559082,2.24
2017-03-24,201.7664794921875,12.960000038146973,2.22
2017-03-27,201.55938720703125,12.5,2.2300000000000004
2017-03-28,203.02615356445312,11.529999732971191,2.22
2017-03-29,203.2159423828125,11.420000076293944,2.23
2017-03-30,203.86294555664065,11.539999961853027,2.2300000000000004
2017-03-31,203.38845825195312,12.369999885559082,2.24
2017-04-03,203.03472900390625,12.380000114440918,2.26
2017-04-04,203.16416931152344,11.789999961853027,2.26
2017-04-05,202.56024169921875,12.890000343322754,2.29
2017-04-06,203.129638671875,12.390000343322754,2.2700000000000005
2017-04-07,202.92257690429688,12.869999885559082,2.24
2017-04-10,203.0433807373047,14.050000190734863,2.24
2017-04-11,202.80177307128903,15.06999969482422,2.24
2017-04-12,201.9131622314453,15.770000457763672,2.28
2017-04-13,200.60174560546875,15.960000038146973,2.28
2017-04-14,200.60174560546875,15.960000038146973,2.28
2017-04-17,202.3790435791016,14.65999984741211,2.29
2017-04-18,201.7751007080078,14.420000076293944,2.29
2017-04-19,201.40411376953125,14.93000030517578,2.29
2017-04-20,203.0433807373047,14.149999618530272,2.28
2017-04-21,202.39633178710935,14.630000114440918,2.29
2017-04-24,204.62222290039065,10.84000015258789,2.28
2017-04-25,205.8128662109375,10.760000228881836,2.26
2017-04-26,205.6834716796875,10.850000381469728,2.27
2017-04-27,205.85595703125,10.359999656677246,2.28
2017-04-28,205.4073638916016,10.81999969482422,2.28
2017-05-01,205.92501831054688,10.109999656677246,2.29
2017-05-02,206.00262451171875,10.59000015258789,2.3
2017-05-03,205.7524261474609,10.68000030517578,2.2299999999999995
2017-05-04,205.99407958984372,10.460000038146973,2.2500000000000004
2017-05-05,206.80499267578125,10.56999969482422,2.24
2017-05-08,206.7705078125,9.770000457763672,2.23
2017-05-09,206.5807037353516,9.960000038146973,2.22
2017-05-10,206.9517059326172,10.210000038146973,2.22
2017-05-11,206.52896118164065,10.600000381469728,2.24
2017-05-12,206.1838531494141,10.399999618530272,2.25
2017-05-15,207.32272338867188,10.420000076293944,2.25
2017-05-16,207.1328887939453,10.649999618530272,2.24
2017-05-17,203.45748901367188,15.59000015258789,2.26
2017-05-18,204.2771453857422,14.65999984741211,2.26
2017-05-19,205.60580444335935,12.039999961853027,2.26
2017-05-22,206.6497344970703,10.93000030517578,2.24
2017-05-23,207.10699462890625,10.720000267028809,2.22
2017-05-24,207.5901031494141,10.020000457763672,2.25
2017-05-25,208.58230590820312,9.989999771118164,2.24
2017-05-26,208.5392303466797,9.8100004196167,2.24
2017-05-29,208.5392303466797,9.8100004196167,2.24
2017-05-30,208.3580017089844,10.380000114440918,2.25
2017-05-31,208.3062286376953,10.40999984741211,2.2300000000000004
2017-06-01,209.96273803710935,9.890000343322754,2.24
2017-06-02,210.66162109375,9.75,2.24
2017-06-05,210.50631713867188,10.06999969482422,2.24
2017-06-06,209.83335876464844,10.449999809265137,2.25
2017-06-07,210.2215881347656,10.390000343322754,2.23
2017-06-08,210.32508850097656,10.15999984741211,2.23
2017-06-09,210.00587463378903,10.699999809265137,2.21
2017-06-12,209.96273803710935,11.460000038146973,2.22
2017-06-13,210.98941040039065,10.420000076293944,2.21
2017-06-14,210.7219696044922,10.640000343322754,2.19
2017-06-15,210.3164978027344,10.899999618530272,2.18
2017-06-16,210.3624725341797,10.380000114440918,2.1899999999999995
2017-06-19,212.11373901367188,10.369999885559082,2.1700000000000004
2017-06-20,210.6831970214844,10.859999656677246,2.16
2017-06-21,210.6311798095703,10.75,2.1499999999999995
2017-06-22,210.53582763671875,10.479999542236328,2.16
2017-06-23,210.78726196289065,10.020000457763672,2.15
2017-06-26,210.92588806152344,9.899999618530272,2.15
2017-06-27,209.2266998291016,11.0600004196167,2.12
2017-06-28,211.09939575195312,10.029999732971191,2.14
2017-06-29,209.24403381347656,11.4399995803833,2.11
2017-06-30,209.6341552734375,11.18000030517578,2.0900000000000003
2017-07-03,209.9897003173828,11.220000267028809,2.07
2017-07-04,209.9897003173828,11.220000267028809,2.07
2017-07-05,210.4751434326172,11.06999969482422,2.08
2017-07-06,208.5504302978516,12.539999961853027,2.0700000000000003
2017-07-07,209.9029541015625,11.1899995803833,2.08
2017-07-10,210.1283416748047,11.109999656677246,2.08
2017-07-11,209.9722900390625,10.890000343322754,2.08
2017-07-12,211.5501708984375,10.300000190734863,2.09
2017-07-13,211.9056396484375,9.899999618530272,2.0900000000000003
2017-07-14,212.89401245117188,9.510000228881836,2.09
2017-07-17,212.8679656982422,9.81999969482422,2.0900000000000003
2017-07-18,212.98069763183597,9.890000343322754,2.08
2017-07-19,214.1337738037109,9.789999961853027,2.07
2017-07-20,214.22918701171875,9.579999923706056,2.0500000000000003
2017-07-21,214.03839111328125,9.359999656677246,2.05
2017-07-24,213.98634338378903,9.43000030517578,2.0600000000000005
2017-07-25,214.50656127929688,9.43000030517578,2.05
2017-07-26,214.5152282714844,9.600000381469728,2.0700000000000003
2017-07-27,214.3158416748047,10.109999656677246,2.07
2017-07-28,214.06442260742188,10.289999961853027,2.05
2017-07-31,213.9429931640625,10.260000228881836,2.0600000000000005
2017-08-01,214.4198760986328,10.09000015258789,2.0600000000000005
2017-08-02,214.5238800048828,10.279999732971191,2.0500000000000003
2017-08-03,214.10777282714844,10.4399995803833,2.05
2017-08-04,214.49790954589844,10.029999732971191,2.0500000000000003
2017-08-07,214.8966827392578,9.93000030517578,2.0600000000000005
2017-08-08,214.3678436279297,10.960000038146973,2.0700000000000003
2017-08-09,214.35916137695312,11.109999656677246,2.09
2017-08-10,211.33349609375,16.040000915527344,2.1099999999999994
2017-08-11,211.6455535888672,15.510000228881836,2.12
2017-08-14,213.7436370849609,12.329999923706056,2.11
2017-08-15,213.71763610839844,12.039999961853027,2.0900000000000003
2017-08-16,214.09043884277344,11.739999771118164,2.0900000000000003
2017-08-17,210.7525329589844,15.550000190734863,2.11
2017-08-18,210.42315673828125,14.260000228881836,2.12
2017-08-21,210.58790588378903,13.1899995803833,2.12
2017-08-22,212.7899475097656,11.350000381469728,2.1
2017-08-23,212.0270233154297,12.25,2.12
2017-08-24,211.5328826904297,12.229999542236328,2.12
2017-08-25,212.0270233154297,11.279999732971191,2.12
2017-08-28,212.0357360839844,11.31999969482422,2.13
2017-08-29,212.2784576416016,11.699999809265137,2.1500000000000004
2017-08-30,213.28411865234372,11.220000267028809,2.14
2017-08-31,214.56724548339844,10.59000015258789,2.14
2017-09-01,214.8706970214844,10.130000114440918,2.1499999999999995
2017-09-04,214.8706970214844,10.130000114440918,2.1499999999999995
2017-09-05,213.3275146484375,12.229999542236328,2.1600000000000006
2017-09-06,214.0557403564453,11.630000114440918,2.1699999999999995
2017-09-07,214.0296936035156,11.550000190734863,2.17
2017-09-08,213.77825927734372,12.119999885559082,2.1700000000000004
2017-09-11,216.05845642089844,10.729999542236328,2.15
2017-09-12,216.7866668701172,10.579999923706056,2.16
2017-09-13,216.89073181152344,10.5,2.13
2017-09-14,216.82139587402344,10.4399995803833,2.1099999999999994
2017-09-15,217.11328125,10.170000076293944,2.1
2017-09-18,217.57505798339844,10.149999618530272,2.1
2017-09-19,217.79290771484372,10.18000030517578,2.09
2017-09-20,217.87127685546875,9.779999732971191,2.06
2017-09-21,217.2875061035156,9.670000076293944,2.0500000000000003
2017-09-22,217.3311462402344,9.59000015258789,2.05
2017-09-25,216.8867034912109,10.210000038146973,2.06
2017-09-26,217.01739501953125,10.170000076293944,2.04
2017-09-27,217.86260986328125,9.869999885559082,2.06
2017-09-28,218.1239776611328,9.550000190734863,2.0500000000000003
2017-09-29,218.8906707763672,9.510000228881836,2.0
2017-10-02,219.8404083251953,9.449999809265137,1.99
2017-10-03,220.31089782714844,9.510000228881836,2.0
2017-10-04,220.5722198486328,9.630000114440918,2.01
2017-10-05,221.87913513183597,9.1899995803833,2.0
2017-10-06,221.62643432617188,9.649999618530272,1.9799999999999995
2017-10-09,221.26055908203125,10.329999923706056,1.97
2017-10-10,221.8442840576172,10.079999923706056,1.97
2017-10-11,222.19281005859372,9.850000381469728,1.97
2017-10-12,221.86170959472656,9.90999984741211,1.97
2017-10-13,222.13185119628903,9.609999656677246,1.97
2017-10-16,222.4280548095703,9.90999984741211,1.97
2017-10-17,222.5849151611328,10.3100004196167,1.95
2017-10-18,222.80270385742188,10.06999969482422,1.95
2017-10-19,222.8636779785156,10.050000190734863,1.9399999999999995
2017-10-20,224.0137939453125,9.970000267028809,1.94
2017-10-23,223.1425018310547,11.06999969482422,1.9400000000000004
2017-10-24,223.5345916748047,11.15999984741211,1.92
2017-10-25,222.4280548095703,11.229999542236328,1.93
2017-10-26,222.7155914306641,11.300000190734863,1.91
2017-10-27,224.5365447998047,9.800000190734863,1.93
2017-10-30,223.7001190185547,10.5,1.92
2017-10-31,224.0486297607422,10.18000030517578,1.91
2017-11-01,224.34487915039065,10.199999809265137,1.92
2017-11-02,224.43206787109372,9.93000030517578,1.91
2017-11-03,225.1813201904297,9.140000343322754,1.91
2017-11-06,225.5298767089844,9.399999618530272,1.9200000000000004
2017-11-07,225.37298583984372,9.890000343322754,1.9
2017-11-08,225.7563323974609,9.779999732971191,1.9200000000000004
2017-11-09,224.93736267089844,10.5,1.93
2017-11-10,224.8676300048828,11.289999961853027,1.86
2017-11-13,225.0767517089844,11.5,1.93
2017-11-14,224.5540008544922,11.59000015258789,1.93
2017-11-15,223.4300537109375,13.130000114440918,1.95
2017-11-16,225.3294219970703,11.760000228881836,1.92
2017-11-17,224.66722106933597,11.43000030517578,1.93
2017-11-20,225.0505523681641,10.649999618530272,1.91
2017-11-21,226.5230865478516,9.729999542236328,1.8800000000000003
2017-11-22,226.3227386474609,9.880000114440918,1.9100000000000008
2017-11-23,226.3227386474609,9.880000114440918,1.9100000000000008
2017-11-24,226.845458984375,9.670000076293944,1.9000000000000004
2017-11-27,226.7321929931641,9.869999885559082,1.93
2017-11-28,229.0323638916016,10.029999732971191,1.91
2017-11-29,228.8929443359375,10.699999809265137,1.92
2017-11-30,230.89686584472656,11.279999732971191,1.88
2017-12-01,230.4176483154297,11.43000030517578,1.87
2017-12-04,230.13882446289065,11.68000030517578,1.87
2017-12-05,229.31114196777344,11.329999923706056,1.8400000000000003
2017-12-06,229.354736328125,11.020000457763672,1.8600000000000003
2017-12-07,230.077880859375,10.15999984741211,1.88
2017-12-08,231.33248901367188,9.579999923706056,1.87
2017-12-11,232.0294647216797,9.34000015258789,1.85
2017-12-12,232.4390106201172,9.920000076293944,1.8400000000000003
2017-12-13,232.41287231445312,10.18000030517578,1.8300000000000003
2017-12-14,231.46316528320312,10.489999771118164,1.82
2017-12-15,233.3907012939453,9.420000076293944,1.8000000000000005
2017-12-18,234.87063598632807,9.529999732971191,1.81
2017-12-19,233.96871948242188,10.029999732971191,1.81
2017-12-20,233.8460235595703,9.720000267028809,1.8199999999999996
2017-12-21,234.32766723632807,9.619999885559082,1.7899999999999996
2017-12-22,234.26641845703125,9.899999618530272,1.7899999999999996
2017-12-25,234.26641845703125,9.899999618530272,1.7899999999999996
2017-12-26,233.9861602783203,10.25,1.7799999999999998
2017-12-27,234.1000061035156,10.470000267028809,1.7599999999999998
2017-12-28,234.58164978027344,10.18000030517578,1.7600000000000002
2017-12-29,233.6971893310547,11.039999961853027,1.77
2018-01-01,233.6971893310547,11.039999961853027,1.77
2018-01-02,235.3698272705078,9.770000457763672,1.7800000000000002
2018-01-03,236.8585357666016,9.149999618530272,1.77
2018-01-04,237.8568878173828,9.220000267028809,1.75
2018-01-05,239.44200134277344,9.220000267028809,1.7600000000000002
2018-01-08,239.87977600097656,9.520000457763672,1.7400000000000002
2018-01-09,240.42279052734372,10.079999923706056,1.7400000000000002
2018-01-10,240.0550079345703,9.81999969482422,1.7300000000000004
2018-01-11,241.80642700195312,9.880000114440918,1.6900000000000004
2018-01-12,243.38278198242188,10.15999984741211,1.6800000000000006
2018-01-15,243.38278198242188,10.15999984741211,1.6800000000000006
2018-01-16,242.55079650878903,11.65999984741211,1.66
2018-01-17,244.8627166748047,11.90999984741211,1.6600000000000006
2018-01-18,244.4511566162109,12.220000267028809,1.6399999999999997
2018-01-19,245.56326293945312,11.270000457763672,1.64
2018-01-22,247.56007385253903,11.029999732971191,1.6399999999999997
2018-01-23,248.08544921875,11.100000381469728,1.6399999999999997
2018-01-24,247.98907470703125,11.470000267028809,1.65
2018-01-25,248.0941467285156,11.579999923706056,1.6100000000000003
2018-01-26,250.9664764404297,11.079999923706056,1.5999999999999996
2018-01-29,249.30267333984372,13.84000015258789,1.59
2018-01-30,246.7455139160156,14.789999961853027,1.5900000000000003
2018-01-31,246.8680877685547,13.539999961853027,1.56
2018-02-01,246.5878753662109,13.470000267028809,1.56
2018-02-02,241.2197113037109,17.309999465942383,1.58
2018-02-05,231.1312561035156,37.31999969482422,1.6300000000000003
2018-02-06,235.68508911132807,29.979999542236328,1.6100000000000003
2018-02-07,234.40652465820312,27.729999542236328,1.62
2018-02-08,225.6141662597656,33.459999084472656,1.6300000000000003
2018-02-09,229.00326538085935,29.059999465942383,1.67
2018-02-12,232.3660430908203,25.61000061035156,1.64
2018-02-13,232.94406127929688,24.96999931335449,1.6899999999999995
2018-02-14,236.0879364013672,19.26000022888184,1.66
2018-02-15,239.10044860839844,19.1299991607666,1.6300000000000003
2018-02-16,239.17051696777344,19.459999084472656,1.66
2018-02-19,239.17051696777344,19.459999084472656,1.66
2018-02-20,237.6730499267578,20.600000381469727,1.67
2018-02-21,236.4907989501953,20.020000457763672,1.6700000000000004
2018-02-22,236.79730224609372,18.71999931335449,1.6799999999999995
2018-02-23,240.5715789794922,16.489999771118164,1.6799999999999995
2018-02-26,243.365234375,15.800000190734863,1.6999999999999995
2018-02-27,240.32647705078125,18.59000015258789,1.69
2018-02-28,237.8918914794922,19.850000381469727,1.6799999999999995
2018-03-01,234.4327545166016,22.46999931335449,1.7200000000000002
2018-03-02,235.64129638671875,19.59000015258789,1.7200000000000002
2018-03-05,238.3648376464844,18.729999542236328,1.7199999999999998
2018-03-06,238.96910095214844,18.36000061035156,1.75
2018-03-07,238.88150024414065,17.760000228881836,1.77
2018-03-08,240.03744506835935,16.540000915527344,1.7799999999999998
2018-03-09,244.2146148681641,14.640000343322754,1.77
2018-03-12,243.9081268310547,15.779999732971191,1.79
2018-03-13,242.33177185058597,16.350000381469727,1.7999999999999998
2018-03-14,241.08834838867188,17.229999542236328,1.8000000000000005
2018-03-15,240.8255920410156,16.59000015258789,1.81
2018-03-16,241.08676147460935,15.800000190734863,1.7899999999999996
2018-03-19,237.8247833251953,19.020000457763672,1.8000000000000005
2018-03-20,238.229248046875,18.200000762939453,1.7899999999999996
2018-03-21,237.7720947265625,17.860000610351562,1.82
2018-03-22,231.8283843994141,23.34000015258789,1.84
2018-03-23,226.88705444335935,24.8700008392334,1.8700000000000008
2018-03-26,233.094482421875,21.030000686645508,1.8400000000000003
2018-03-27,229.129150390625,22.5,1.86
2018-03-28,228.45211791992188,22.8700008392334,1.86
2018-03-29,231.37115478515625,19.96999931335449,1.85
2018-03-30,231.37115478515625,19.96999931335449,1.85
2018-04-02,226.3771514892578,23.6200008392334,1.86
2018-04-03,229.27862548828125,21.100000381469727,1.84
2018-04-04,231.73167419433597,20.059999465942383,1.85
2018-04-05,233.5605316162109,18.940000534057617,1.84
2018-04-06,228.3553771972656,21.489999771118164,1.8400000000000003
2018-04-09,229.48077392578125,21.770000457763672,1.8300000000000003
2018-04-10,233.1296539306641,20.46999931335449,1.7999999999999998
2018-04-11,231.9074859619141,20.239999771118164,1.7999999999999998
2018-04-12,233.81546020507807,18.489999771118164,1.79
2018-04-13,233.1296539306641,17.40999984741211,1.7900000000000005
2018-04-16,235.04640197753903,16.559999465942383,1.7699999999999996
2018-04-17,237.56097412109372,15.25,1.7600000000000002
2018-04-18,237.73687744140625,15.600000381469728,1.7599999999999998
2018-04-19,236.41799926757807,15.960000038146973,1.7700000000000005
2018-04-20,234.41331481933597,16.8799991607666,1.7800000000000002
2018-04-23,234.37811279296875,16.34000015258789,1.7600000000000002
2018-04-24,231.2217712402344,18.020000457763672,1.7699999999999996
2018-04-25,231.7932281494141,17.84000015258789,1.8000000000000005
2018-04-26,234.14956665039065,16.239999771118164,1.7999999999999998
2018-04-27,234.369384765625,15.40999984741211,1.7999999999999998
2018-04-30,232.5669403076172,15.93000030517578,1.79
2018-05-01,232.9801788330078,15.489999771118164,1.82
2018-05-02,231.41514587402344,15.970000267028809,1.83
2018-05-03,230.9051971435547,15.899999618530272,1.86
2018-05-04,233.89456176757807,14.770000457763672,1.8599999999999997
2018-05-07,234.6859436035156,14.75,1.87
2018-05-08,234.6859436035156,14.710000038146973,1.87
2018-05-09,236.9543609619141,13.420000076293944,1.8600000000000003
2018-05-10,239.1700439453125,13.229999542236328,1.8399999999999996
2018-05-11,239.8998107910156,12.649999618530272,1.82
2018-05-14,240.0141143798828,12.93000030517578,1.81
2018-05-15,238.3611297607422,14.630000114440918,1.81
2018-05-16,239.3634796142578,13.420000076293944,1.7999999999999998
2018-05-17,239.1612701416016,13.43000030517578,1.82
2018-05-18,238.56332397460935,13.420000076293944,1.83
2018-05-21,240.3570098876953,13.079999923706056,1.83
2018-05-22,239.68869018554688,13.220000267028809,1.83
2018-05-23,240.34817504882807,12.579999923706056,1.84
2018-05-24,239.85585021972656,12.529999732971191,1.8400000000000003
2018-05-25,239.2843170166016,13.220000267028809,1.85
2018-05-28,239.2843170166016,13.220000267028809,1.85
2018-05-29,236.5323638916016,17.020000457763672,1.9600000000000004
2018-05-30,239.68869018554688,14.9399995803833,1.91
2018-05-31,238.2204742431641,15.43000030517578,1.89
2018-06-01,240.55918884277344,13.460000038146973,1.9
2018-06-04,241.7022247314453,12.739999771118164,1.8800000000000003
2018-06-05,241.87811279296875,12.399999618530272,1.9000000000000004
2018-06-06,243.900390625,11.640000343322754,1.91
2018-06-07,243.87387084960935,12.130000114440918,1.89
2018-06-08,244.59495544433597,12.18000030517578,1.9
2018-06-11,244.92027282714844,12.350000381469728,1.89
2018-06-12,245.23675537109372,12.34000015258789,1.88
2018-06-13,244.4542388916016,12.9399995803833,1.87
2018-06-14,245.06967163085935,12.119999885559082,1.8800000000000003
2018-06-15,244.7570953369141,11.979999542236328,1.87
2018-06-18,244.2536163330078,12.3100004196167,1.9000000000000004
2018-06-19,243.31748962402344,13.350000381469728,1.91
2018-06-20,243.7325439453125,12.789999961853027,1.9199999999999997
2018-06-21,242.20455932617188,14.640000343322754,1.95
2018-06-22,242.646240234375,13.770000457763672,1.97
2018-06-25,239.3431396484375,17.329999923706055,1.99
2018-06-26,239.8730316162109,15.920000076293944,1.99
2018-06-27,237.88595581054688,17.90999984741211,1.9799999999999995
2018-06-28,239.2459716796875,16.850000381469727,2.0
2018-06-29,239.5903778076172,16.09000015258789,1.99
2018-07-02,240.1026611328125,15.600000381469728,1.97
2018-07-03,239.25489807128903,16.139999389648438,1.99
2018-07-04,239.25489807128903,16.139999389648438,1.99
2018-07-05,241.20655822753903,14.970000267028809,1.95
2018-07-06,243.24681091308597,13.369999885559082,1.9600000000000004
2018-07-09,245.43707275390625,12.6899995803833,1.93
2018-07-10,246.3202667236328,12.640000343322754,1.91
2018-07-11,244.51861572265625,13.630000114440918,1.91
2018-07-12,246.7353973388672,12.579999923706056,1.9
2018-07-13,246.9296417236328,12.18000030517578,1.9000000000000004
2018-07-16,246.7089385986328,12.829999923706056,1.91
2018-07-17,247.7069091796875,12.0600004196167,1.9
2018-07-18,248.2279815673828,12.100000381469728,1.89
2018-07-19,247.29183959960935,12.869999885559082,1.9000000000000004
2018-07-20,247.0091552734375,12.859999656677246,1.91
2018-07-23,247.4684295654297,12.619999885559082,1.91
2018-07-24,248.71372985839844,12.40999984741211,1.88
2018-07-25,250.83338928222656,12.289999961853027,1.87
2018-07-26,250.2416229248047,12.140000343322754,1.85
2018-07-27,248.5459442138672,13.029999732971191,1.84
2018-07-30,247.2476501464844,14.260000228881836,1.8400000000000003
2018-07-31,248.4663848876953,12.829999923706056,1.83
2018-08-01,248.05128479003903,13.149999618530272,1.83
2018-08-02,249.40255737304688,12.1899995803833,1.8400000000000003
2018-08-03,250.47125244140625,11.640000343322754,1.84
2018-08-06,251.3897705078125,11.270000457763672,1.82
2018-08-07,252.219970703125,10.93000030517578,1.82
2018-08-08,252.11399841308597,10.850000381469728,1.84
2018-08-09,251.76959228515625,11.270000457763672,1.85
2018-08-10,250.0826568603516,13.15999984741211,1.87
2018-08-13,249.1464691162109,14.779999732971191,1.91
2018-08-14,250.7362060546875,13.3100004196167,1.9
2018-08-15,248.8638610839844,14.640000343322754,1.9
2018-08-16,250.87745666503903,13.449999809265137,1.89
2018-08-17,251.76071166992188,12.640000343322754,1.89
2018-08-20,252.2994384765625,12.489999771118164,1.89
2018-08-21,252.8911895751953,12.859999656677246,1.8800000000000003
2018-08-22,252.74105834960935,12.25,1.9100000000000008
2018-08-23,252.40542602539065,12.40999984741211,1.9
2018-08-24,253.92449951171875,11.989999771118164,1.9
2018-08-27,255.9293670654297,12.15999984741211,1.89
2018-08-28,256.052978515625,12.5,1.9000000000000004
2018-08-29,257.4307556152344,12.25,1.8799999999999997
2018-08-30,256.3885498046875,13.529999732971191,1.9
2018-08-31,256.3974609375,12.859999656677246,1.9200000000000004
2018-09-03,256.3974609375,12.859999656677246,1.9200000000000004
2018-09-04,255.95587158203125,13.15999984741211,1.94
2018-09-05,255.26695251464844,13.90999984741211,1.95
2018-09-06,254.4985198974609,14.649999618530272,1.93
2018-09-07,254.00405883789065,14.880000114440918,1.93
2018-09-10,254.44566345214844,14.15999984741211,1.9200000000000004
2018-09-11,255.2845916748047,13.220000267028809,1.9
2018-09-12,255.34637451171875,13.140000343322754,1.89
2018-09-13,256.856689453125,12.369999885559082,1.87
2018-09-14,256.90087890625,12.06999969482422,1.88
2018-09-17,255.5407257080078,13.68000030517578,1.88
2018-09-18,256.9273376464844,12.789999961853027,1.88
2018-09-19,257.201171875,11.75,1.88
2018-09-20,259.28546142578125,11.800000190734863,1.85
2018-09-21,259.0485534667969,11.68000030517578,1.8300000000000003
2018-09-24,258.18798828125,12.199999809265137,1.84
2018-09-25,257.9485168457031,12.420000076293944,1.83
2018-09-26,257.1766357421875,12.890000343322754,1.8400000000000003
2018-09-27,257.8952331542969,12.40999984741211,1.83
2018-09-28,257.9218139648437,12.119999885559082,1.84
2018-10-01,258.81793212890625,12.0,1.83
2018-10-02,258.6671447753906,12.050000190734863,1.84
2018-10-03,258.8090515136719,11.609999656677246,1.8300000000000003
2018-10-04,256.7862854003906,14.220000267028809,1.8400000000000003
2018-10-05,255.34901428222656,14.81999969482422,1.85
2018-10-08,255.34901428222656,15.6899995803833,1.85
2018-10-09,254.9764709472656,15.949999809265137,1.84
2018-10-10,246.9030303955078,22.959999084472656,1.86
2018-10-11,241.464599609375,24.979999542236328,1.8799999999999997
2018-10-12,244.81822204589844,21.309999465942383,1.8800000000000003
2018-10-15,243.4430389404297,21.299999237060547,1.89
2018-10-16,248.76605224609372,17.6200008392334,1.88
2018-10-17,248.8104248046875,17.399999618530273,1.8800000000000003
2018-10-18,245.21739196777344,20.059999465942383,1.92
2018-10-19,245.08421325683597,19.88999938964844,1.92
2018-10-22,243.98423767089844,19.63999938964844,1.92
2018-10-23,242.7421417236328,20.709999084472656,1.96
2018-10-24,235.3873748779297,25.229999542236328,1.99
2018-10-25,239.61036682128903,24.21999931335449,1.98
2018-10-26,235.3962554931641,24.15999984741211,2.02
2018-10-29,234.09207153320312,24.700000762939453,2.02
2018-10-30,237.56097412109372,23.350000381469727,2.03
2018-10-31,240.098388671875,21.229999542236328,2.03
2018-11-01,242.6533966064453,19.34000015258789,2.04
2018-11-02,241.21615600585935,19.51000022888184,2.02
2018-11-05,242.5470733642578,19.959999084472656,2.02
2018-11-06,244.081787109375,19.90999984741211,1.98
2018-11-07,249.3073272705078,16.360000610351562,1.9599999999999995
2018-11-08,248.8548583984375,16.719999313354492,1.96
2018-11-09,246.42398071289065,17.360000610351562,1.98
2018-11-12,241.81944274902344,20.450000762939453,1.98
2018-11-13,241.36700439453125,20.020000457763672,2.04
2018-11-14,239.71682739257807,21.25,2.09
2018-11-15,242.21868896484372,19.979999542236328,2.1300000000000003
2018-11-16,242.84866333007807,18.13999938964844,2.13
2018-11-19,238.7409210205078,20.100000381469727,2.16
2018-11-20,234.32275390625,22.479999542236328,2.1700000000000004
2018-11-21,235.1212158203125,20.799999237060547,2.1700000000000004
2018-11-22,235.1212158203125,20.799999237060547,2.1700000000000004
2018-11-23,233.55096435546875,21.520000457763672,2.1800000000000006
2018-11-26,237.32144165039065,18.899999618530277,2.1600000000000006
2018-11-27,238.11990356445312,19.020000457763672,2.2
2018-11-28,243.6027374267578,18.489999771118164,2.22
2018-11-29,243.07041931152344,18.790000915527344,2.26
2018-11-30,244.55197143554688,18.06999969482422,2.2700000000000005
2018-12-03,247.79019165039065,16.440000534057617,2.26
2018-12-04,239.7612152099609,20.739999771118164,2.25
2018-12-05,239.7612152099609,20.739999771118164,2.25
2018-12-06,239.3975067138672,21.190000534057617,2.29
2018-12-07,233.8347930908203,23.229999542236328,2.31
2018-12-10,234.27838134765625,22.63999938964844,2.31
2018-12-11,234.33157348632807,21.76000022888184,2.26
2018-12-12,235.51158142089844,21.459999084472656,2.24
2018-12-13,235.4317779541016,20.649999618530277,2.25
2018-12-14,231.0845184326172,21.6299991607666,2.25
2018-12-17,226.5510406494141,24.520000457763672,2.2500000000000004
2018-12-18,226.30267333984372,25.57999992370605,2.26
2018-12-19,222.91357421875,25.57999992370605,2.27
2018-12-20,219.28500366210935,28.3799991607666,2.28
2018-12-21,214.79193115234372,30.11000061035156,2.31
2018-12-24,209.11654663085935,36.06999969482422,2.35
2018-12-25,209.11654663085935,36.06999969482422,2.35
2018-12-26,219.6821746826172,30.40999984741211,2.33
2018-12-27,221.36868286132807,29.959999084472656,2.36
2018-12-28,221.08311462402344,28.34000015258789,2.44
2018-12-31,223.01954650878903,25.420000076293945,2.45
2019-01-01,223.01954650878903,25.420000076293945,2.45
2019-01-02,223.25157165527344,23.21999931335449,2.45
2019-01-03,217.9240875244141,25.450000762939453,2.48
2019-01-04,225.2237091064453,21.3799991607666,2.45
2019-01-07,226.99952697753903,21.399999618530277,2.42
2019-01-08,229.13226318359372,20.46999931335449,2.39
2019-01-09,230.203125,19.979999542236328,2.39
2019-01-10,231.01510620117188,19.5,2.42
2019-01-11,231.1044006347656,18.190000534057617,2.42
2019-01-14,229.6944732666016,19.06999969482422,2.46
2019-01-15,232.32696533203125,18.600000381469727,2.4599999999999995
2019-01-16,232.88909912109372,19.040000915527344,2.45
2019-01-17,234.656005859375,18.059999465942383,2.43
2019-01-18,237.7791748046875,17.799999237060547,2.38
2019-01-21,237.7791748046875,17.799999237060547,2.38
2019-01-22,234.56674194335935,20.799999237060547,2.38
2019-01-23,235.0576019287109,19.520000457763672,2.37
2019-01-24,235.18247985839844,18.88999938964844,2.37
2019-01-25,237.17242431640625,17.420000076293945,2.34
2019-01-28,235.36981201171875,18.8700008392334,2.3600000000000003
2019-01-29,235.0576019287109,19.1299991607666,2.36
2019-01-30,238.77867126464844,17.65999984741211,2.37
2019-01-31,240.87576293945312,16.56999969482422,2.38
2019-02-01,240.99180603027344,16.139999389648438,2.31
2019-02-04,242.6872711181641,15.729999542236328,2.3000000000000003
2019-02-05,243.70455932617188,15.56999969482422,2.2700000000000005
2019-02-06,243.38331604003903,15.380000114440918,2.28
2019-02-07,241.06317138671875,16.3700008392334,2.31
2019-02-08,241.35765075683597,15.720000267028809,2.3
2019-02-11,241.4915008544922,15.970000267028809,2.3000000000000003
2019-02-12,244.5968780517578,15.43000030517578,2.3000000000000003
2019-02-13,245.39108276367188,15.649999618530272,2.2700000000000005
2019-02-14,244.8468475341797,16.219999313354492,2.3
2019-02-15,247.5149383544922,14.90999984741211,2.28
2019-02-18,247.5149383544922,14.90999984741211,2.28
2019-02-19,247.94337463378903,14.880000114440918,2.28
2019-02-20,248.4430389404297,14.020000457763672,2.23
2019-02-21,247.5596160888672,14.460000038146973,2.23
2019-02-22,249.09445190429688,13.510000228881836,2.2500000000000004
2019-02-25,249.4335021972656,14.850000381469728,2.2300000000000004
2019-02-26,249.25503540039065,15.170000076293944,2.24
2019-02-27,249.1479339599609,14.699999809265137,2.2500000000000004
2019-02-28,248.68394470214844,14.779999732971191,2.22
2019-03-01,250.2366180419922,13.56999969482422,2.2200000000000006
2019-03-04,249.32638549804688,14.630000114440918,2.22
2019-03-05,248.9873504638672,14.739999771118164,2.22
2019-03-06,247.47921752929688,15.739999771118164,2.2500000000000004
2019-03-07,245.40899658203125,16.59000015258789,2.25
2019-03-08,244.91815185546875,16.049999237060547,2.27
2019-03-11,248.4698638916016,14.329999923706056,2.27
2019-03-12,249.40670776367188,13.770000457763672,2.2500000000000004
2019-03-13,251.05767822265625,13.40999984741211,2.26
2019-03-14,250.8970642089844,13.5,2.2700000000000005
2019-03-15,252.13656616210935,12.880000114440918,2.28
2019-03-18,253.0508270263672,13.100000381469728,2.27
2019-03-19,253.11355590820312,13.5600004196167,2.27
2019-03-20,252.3516387939453,13.90999984741211,2.29
2019-03-21,255.2019195556641,13.630000114440918,2.28
2019-03-22,250.29019165039065,16.479999542236328,2.3000000000000003
2019-03-25,250.10205078125,16.329999923706055,2.28
2019-03-26,251.9662933349609,14.68000030517578,2.3
2019-03-27,250.6486968994141,15.149999618530272,2.28
2019-03-28,251.59881591796875,14.43000030517578,2.27
2019-03-29,253.1853179931641,13.710000038146973,2.26
2019-04-01,256.1878662109375,13.399999618530272,2.24
2019-04-02,256.3133850097656,13.359999656677246,2.24
2019-04-03,256.71661376953125,13.739999771118164,2.23
2019-04-04,257.39776611328125,13.579999923706056,2.2200000000000006
2019-04-05,258.64373779296875,12.81999969482422,2.22
2019-04-08,258.84088134765625,13.18000030517578,2.2100000000000004
2019-04-09,257.5143127441406,14.279999732971191,2.1900000000000004
2019-04-10,258.3927001953125,13.300000190734863,2.2100000000000004
2019-04-11,258.3210144042969,13.020000457763672,2.2
2019-04-12,260.0687866210937,12.010000228881836,2.15
2019-04-15,259.89849853515625,12.31999969482422,2.1500000000000004
2019-04-16,260.0687866210937,12.18000030517578,2.12
2019-04-17,259.43243408203125,12.600000381469728,2.13
2019-04-18,259.9433288574219,12.09000015258789,2.120000000000001
2019-04-19,259.9433288574219,12.09000015258789,2.120000000000001
2019-04-22,260.1674194335937,12.420000076293944,2.140000000000001
2019-04-23,262.5067138671875,12.279999732971191,2.14
2019-04-24,261.9241943359375,13.140000343322754,2.14
2019-04-25,261.7627868652344,13.25,2.14
2019-04-26,262.9817810058594,12.729999542236328,2.13
2019-04-29,263.39404296875,13.109999656677246,2.13
2019-04-30,263.52850341796875,13.119999885559082,2.140000000000001
2019-05-01,261.5476379394531,14.800000190734863,2.11
2019-05-02,260.9830322265625,14.420000076293944,2.12
2019-05-03,263.537353515625,12.869999885559082,2.1100000000000003
2019-05-06,262.452880859375,15.4399995803833,2.140000000000001
2019-05-07,258.0700378417969,19.31999969482422,2.17
2019-05-08,257.71148681640625,19.399999618530277,2.17
2019-05-09,256.9317626953125,19.100000381469727,2.21
2019-05-10,258.2224426269531,16.040000915527344,2.2
2019-05-13,251.73326110839844,20.549999237060547,2.2500000000000004
2019-05-14,254.00979614257807,18.059999465942383,2.24
2019-05-15,255.49766540527344,16.440000534057617,2.26
2019-05-16,257.8638916015625,15.289999961853027,2.24
2019-05-17,256.1968994140625,15.960000038146973,2.24
2019-05-20,254.50279235839844,16.309999465942383,2.24
2019-05-21,256.7973937988281,14.949999809265137,2.23
2019-05-22,256.00860595703125,14.75,2.26
2019-05-23,252.8804626464844,16.920000076293945,2.28
2019-05-24,253.4541015625,15.850000381469728,2.31
2019-05-27,253.4541015625,15.850000381469728,2.31
2019-05-28,251.0968475341797,17.5,2.3200000000000003
2019-05-29,249.41180419921875,17.899999618530273,2.33
2019-05-30,250.0930328369141,17.299999237060547,2.33
2019-05-31,246.72296142578125,18.709999084472656,2.37
2019-06-03,246.0956268310547,18.86000061035156,2.4200000000000004
2019-06-04,251.43746948242188,16.969999313354492,2.42
2019-06-05,253.615478515625,16.09000015258789,2.45
2019-06-06,255.2646484375,15.93000030517578,2.4399999999999995
2019-06-07,257.81915283203125,16.299999237060547,2.42
2019-06-10,259.00213623046875,15.9399995803833,2.39
2019-06-11,258.9394226074219,15.989999771118164,2.3800000000000003
2019-06-12,258.4823913574219,15.90999984741211,2.41
2019-06-13,259.5489501953125,15.81999969482422,2.4199999999999995
2019-06-14,259.2621459960937,15.279999732971191,2.42
2019-06-17,259.3607482910156,15.350000381469728,2.41
2019-06-18,262.0765075683594,15.149999618530272,2.4
2019-06-19,262.66802978515625,14.329999923706056,2.4100000000000006
2019-06-20,265.1776123046875,14.75,2.38
2019-06-21,264.792236328125,15.399999618530272,2.35
2019-06-24,264.4681091308594,15.260000228881836,2.33
2019-06-25,261.8740539550781,16.280000686645508,2.34
2019-06-26,261.6128845214844,16.209999084472656,2.3200000000000003
2019-06-27,262.54052734375,15.81999969482422,2.3100000000000005
2019-06-28,263.8915100097656,15.079999923706056,2.31
2019-07-01,266.2873229980469,14.0600004196167,2.2900000000000005
2019-07-02,266.9808044433594,12.93000030517578,2.29
2019-07-03,269.1153564453125,12.56999969482422,2.26
2019-07-04,269.1153564453125,12.56999969482422,2.26
2019-07-05,268.80914306640625,13.279999732971191,2.26
2019-07-08,267.3320007324219,13.960000038146973,2.2300000000000004
2019-07-09,267.6653137207031,14.09000015258789,2.22
2019-07-10,268.944091796875,13.029999732971191,2.2500000000000004
2019-07-11,269.5746154785156,12.93000030517578,2.25
2019-07-12,270.7815246582031,12.390000343322754,2.25
2019-07-15,270.8716125488281,12.68000030517578,2.25
2019-07-16,269.9980163574219,12.859999656677246,2.2300000000000004
2019-07-17,268.16064453125,13.970000267028809,2.24
2019-07-18,269.14239501953125,13.529999732971191,2.27
2019-07-19,267.64727783203125,14.449999809265137,2.26
2019-07-22,268.3046875,13.529999732971191,2.24
2019-07-23,270.2230834960937,12.609999656677246,2.2299999999999995
2019-07-24,271.4930114746094,12.06999969482422,2.1500000000000004
2019-07-25,270.19610595703125,12.739999771118164,2.14
2019-07-26,272.0064697265625,12.15999984741211,2.13
2019-07-29,271.5111999511719,12.829999923706056,2.1300000000000003
2019-07-30,270.8445129394531,13.9399995803833,2.14
2019-07-31,267.8814392089844,16.1200008392334,2.1300000000000003
2019-08-01,265.5486145019531,17.8700008392334,2.1700000000000004
2019-08-02,263.5492248535156,17.610000610351562,2.18
2019-08-05,255.62355041503903,24.59000015258789,2.24
2019-08-06,259.2082214355469,20.170000076293945,2.25
2019-08-07,259.3612670898437,19.489999771118164,2.23
2019-08-08,264.45001220703125,16.90999984741211,2.25
2019-08-09,262.64862060546875,17.969999313354492,2.2300000000000004
2019-08-12,259.45135498046875,21.09000015258789,2.23
2019-08-13,263.4862976074219,17.520000457763672,2.22
2019-08-14,255.69552612304688,22.100000381469727,2.2299999999999995
2019-08-15,256.3710327148437,21.18000030517578,2.27
2019-08-16,260.1538391113281,18.46999931335449,2.26
2019-08-19,263.2879943847656,16.8799991607666,2.29
2019-08-20,261.2706604003906,17.5,2.3
2019-08-21,263.3962707519531,15.800000190734863,2.25
2019-08-22,263.3150939941406,16.68000030517578,2.25
2019-08-23,256.5512084960937,19.8700008392334,2.27
2019-08-26,259.3883361816406,19.31999969482422,2.27
2019-08-27,258.3705139160156,20.309999465942383,2.26
2019-08-28,260.1898498535156,19.350000381469727,2.26
2019-08-29,263.5132751464844,17.8799991607666,2.27
2019-08-30,263.3962707519531,18.979999542236328,2.26
2019-09-02,263.3962707519531,18.979999542236328,2.26
2019-09-03,261.8560485839844,19.65999984741211,2.28
2019-09-04,264.8282165527344,17.329999923706055,2.29
2019-09-05,268.2326965332031,16.270000457763672,2.28
2019-09-06,268.4397888183594,15.0,2.26
2019-09-09,268.57489013671875,15.270000457763672,2.23
2019-09-10,268.511962890625,15.199999809265137,2.22
2019-09-11,270.4212951660156,14.609999656677246,2.22
2019-09-12,271.35797119140625,14.220000267028809,2.22
2019-09-13,271.1778869628906,13.739999771118164,2.2100000000000004
2019-09-16,270.3402099609375,14.670000076293944,2.2
2019-09-17,271.0246887207031,14.4399995803833,2.2099999999999995
2019-09-18,271.1868591308594,13.949999809265137,2.18
2019-09-19,271.1688842773437,14.050000190734863,2.17
2019-09-20,269.8875732421875,15.31999969482422,2.1900000000000004
2019-09-23,269.8241882324219,14.90999984741211,2.17
2019-09-24,267.7070617675781,17.049999237060547,2.2
2019-09-25,269.2904663085937,15.960000038146973,2.2
2019-09-26,268.7294311523437,16.06999969482422,2.18
2019-09-27,267.2817077636719,17.219999313354492,2.19
2019-09-30,268.5213317871094,16.239999771118164,2.2
2019-10-01,265.3273010253906,18.559999465942383,2.22
2019-10-02,260.640380859375,20.559999465942383,2.26
2019-10-03,262.7758483886719,19.1200008392334,2.29
2019-10-04,266.33172607421875,17.040000915527344,2.29
2019-10-07,265.18267822265625,17.860000610351562,2.28
2019-10-08,261.065673828125,20.280000686645508,2.3
2019-10-09,263.5448913574219,18.63999938964844,2.29
2019-10-10,265.3273010253906,17.56999969482422,2.27
2019-10-11,268.0779724121094,15.579999923706056,2.22
2019-10-14,267.7794189453125,14.56999969482422,2.22
2019-10-15,270.4304504394531,13.539999961853027,2.21
2019-10-16,269.99615478515625,13.68000030517578,2.22
2019-10-17,270.79248046875,13.789999961853027,2.21
2019-10-18,269.6071472167969,14.25,2.21
2019-10-21,271.43475341796875,14.0,2.1900000000000004
2019-10-22,270.54815673828125,14.460000038146973,2.17
2019-10-23,271.3354187011719,14.010000228881836,2.18
2019-10-24,271.7786560058594,13.710000038146973,2.17
2019-10-25,272.8915710449219,12.649999618530272,2.16
2019-10-28,274.4298095703125,13.109999656677246,2.16
2019-10-29,274.3482971191406,13.199999809265137,2.1500000000000004
2019-10-30,275.1898498535156,12.329999923706056,2.17
2019-10-31,274.4569702148437,13.220000267028809,2.18
2019-11-01,276.9994201660156,12.300000190734863,2.16
2019-11-04,278.1124267578125,12.829999923706056,2.16
2019-11-05,277.8047790527344,13.100000381469728,2.1499999999999995
2019-11-06,277.8680725097656,12.619999885559082,2.14
2019-11-07,278.8451843261719,12.729999542236328,2.13
2019-11-08,279.53289794921875,12.06999969482422,2.11
2019-11-11,278.9990539550781,12.6899995803833,2.11
2019-11-12,279.58721923828125,12.68000030517578,2.1
2019-11-13,279.677734375,13.0,2.1100000000000003
2019-11-14,280.0848388671875,13.050000190734863,2.13
2019-11-15,282.11163330078125,12.050000190734863,2.13
2019-11-18,282.3196716308594,12.460000038146973,2.14
2019-11-19,282.2382507324219,12.859999656677246,2.13
2019-11-20,281.188720703125,12.779999732971191,2.16
2019-11-21,280.7362365722656,13.130000114440918,2.15
2019-11-22,281.3607177734375,12.34000015258789,2.14
2019-11-25,283.541259765625,11.869999885559082,2.13
2019-11-26,284.18365478515625,11.539999961853027,2.1100000000000003
2019-11-27,285.4504089355469,11.75,2.09
2019-11-28,285.4504089355469,11.75,2.09
2019-11-29,284.39178466796875,12.619999885559082,2.08
2019-12-02,281.9758605957031,14.90999984741211,2.11
2019-12-03,280.0848388671875,15.960000038146973,2.1100000000000003
2019-12-04,281.8130187988281,14.800000190734863,2.11
2019-12-05,282.3196716308594,14.520000457763672,2.09
2019-12-06,284.89849853515625,13.619999885559082,2.0700000000000003
2019-12-09,284.0027770996094,15.859999656677246,2.05
2019-12-10,283.6859436035156,15.68000030517578,2.01
2019-12-11,284.4911804199219,14.989999771118164,2.04
2019-12-12,286.9433288574219,13.9399995803833,2.02
2019-12-13,287.1152648925781,12.630000114440918,2.02
2019-12-16,289.0878295898437,12.140000343322754,2.0
2019-12-17,289.151123046875,12.289999961853027,1.99
2019-12-18,289.16912841796875,12.579999923706056,1.98
2019-12-19,290.3544311523437,12.5,1.96
2019-12-20,291.6274719238281,12.510000228881836,1.96
2019-12-23,292.07293701171875,12.609999656677246,1.96
2019-12-24,292.08209228515625,12.670000076293944,1.97
2019-12-25,292.08209228515625,12.670000076293944,1.97
2019-12-26,293.6368713378906,12.649999618530272,1.97
2019-12-27,293.56414794921875,13.43000030517578,1.96
2019-12-30,291.9456787109375,14.81999969482422,1.97
2019-12-31,292.6549072265625,13.779999732971191,1.98
2020-01-01,292.6549072265625,13.779999732971191,1.98
2020-01-02,295.3917541503906,12.470000267028809,1.98
2020-01-03,293.1549987792969,14.020000457763672,1.99
2020-01-06,294.2733764648437,13.850000381469728,2.02
2020-01-07,293.4458923339844,13.789999961853027,2.03
2020-01-08,295.0099182128906,13.449999809265137,2.05
2020-01-09,297.01025390625,12.539999961853027,2.03
2020-01-10,296.1555480957031,12.5600004196167,1.99
2020-01-13,298.1922912597656,12.31999969482422,1.99
2020-01-14,297.7377014160156,12.390000343322754,1.99
2020-01-15,298.4105224609375,12.420000076293944,2.01
2020-01-16,300.892822265625,12.31999969482422,2.0
2020-01-17,301.82928466796875,12.100000381469728,1.98
2020-01-20,301.82928466796875,12.100000381469728,1.98
2020-01-21,301.23828125,12.850000381469728,1.97
2020-01-22,301.2747497558594,12.90999984741211,1.97
2020-01-23,301.62017822265625,12.979999542236328,1.98
2020-01-24,298.9379272460937,14.5600004196167,1.98
2020-01-27,294.1461181640625,18.229999542236328,2.04
2020-01-28,297.228515625,16.280000686645508,2.04
2020-01-29,296.9830017089844,16.389999389648438,2.05
2020-01-30,297.94677734375,15.489999771118164,2.08
2020-01-31,292.53668212890625,18.84000015258789,2.13
2020-02-03,294.7098083496094,17.969999313354492,2.1
2020-02-04,299.2016296386719,16.049999237060547,2.09
2020-02-05,302.65673828125,15.149999618530272,2.0700000000000003
2020-02-06,303.6751403808594,14.960000038146973,2.0500000000000003
2020-02-07,302.0566101074219,15.470000267028809,2.05
2020-02-10,304.3116760253906,15.039999961853027,2.06
2020-02-11,304.8389892578125,15.18000030517578,2.05
2020-02-12,306.80303955078125,13.739999771118164,2.06
2020-02-13,306.47576904296875,14.149999618530272,2.05
2020-02-14,306.9666748046875,13.68000030517578,2.04
2020-02-17,306.9666748046875,13.68000030517578,2.04
2020-02-18,306.17559814453125,14.829999923706056,2.05
2020-02-19,307.63946533203125,14.380000114440918,2.05
2020-02-20,306.3756103515625,15.5600004196167,2.05
2020-02-21,303.2205505371094,17.079999923706055,2.09
2020-02-24,293.1640625,25.030000686645508,2.13
2020-02-25,284.28057861328125,27.850000381469727,2.19
2020-02-26,283.2349548339844,27.559999465942383,2.2
2020-02-27,270.5143127441406,39.15999984741211,2.27
2020-02-28,269.3778076171875,40.11000061035156,2.38
2020-03-02,281.04364013671875,33.41999816894531,2.44
2020-03-03,272.9967041015625,36.81999969482422,2.48
2020-03-04,284.4715881347656,31.989999771118164,2.47
2020-03-05,275.0151672363281,39.619998931884766,2.52
2020-03-06,270.46893310546875,41.93999862670898,2.55
2020-03-09,249.3467712402344,54.459999084472656,2.93
2020-03-10,262.2491760253906,47.29999923706055,2.93
2020-03-11,249.4649810791016,53.900001525878906,2.99
2020-03-12,225.59686279296875,75.47000122070312,3.2
2020-03-13,244.8823089599609,57.83000183105469,3.3000000000000003
2020-03-16,218.08636474609372,82.69000244140625,3.3800000000000003
2020-03-17,229.861328125,75.91000366210938,3.49
2020-03-18,218.22276306152344,76.44999694824219,3.810000000000001
2020-03-19,218.68649291992188,72.0,4.01
2020-03-20,209.26235961914065,66.04000091552734,4.23
2020-03-23,203.9119110107422,61.59000015258789,4.3100000000000005
2020-03-24,222.386962890625,61.66999816894531,4.19
2020-03-25,225.7161407470703,63.95000076293945,4.13
2020-03-26,238.8957061767578,61.0,4.04
2020-03-27,231.78001403808597,65.54000091552734,3.98
2020-03-30,239.3072204589844,57.08000183105469,3.89
2020-03-31,235.74024963378903,53.540000915527344,3.93
2020-04-01,225.13079833984372,57.060001373291016,3.97
2020-04-02,230.32579040527344,50.90999984741211,3.92
2020-04-03,226.99661254882807,46.79999923706055,3.92
2020-04-06,242.24310302734372,45.2400016784668,3.91
2020-04-07,242.49012756347656,46.70000076293945,3.79
2020-04-08,250.63009643554688,43.34999847412109,3.75
2020-04-09,254.4439392089844,41.66999816894531,3.61
2020-04-10,254.4439392089844,41.66999816894531,3.61
2020-04-13,252.12088012695312,41.16999816894531,3.41
2020-04-14,259.5567321777344,37.7599983215332,3.3600000000000003
2020-04-15,254.0416259765625,40.84000015258789,3.33
2020-04-16,255.26710510253903,40.11000061035156,3.28
2020-04-17,262.1633605957031,38.150001525878906,3.27
2020-04-20,257.54449462890625,43.83000183105469,3.28
2020-04-21,249.724609375,45.40999984741211,3.29
2020-04-22,255.26710510253903,41.97999954223633,3.3000000000000003
2020-04-23,255.24891662597656,41.380001068115234,3.26
2020-04-24,258.80670166015625,35.93000030517578,3.25
2020-04-27,262.5381774902344,33.290000915527344,3.24
2020-04-28,261.3310241699219,33.56999969482422,3.25
2020-04-29,268.1722412109375,31.229999542236328,3.24
2020-04-30,265.6753845214844,34.150001525878906,3.23
2020-05-01,258.6419982910156,37.18999862670898,3.25
2020-05-04,259.35546875,35.970001220703125,3.28
2020-05-05,261.75177001953125,33.61000061035156,3.28
2020-05-06,259.9773864746094,34.119998931884766,3.3100000000000005
2020-05-07,263.11456298828125,31.440000534057617,3.3400000000000003
2020-05-08,267.468017578125,27.979999542236328,3.37
2020-05-11,267.5227966308594,27.56999969482422,3.41
2020-05-12,262.1907958984375,33.040000915527344,3.4
2020-05-13,257.5535888671875,35.279998779296875,3.43
2020-05-14,260.6358947753906,32.61000061035156,3.41
2020-05-15,261.8341064453125,31.88999938964844,3.41
2020-05-18,269.8094177246094,29.299999237060547,3.3800000000000003
2020-05-19,267.0381774902344,30.530000686645508,3.3
2020-05-20,271.5746459960937,27.989999771118164,3.24
2020-05-21,269.6997375488281,29.530000686645508,3.18
2020-05-22,270.2118225097656,28.15999984741211,3.18
2020-05-25,270.2118225097656,28.15999984741211,3.18
2020-05-26,273.5411071777344,28.01000022888184,3.14
2020-05-27,277.61102294921875,27.6200008392334,3.11
2020-05-28,277.0988464355469,28.59000015258789,3.1
2020-05-29,278.33349609375,27.51000022888184,3.08
2020-06-01,279.4584655761719,28.229999542236328,3.1
2020-06-02,281.7723999023437,26.84000015258789,3.08
2020-06-03,285.5224304199219,25.65999984741211,3.02
2020-06-04,284.7724609375,25.809999465942383,2.99
2020-06-05,292.0710144042969,24.520000457763672,2.86
2020-06-08,295.6013488769531,25.809999465942383,2.81
2020-06-09,293.3971862792969,27.56999969482422,2.8000000000000003
2020-06-10,291.760009765625,27.56999969482422,2.86
2020-06-11,274.9403686523437,40.790000915527344,2.91
2020-06-12,278.23291015625,36.09000015258789,2.91
2020-06-15,280.8304748535156,34.400001525878906,2.93
2020-06-16,286.23583984375,33.66999816894531,2.89
2020-06-17,285.0468139648437,33.470001220703125,2.87
2020-06-18,285.1566162109375,32.939998626708984,2.86
2020-06-19,283.5268859863281,35.119998931884766,2.87
2020-06-22,285.34576416015625,31.770000457763672,2.86
2020-06-23,286.6593933105469,31.3700008392334,2.87
2020-06-24,279.3471374511719,33.84000015258789,2.89
2020-06-25,282.3418273925781,32.220001220703125,2.92
2020-06-26,275.6357727050781,34.72999954223633,2.92
2020-06-29,279.68707275390625,31.780000686645508,2.94
2020-06-30,283.2696838378906,30.43000030517578,2.93
2020-07-01,285.2538757324219,28.6200008392334,2.89
2020-07-02,286.8247985839844,27.68000030517578,2.87
2020-07-03,286.8247985839844,27.68000030517578,2.87
2020-07-06,291.2525329589844,27.940000534057617,2.83
2020-07-07,288.24871826171875,29.43000030517578,2.81
2020-07-08,290.4533996582031,28.07999992370605,2.77
2020-07-09,288.79986572265625,29.26000022888184,2.73
2020-07-10,291.7486572265625,27.290000915527344,2.74
2020-07-13,289.222412109375,32.189998626708984,2.74
2020-07-14,292.9704895019531,29.520000457763672,2.71
2020-07-15,295.6618957519531,27.76000022888184,2.71
2020-07-16,294.6882629394531,28.0,2.69
2020-07-17,295.54266357421875,25.68000030517578,2.68
2020-07-20,297.9310607910156,24.459999084472656,2.66
2020-07-21,298.5649719238281,24.84000015258789,2.6300000000000003
2020-07-22,300.264404296875,24.31999969482422,2.61
2020-07-23,296.6817626953125,26.07999992370605,2.58
2020-07-24,294.77105712890625,25.84000015258789,2.58
2020-07-27,296.9205627441406,24.739999771118164,2.56
2020-07-28,295.0373229980469,25.440000534057617,2.5700000000000003
2020-07-29,298.6659851074219,24.100000381469727,2.61
2020-07-30,297.6003723144531,24.76000022888184,2.6
2020-07-31,299.9520568847656,24.459999084472656,2.6
2020-08-03,302.03741455078125,24.280000686645508,2.63
2020-08-04,303.2040100097656,23.76000022888184,2.62
2020-08-05,305.0871887207031,22.989999771118164,2.59
2020-08-06,307.12652587890625,22.649999618530277,2.5700000000000003
2020-08-07,307.3471069335937,22.209999084472656,2.5700000000000003
2020-08-10,308.2657165527344,22.1299991607666,2.56
2020-08-11,305.7210693359375,24.030000686645508,2.59
2020-08-12,309.9834899902344,22.280000686645508,2.5500000000000003
2020-08-13,309.4231872558594,22.1299991607666,2.59
2020-08-14,309.43243408203125,22.049999237060547,2.61
2020-08-17,310.4153137207031,21.350000381469727,2.64
2020-08-18,311.0859069824219,21.51000022888184,2.64
2020-08-19,309.7906494140625,22.540000915527344,2.65
2020-08-20,310.75518798828125,22.71999931335449,2.65
2020-08-21,311.8575744628906,22.540000915527344,2.64
2020-08-24,315.01763916015625,22.3700008392334,2.63
2020-08-25,316.1200561523437,22.030000686645508,2.63
2020-08-26,319.2892761230469,23.270000457763672,2.66
2020-08-27,319.9874267578125,24.46999931335449,2.71
2020-08-28,322.0543212890625,22.959999084472656,2.71
2020-08-31,320.88775634765625,26.40999984741211,2.67
2020-09-01,323.9100036621094,26.1200008392334,2.67
2020-09-02,328.5950622558594,26.56999969482422,2.64
2020-09-03,317.2865905761719,33.599998474121094,2.64
2020-09-04,314.6960754394531,30.75,2.68
2020-09-07,314.6960754394531,30.75,2.68
2020-09-08,306.09765625,31.459999084472656,2.67
2020-09-09,312.1423034667969,28.809999465942383,2.69
2020-09-10,306.7223205566406,29.709999084472656,2.69
2020-09-11,306.8785095214844,26.8700008392334,2.69
2020-09-14,310.9205322265625,25.850000381469727,2.66
2020-09-15,312.4913330078125,25.59000015258789,2.68
2020-09-16,311.2511901855469,26.040000915527344,2.67
2020-09-17,308.51373291015625,26.459999084472656,2.65
2020-09-18,304.9619445800781,25.82999992370605,2.66
2020-09-21,301.56787109375,27.780000686645508,2.66
2020-09-22,304.6390686035156,26.86000061035156,2.66
2020-09-23,297.5741882324219,28.57999992370605,2.68
2020-09-24,298.3673095703125,28.51000022888184,2.7
2020-09-25,303.1910095214844,26.3799991607666,2.74
2020-09-28,308.2268981933594,26.190000534057617,2.76
2020-09-29,306.5482177734375,26.270000457763672,2.74
2020-09-30,308.8724670410156,26.3700008392334,2.75
2020-10-01,310.8554992675781,26.700000762939453,2.75
2020-10-02,307.9040832519531,27.6299991607666,2.76
2020-10-05,313.3641662597656,27.959999084472656,2.74
2020-10-06,308.9093933105469,29.479999542236328,2.7
2020-10-07,314.2864990234375,28.059999465942383,2.69
2020-10-08,317.07183837890625,26.36000061035156,2.68
2020-10-09,319.9032897949219,25.0,2.67
2020-10-12,325.0498352050781,25.06999969482422,2.67
2020-10-13,322.9284973144531,26.06999969482422,2.6500000000000004
2020-10-14,320.8993530273437,26.399999618530277,2.64
2020-10-15,320.5028076171875,26.96999931335449,2.6500000000000004
2020-10-16,320.30914306640625,27.40999984741211,2.64
2020-10-19,315.4393310546875,29.18000030517578,2.6100000000000003
2020-10-20,316.70294189453125,29.350000381469727,2.64
2020-10-21,316.1034240722656,28.649999618530277,2.63
2020-10-22,317.8373718261719,28.11000061035156,2.61
2020-10-23,318.9164733886719,27.549999237060547,2.6
2020-10-26,313.0229187011719,32.459999084472656,2.6
2020-10-27,311.9436950683594,33.349998474121094,2.6
2020-10-28,301.2819519042969,40.27999877929688,2.62
2020-10-29,304.3438720703125,37.59000015258789,2.61
2020-10-30,301.171142578125,38.02000045776367,2.6100000000000003
2020-11-02,304.5468444824219,37.130001068115234,2.6
2020-11-03,309.9239196777344,35.54999923706055,2.58
2020-11-04,316.8504638671875,29.56999969482422,2.58
2020-11-05,323.02996826171875,27.57999992370605,2.52
2020-11-06,322.95611572265625,24.86000061035156,2.51
2020-11-09,327.0143737792969,25.75,2.47
2020-11-10,326.5346984863281,24.799999237060547,2.44
2020-11-11,328.9603271484375,23.450000762939453,2.44
2020-11-12,325.7691345214844,25.350000381469727,2.45
2020-11-13,330.279296875,23.100000381469727,2.44
2020-11-16,334.4020080566406,22.450000762939453,2.42
2020-11-17,332.6035461425781,22.709999084472656,2.42
2020-11-18,328.6007385253906,23.84000015258789,2.39
2020-11-19,329.9841613769531,23.11000061035156,2.35
2020-11-20,327.7244567871094,23.700000762939453,2.35
2020-11-23,329.6889038085937,22.65999984741211,2.33
2020-11-24,335.0014953613281,21.63999938964844,2.31
2020-11-25,334.4851379394531,21.25,2.3200000000000003
2020-11-26,334.4851379394531,21.25,2.3200000000000003
2020-11-27,335.4165954589844,20.84000015258789,2.3200000000000003
2020-11-30,333.9316711425781,20.56999969482422,2.29
2020-12-01,337.583984375,20.770000457763672,2.28
2020-12-02,338.294189453125,21.170000076293945,2.24
2020-12-03,338.2018737792969,21.280000686645508,2.23
2020-12-04,341.11651611328125,20.790000915527344,2.2300000000000004
2020-12-07,340.4154968261719,21.299999237060547,2.22
2020-12-08,341.4115600585937,20.68000030517578,2.22
2020-12-09,338.3495788574219,22.270000457763672,2.24
2020-12-10,338.2388000488281,22.520000457763672,2.22
2020-12-11,337.8422241210937,23.309999465942383,2.23
2020-12-14,336.32965087890625,24.71999931335449,2.24
2020-12-15,340.87664794921875,22.88999938964844,2.26
2020-12-16,341.4115600585937,22.5,2.25
2020-12-17,343.32080078125,21.93000030517578,2.23
2020-12-18,341.949951171875,21.56999969482422,2.24
2020-12-21,340.7272644042969,25.15999984741211,2.2300000000000004
2020-12-22,340.153076171875,24.229999542236328,2.22
2020-12-23,340.4586486816406,23.309999465942383,2.24
2020-12-24,341.783203125,21.530000686645508,2.23
2020-12-25,341.783203125,21.530000686645508,2.23
2020-12-28,344.71942138671875,21.700000762939453,2.22
2020-12-29,344.0617370605469,23.07999992370605,2.22
2020-12-30,344.5527648925781,22.770000457763672,2.2
2020-12-31,346.3032531738281,22.75,2.18
2021-01-01,346.3032531738281,22.75,2.18
2021-01-04,341.5887145996094,26.96999931335449,2.19
2021-01-05,343.9413757324219,25.34000015258789,2.23
2021-01-06,345.9976806640625,25.06999969482422,2.27
2021-01-07,351.1383056640625,22.3700008392334,2.23
2021-01-08,353.138916015625,21.559999465942383,2.19
2021-01-11,350.75848388671875,24.07999992370605,2.15
2021-01-12,350.83258056640625,23.32999992370605,2.16
2021-01-13,351.7773742675781,22.209999084472656,2.13
2021-01-14,350.5453796386719,23.25,2.12
2021-01-15,347.9889831542969,24.34000015258789,2.13
2021-01-18,347.9889831542969,24.34000015258789,2.13
2021-01-19,350.72137451171875,23.239999771118164,2.11
2021-01-20,355.57501220703125,21.57999992370605,2.11
2021-01-21,355.899169921875,21.31999969482422,2.12
2021-01-22,354.6394348144531,21.90999984741211,2.14
2021-01-25,356.0380859375,23.190000534057617,2.1500000000000004
2021-01-26,355.4823303222656,23.020000457763672,2.16
2021-01-27,346.794189453125,37.209999084472656,2.16
2021-01-28,349.7767028808594,30.209999084472656,2.17
2021-01-29,342.7743225097656,33.09000015258789,2.17
2021-02-01,348.4799194335937,30.239999771118164,2.1899999999999995
2021-02-02,353.4075622558594,25.559999465942383,2.18
2021-02-03,353.6854553222656,22.90999984741211,2.17
2021-02-04,357.7052307128906,21.770000457763672,2.19
2021-02-05,359.1132507324219,20.8700008392334,2.18
2021-02-08,361.7066345214844,21.239999771118164,2.14
2021-02-09,361.4658508300781,21.6299991607666,2.1500000000000004
2021-02-10,361.3084106445313,21.989999771118164,2.16
2021-02-11,361.8919677734375,21.25,2.18
2021-02-12,363.6795349121094,19.96999931335449,2.1900000000000004
2021-02-15,363.6795349121094,19.96999931335449,2.1900000000000004
2021-02-16,363.36468505859375,21.459999084472656,2.1500000000000004
2021-02-17,363.447998046875,21.5,2.13
2021-02-18,361.9011840820313,22.489999771118164,2.13
2021-02-19,361.2621154785156,22.049999237060547,2.14
2021-02-22,358.4832458496094,23.450000762939453,2.16
2021-02-23,358.91864013671875,23.11000061035156,2.2
2021-02-24,362.8736877441406,21.34000015258789,2.22
2021-02-25,354.1300354003906,28.88999938964844,2.12
2021-02-26,352.3052978515625,27.950000762939453,2.12
2021-03-01,360.8452758789063,23.350000381469727,2.13
2021-03-02,358.0295104980469,24.100000381469727,2.15
2021-03-03,353.2870483398437,26.670000076293945,2.14
2021-03-04,348.91534423828125,28.56999969482422,2.13
2021-03-05,355.3341064453125,24.65999984741211,2.13
2021-03-08,353.5650634765625,25.46999931335449,2.14
2021-03-09,358.613037109375,24.030000686645508,2.16
2021-03-10,360.8452758789063,22.559999465942383,2.17
2021-03-11,364.5039367675781,21.90999984741211,2.18
2021-03-12,364.994873046875,20.690000534057617,2.1900000000000004
2021-03-15,367.1715087890625,20.030000686645508,2.18
2021-03-16,366.7083129882813,19.790000915527344,2.19
2021-03-17,367.958740234375,19.229999542236328,2.23
2021-03-18,362.6051330566406,21.57999992370605,2.17
2021-03-19,361.9341735839844,20.950000762939453,2.1
2021-03-22,364.8242492675781,18.8799991607666,2.08
2021-03-23,361.9527893066406,20.299999237060547,2.1100000000000003
2021-03-24,360.11285400390625,21.200000762939453,2.1
2021-03-25,362.1386413574219,19.809999465942383,2.1100000000000003
2021-03-26,367.9744262695313,18.86000061035156,2.09
2021-03-29,367.7886352539063,20.739999771118164,2.08
2021-03-30,366.8128662109375,19.61000061035156,2.04
2021-03-31,368.2997131347656,19.399999618530277,2.03
2021-04-01,372.2770080566406,17.329999923706055,1.98
2021-04-02,372.2770080566406,17.329999923706055,1.95
2021-04-05,377.6203308105469,17.90999984741211,1.93
2021-04-06,377.3972778320313,18.1200008392334,1.95
2021-04-07,377.8341064453125,17.15999984741211,1.96
2021-04-08,379.6275939941406,16.950000762939453,1.98
2021-04-09,382.3874816894531,16.690000534057617,1.96
2021-04-12,382.5269165039063,16.90999984741211,1.95
2021-04-13,383.6606140136719,16.649999618530273,1.97
2021-04-14,382.3503112792969,16.989999771118164,1.98
2021-04-15,386.4578247070313,16.56999969482422,1.95
2021-04-16,387.7494812011719,16.25,1.97
2021-04-19,385.8444213867188,17.290000915527344,1.99
2021-04-20,383.0194091796875,18.68000030517578,2.0
2021-04-21,386.6436767578125,17.5,2.01
2021-04-22,383.11236572265625,18.709999084472656,1.99
2021-04-23,387.2662658691406,17.329999923706055,1.99
2021-04-26,388.07470703125,17.639999389648438,1.98
2021-04-27,387.9910888671875,17.559999465942383,1.97
2021-04-28,387.8794860839844,17.280000686645508,1.98
2021-04-29,390.3514404296875,17.610000610351562,1.97
2021-04-30,387.78662109375,18.61000061035156,1.96
2021-05-03,388.62298583984375,18.309999465942383,1.96
2021-05-04,386.2254028320313,19.479999542236328,1.97
2021-05-05,386.3462524414063,19.149999618530277,1.98
2021-05-06,389.4314575195313,18.38999938964844,1.96
2021-05-07,392.2657165527344,16.690000534057617,1.97
2021-05-10,388.38134765625,19.65999984741211,1.98
2021-05-11,384.9151306152344,21.84000015258789,2.01
2021-05-12,376.737548828125,27.59000015258789,2.02
2021-05-13,381.26318359375,23.1299991607666,2.04
2021-05-14,387.1175537109375,18.809999465942383,2.03
2021-05-17,386.1324768066406,19.71999931335449,2.0200000000000005
2021-05-18,382.80572509765625,21.34000015258789,2.03
2021-05-19,381.8020629882813,22.18000030517578,2.0200000000000005
2021-05-20,385.9094848632813,20.670000076293945,2.02
2021-05-21,385.5935668945313,20.149999618530277,2.01
2021-05-24,389.5243835449219,18.399999618530277,2.0
2021-05-25,388.66015625,18.84000015258789,2.01
2021-05-26,389.4314575195313,17.360000610351562,1.98
2021-05-27,389.6358642578125,16.739999771118164,1.98
2021-05-28,390.3328552246094,16.760000228881836,1.99
2021-05-31,390.3328552246094,16.760000228881836,1.99
2021-06-01,389.9889221191406,17.899999618530273,1.97
2021-06-02,390.6023254394531,17.479999542236328,1.98
2021-06-03,389.1526184082031,18.040000915527344,1.96
2021-06-04,392.7117919921875,16.420000076293945,1.98
2021-06-07,392.3307800292969,16.420000076293945,1.98
2021-06-08,392.4144592285156,17.06999969482422,1.98
2021-06-09,391.8290100097656,17.889999389648438,1.96
2021-06-10,393.6503601074219,16.100000381469727,2.0
2021-06-11,394.3009033203125,15.649999618530272,1.97
2021-06-14,395.1836242675781,16.389999389648438,1.96
2021-06-15,394.4588317871094,17.020000457763672,1.96
2021-06-16,392.2564086914063,18.149999618530277,1.91
2021-06-17,392.1263427734375,17.75,1.84
2021-06-18,386.8364562988281,20.700000762939453,1.85
2021-06-21,392.3743286132813,17.889999389648438,1.88
2021-06-22,394.4720458984375,16.65999984741211,1.9
2021-06-23,393.99658203125,16.31999969482422,1.89
2021-06-24,396.327392578125,15.970000267028809,1.88
2021-06-25,397.735107421875,15.619999885559082,1.9
2021-06-28,398.5369567871094,15.760000228881836,1.88
2021-06-29,398.7513732910156,16.020000457763672,1.87
2021-06-30,399.0870056152344,15.829999923706056,1.87
2021-07-01,401.2965698242188,15.479999542236328,1.86
2021-07-02,404.3639526367188,15.06999969482422,1.87
2021-07-05,404.3639526367188,15.06999969482422,1.87
2021-07-06,403.6274108886719,16.440000534057617,1.9
2021-07-07,405.0538024902344,16.200000762939453,1.89
2021-07-08,401.7534484863281,19.0,1.91
2021-07-09,406.0420837402344,16.18000030517578,1.91
2021-07-12,407.4964904785156,16.170000076293945,1.91
2021-07-13,406.1073913574219,17.1200008392334,1.91
2021-07-14,406.71337890625,16.329999923706055,1.91
2021-07-15,405.3242492675781,17.010000228881836,1.92
2021-07-16,402.1449890136719,18.450000762939453,1.93
2021-07-19,396.2061767578125,22.5,1.97
2021-07-20,401.8839416503906,19.729999542236328,1.98
2021-07-21,405.13763427734375,17.90999984741211,1.96
2021-07-22,405.9861450195313,17.690000534057617,1.95
2021-07-23,410.1629333496094,17.200000762939453,1.93
2021-07-26,411.1698303222656,17.579999923706055,1.94
2021-07-27,409.2958679199219,19.36000061035156,1.95
2021-07-28,409.1280212402344,18.309999465942383,1.96
2021-07-29,410.8248901367188,17.700000762939453,1.94
2021-07-30,408.8297119140625,18.239999771118164,1.95
2021-08-02,407.9719543457031,19.459999084472656,1.95
2021-08-03,411.29107666015625,18.040000915527344,1.97
2021-08-04,409.2678833007813,17.969999313354492,1.96
2021-08-05,411.8597412109375,17.280000686645508,1.95
2021-08-06,412.5403747558594,16.149999618530273,1.94
2021-08-09,412.2047119140625,16.719999313354492,1.95
2021-08-10,412.7174377441406,16.790000915527344,1.95
2021-08-11,413.74310302734375,16.170000076293945,1.99
2021-08-12,414.9830017089844,15.59000015258789,1.99
2021-08-13,415.73828125,15.449999809265137,1.98
2021-08-16,416.7170715332031,16.1200008392334,1.97
2021-08-17,413.9854736328125,17.90999984741211,1.98
2021-08-18,409.454345703125,21.56999969482422,1.97
2021-08-19,410.08831787109375,21.670000076293945,1.98
2021-08-20,413.35150146484375,18.559999465942383,1.96
2021-08-23,416.9874572753906,17.149999618530273,1.97
2021-08-24,417.6494445800781,17.219999313354492,1.95
2021-08-25,418.52581787109375,16.790000915527344,1.93
2021-08-26,416.05517578125,18.84000015258789,1.92
2021-08-27,419.7750854492188,16.389999389648438,1.92
2021-08-30,421.62103271484375,16.190000534057617,1.92
2021-08-31,420.9964294433594,16.479999542236328,1.94
2021-09-01,421.2201843261719,16.110000610351562,1.92
2021-09-02,422.51605224609375,16.40999984741211,1.92
2021-09-03,422.4134826660156,16.40999984741211,1.91
2021-09-06,422.4134826660156,16.40999984741211,1.91
2021-09-07,420.9031982421875,18.13999938964844,1.91
2021-09-08,420.3904418945313,17.959999084472656,1.91
2021-09-09,418.591064453125,18.799999237060547,1.9
2021-09-10,415.2906799316406,20.950000762939453,1.88
2021-09-13,416.353515625,19.3700008392334,1.87
2021-09-14,414.1066284179688,19.459999084472656,1.87
2021-09-15,417.5655212402344,18.18000030517578,1.85
2021-09-16,416.9035339355469,18.690000534057617,1.84
2021-09-17,412.8425598144531,20.809999465942383,1.83
2021-09-20,405.9586486816406,25.709999084472656,1.84
2021-09-21,405.5751647949219,24.36000061035156,1.83
2021-09-22,409.5315551757813,20.8700008392334,1.83
2021-09-23,414.5073547363281,18.6299991607666,1.8100000000000005
2021-09-24,415.190185546875,17.75,1.8
2021-09-27,414.0022277832031,18.76000022888184,1.7799999999999998
2021-09-28,405.6593933105469,23.25,1.7999999999999998
2021-09-29,406.3421325683594,22.559999465942383,1.81
2021-09-30,401.3757019042969,23.13999938964844,1.85
2021-10-01,406.1456604003906,21.100000381469727,1.85
2021-10-04,400.9080505371094,22.959999084472656,1.85
2021-10-05,405.07952880859375,21.299999237060547,1.84
2021-10-06,406.7629699707031,21.0,1.84
2021-10-07,410.2797546386719,19.540000915527344,1.85
2021-10-08,409.5315551757813,18.770000457763672,1.84
2021-10-11,406.5665893554688,20.0,1.84
2021-10-12,405.56585693359375,19.850000381469727,1.82
2021-10-13,407.02490234375,18.63999938964844,1.79
2021-10-14,413.8713989257813,16.860000610351562,1.81
2021-10-15,417.0232849121094,16.299999237060547,1.76
2021-10-18,418.25787353515625,16.309999465942383,1.72
2021-10-19,421.4847106933594,15.699999809265137,1.7200000000000002
2021-10-20,423.1401977539063,15.489999771118164,1.75
2021-10-21,424.2437744140625,15.010000228881836,1.74
2021-10-22,423.80419921875,15.43000030517578,1.72
2021-10-25,426.0770568847656,15.239999771118164,1.7300000000000002
2021-10-26,426.4605102539063,15.979999542236328,1.71
2021-10-27,424.5711669921875,16.979999542236328,1.69
2021-10-28,428.6678466796875,16.530000686645508,1.6899999999999995
2021-10-29,429.5377502441406,16.260000228881836,1.6900000000000002
2021-11-01,430.276611328125,16.40999984741211,1.69
2021-11-02,432.0161437988281,16.030000686645508,1.71
2021-11-03,434.6536865234375,15.100000381469728,1.6999999999999995
2021-11-04,436.70208740234375,15.4399995803833,1.7299999999999998
2021-11-05,438.2172546386719,16.479999542236328,1.7300000000000002
2021-11-08,438.5914001464844,17.219999313354492,1.6700000000000002
2021-11-09,437.1415710449219,17.780000686645508,1.67
2021-11-10,433.6249084472656,18.729999542236328,1.66
2021-11-11,433.7651977539063,17.65999984741211,1.67
2021-11-12,437.0386657714844,16.290000915527344,1.69
2021-11-15,437.1884765625,16.489999771118164,1.7000000000000002
2021-11-16,438.918701171875,16.3700008392334,1.7200000000000002
2021-11-17,437.85247802734375,17.110000610351562,1.7399999999999998
2021-11-18,439.3395690917969,17.59000015258789,1.7299999999999998
2021-11-19,438.5540161132813,17.90999984741211,1.73
2021-11-22,437.31927490234375,19.170000076293945,1.71
2021-11-23,437.8992004394531,19.3799991607666,1.73
2021-11-24,439.0683898925781,18.57999992370605,1.72
2021-11-25,439.0683898925781,18.57999992370605,1.72
2021-11-26,429.2757263183594,28.6200008392334,1.82
2021-11-29,434.5415344238281,22.959999084472656,1.81
2021-11-30,426.0863952636719,27.190000534057617,1.8100000000000005
2021-12-01,421.3537292480469,31.1200008392334,1.8100000000000005
2021-12-02,427.8073425292969,27.950000762939453,1.8000000000000005
2021-12-03,424.0848388671875,30.670000076293945,1.81
2021-12-06,429.107421875,27.18000030517578,1.7900000000000005
2021-12-07,437.9833984375,21.88999938964844,1.75
2021-12-08,439.1431884765625,19.899999618530277,1.79
2021-12-09,436.1782836914063,21.57999992370605,1.81
2021-12-10,440.28424072265625,18.690000534057617,1.83
2021-12-13,436.3841247558594,20.309999465942383,1.8200000000000005
2021-12-14,433.3817138671875,21.88999938964844,1.82
2021-12-15,440.1533203125,19.290000915527344,1.83
2021-12-16,436.2717895507813,20.56999969482422,1.87
2021-12-17,431.6285705566406,21.56999969482422,1.87
2021-12-20,427.0389404296875,22.8700008392334,1.89
2021-12-21,434.6227416992188,21.01000022888184,1.88
2021-12-22,438.9683837890625,18.6299991607666,1.86
2021-12-23,441.69964599609375,17.959999084472656,1.86
2021-12-24,441.69964599609375,17.959999084472656,1.86
2021-12-27,447.9507446289063,17.68000030517578,1.86
2021-12-28,447.5846252441406,17.540000915527344,1.86
2021-12-29,448.15716552734375,16.950000762939453,1.85
2021-12-30,446.9182434082031,17.329999923706055,1.85
2021-12-31,445.7919006347656,17.219999313354492,1.85
2022-01-03,448.3730773925781,16.600000381469727,1.8200000000000005
2022-01-04,448.2228698730469,16.90999984741211,1.84
2022-01-05,439.6160888671875,19.729999542236328,1.7999999999999998
2022-01-06,439.20306396484375,19.61000061035156,1.7799999999999998
2022-01-07,437.4666748046875,18.76000022888184,1.78
2022-01-10,436.9222717285156,19.399999618530277,1.76
2022-01-11,440.9019165039063,18.40999984741211,1.7599999999999998
2022-01-12,442.0939331054688,17.6200008392334,1.7699999999999998
2022-01-13,436.0025024414063,20.309999465942383,1.8
2022-01-14,436.1808166503906,19.190000534057617,1.7899999999999998
2022-01-17,436.1808166503906,19.190000534057617,1.7899999999999998
2022-01-18,428.4562377929688,22.790000915527344,1.7799999999999998
2022-01-19,424.0072937011719,23.850000381469727,1.77
2022-01-20,419.3142700195313,25.59000015258789,1.79
2022-01-21,411.0829772949219,28.850000381469727,1.84
2022-01-24,412.8287048339844,29.899999618530277,1.89
2022-01-25,407.7884521484375,31.15999984741211,1.91
2022-01-26,406.7655029296875,31.959999084472656,1.84
2022-01-27,404.7568359375,30.489999771118164,1.86
2022-01-28,414.8091125488281,27.65999984741211,1.91
2022-01-31,422.2802429199219,24.82999992370605,1.93
2022-02-01,425.1336364746094,21.959999084472656,1.92
2022-02-02,429.263427734375,22.09000015258789,1.91
2022-02-03,419.1736450195313,24.350000381469727,1.92
2022-02-04,421.1446228027344,23.21999931335449,1.92
2022-02-07,419.79302978515625,22.86000061035156,1.93
2022-02-08,423.2471008300781,21.440000534057617,1.91
2022-02-09,429.4417114257813,19.959999084472656,1.92
2022-02-10,421.7265930175781,23.90999984741211,1.91
2022-02-11,413.4106750488281,27.36000061035156,2.0
2022-02-14,412.05908203125,28.32999992370605,2.0
2022-02-15,418.7042541503906,25.700000762939453,1.99
2022-02-16,419.1736450195313,24.290000915527344,2.0500000000000003
2022-02-17,410.2194213867188,28.11000061035156,2.12
2022-02-18,407.563232421875,27.75,2.13
2022-02-21,407.563232421875,27.75,2.13
2022-02-22,403.189453125,28.809999465942383,2.1300000000000003
2022-02-23,396.0373229980469,31.020000457763672,2.1
2022-02-24,401.9974670410156,30.31999969482422,2.24
2022-02-25,410.8670654296875,27.59000015258789,2.2
2022-02-28,409.8158264160156,30.149999618530277,2.34
2022-03-01,403.5742492675781,33.31999969482422,2.25
2022-03-02,410.99847412109375,30.739999771118164,2.2399999999999998
2022-03-03,408.952392578125,30.479999542236328,2.2399999999999998
2022-03-04,405.6297302246094,31.979999542236328,2.31
2022-03-07,393.6721496582031,36.45000076293945,2.3199999999999994
2022-03-08,390.6873474121094,35.130001068115234,2.35
2022-03-09,401.1620788574219,32.45000076293945,2.32
2022-03-10,399.3505859375,30.229999542236328,2.3800000000000003
2022-03-11,394.2728271484375,30.75,2.35
2022-03-14,391.3912963867188,31.770000457763672,2.33
2022-03-15,399.9981994628906,29.82999992370605,2.36
2022-03-16,408.8678588867188,26.670000076293945,2.23
2022-03-17,413.9832458496094,25.670000076293945,2.17
2022-03-18,418.5174865722656,23.8700008392334,2.14
2022-03-21,418.3950805664063,23.530000686645508,2.07
2022-03-22,423.2908630371094,22.940000534057617,2.05
2022-03-23,417.839599609375,23.56999969482422,2.03
2022-03-24,424.1382141113281,21.670000076293945,2.01
2022-03-25,426.2095642089844,20.809999465942383,1.9600000000000004
2022-03-28,429.2412109375,19.6299991607666,1.9400000000000004
2022-03-29,434.5512390136719,18.899999618530277,1.91
2022-03-30,431.8679809570313,19.32999992370605,1.93
2022-03-31,425.220947265625,20.559999465942383,1.93
2022-04-01,426.4261779785156,19.6299991607666,1.81
2022-04-04,430.07916259765625,18.56999969482422,1.8100000000000005
2022-04-05,424.6466369628906,21.030000686645508,1.7699999999999996
2022-04-06,420.40045166015625,22.100000381469727,1.77
2022-04-07,422.5188598632813,21.549999237060547,1.7800000000000002
2022-04-08,421.3890380859375,21.15999984741211,1.7799999999999998
2022-04-11,414.1865539550781,24.3700008392334,1.8200000000000005
2022-04-12,412.6518249511719,24.26000022888184,1.9199999999999997
2022-04-13,417.3782653808594,21.81999969482422,1.9399999999999995
2022-04-14,412.1811218261719,22.700000762939453,1.93
2022-04-15,412.1811218261719,22.700000762939453,1.93
2022-04-18,412.3505859375,22.170000076293945,1.94
2022-04-19,419.0070190429688,21.3700008392334,1.91
2022-04-20,418.69635009765625,20.31999969482422,1.91
2022-04-21,412.4353637695313,22.68000030517578,1.93
2022-04-22,401.118408203125,28.209999084472656,1.9600000000000004
2022-04-25,403.4440307617188,27.020000457763672,2.03
2022-04-26,391.7599487304688,33.52000045776367,2.06
2022-04-27,392.8614501953125,31.600000381469727,2.0500000000000003
2022-04-28,402.7849426269531,29.989999771118164,2.06
2022-04-29,387.8997497558594,33.400001525878906,2.0500000000000003
2022-05-02,390.2347412109375,32.34000015258789,2.08
2022-05-03,392.0234680175781,29.25,2.0499999999999994
2022-05-04,403.96185302734375,25.420000076293945,2.08
2022-05-05,389.6038513183594,31.200000762939453,2.1000000000000005
2022-05-06,387.2784118652344,30.190000534057617,2.09
2022-05-09,374.8788146972656,34.75,2.17
2022-05-10,375.744873046875,32.9900016784668,2.16
2022-05-11,369.7757873535156,32.560001373291016,2.17
2022-05-12,369.3897705078125,31.770000457763672,2.2
2022-05-13,378.2210998535156,28.8700008392334,2.24
2022-05-16,376.6864013671875,27.46999931335449,2.29
2022-05-17,384.43499755859375,26.100000381469727,2.27
2022-05-18,368.9378051757813,30.959999084472656,2.31
2022-05-19,366.67822265625,29.350000381469727,2.37
2022-05-20,366.8382873535156,29.43000030517578,2.36
2022-05-23,373.7018737792969,28.479999542236328,2.3300000000000005
2022-05-24,370.8490905761719,29.450000762939453,2.34
2022-05-25,374.1255493164063,28.3700008392334,2.29
2022-05-26,381.60107421875,27.5,2.25
2022-05-27,390.9690246582031,25.71999931335449,2.26
2022-05-30,390.9690246582031,25.71999931335449,2.26
2022-05-31,388.7753601074219,26.190000534057617,2.18
2022-06-01,385.6307067871094,25.690000534057617,2.08
2022-06-02,392.9744262695313,24.71999931335449,2.1
2022-06-03,386.5251159667969,24.790000915527344,2.09
2022-06-06,387.7020568847656,25.06999969482422,2.08
2022-06-07,391.42095947265625,24.020000457763672,2.07
2022-06-08,387.1653442382813,23.959999084472656,2.07
2022-06-09,377.9574279785156,26.09000015258789,2.0700000000000003
2022-06-10,366.9983215332031,27.75,2.0400000000000005
2022-06-13,353.06414794921875,34.02000045776367,1.98
2022-06-14,352.0001525878906,32.689998626708984,1.99
2022-06-15,357.0184326171875,29.6200008392334,2.1
2022-06-16,345.2025146484375,32.95000076293945,2.1300000000000003
2022-06-17,345.9467163085937,31.1299991607666,2.13
2022-06-20,345.9467163085937,31.1299991607666,2.13
2022-06-21,354.6553955078125,30.190000534057617,2.1300000000000003
2022-06-22,354.0124816894531,28.950000762939453,2.17
2022-06-23,357.48260498046875,29.049999237060547,2.2
2022-06-24,368.8484191894531,27.229999542236328,2.22
2022-06-27,367.4395446777344,26.950000762939453,2.1899999999999995
2022-06-28,359.931640625,28.36000061035156,2.22
2022-06-29,359.6385498046875,28.15999984741211,2.24
2022-06-30,356.7166748046875,28.709999084472656,2.31
2022-07-01,360.4895935058594,26.700000762939453,2.42
2022-07-04,360.4895935058594,26.700000762939453,2.42
2022-07-05,361.17041015625,27.540000915527344,2.4100000000000006
2022-07-06,362.3901672363281,26.729999542236328,2.39
2022-07-07,367.8178405761719,26.07999992370605,2.33
2022-07-08,367.5152587890625,24.63999938964844,2.3100000000000005
2022-07-11,363.31683349609375,26.170000076293945,2.3199999999999994
2022-07-12,360.1018981933594,27.290000915527344,2.31
2022-07-13,358.2107849121094,26.81999969482422,2.3200000000000003
2022-07-14,357.34088134765625,26.399999618530277,2.31
2022-07-15,364.1678771972656,24.229999542236328,2.3000000000000003
2022-07-18,361.1609191894531,25.299999237060547,2.28
2022-07-19,370.9192199707031,24.5,2.26
2022-07-20,373.283203125,23.8799991607666,2.2
2022-07-21,377.0843505859375,23.11000061035156,2.2299999999999995
2022-07-22,373.585693359375,23.030000686645508,2.28
2022-07-25,374.0396118164063,23.36000061035156,2.31
2022-07-26,369.6143493652344,24.690000534057617,2.29
2022-07-27,379.2118225097656,23.239999771118164,2.3000000000000003
2022-07-28,383.9680786132813,22.32999992370605,2.4199999999999995
2022-07-29,389.56585693359375,21.32999992370605,2.3600000000000003
2022-08-01,388.4123229980469,22.84000015258789,2.3800000000000003
2022-08-02,385.8498229980469,23.93000030517578,2.29
2022-08-03,391.8919982910156,21.950000762939453,2.29
2022-08-04,391.6272583007813,21.440000534057617,2.32
2022-08-05,390.9653625488281,21.149999618530277,2.29
2022-08-08,390.5114440917969,21.290000915527344,2.26
2022-08-09,388.960693359375,21.770000457763672,2.26
2022-08-10,397.1304626464844,19.739999771118164,2.2900000000000005
2022-08-11,397.1304626464844,20.200000762939453,2.29
2022-08-12,403.8534851074219,19.530000686645508,2.2700000000000005
2022-08-15,405.5177001953125,19.950000762939453,2.27
2022-08-16,406.3119812011719,19.690000534057617,2.27
2022-08-17,403.4279174804688,19.899999618530277,2.24
2022-08-18,404.6004638671875,19.559999465942383,2.24
2022-08-19,399.1634521484375,20.600000381469727,2.2500000000000004
2022-08-22,390.8518676757813,23.799999237060547,2.24
2022-08-23,389.90631103515625,24.11000061035156,2.24
2022-08-24,391.154541015625,22.81999969482422,2.23
2022-08-25,396.6765441894531,21.780000686645508,2.2100000000000004
2022-08-26,383.24951171875,25.559999465942383,2.1900000000000004
2022-08-29,380.7153625488281,26.209999084472656,2.1899999999999995
2022-08-30,376.535888671875,26.209999084472656,2.1700000000000004
2022-08-31,373.6708068847656,25.8700008392334,2.18
2022-09-01,374.84326171875,25.559999465942383,2.2200000000000006
2022-09-02,370.8908996582031,25.46999931335449,2.24
2022-09-05,370.8908996582031,25.46999931335449,2.24
2022-09-06,369.4913940429688,26.90999984741211,2.27
2022-09-07,376.1292419433594,24.63999938964844,2.24
2022-09-08,378.5878601074219,23.61000061035156,2.25
2022-09-09,384.4692687988281,22.790000915527344,2.2
2022-09-12,388.6013793945313,23.8700008392334,2.2
2022-09-13,371.70404052734375,27.270000457763672,2.18
2022-09-14,373.1223754882813,26.15999984741211,2.1499999999999995
2022-09-15,368.88623046875,26.270000457763672,2.12
2022-09-16,366.0720520019531,26.299999237060547,2.18
2022-09-19,368.9109191894531,25.76000022888184,2.1499999999999995
2022-09-20,364.6763916015625,27.15999984741211,2.1300000000000003
2022-09-21,358.31500244140625,27.989999771118164,2.12
2022-09-22,355.3052062988281,27.350000381469727,2.08
2022-09-23,349.3522033691406,29.920000076293945,2.0900000000000003
2022-09-26,345.8961181640625,32.2599983215332,2.01
2022-09-27,345.0131530761719,32.599998474121094,2.08
2022-09-28,351.8017272949219,30.18000030517578,2.25
2022-09-29,344.4529724121094,31.84000015258789,2.2700000000000005
2022-09-30,339.1264953613281,31.6200008392334,2.24
2022-10-03,348.079833984375,30.100000381469727,2.29
2022-10-04,358.8656616210937,29.06999969482422,2.27
2022-10-05,358.0301513671875,28.549999237060547,2.2200000000000006
2022-10-06,354.3368225097656,30.520000457763672,2.16
2022-10-07,344.4529724121094,31.36000061035156,2.1699999999999995
2022-10-10,341.82293701171875,32.45000076293945,2.28
2022-10-11,339.6582336425781,33.630001068115234,2.23
2022-10-12,338.5378112792969,33.56999969482422,2.27
2022-10-13,347.4722595214844,31.940000534057617,2.28
2022-10-14,339.55377197265625,32.02000045776367,2.28
2022-10-17,348.2792663574219,31.3700008392334,2.28
2022-10-18,352.371337890625,30.5,2.28
2022-10-19,349.874267578125,30.76000022888184,2.25
2022-10-20,346.94049072265625,29.979999542236328,2.24
2022-10-21,355.37164306640625,29.690000534057617,2.3600000000000003
2022-10-24,359.7202453613281,29.850000381469727,2.34
2022-10-25,365.4643859863281,28.459999084472656,2.37
2022-10-26,362.71099853515625,27.280000686645508,2.33
2022-10-27,360.7741088867188,27.38999938964844,2.34
2022-10-28,369.3571472167969,25.75,2.3000000000000007
2022-10-31,366.6892395019531,25.8799991607666,2.28
2022-11-01,365.0846252441406,25.809999465942383,2.22
2022-11-02,355.92242431640625,25.86000061035156,2.1800000000000006
2022-11-03,352.2575988769531,25.299999237060547,2.1900000000000004
2022-11-04,357.3275756835937,24.549999237060547,2.22
2022-11-07,360.74560546875,24.350000381469727,2.2200000000000006
2022-11-08,362.6919860839844,25.540000915527344,2.2300000000000004
2022-11-09,355.2197570800781,26.09000015258789,2.33
2022-11-10,374.7406311035156,23.530000686645508,2.36
2022-11-11,378.3674926757813,22.520000457763672,2.36
2022-11-14,375.1488342285156,23.729999542236328,2.2700000000000005
2022-11-15,378.3485412597656,24.540000915527344,2.2300000000000004
2022-11-16,375.4622497558594,24.11000061035156,2.24
2022-11-17,374.3133544921875,23.93000030517578,2.18
2022-11-18,376.0128479003906,23.1200008392334,2.1300000000000003
2022-11-21,374.6456604003906,22.36000061035156,2.08
2022-11-22,379.6872253417969,21.290000915527344,2.0700000000000003
2022-11-23,382.0798950195313,20.350000381469727,2.0200000000000005
2022-11-24,382.0798950195313,20.350000381469727,2.0200000000000005
2022-11-25,381.994384765625,20.5,2.06
2022-11-28,375.89892578125,22.209999084472656,2.0500000000000003
2022-11-29,375.2533264160156,21.88999938964844,2.06
2022-11-30,387.0740661621094,20.57999992370605,2.15
2022-12-01,386.7891540527344,19.84000015258789,2.0900000000000003
2022-12-02,386.3429565429688,19.059999465942383,2.03
2022-12-05,379.3929138183594,20.75,1.99
2022-12-06,373.924072265625,22.170000076293945,1.9700000000000009
2022-12-07,373.2879028320313,22.68000030517578,1.95
2022-12-08,376.2122802734375,22.290000915527344,1.91
2022-12-09,373.40185546875,22.82999992370605,1.9
2022-12-12,378.7852783203125,25.0,1.8800000000000003
2022-12-13,381.6526794433594,22.549999237060547,1.91
2022-12-14,379.2124633789063,21.13999938964844,1.95
2022-12-15,369.9363403320313,22.82999992370605,1.97
2022-12-16,365.5688171386719,22.6200008392334,1.98
2022-12-19,362.4689636230469,22.420000076293945,1.98
2022-12-20,362.96490478515625,21.479999542236328,1.99
2022-12-21,368.3921508789063,20.06999969482422,2.01
2022-12-22,363.1365661621094,21.96999931335449,1.99
2022-12-23,365.2254943847656,20.8700008392334,2.0
2022-12-26,365.2254943847656,20.8700008392334,2.0
2022-12-27,363.7851257324219,21.649999618530277,2.0200000000000005
2022-12-28,359.2640991210937,22.13999938964844,2.01
2022-12-29,365.73095703125,21.440000534057617,2.01
2022-12-30,364.76763916015625,21.670000076293945,1.99
2023-01-02,364.76763916015625,21.670000076293945,1.99
2023-01-03,363.2319946289063,22.899999618530277,2.03
2023-01-04,366.03619384765625,22.01000022888184,2.07
2023-01-05,361.8584899902344,22.459999084472656,2.03
2023-01-06,370.15667724609375,21.1299991607666,2.0700000000000003
2023-01-09,369.9468078613281,21.96999931335449,2.02
2023-01-10,372.5411682128906,20.57999992370605,2.02
2023-01-11,377.2530517578125,21.09000015258789,1.99
2023-01-12,378.6265563964844,18.82999992370605,1.97
2023-01-13,380.0954895019531,18.350000381469727,1.95
2023-01-16,380.0954895019531,18.350000381469727,1.95
2023-01-17,379.399169921875,19.36000061035156,1.9100000000000008
2023-01-18,373.4091796875,20.34000015258789,1.96
2023-01-19,370.69085693359375,20.520000457763672,1.99
2023-01-20,377.596435546875,19.850000381469727,1.98
2023-01-23,382.1271362304688,19.809999465942383,1.9600000000000004
2023-01-24,381.7169189453125,19.200000762939453,1.9400000000000004
2023-01-25,381.8599548339844,19.07999992370605,1.96
2023-01-26,386.0567932128906,18.729999542236328,1.91
2023-01-27,386.9438171386719,18.51000022888184,1.8800000000000003
2023-01-30,382.0888977050781,19.940000534057617,1.87
2023-01-31,387.7068481445313,19.399999618530277,1.9
2023-02-01,391.8273010253906,17.8700008392334,1.91
2023-02-02,397.5311584472656,18.729999542236328,1.8800000000000003
2023-02-03,393.3058166503906,18.32999992370605,1.8300000000000003
2023-02-06,390.9021301269531,19.43000030517578,1.7700000000000005
2023-02-07,396.0146789550781,18.65999984741211,1.7800000000000002
2023-02-08,391.6842651367188,19.6299991607666,1.83
2023-02-09,388.2886962890625,20.709999084472656,1.84
2023-02-10,389.1948547363281,20.530000686645508,1.85
2023-02-13,393.7635803222656,20.34000015258789,1.8399999999999996
2023-02-14,393.5823364257813,18.90999984741211,1.81
2023-02-15,394.8604736328125,18.229999542236328,1.82
2023-02-16,389.42376708984375,20.170000076293945,1.8400000000000003
2023-02-17,388.4508056640625,20.020000457763672,1.89
2023-02-20,388.4508056640625,20.020000457763672,1.89
2023-02-21,380.6581726074219,22.8700008392334,1.87
2023-02-22,380.1335754394531,22.290000915527344,1.85
2023-02-23,382.1556701660156,21.13999938964844,1.8600000000000003
2023-02-24,378.07330322265625,21.670000076293945,1.8599999999999997
2023-02-27,379.3610534667969,20.950000762939453,1.87
2023-02-28,377.95892333984375,20.700000762939453,1.9000000000000004
2023-03-01,376.5090942382813,20.57999992370605,1.84
2023-03-02,379.4372863769531,19.59000015258789,1.8200000000000005
2023-03-03,385.5226135253906,18.489999771118164,1.7899999999999996
2023-03-06,385.7897644042969,18.61000061035156,1.7899999999999996
2023-03-07,379.8760681152344,19.59000015258789,1.7899999999999996
2023-03-08,380.4960021972656,19.11000061035156,1.7899999999999996
2023-03-09,373.4759826660156,22.61000061035156,1.85
2023-03-10,368.0869140625,24.799999237060547,1.96
2023-03-13,367.5623474121094,26.520000457763672,2.140000000000001
2023-03-14,373.6380920410156,23.729999542236328,2.11
2023-03-15,371.3011474609375,26.13999938964844,2.2200000000000006
2023-03-16,377.8158874511719,22.989999771118164,2.16
2023-03-17,373.3981628417969,25.51000022888184,2.2099999999999995
2023-03-20,376.9886474609375,24.149999618530277,2.19
2023-03-21,381.9386291503906,21.3799991607666,2.1100000000000003
2023-03-22,375.4279479980469,22.26000022888184,2.16
2023-03-23,376.4428405761719,22.61000061035156,2.26
2023-03-24,378.9130859375,21.739999771118164,2.24
2023-03-27,379.6215515136719,20.600000381469727,2.19
2023-03-28,378.76947021484375,19.96999931335449,2.1900000000000004
2023-03-29,384.2747802734375,19.1200008392334,2.15
2023-03-30,386.52484130859375,19.020000457763672,2.1100000000000003
2023-03-31,391.9728088378906,18.700000762939453,2.11
2023-04-03,393.4663696289063,18.549999237060547,2.11
2023-04-04,391.2833862304688,19.0,2.1
2023-04-05,390.2589416503906,19.07999992370605,2.140000000000001
2023-04-06,391.7813415527344,18.399999618530277,2.1100000000000003
2023-04-07,391.7813415527344,18.399999618530277,2.02
2023-04-10,392.1833801269531,18.96999931335449,2.09
2023-04-11,392.2887268066406,19.100000381469727,2.0500000000000003
2023-04-12,390.6897277832031,19.09000015258789,2.08
2023-04-13,395.8792419433594,17.799999237060547,2.0699999999999994
2023-04-14,394.9121398925781,17.06999969482422,2.0500000000000003
2023-04-17,396.3292236328125,16.950000762939453,2.02
2023-04-18,396.5876770019531,16.829999923706055,2.01
2023-04-19,396.5206909179688,16.459999084472656,2.01
2023-04-20,394.3568420410156,17.170000076293945,2.05
2023-04-21,394.6632385253906,16.770000457763672,2.0400000000000005
2023-04-24,395.0749206542969,16.889999389648438,2.04
2023-04-25,388.8035888671875,18.76000022888184,2.0900000000000003
2023-04-26,387.15667724609375,18.84000015258789,2.11
2023-04-27,394.86431884765625,17.030000686645508,2.07
2023-04-28,398.2344970703125,15.779999732971191,2.08
2023-05-01,397.8324890136719,16.079999923706055,2.0600000000000005
2023-05-02,393.361083984375,17.780000686645508,2.16
2023-05-03,390.66107177734375,18.34000015258789,2.2
2023-05-04,387.89404296875,20.09000015258789,2.24
2023-05-05,395.0749206542969,17.190000534057617,2.2
2023-05-08,395.18017578125,16.979999542236328,2.2
2023-05-09,393.44720458984375,17.709999084472656,2.2100000000000004
2023-05-10,395.28558349609375,16.940000534057617,2.26
2023-05-11,394.59619140625,16.93000030517578,2.25
2023-05-12,394.07916259765625,17.030000686645508,2.21
2023-05-15,395.4387512207031,17.1200008392334,2.27
2023-05-16,392.7962036132813,17.989999771118164,2.28
2023-05-17,397.5643615722656,16.8700008392334,2.26
2023-05-18,401.3941955566406,16.049999237060547,2.2
2023-05-19,400.8101501464844,16.809999465942383,2.18
2023-05-22,400.9728698730469,17.209999084472656,2.19
2023-05-23,396.4728393554688,18.530000686645508,2.1899999999999995
2023-05-24,393.6004333496094,20.030000686645508,2.18
2023-05-25,397.0089416503906,19.13999938964844,2.1
2023-05-26,402.1505126953125,17.950000762939453,2.1000000000000005
2023-05-29,402.1505126953125,17.950000762939453,2.1000000000000005
2023-05-30,402.3036804199219,17.459999084472656,2.14
2023-05-31,400.0729370117188,17.940000534057617,2.16
2023-06-01,403.8739318847656,15.649999618530272,2.15
2023-06-02,409.7144470214844,14.600000381469728,2.11
2023-06-05,408.9293212890625,14.729999542236328,2.1
2023-06-06,409.8196716308594,13.960000038146973,2.08
2023-06-07,408.4026794433594,13.9399995803833,2.06
2023-06-08,410.87298583984375,13.649999618530272,2.07
2023-06-09,411.6102294921875,13.829999923706056,2.05
2023-06-12,415.34423828125,15.010000228881836,2.1
2023-06-13,418.0825805664063,14.609999656677246,2.0
2023-06-14,418.5804748535156,13.880000114440918,1.9399999999999995
2023-06-15,423.7698669433594,14.5,2.02
2023-06-16,422.326416015625,13.539999961853027,1.9600000000000004
2023-06-19,422.326416015625,13.539999961853027,1.9600000000000004
2023-06-20,420.1353454589844,13.880000114440918,1.95
2023-06-21,417.9826965332031,13.199999809265137,1.9599999999999995
2023-06-22,419.4913940429688,12.90999984741211,1.9400000000000004
2023-06-23,416.3201293945313,13.4399995803833,1.96
2023-06-26,414.619140625,14.25,1.98
2023-06-27,419.1646728515625,13.739999771118164,1.94
2023-06-28,419.3760986328125,13.43000030517578,1.96
2023-06-29,421.0290222167969,13.539999961853027,1.9199999999999997
2023-06-30,425.99749755859375,13.59000015258789,1.8800000000000003
2023-07-03,426.4876098632813,13.56999969482422,1.85
2023-07-04,426.4876098632813,13.56999969482422,1.85
2023-07-05,425.8533630371094,14.18000030517578,1.83
2023-07-06,422.5186462402344,15.4399995803833,1.7999999999999998
2023-07-07,421.4518737792969,14.829999923706056,1.8100000000000005
2023-07-10,422.5186462402344,15.06999969482422,1.8600000000000003
2023-07-11,425.20947265625,14.84000015258789,1.84
2023-07-12,428.630615234375,13.539999961853027,1.8800000000000003
2023-07-13,432.03265380859375,13.609999656677246,1.91
2023-07-14,431.7635803222656,13.34000015258789,1.87
2023-07-17,433.2627258300781,13.479999542236328,1.9
2023-07-18,436.4821166992188,13.300000190734863,1.8900000000000008
2023-07-19,437.4527587890625,13.760000228881836,1.87
2023-07-20,434.5504760742188,13.989999771118164,1.85
2023-07-21,434.5504760742188,13.600000381469728,1.8500000000000003
2023-07-24,436.4917297363281,13.90999984741211,1.8400000000000003
2023-07-25,437.6834106445313,13.859999656677246,1.81
2023-07-26,437.7507629394531,13.1899995803833,1.8300000000000003
2023-07-27,434.848388671875,14.40999984741211,1.7800000000000002
2023-07-28,439.1056823730469,13.329999923706056,1.7999999999999998
2023-07-31,439.9418029785156,13.630000114440918,1.77
2023-08-01,438.682861328125,13.93000030517578,1.7700000000000005
2023-08-02,432.5804748535156,16.09000015258789,1.8200000000000005
2023-08-03,431.3406982421875,15.920000076293944,1.84
2023-08-04,429.3899230957031,17.100000381469727,1.9000000000000004
2023-08-07,433.1378173828125,15.770000457763672,1.9000000000000004
2023-08-08,431.2542114257813,15.989999771118164,1.9300000000000008
2023-08-09,428.3712463378906,15.960000038146973,1.92
2023-08-10,428.5249633789063,15.850000381469728,1.8900000000000008
2023-08-11,428.2750854492188,14.84000015258789,1.87
2023-08-14,430.6392211914063,14.81999969482422,1.84
2023-08-15,425.6226806640625,16.459999084472656,1.8600000000000003
2023-08-16,422.49945068359375,16.780000686645508,1.84
2023-08-17,419.280029296875,17.889999389648438,1.87
2023-08-18,419.4817810058594,17.299999237060547,1.8900000000000008
2023-08-21,422.2111206054688,17.1299991607666,1.88
2023-08-22,421.0675048828125,16.969999313354492,1.8200000000000005
2023-08-23,425.75726318359375,15.979999542236328,1.8299999999999992
2023-08-24,419.8565979003906,17.200000762939453,1.7999999999999998
2023-08-25,422.8164978027344,15.68000030517578,1.7599999999999998
2023-08-28,425.4977722167969,15.079999923706056,1.8199999999999996
2023-08-29,431.6482543945313,14.449999809265137,1.84
2023-08-30,433.4260864257813,13.880000114440918,1.8200000000000005
2023-08-31,432.7918395996094,13.56999969482422,1.83
2023-09-01,433.59912109375,13.09000015258789,1.8200000000000005
2023-09-04,433.59912109375,13.09000015258789,1.8200000000000005
2023-09-05,431.7251586914063,14.010000228881836,1.8400000000000007
2023-09-06,428.8228759765625,14.449999809265137,1.79
2023-09-07,427.50628662109375,14.399999618530272,1.8100000000000005
2023-09-08,428.150146484375,13.84000015258789,1.79
2023-09-11,430.9659118652344,13.800000190734863,1.7999999999999998
2023-09-12,428.601806640625,14.229999542236328,1.79
2023-09-13,429.1015319824219,13.479999542236328,1.81
2023-09-14,432.8013916015625,12.81999969482422,1.7999999999999998
2023-09-15,427.5869445800781,13.789999961853027,1.7800000000000002
2023-09-18,427.8376159667969,14.0,1.7699999999999996
2023-09-19,426.9503784179688,14.109999656677246,1.75
2023-09-20,423.0253601074219,15.140000343322754,1.7300000000000004
2023-09-21,416.0333557128906,17.540000915527344,1.66
2023-09-22,415.0979309082031,17.200000762939453,1.7299999999999995
2023-09-25,416.8435363769531,16.899999618530273,1.75
2023-09-26,410.7195129394531,18.940000534057617,1.7700000000000005
2023-09-27,410.8834838867188,18.21999931335449,1.7699999999999996
2023-09-28,413.26556396484375,17.34000015258789,1.7999999999999998
2023-09-29,412.26263427734375,17.520000457763672,1.7800000000000002
2023-10-02,412.09857177734375,17.610000610351562,1.7799999999999994
2023-10-03,406.5822448730469,19.780000686645508,1.8200000000000005
2023-10-04,409.54296875,18.57999992370605,1.8299999999999992
2023-10-05,409.388671875,18.489999771118164,1.8500000000000003
2023-10-06,414.2492980957031,17.450000762939453,1.84
2023-10-09,416.9013977050781,17.700000762939453,1.84
2023-10-10,419.0712585449219,17.030000686645508,1.83
2023-10-11,420.7879028320313,16.09000015258789,1.8200000000000005
2023-10-12,418.22259521484375,16.690000534057617,1.83
2023-10-13,416.1394653320313,19.31999969482422,1.8200000000000005
2023-10-16,420.5178833007813,17.209999084472656,1.83
2023-10-17,420.4985961914063,17.8799991607666,1.7999999999999998
2023-10-18,414.8953857421875,19.21999931335449,1.7800000000000002
2023-10-19,411.24993896484375,21.399999618530277,1.8199999999999996
2023-10-20,406.1964721679688,21.709999084472656,1.88
2023-10-23,405.4924621582031,20.3700008392334,1.85
2023-10-24,408.5496520996094,18.96999931335449,1.84
2023-10-25,402.6860961914063,20.190000534057617,1.83
2023-10-26,397.864013671875,20.68000030517578,1.8199999999999996
2023-10-27,396.0605773925781,21.270000457763672,1.88
2023-10-30,400.7958679199219,19.75,1.8600000000000003
2023-10-31,403.3129577636719,18.13999938964844,1.8500000000000003
2023-11-01,407.61419677734375,16.8700008392334,1.91
2023-11-02,415.4258728027344,15.65999984741211,1.84
2023-11-03,419.2159729003906,14.90999984741211,1.8599999999999997
2023-11-06,420.1802978515625,14.890000343322754,1.84
2023-11-07,421.3761901855469,14.8100004196167,1.83
2023-11-08,421.684814453125,14.449999809265137,1.84
2023-11-09,418.3961486816406,15.289999961853027,1.83
2023-11-10,424.9251708984375,14.170000076293944,1.7999999999999998
2023-11-13,424.5200500488281,14.760000228881836,1.79
2023-11-14,432.756103515625,14.15999984741211,1.8299999999999992
2023-11-15,433.6722717285156,14.18000030517578,1.7999999999999998
2023-11-16,434.2027587890625,14.31999969482422,1.81
2023-11-17,434.7427673339844,13.800000190734863,1.7799999999999994
2023-11-20,438.0893249511719,13.40999984741211,1.7599999999999998
2023-11-21,437.134521484375,13.350000381469728,1.7699999999999996
2023-11-22,438.82220458984375,12.850000381469728,1.71
2023-11-23,438.82220458984375,12.850000381469728,1.71
2023-11-24,439.09222412109375,12.460000038146973,1.7200000000000006
2023-11-27,438.3013916015625,12.6899995803833,1.71
2023-11-28,438.7353820800781,12.6899995803833,1.75
2023-11-29,438.4267883300781,12.979999542236328,1.7200000000000006
2023-11-30,440.1531066894531,12.920000076293944,1.67
2023-12-01,442.7569885253906,12.630000114440918,1.71
2023-12-04,440.4327697753906,13.079999923706056,1.67
2023-12-05,440.3460388183594,12.850000381469728,1.6500000000000004
2023-12-06,438.5714721679688,12.970000267028809,1.63
2023-12-07,441.91796875,13.0600004196167,1.63
2023-12-08,443.8179016113281,12.350000381469728,1.6099999999999994
2023-12-11,445.5440673828125,12.630000114440918,1.6099999999999994
2023-12-12,447.5789794921875,12.06999969482422,1.5999999999999996
2023-12-13,453.7511291503906,12.1899995803833,1.6100000000000003
2023-12-14,455.20745849609375,12.479999542236328,1.5700000000000005
2023-12-15,454.4578857421875,12.279999732971191,1.5700000000000005
2023-12-18,457.0142822265625,12.5600004196167,1.58
2023-12-19,459.7933044433594,12.529999732971191,1.5699999999999998
2023-12-20,453.421875,13.670000076293944,1.6300000000000003
2023-12-21,457.7211608886719,13.649999618530272,1.64
2023-12-22,458.6410217285156,13.029999732971191,1.65
2023-12-25,458.6410217285156,13.029999732971191,1.65
2023-12-26,460.5776672363281,12.989999771118164,1.64
2023-12-27,461.410400390625,12.43000030517578,1.6399999999999997
2023-12-28,461.584716796875,12.470000267028809,1.62
2023-12-29,460.2484436035156,12.449999809265137,1.6100000000000003
2024-01-01,460.2484436035156,12.449999809265137,1.6100000000000003
2024-01-02,457.6726989746094,13.199999809265137,1.62
2024-01-03,453.93505859375,14.039999961853027,1.66
2024-01-04,452.4728393554688,14.130000114440918,1.6499999999999997
2024-01-05,453.0925903320313,13.350000381469728,1.6500000000000004
2024-01-08,459.56097412109375,13.079999923706056,1.6500000000000004
2024-01-09,458.8637390136719,12.760000228881836,1.6300000000000008
2024-01-10,461.4588012695313,12.6899995803833,1.59
2024-01-11,461.2554931640625,12.4399995803833,1.6300000000000003
2024-01-12,461.5750122070313,12.699999809265137,1.6399999999999997
2024-01-15,461.5750122070313,12.699999809265137,1.6399999999999997
2024-01-16,459.8804626464844,13.84000015258789,1.6499999999999997
2024-01-17,457.3241882324219,14.789999961853027,1.6300000000000008
2024-01-18,461.3910217285156,14.130000114440918,1.62
2024-01-19,467.1427612304688,13.300000190734863,1.59
2024-01-22,468.1304626464844,13.1899995803833,1.59
2024-01-23,469.4957580566406,12.550000190734863,1.62
2024-01-24,470.009033203125,13.140000343322754,1.6100000000000003
2024-01-25,472.56536865234375,13.449999809265137,1.6000000000000003
2024-01-26,471.9650268554688,13.260000228881836,1.58
2024-01-29,475.70263671875,13.600000381469728,1.5999999999999996
2024-01-30,475.3347473144531,13.3100004196167,1.58
2024-01-31,467.5785827636719,14.350000381469728,1.6099999999999994
2024-02-01,473.69830322265625,13.880000114440918,1.63
2024-02-02,478.6850891113281,13.850000381469728,1.59
2024-02-05,476.9421997070313,13.670000076293944,1.5600000000000005
2024-02-06,478.3268737792969,13.0600004196167,1.58
2024-02-07,482.3162841796875,12.829999923706056,1.6000000000000003
2024-02-08,482.529296875,12.789999961853027,1.5999999999999996
2024-02-09,485.3180236816406,12.93000030517578,1.59
2024-02-12,485.1050109863281,13.93000030517578,1.58
2024-02-13,478.4236450195313,15.850000381469728,1.54
2024-02-14,482.7713623046875,14.380000114440918,1.5600000000000005
2024-02-15,486.1023559570313,14.010000228881836,1.5699999999999994
2024-02-16,483.6815490722656,14.239999771118164,1.5300000000000002
2024-02-19,483.6815490722656,14.239999771118164,1.5300000000000002
2024-02-20,481.0187072753906,15.420000076293944,1.5600000000000005
2024-02-21,481.4544677734375,15.34000015258789,1.54
2024-02-22,491.41845703125,14.539999961853027,1.4900000000000002
2024-02-23,491.7573547363281,13.75,1.4900000000000002
2024-02-26,489.9562683105469,13.739999771118164,1.5299999999999994
2024-02-27,490.8664245605469,13.43000030517578,1.5300000000000002
2024-02-28,490.21771240234375,13.84000015258789,1.5500000000000007
2024-02-29,491.97998046875,13.399999618530272,1.5499999999999998
2024-03-01,496.5988159179688,13.109999656677246,1.5699999999999994
2024-03-04,496.0662536621094,13.489999771118164,1.5700000000000005
2024-03-05,491.1085205078125,14.460000038146973,1.59
2024-03-06,493.5970764160156,14.5,1.5699999999999994
2024-03-07,498.4967651367188,14.4399995803833,1.59
2024-03-08,495.5046997070313,14.739999771118164,1.59
2024-03-11,495.07861328125,15.220000267028809,1.5900000000000007
2024-03-12,500.4043273925781,13.84000015258789,1.5499999999999998
2024-03-13,499.6199340820313,13.75,1.5499999999999998
2024-03-14,498.6322937011719,14.399999618530272,1.5300000000000002
2024-03-15,495.2084045410156,14.40999984741211,1.4900000000000002
2024-03-18,498.1515502929688,14.329999923706056,1.4900000000000002
2024-03-19,500.9197692871094,13.81999969482422,1.5
2024-03-20,505.5529479980469,13.039999961853027,1.5600000000000005
2024-03-21,507.2236328125,12.920000076293944,1.5300000000000002
2024-03-22,506.2620544433594,13.0600004196167,1.5300000000000002
2024-03-25,504.86328125,13.1899995803833,1.5300000000000002
2024-03-26,503.9308166503906,13.239999771118164,1.5299999999999994
2024-03-27,508.1658325195313,12.779999732971191,1.54
2024-03-28,508.0687255859375,13.010000228881836,1.5
2024-03-29,508.0687255859375,13.010000228881836,1.5
2024-04-01,507.184814453125,13.649999618530272,1.4900000000000002
2024-04-02,503.9601135253906,14.609999656677246,1.5099999999999998
2024-04-03,504.513671875,14.329999923706056,1.489999999999999
2024-04-04,498.35546875,16.350000381469727,1.510000000000001
2024-04-05,503.5618591308594,16.030000686645508,1.4900000000000002
2024-04-08,503.843505859375,15.1899995803833,1.46
2024-04-09,504.4262390136719,14.979999542236328,1.4399999999999995
2024-04-10,499.3753662109375,15.800000190734863,1.4000000000000004
2024-04-11,503.1441650390625,14.90999984741211,1.41
2024-04-12,496.19915771484375,17.309999465942383,1.4500000000000002
2024-04-15,489.9827270507813,19.229999542236328,1.46
2024-04-16,489.089111328125,18.399999618530277,1.46
2024-04-17,486.1946105957031,18.209999084472656,1.4800000000000004
2024-04-18,485.1941528320313,18.0,1.4700000000000006
2024-04-19,480.9591979980469,18.709999084472656,1.46
2024-04-22,485.3883666992188,16.940000534057617,1.46
2024-04-23,491.1482849121094,15.6899995803833,1.46
2024-04-24,490.9151916503906,15.970000267028809,1.4799999999999995
2024-04-25,489.0502624511719,15.369999885559082,1.4699999999999998
2024-04-26,493.6834716796875,15.029999732971191,1.4500000000000002
2024-04-29,495.4317932128906,14.670000076293944,1.4500000000000002
2024-04-30,487.5836486816406,15.649999618530272,1.4399999999999995
2024-05-01,486.0003356933594,15.390000343322754,1.4299999999999995
2024-05-02,490.5460815429688,14.68000030517578,1.4699999999999998
2024-05-03,496.6265563964844,13.489999771118164,1.4900000000000002
2024-05-06,501.7551574707031,13.489999771118164,1.4699999999999998
2024-05-07,502.3088073730469,13.229999542236328,1.4500000000000002
2024-05-08,502.35736083984375,13.0,1.4699999999999998
2024-05-09,505.2518615722656,12.6899995803833,1.4799999999999995
2024-05-10,505.9026794433594,12.550000190734863,1.4800000000000004
2024-05-13,505.970703125,13.600000381469728,1.4799999999999995
2024-05-14,508.2921447753906,13.420000076293944,1.4799999999999995
2024-05-15,514.5863037109375,12.449999809265137,1.489999999999999
2024-05-16,513.527587890625,12.420000076293944,1.4699999999999998
2024-05-17,514.2657470703125,11.989999771118164,1.4800000000000004
2024-05-20,514.8582153320312,12.149999618530272,1.4699999999999998
2024-05-21,516.120849609375,11.859999656677246,1.4799999999999995
2024-05-22,514.6349487304688,12.289999961853027,1.46
2024-05-23,510.87591552734375,12.770000457763672,1.4500000000000002
2024-05-24,514.2560424804688,11.93000030517578,1.46
2024-05-27,514.2560424804688,11.93000030517578,1.46
2024-05-28,514.615478515625,12.920000076293944,1.4500000000000002
2024-05-29,511.01177978515625,14.279999732971191,1.4699999999999998
2024-05-30,507.621826171875,14.470000267028809,1.46
2024-05-31,512.2454833984375,12.920000076293944,1.46
2024-06-03,512.6630249023438,13.109999656677246,1.4699999999999998
2024-06-04,513.2362060546875,13.15999984741211,1.4900000000000002
2024-06-05,519.3359985351562,12.630000114440918,1.5300000000000002
2024-06-06,519.3262939453125,12.579999923706056,1.5
2024-06-07,518.6950073242188,12.220000267028809,1.46
2024-06-10,520.297607421875,12.739999771118164,1.46
2024-06-11,521.5506591796875,12.850000381469728,1.4800000000000004
2024-06-12,525.8341064453125,12.039999961853027,1.4800000000000004
2024-06-13,526.8928833007812,11.9399995803833,1.5099999999999998
2024-06-14,527.2134399414062,12.65999984741211,1.5300000000000002
2024-06-17,531.4095458984375,12.75,1.5199999999999996
2024-06-18,532.7597045898438,12.300000190734863,1.5200000000000005
2024-06-19,532.7597045898438,12.300000190734863,1.5200000000000005
2024-06-20,531.3124389648438,13.279999732971191,1.54
2024-06-21,530.60009765625,13.199999809265137,1.5499999999999998
2024-06-24,528.8753051757812,13.329999923706056,1.5300000000000002
2024-06-25,530.911865234375,12.84000015258789,1.5499999999999998
2024-06-26,531.5745849609375,12.550000190734863,1.5499999999999998
2024-06-27,532.41259765625,12.239999771118164,1.5499999999999998
2024-06-28,530.3173828125,12.4399995803833,1.5499999999999998
2024-07-01,531.408935546875,12.220000267028809,1.5499999999999998
2024-07-02,534.985107421875,12.029999732971191,1.5600000000000005
2024-07-03,537.37255859375,12.09000015258789,1.5299999999999994
2024-07-04,537.37255859375,12.09000015258789,1.5299999999999994
2024-07-05,540.4713134765625,12.479999542236328,1.5599999999999996
2024-07-08,541.0950317382812,12.369999885559082,1.54
2024-07-09,541.6212158203125,12.510000228881836,1.5600000000000005
2024-07-10,546.9805297851562,12.850000381469728,1.5599999999999996
2024-07-11,542.26416015625,12.920000076293944,1.58
2024-07-12,545.6845703125,12.460000038146973,1.58
2024-07-15,547.1852416992188,13.119999885559082,1.5799999999999992
2024-07-16,550.4302368164062,13.1899995803833,1.5600000000000005
2024-07-17,542.7125244140625,14.479999542236328,1.5599999999999996
2024-07-18,538.5419311523438,15.93000030517578,1.5699999999999994
2024-07-19,534.9656372070312,16.520000457763672,1.5700000000000005
2024-07-22,540.4810791015625,14.90999984741211,1.58
2024-07-23,539.6333618164062,14.720000267028809,1.59
2024-07-24,527.4038696289062,18.040000915527344,1.6499999999999997
2024-07-25,524.6559448242188,18.459999084472656,1.62
2024-07-26,530.5318603515625,16.389999389648438,1.6499999999999997
2024-07-29,530.84375,16.600000381469727,1.66
2024-07-30,528.1542358398438,17.690000534057617,1.6499999999999997
2024-07-31,536.7392578125,16.360000610351562,1.6799999999999995
2024-08-01,529.138427734375,18.59000015258789,1.71
2024-08-02,519.2868041992188,23.38999938964844,1.7999999999999998
2024-08-05,504.1631774902344,38.56999969482422,1.85
2024-08-06,508.8113403320313,27.709999084472656,1.7799999999999998
2024-08-07,505.4104919433594,27.850000381469727,1.7999999999999998
2024-08-08,517.0941162109375,23.790000915527344,1.7799999999999994
2024-08-09,519.3743896484375,20.3700008392334,1.77
2024-08-12,519.647216796875,20.709999084472656,1.7799999999999998
2024-08-13,528.1931762695312,18.1200008392334,1.8000000000000005
2024-08-14,529.8594970703125,16.190000534057617,1.7400000000000002
2024-08-15,538.94140625,15.229999542236328,1.6799999999999995
2024-08-16,540.1497192382812,14.800000190734863,1.69
2024-08-19,545.3143920898438,14.649999618530272,1.6800000000000002
2024-08-20,544.4276123046875,15.880000114440918,1.69
2024-08-21,546.298583984375,16.270000457763672,1.6900000000000004
2024-08-22,542.010986328125,17.549999237060547,1.6999999999999995
2024-08-23,547.77001953125,15.859999656677246,1.6999999999999995
2024-08-26,546.4641723632812,16.149999618530273,1.6999999999999995
2024-08-27,547.2146606445312,15.43000030517578,1.71
2024-08-28,544.0377807617188,17.110000610351562,1.71
2024-08-29,544.0866088867188,15.649999618530272,1.6899999999999995
2024-08-30,549.2803344726562,15.0,1.6899999999999995
2024-09-02,549.2803344726562,15.0,1.6899999999999995
2024-09-03,537.9766845703125,20.71999931335449,1.7300000000000004
2024-09-04,536.8756103515625,21.31999969482422,1.73
2024-09-05,535.5697631835938,19.899999618530277,1.73
2024-09-06,526.55615234375,22.3799991607666,1.73
2024-09-09,532.4515991210938,19.450000762939453,1.7299999999999995
2024-09-10,534.7708129882812,19.07999992370605,1.7399999999999998
2024-09-11,540.2568969726562,17.690000534057617,1.7500000000000004
2024-09-12,544.8076782226562,17.06999969482422,1.7399999999999998
2024-09-13,547.6530151367188,16.559999465942383,1.7199999999999998
2024-09-16,548.4619140625,17.139999389648438,1.7000000000000002
2024-09-17,548.68603515625,17.610000610351562,1.6800000000000002
2024-09-18,547.0586547851562,18.229999542236328,1.67
2024-09-19,556.393798828125,16.329999923706055,1.6700000000000004
2024-09-20,555.4320678710938,16.149999618530273,1.6700000000000004
2024-09-23,556.820068359375,15.890000343322754,1.6500000000000004
2024-09-24,558.413330078125,15.390000343322754,1.66
2024-09-25,557.1817016601562,15.40999984741211,1.6500000000000004
2024-09-26,559.3907470703125,15.369999885559082,1.6500000000000004
2024-09-27,558.5794067382812,16.959999084472656,1.66
2024-09-30,560.8177490234375,16.729999542236328,1.6300000000000003
2024-10-01,555.7938232421875,19.26000022888184,1.6499999999999997
2024-10-02,556.0283203125,18.899999618530277,1.6399999999999997
2024-10-03,555.0117797851562,20.489999771118164,1.6199999999999997
2024-10-04,560.055419921875,19.209999084472656,1.5699999999999998
2024-10-07,554.9921875,22.63999938964844,1.54
2024-10-08,560.2410888671875,21.420000076293945,1.5499999999999998
2024-10-09,564.12158203125,20.86000061035156,1.54
2024-10-10,563.1343994140625,20.93000030517578,1.54
2024-10-11,566.506591796875,20.459999084472656,1.54
2024-10-14,571.1395874023438,19.700000762939453,1.54
2024-10-15,566.7020263671875,20.63999938964844,1.5299999999999994
2024-10-16,569.1652221679688,19.57999992370605,1.510000000000001
2024-10-17,569.2140502929688,19.11000061035156,1.5300000000000002
2024-10-18,571.403564453125,18.030000686645508,1.5300000000000002
2024-10-21,570.4652099609375,18.3700008392334,1.54
2024-10-22,570.1621704101562,18.200000762939453,1.5499999999999998
2024-10-23,564.9524536132812,19.239999771118164,1.54
2024-10-24,566.1742553710938,19.07999992370605,1.5200000000000005
2024-10-25,565.9786376953125,20.32999992370605,1.5099999999999998
2024-10-28,567.7283325195312,19.799999237060547,1.5099999999999998
2024-10-29,568.6470947265625,19.34000015258789,1.489999999999999
2024-10-30,566.9268188476562,20.350000381469727,1.4400000000000004
2024-10-31,555.8133544921875,23.15999984741211,1.46
2024-11-01,558.1591186523438,21.8799991607666,1.46
2024-11-04,556.9569091796875,21.979999542236328,1.46
2024-11-05,563.6915283203125,20.489999771118164,1.4500000000000002
2024-11-06,577.7080688476562,16.270000457763672,1.4000000000000004
2024-11-07,582.1748657226562,15.199999809265137,1.4400000000000004
2024-11-08,584.69677734375,14.9399995803833,1.38
2024-11-11,585.2538452148438,14.970000267028809,1.38
2024-11-12,583.435791015625,14.710000038146973,1.3600000000000003
2024-11-13,583.7193603515625,14.020000457763672,1.4099999999999993
2024-11-14,579.9658813476562,14.3100004196167,1.3900000000000006
2024-11-15,572.5372924804688,16.139999389648438,1.41
2024-11-18,574.8833618164062,15.579999923706056,1.42
2024-11-19,576.9846801757812,16.350000381469727,1.42
2024-11-20,577.18017578125,17.15999984741211,1.4299999999999995
2024-11-21,580.278564453125,16.8700008392334,1.4300000000000006
2024-11-22,582.0772094726562,15.239999771118164,1.4299999999999995
2024-11-25,584.0517578125,14.600000381469728,1.4200000000000008
2024-11-26,587.1012573242188,14.100000381469728,1.4300000000000006
2024-11-27,585.3223266601562,14.100000381469728,1.4299999999999995
2024-11-28,585.3223266601562,14.100000381469728,1.4299999999999995
2024-11-29,588.9583129882812,13.510000228881836,1.4400000000000004
2024-12-02,590.0140380859375,13.34000015258789,1.4099999999999993
2024-12-03,590.2877197265625,13.300000190734863,1.3999999999999997
2024-12-04,593.9530639648438,13.449999809265137,1.3899999999999997
2024-12-05,592.9755859375,13.539999961853027,1.4000000000000004
2024-12-06,594.0997314453125,12.770000457763672,1.42
2024-12-09,591.0404052734375,14.1899995803833,1.42
2024-12-10,589.2027587890625,14.18000030517578,1.41
2024-12-11,593.7576904296875,13.579999923706056,1.42
2024-12-12,590.6981811523438,13.920000076293944,1.4399999999999995
2024-12-13,590.5809936523438,13.8100004196167,1.42
2024-12-16,593.1027221679688,14.6899995803833,1.42
2024-12-17,590.6590576171875,15.869999885559082,1.3899999999999997
2024-12-18,573.055419921875,27.6200008392334,1.37
2024-12-19,572.87939453125,24.09000015258789,1.3999999999999997
2024-12-20,579.76025390625,18.36000061035156,1.4300000000000006
2024-12-23,583.2319946289062,16.780000686645508,1.42
2024-12-24,589.7146606445312,14.270000457763672,1.3900000000000006
2024-12-25,589.7146606445312,14.270000457763672,1.3900000000000006
2024-12-26,589.7539672851562,14.729999542236328,1.4000000000000004
2024-12-27,583.5459594726562,15.949999809265137,1.3999999999999997
2024-12-30,576.8866577148438,17.399999618530273,1.4300000000000006
2024-12-31,574.7879638671875,17.350000381469727,1.42
2025-01-01,574.7879638671875,17.350000381469727,1.42
2025-01-02,573.375732421875,17.93000030517578,1.4499999999999993
2025-01-03,580.544921875,16.1299991607666,1.4400000000000004
2025-01-06,583.8892211914062,16.040000915527344,1.4399999999999995
2025-01-07,577.2888793945312,17.81999969482422,1.4699999999999998
2025-01-08,578.13232421875,17.700000762939453,1.4800000000000004
2025-01-09,578.13232421875,17.700000762939453,1.46
2025-01-10,569.3056030273438,19.540000915527344,1.4200000000000008
2025-01-13,570.1882934570312,19.190000534057617,1.4400000000000004
2025-01-14,570.972900390625,18.709999084472656,1.4399999999999995
2025-01-15,581.3589477539062,16.1200008392334,1.4399999999999995
2025-01-16,580.2408447265625,16.600000381469727,1.46
2025-01-17,586.0664672851562,15.970000267028809,1.46
2025-01-20,586.0664672851562,15.970000267028809,1.46
2025-01-21,591.430908203125,15.0600004196167,1.46
2025-01-22,594.7557373046875,15.100000381469728,1.4300000000000006
2025-01-23,598.0018920898438,15.020000457763672,1.4299999999999995
2025-01-24,596.2561645507812,14.850000381469728,1.4299999999999995
2025-01-27,587.8218994140625,17.899999618530273,1.4500000000000002
2025-01-28,592.8726806640625,16.40999984741211,1.4500000000000002
2025-01-29,590.21484375,16.559999465942383,1.4500000000000002
2025-01-30,593.382568359375,15.84000015258789,1.4500000000000002
2025-01-31,590.2246704101562,16.43000030517578,1.4500000000000002
2025-02-03,586.2527465820312,18.6200008392334,1.46
2025-02-04,590.185546875,17.209999084472656,1.4600000000000009
2025-02-05,592.5784301757812,15.770000457763672,1.4500000000000002
2025-02-06,594.6380004882812,15.5,1.4399999999999995
2025-02-07,589.1948852539062,16.540000915527344,1.4500000000000002
2025-02-10,593.1962890625,15.8100004196167,1.4500000000000002
2025-02-11,593.6474609375,16.020000457763672,1.46
2025-02-12,591.7350463867188,15.890000343322754,1.4500000000000002
2025-02-13,597.9822998046875,15.100000381469728,1.4400000000000004
2025-02-14,597.952880859375,14.770000457763672,1.46
2025-02-17,597.952880859375,14.770000457763672,1.46
2025-02-18,599.7083740234375,15.350000381469728,1.4400000000000004
2025-02-19,601.1206665039062,15.270000457763672,1.46
2025-02-20,598.619873046875,15.65999984741211,1.4699999999999998
2025-02-21,588.3809204101562,18.209999084472656,1.4900000000000002
2025-02-24,585.7035522460938,18.979999542236328,1.4799999999999995
2025-02-25,582.7907104492188,19.43000030517578,1.5
2025-02-26,583.0850830078125,19.100000381469727,1.5099999999999998
2025-02-27,573.77783203125,21.1299991607666,1.5199999999999996
2025-02-28,582.73193359375,19.6299991607666,1.5699999999999994
2025-03-03,572.5224609375,22.780000686645508,1.6099999999999994
2025-03-04,565.74560546875,23.51000022888184,1.6100000000000003
2025-03-05,571.8262329101562,21.93000030517578,1.5699999999999994
2025-03-06,561.6756591796875,24.8700008392334,1.59
2025-03-07,564.8236694335938,23.3700008392334,1.6099999999999994
2025-03-10,549.7792358398438,27.86000061035156,1.6400000000000006
2025-03-11,545.2090454101562,26.920000076293945,1.6799999999999995
2025-03-12,548.1021728515625,24.229999542236328,1.6499999999999997
2025-03-13,540.7957763671875,24.65999984741211,1.7000000000000002
2025-03-14,551.9662475585938,21.770000457763672,1.6500000000000004
2025-03-17,556.22265625,20.51000022888184,1.6300000000000008
2025-03-18,550.2108154296875,21.700000762939453,1.63
2025-03-19,556.2030029296875,19.899999618530277,1.6399999999999997
2025-03-20,554.5947265625,19.799999237060547,1.6399999999999997
2025-03-21,554.7776489257812,19.280000686645508,1.6799999999999995
2025-03-24,564.712890625,17.479999542236328,1.6400000000000006
2025-03-25,566.0703735351562,17.149999618530273,1.66
2025-03-26,559.3124389648438,18.32999992370605,1.66
2025-03-27,557.8270874023438,18.690000534057617,1.6799999999999995
2025-03-28,546.5933227539062,21.649999618530277,1.7300000000000004
2025-03-31,550.2625732421875,22.280000686645508,1.7599999999999998
2025-04-01,551.8167114257812,21.770000457763672,1.7300000000000004
2025-04-02,555.308837890625,21.51000022888184,1.7299999999999995
2025-04-03,527.9427490234375,30.020000457763672,1.8900000000000008
2025-04-04,497.0354309082031,45.310001373291016,1.9400000000000004
2025-04-07,496.1501770019531,46.97999954223633,2.02
2025-04-08,488.3790283203125,52.33000183105469,2.0
2025-04-09,539.6683959960938,33.619998931884766,2.0200000000000005
2025-04-10,516.0205078125,40.720001220703125,1.97
2025-04-11,525.2278442382812,37.560001373291016,1.8999999999999997
2025-04-14,530.3233032226562,30.88999938964844,1.9000000000000004
2025-04-15,528.8379516601562,30.1200008392334,1.9000000000000004
2025-04-16,517.0828857421875,32.63999938964844,1.92
2025-04-17,517.8206787109375,29.649999618530277,1.92
2025-04-18,517.8206787109375,29.649999618530277,1.92
2025-04-21,505.4950866699219,33.81999969482422,1.96
2025-04-22,518.6469116210938,30.56999969482422,1.93
2025-04-23,526.6836547851562,28.450000762939453,1.8599999999999997
2025-04-24,537.769775390625,26.46999931335449,1.8599999999999997
2025-04-25,541.6553955078125,24.84000015258789,1.84
2025-04-28,541.8618774414062,25.149999618530277,1.8699999999999992
2025-04-29,545.2753295898438,24.170000076293945,1.88
2025-04-30,545.4916381835938,24.700000762939453,1.96
2025-05-01,549.3575439453125,24.600000381469727,1.95
2025-05-02,557.5122680664062,22.68000030517578,1.9000000000000004
2025-05-05,554.3153076171875,23.63999938964844,1.9099999999999997
2025-05-06,549.6821899414062,24.76000022888184,1.95
2025-05-07,551.9938354492188,23.549999237060547,1.95
2025-05-08,555.840087890625,22.479999542236328,1.89
2025-05-09,555.1318359375,21.899999618530277,1.89
2025-05-12,573.4774780273438,18.38999938964844,1.8199999999999996
2025-05-13,577.2647094726562,18.21999931335449,1.8199999999999996
2025-05-14,578.00244140625,18.6200008392334,1.7999999999999998
2025-05-15,580.8256225585938,17.829999923706055,1.83
2025-05-16,584.5045776367188,17.239999771118164,1.8200000000000005
2025-05-19,585.1439208984375,18.13999938964844,1.84
2025-05-20,583.1765747070312,18.09000015258789,1.8199999999999996
2025-05-21,573.349609375,20.8700008392334,1.85
2025-05-22,573.5758056640625,20.280000686645508,1.87
2025-05-23,569.6607666015625,22.290000915527344,1.88
2025-05-26,569.6607666015625,22.290000915527344,1.88
2025-05-27,581.50439453125,18.959999084472656,1.84
2025-05-28,578.1400756835938,19.309999465942383,1.83
2025-05-29,580.4223022460938,19.18000030517578,1.8100000000000005
2025-05-30,579.7730712890625,18.56999969482422,1.84
2025-06-02,583.0388793945312,18.36000061035156,1.84
2025-06-03,586.3637084960938,17.690000534057617,1.81
2025-06-04,586.206298828125,17.610000610351562,1.7999999999999998
2025-06-05,583.373291015625,18.479999542236328,1.7699999999999996
2025-06-06,589.3639526367188,16.770000457763672,1.7300000000000004
2025-06-09,589.8951416015625,17.15999984741211,1.7199999999999998
2025-06-10,593.2396850585938,16.950000762939453,1.71
2025-06-11,591.5476684570312,17.260000228881836,1.7400000000000002
2025-06-12,593.898681640625,18.020000457763672,1.7299999999999995
2025-06-13,587.2589111328125,20.81999969482422,1.75
2025-06-16,592.84619140625,19.11000061035156,1.7400000000000002
2025-06-17,587.7802734375,21.600000381469727,1.7400000000000002
2025-06-18,587.6917114257812,20.13999938964844,1.7700000000000005
2025-06-19,587.6917114257812,20.13999938964844,1.7700000000000005
2025-06-20,586.3115234375,20.6200008392334,1.7599999999999998
2025-06-23,592.1027221679688,19.82999992370605,1.7700000000000005
2025-06-24,598.6438598632812,17.479999542236328,1.7800000000000002
2025-06-25,598.979248046875,16.760000228881836,1.79
2025-06-26,603.6655883789062,16.59000015258789,1.7999999999999998
2025-06-27,606.664794921875,16.31999969482422,1.79
2025-06-30,609.5653686523438,16.729999542236328,1.75
2025-07-01,609.3681640625,16.829999923706055,1.7200000000000006
2025-07-02,612.1305541992188,16.639999389648438,1.7000000000000002
2025-07-03,616.9549560546875,16.3799991607666,1.67
2025-07-04,616.9549560546875,16.3799991607666,1.67
2025-07-07,612.357421875,17.790000915527344,1.71
2025-07-08,612.02197265625,16.809999465942383,1.71
2025-07-09,615.692138671875,15.9399995803833,1.7300000000000004
2025-07-10,617.4285278320312,15.779999732971191,1.7000000000000002
2025-07-11,615.2579956054688,16.399999618530273,1.7200000000000006
2025-07-14,616.4320678710938,17.200000762939453,1.7300000000000004
2025-07-15,613.7979736328125,17.3799991607666,1.7000000000000002
2025-07-16,615.8499755859375,17.15999984741211,1.7300000000000004
2025-07-17,619.6187133789062,16.520000457763672,1.71
2025-07-18,619.1650390625,16.40999984741211,1.7299999999999995
2025-07-21,620.3389892578125,16.649999618530273,1.7300000000000004
2025-07-22,620.427734375,16.5,1.7300000000000004
2025-07-23,625.7059936523438,15.369999885559082,1.71
2025-07-24,625.9132080078125,15.390000343322754,1.6800000000000006
2025-07-25,628.5572509765625,14.93000030517578,1.6899999999999995
2025-07-28,628.3993530273438,15.029999732971191,1.6900000000000004
2025-07-29,626.741943359375,15.979999542236328,1.7000000000000002
2025-07-30,625.9526977539062,15.479999542236328,1.6900000000000004
2025-07-31,623.6046752929688,16.719999313354492,1.67
2025-08-01,613.3834228515625,20.3799991607666,1.75
2025-08-04,622.7067260742188,17.520000457763672,1.7400000000000002
2025-08-05,619.5496215820312,17.850000381469727,1.7200000000000006
2025-08-06,624.2952270507812,16.770000457763672,1.75
2025-08-07,623.7723388671875,16.56999969482422,1.739999999999999
2025-08-08,628.6361694335938,15.149999618530272,1.7400000000000002
2025-08-11,627.3930053710938,16.25,1.7200000000000006
2025-08-12,634.0722045898438,14.729999542236328,1.7299999999999995
2025-08-13,636.2428588867188,14.489999771118164,1.71
2025-08-14,636.3020629882812,14.829999923706056,1.71
2025-08-15,634.8121948242188,15.09000015258789,1.6899999999999995
2025-08-18,634.6741943359375,14.989999771118164,1.7000000000000002
2025-08-19,631.23095703125,15.56999969482422,1.71
2025-08-20,629.5537109375,15.6899995803833,1.7299999999999995
2025-08-21,627.028076171875,16.600000381469727,1.7199999999999998
2025-08-22,636.6572265625,14.220000267028809,1.7300000000000004
2025-08-25,633.855224609375,14.789999961853027,1.7000000000000002
2025-08-26,636.5091552734375,14.619999885559082,1.75
2025-08-27,637.95947265625,14.850000381469728,1.7699999999999996
2025-08-28,640.21875,14.43000030517578,1.75
2025-08-29,636.400634765625,15.359999656677246,1.7999999999999998
2025-09-01,636.400634765625,15.359999656677246,1.7999999999999998
2025-09-02,631.6847534179688,17.170000076293945,1.81
2025-09-03,635.1082153320312,16.350000381469727,1.7800000000000002
2025-09-04,640.4161987304688,15.300000190734863,1.7999999999999998
2025-09-05,638.5613403320312,15.18000030517578,1.7800000000000002
2025-09-08,640.1299438476562,15.109999656677246,1.7599999999999998
2025-09-09,641.60986328125,15.039999961853027,1.75
2025-09-10,643.4646606445312,15.350000381469728,1.75
2025-09-11,648.8119506835938,14.710000038146973,1.7400000000000002
2025-09-12,648.594970703125,14.760000228881836,1.7000000000000002
2025-09-15,652.0479125976562,15.6899995803833,1.6800000000000006
2025-09-16,651.1502075195312,16.360000610351562,1.6900000000000004
2025-09-17,650.3412475585938,15.720000267028809,1.7000000000000002
2025-09-18,653.3799438476562,15.699999809265137,1.6799999999999995
2025-09-19,656.6160278320312,15.449999809265137,1.6800000000000006
2025-09-22,659.7225341796875,16.100000381469727,1.67
2025-09-23,656.1312255859375,16.639999389648438,1.6899999999999995
2025-09-24,654.043701171875,16.18000030517578,1.6799999999999995
2025-09-25,651.0263061523438,16.739999771118164,1.67
2025-09-26,654.756103515625,15.289999961853027,1.6499999999999997
2025-09-29,656.5962524414062,16.1200008392334,1.6399999999999997
2025-09-30,659.0695190429688,16.280000686645508,1.67
2025-10-01,661.3153076171875,16.290000915527344,1.6899999999999995
2025-10-02,662.0769653320312,16.6299991607666,1.6800000000000006
2025-10-03,662.0671997070312,16.649999618530273,1.66
2025-10-06,664.4415893554688,16.3700008392334,1.6500000000000004
2025-10-07,661.9781494140625,17.239999771118164,1.67
2025-10-08,665.925537109375,16.299999237060547,1.6799999999999995
2025-10-09,663.9963989257812,16.43000030517578,1.6900000000000004
2025-10-10,646.0499877929688,21.65999984741211,1.7199999999999998
2025-10-13,655.9630126953125,19.030000686645508,1.7199999999999998
2025-10-14,655.1616821289062,20.809999465942383,1.71
2025-10-15,658.0702514648438,20.63999938964844,1.6800000000000006
2025-10-16,653.5886840820312,25.309999465942383,1.71
2025-10-17,657.2986450195312,20.780000686645508,1.7000000000000002
2025-10-20,664.1348266601562,18.229999542236328,1.6799999999999995
2025-10-21,664.1249389648438,17.8700008392334,1.6700000000000004
2025-10-22,660.6721801757812,18.600000381469727,1.69
2025-10-23,664.5899658203125,17.299999237060547,1.66
2025-10-24,670.0213623046875,16.3700008392334,1.6500000000000004
2025-10-27,677.926025390625,15.789999961853027,1.63
2025-10-28,679.7266235351562,16.420000076293945,1.6499999999999997
2025-10-29,680.0531616210938,16.920000076293945,1.6100000000000003
2025-10-30,672.5739135742188,16.90999984741211,1.6399999999999997
2025-10-31,674.780029296875,17.440000534057617,1.6899999999999995
2025-11-03,676.04638671875,17.170000076293945,1.71
2025-11-04,668.0328369140625,19.0,1.7200000000000006
2025-11-05,670.3478393554688,18.010000228881836,1.7000000000000002
2025-11-06,663.1554565429688,19.5,1.7199999999999998
2025-11-07,663.808349609375,19.07999992370605,1.75
2025-11-10,674.1666259765625,17.600000381469727,1.7300000000000004
2025-11-11,675.7099609375,17.280000686645508,1.7300000000000004
2025-11-12,676.0859375,17.510000228881836,1.75
2025-11-13,664.8670043945312,20.0,1.7699999999999996
2025-11-14,664.7581176757812,19.82999992370605,1.7700000000000005
2025-11-17,658.56494140625,22.3799991607666,1.7700000000000005
2025-11-18,653.0346069335938,24.690000534057617,1.79
2025-11-19,655.5574340820312,23.65999984741211,1.79
2025-11-20,645.5652465820312,26.420000076293945,1.8000000000000007
2025-11-21,651.995849609375,23.43000030517578,1.8200000000000005
2025-11-24,661.59228515625,20.520000457763672,1.7999999999999998
2025-11-25,667.815185546875,18.559999465942383,1.79
2025-11-26,672.4254150390625,17.190000534057617,1.7800000000000002
2025-11-27,672.4254150390625,17.190000534057617,1.7800000000000002
2025-11-28,676.0958251953125,16.350000381469727,1.7800000000000002
2025-12-01,673.0090942382812,17.239999771118164,1.7800000000000002
2025-12-02,674.2556762695312,16.59000015258789,1.7599999999999998
2025-12-03,676.5905151367188,16.079999923706055,1.7700000000000005
2025-12-04,677.085205078125,15.779999732971191,1.7599999999999998
2025-12-05,678.3712158203125,15.40999984741211,1.7400000000000002
2025-12-08,676.3333129882812,16.65999984741211,1.7300000000000004
2025-12-09,675.7495727539062,16.93000030517578,1.7300000000000004
2025-12-10,680.231201171875,15.770000457763672,1.7599999999999998
2025-12-11,681.8141479492188,14.850000381469728,1.7300000000000004
2025-12-12,674.4832763671875,15.739999771118164,1.7599999999999998
2025-12-15,673.4641723632812,16.5,1.7700000000000005
2025-12-16,671.6240844726562,16.479999542236328,1.7799999999999994
2025-12-17,664.2338256835938,17.6200008392334,1.7800000000000002
2025-12-18,669.2495727539062,16.8700008392334,1.7800000000000002
2025-12-19,675.3153686523438,14.90999984741211,1.7599999999999998
2025-12-22,679.5224609375,14.079999923706056,1.7599999999999998
2025-12-23,682.6282348632812,14.0,1.7400000000000002
2025-12-24,685.0294799804688,13.470000267028809,1.7299999999999995
2025-12-25,685.0294799804688,13.470000267028809,1.7299999999999995
2025-12-26,684.9600219726562,13.600000381469728,1.75
2025-12-29,682.51904296875,14.199999809265137,1.7599999999999998
2025-12-30,681.685546875,14.329999923706056,1.75
2025-12-31,676.635009765625,14.949999809265137,1.7200000000000006
2026-01-01,676.635009765625,14.949999809265137,1.7200000000000006
2026-01-02,677.8753051757812,14.510000228881836,1.739999999999999
2026-01-05,682.3900756835938,14.899999618530272,1.75
2026-01-06,686.4483642578125,14.75,1.7400000000000002
2026-01-07,684.2356567382812,15.380000114440918,1.7299999999999995
2026-01-08,684.1661987304688,15.449999809265137,1.7299999999999995
2026-01-09,688.6908569335938,14.489999771118164,1.7000000000000002
2026-01-12,689.7723388671875,15.119999885559082,1.6999999999999993
2026-01-13,688.3931884765625,15.979999542236328,1.6900000000000004
2026-01-14,685.009521484375,16.75,1.6799999999999995
2026-01-15,686.875,15.84000015258789,1.6500000000000004
2026-01-16,686.299560546875,15.859999656677246,1.63
2026-01-19,686.299560546875,15.859999656677246,1.63
2026-01-20,672.3286743164062,20.09000015258789,1.6500000000000004
2026-01-21,680.0880737304688,16.899999618530273,1.62
2026-01-22,683.6403198242188,15.640000343322754,1.59
2026-01-23,683.8883056640625,16.09000015258789,1.6099999999999994
2026-01-26,687.3612060546875,16.149999618530273,1.6100000000000003
2026-01-27,690.099853515625,16.350000381469727,1.6099999999999994
2026-01-28,690.0303955078125,16.350000381469727,1.62
2026-01-29,688.6610717773438,16.8799991607666,1.63
2026-01-30,686.6071166992188,17.440000534057617,1.62
2026-02-02,690.0204467773438,16.34000015258789,1.6100000000000003
2026-02-03,684.18603515625,18.0,1.63
2026-02-04,680.8718872070312,18.63999938964844,1.6399999999999997
2026-02-05,672.3683471679688,21.770000457763672,1.67
2026-02-06,685.267578125,20.3700008392334,1.6500000000000004
2026-02-09,688.57177734375,17.360000610351562,1.6400000000000006
2026-02-10,686.7559204101562,17.790000915527344,1.66
2026-02-11,686.5972290039062,17.649999618530273,1.67
2026-02-12,675.9900512695312,20.81999969482422,1.6799999999999995
2026-02-13,676.4663696289062,20.600000381469727,1.7199999999999998
2026-02-16,676.4663696289062,20.600000381469727,1.7199999999999998
2026-02-17,677.5578002929688,20.290000915527344,1.7000000000000002
2026-02-18,680.9711303710938,19.6200008392334,1.67
2026-02-19,679.1751098632812,20.229999542236328,1.6799999999999995
2026-02-20,684.0868530273438,19.09000015258789,1.6899999999999995
2026-02-23,677.1013793945312,21.01000022888184,1.7299999999999995
2026-02-24,682.0228881835938,19.549999237060547,1.7299999999999995
2026-02-25,687.7779541015625,17.93000030517578,1.7300000000000004
2026-02-26,683.957763671875,18.6299991607666,1.75
2026-02-27,680.6734008789062,19.86000061035156,1.7999999999999994
2026-03-02,681.0604858398438,21.440000534057617,1.7800000000000002
2026-03-03,675.057373046875,23.56999969482422,1.7800000000000002
2026-03-04,679.8201904296875,21.149999618530277,1.7400000000000002
2026-03-05,676.0297241210938,23.75,1.7599999999999998
2026-03-06,667.1689453125,29.489999771118164,1.75
2026-03-09,673.0133056640625,25.5,1.7800000000000002
2026-03-10,671.9317016601562,24.93000030517578,1.7699999999999996
2026-03-11,671.0883178710938,24.229999542236328,1.84
2026-03-12,660.8978881835938,27.290000915527344,1.8400000000000007
2026-03-13,657.1571655273438,27.190000534057617,1.83
2026-03-16,663.8449096679688,23.51000022888184,1.85
2026-03-17,665.5912475585938,22.3700008392334,1.85
2026-03-18,656.3038330078125,25.09000015258789,1.8100000000000005
2026-03-19,654.6864013671875,24.059999465942383,1.81
2026-03-20,645.301025390625,26.780000686645508,1.79
2026-03-23,652.07666015625,26.149999618530277,1.79
2026-03-24,649.8877563476562,26.950000762939453,1.75
2026-03-25,653.5093994140625,25.32999992370605,1.7599999999999998
2026-03-26,641.8385620117188,27.440000534057617,1.7300000000000004
2026-03-27,630.8939819335938,31.049999237060547,1.7799999999999994
2026-03-30,628.78466796875,30.61000061035156,1.79
2026-03-31,647.0620727539062,25.25,1.79
2026-04-01,651.9373779296875,24.540000915527344,1.75
2026-04-02,652.5244140625,23.8700008392334,1.7400000000000002
2026-04-03,652.5244140625,23.8700008392334,1.7000000000000002
2026-04-06,655.6088256835938,24.170000076293945,1.7000000000000002
2026-04-07,655.8972778320312,25.780000686645508,1.75
2026-04-08,672.6027221679688,21.040000915527344,1.7299999999999995
2026-04-09,676.4829711914062,19.489999771118164,1.7299999999999995
2026-04-10,676.0353393554688,19.229999542236328,1.7200000000000006
2026-04-13,682.641845703125,19.1200008392334,1.7199999999999998
2026-04-14,690.959716796875,18.36000061035156,1.7000000000000002
2026-04-15,696.412109375,18.170000076293945,1.6900000000000004
2026-04-16,698.1234130859375,17.940000534057617,1.71
2026-04-17,706.5607299804688,17.479999542236328,1.7200000000000006
2026-04-20,705.1477661132812,18.8700008392334,1.7200000000000006
2026-04-21,700.53125,19.5,1.7000000000000002
2026-04-22,707.6253051757812,18.920000076293945,1.6900000000000004
2026-04-23,704.8792114257812,19.309999465942383,1.6799999999999995
2026-04-24,710.341552734375,18.709999084472656,1.7000000000000002
2026-04-27,711.5653076171875,18.020000457763672,1.7000000000000002
2026-04-28,708.1028442382812,17.829999923706055,1.6999999999999993
2026-04-29,707.993408203125,18.809999465942383,1.6900000000000004
2026-04-30,715.0377197265625,16.889999389648438,1.6999999999999993
2026-05-01,717.0177001953125,16.989999771118164,1.6900000000000004
2026-05-04,714.3909912109375,18.290000915527344,1.6899999999999995
2026-05-05,720.1220092773438,17.3799991607666,1.6500000000000004
2026-05-06,730.1312866210938,17.389999389648438,1.6599999999999993
2026-05-07,727.8926391601562,17.079999923706055,1.6499999999999997
2026-05-08,733.9021606445312,17.190000534057617,1.6500000000000004
2026-05-11,735.5736694335938,18.3799991607666,1.6500000000000004
2026-05-12,734.4593505859375,17.989999771118164,1.66
2026-05-13,738.5685424804688,17.8700008392334,1.66
2026-05-14,744.3989868164062,17.260000228881836,1.62
2026-05-15,735.4443969726562,18.43000030517578,1.62
2026-05-18,734.927001953125,17.81999969482422,1.59
2026-05-19,730.0317993164062,18.059999465942383,1.5700000000000005
2026-05-20,737.5138549804688,17.440000534057617,1.59
2026-05-21,738.9764404296875,16.760000228881836,1.59
2026-05-22,741.8817749023438,16.700000762939453,1.5700000000000005
2026-05-25,741.8817749023438,16.59000015258789,1.5700000000000005
2026-05-26,746.8068237304688,17.010000228881836,1.5599999999999996
2026-05-27,746.677490234375,16.290000915527344,1.5699999999999994
2026-05-28,750.7965698242188,15.739999771118164,1.5699999999999994
2026-05-29,752.6671142578125,15.31999969482422,1.5699999999999994
2026-06-01,754.7167358398438,16.049999237060547,1.54
2026-06-02,755.7415771484375,15.770000457763672,1.54
2026-06-03,750.4384155273438,16.059999465942383,1.54
2026-06-04,753.2740478515625,15.399999618530272,1.54
2026-06-05,733.83251953125,21.51000022888184,1.5099999999999998
2026-06-08,735.4940795898438,18.920000076293945,1.5200000000000005
2026-06-09,733.3350219726562,19.8700008392334,1.5299999999999994
2026-06-10,721.7736206054688,22.21999931335449,1.5300000000000002
2026-06-11,734.04150390625,19.440000534057617,1.5499999999999998
2026-06-12,738.0113525390625,17.68000030517578,1.5299999999999994
2026-06-15,751.0254516601562,16.200000762939453,1.5300000000000002
2026-06-16,746.5481567382812,16.40999984741211,1.5500000000000007
2026-06-17,737.225341796875,18.440000534057617,1.5
2026-06-18,744.8902587890625,16.399999618530273,1.5099999999999998
2026-06-19,744.8902587890625,16.399999618530273,1.5099999999999998
2026-06-22,742.546142578125,17.280000686645508,1.5099999999999998
2026-06-23,731.7628784179688,19.489999771118164,1.5099999999999998
2026-06-24,731.4237060546875,18.6299991607666,1.5199999999999996
2026-06-25,732.4810791015625,18.88999938964844,1.54
2026-06-26,727.1842651367188,18.40999984741211,1.5600000000000005
2026-06-29,739.1644897460938,17.649999618530273,1.5499999999999998
2026-06-30,744.9202270507812,16.450000762939453,1.5299999999999994
2026-07-01,743.9127197265625,16.59000015258789,1.5399999999999991
2026-07-02,742.9351806640625,16.149999618530273,1.54
2026-07-03,742.9351806640625,16.149999618530273,1.54
2026-07-06,749.4190673828125,15.56999969482422,1.5599999999999996
2026-07-07,745.85791015625,16.1299991607666,1.5499999999999998
2026-07-08,743.5536499023438,16.899999618530273,1.5600000000000005
2026-07-09,749.8480224609375,15.84000015258789,1.5599999999999996
2026-07-10,753.0799560546875,15.029999732971191,1.58
2026-07-13,747.3142700195312,17.15999984741211,1.5599999999999996
2026-07-14,749.9677124023438,16.5,1.5999999999999996
2026-07-15,752.9403076171875,15.670000076293944,1.6000000000000003
2026-07-16,748.8604125976562,16.729999542236328,1.59
2026-07-17,741.4487915039062,18.770000457763672,1.59
2026-07-20,740.2518310546875,18.649999618530277,1.6100000000000003
2026-07-21,746.426513671875,17.049999237060547,1.6000000000000003
2026-07-22,745.55859375,16.639999389648438,1.58
2026-07-23,736.3515014648438,18.700000762939453,1.58
2026-07-24,737.099609375,18.57999992370605,1.59
2026-07-27,737.25927734375,18.670000076293945,1.6099999999999994
2026-07-28,739.0248413085938,18.209999084472656,1.62
2026-07-29,727.6531372070312,20.65999984741211,1.5999999999999996
2026-07-30,739.852783203125,17.09000015258789,1.6400000000000006
2026-07-31,745.1796264648438,15.989999771118164,1.63
2026-08-03,755.793212890625,15.859999656677246,1.6099999999999994
2026-08-04,769.4193725585938,16.5,1.6399999999999997
2026-08-05,767.8831787109375,15.8100004196167,1.62
2026-08-06,766.65625,15.149999618530272,1.6099999999999994
2026-08-07,771.3446044921875,14.899999618530272,1.6399999999999997
2026-08-10,771.1151733398438,15.460000038146973,1.62
2026-08-11,768.6513061523438,15.279999732971191,1.6399999999999997
2026-08-12,770.5764770507812,14.550000190734863,1.66
2026-08-13,775.9531860351562,14.630000114440918,1.67
2026-08-14,774.4169921875,14.25,1.6900000000000004
2026-08-17,770.7560424804688,15.1899995803833,1.6900000000000004
2026-08-18,765.5490112304688,15.84000015258789,1.6799999999999995
2026-08-19,767.1549682617188,14.890000343322754,1.6399999999999997
2026-08-20,760.7109985351562,16.010000228881836,1.6399999999999997
2026-08-21,763.8232421875,15.130000114440918,1.63
2026-08-24,761.5787963867188,15.850000381469728,1.63
2026-08-25,764.0127563476562,15.449999809265137,1.62
2026-08-26,764.182373046875,15.210000038146973,1.6099999999999994
2026-08-27,769.18994140625,14.510000228881836,1.5999999999999996
2026-08-28,767.4442749023438,14.43000030517578,1.5399999999999991
2026-08-31,765.1499633789062,14.920000076293944,1.59
2026-09-01,759.89306640625,16.34000015258789,1.58
2026-09-02,763.2646484375,15.199999809265137,1.58
2026-09-03,771.2548217773438,14.31999969482422,1.5700000000000005
2026-09-04,768.2822265625,14.529999732971191,1.5599999999999996
2026-09-07,768.2822265625,15.300000190734863,1.5599999999999996
2026-09-08,764.0626831054688,15.720000267028809,1.5700000000000005
2026-09-09,760.5115356445312,16.459999084472656,1.5499999999999998
2026-09-10,755.9528198242188,17.84000015258789,1.5099999999999998
2026-09-11,762.3967895507812,15.84000015258789,1.5
2026-09-14,758.9952392578125,17.100000381469727,1.4700000000000006
2026-09-15,755.513916015625,17.200000762939453,1.4800000000000004
2026-09-16,752.1821899414062,17.709999084472656,1.4300000000000006
2026-09-17,760.7109985351562,15.4399995803833,1.4399999999999995
2026-09-18,761.6900024414062,14.8100004196167,1.4000000000000004
2026-09-21,773.5,14.869999885559082,1.42
2026-09-22,773.3800048828125,14.210000038146973,1.42
2026-09-23,767.8099975585938,15.18000030517578,1.3899999999999997
2026-09-24,767.1799926757812,15.670000076293944,1.3900000000000006
2026-09-25,771.3499755859375,14.869999885559082,1.46
2026-09-28,765.6099853515625,16.06999969482422,1.46
2026-09-29,764.2000122070312,16.040000915527344,1.46
2026-09-30,762.6300048828125,16.34000015258789,1.46
