Date,Actual_Target,MSI,SPY,VIX,BAA_Treasury_Spread,Prob_Logistic,Prob_XGBoost
2006-08-09,0,0.332695185078031,87.70903015136719,15.199999809265137,1.7300000000000004,0.6922284844149947,0.04761384427547455
2006-08-10,0,0.018947144925449,87.97842407226562,14.460000038146973,1.7300000000000004,0.501904622451658,0.01003047451376915
2006-08-11,0,-0.2427030106911901,87.72978210449219,14.300000190734863,1.7200000000000006,0.49830066431952236,0.015857791528105736
2006-08-14,0,-0.436927241835876,87.7988510131836,14.260000228881836,1.6900000000000004,0.5316121090503143,0.0134152602404356
2006-08-15,0,-0.7189788142898542,88.84877014160156,13.420000076293944,1.7000000000000002,0.5238575611044815,0.008433659560978413
2006-08-16,0,-0.8769782219036416,89.58784484863281,12.40999984741211,1.71,0.4306438610443477,0.011098652146756649
2006-08-17,0,-0.733700397161214,89.81578826904297,12.239999771118164,1.71,0.30964235081552177,0.010220948606729507
2006-08-18,0,-0.9941812358519994,90.27169036865234,11.640000343322754,1.71,0.2648856343673076,0.024615032598376274
2006-08-21,0,-0.8969528205288143,89.88483428955078,12.220000267028809,1.7199999999999998,0.4130198512220161,0.010363416746258736
2006-08-22,0,-0.675173508414329,89.8779525756836,12.1899995803833,1.71,0.3438874957934234,0.007900086231529713
2006-08-23,0,-0.5100955706088061,89.62932586669922,12.399999618530272,1.7199999999999998,0.34878864331725107,0.008659404702484608
2006-08-24,0,-0.4769037066287883,89.55329132080078,12.399999618530272,1.7200000000000006,0.3607276343709343,0.008659404702484608
2006-08-25,0,-0.4380771236890208,89.66383361816406,12.3100004196167,1.7400000000000002,0.37799600839268305,0.010340608656406403
2006-08-28,0,-0.4229007353968841,90.09210968017578,12.18000030517578,1.7300000000000004,0.35603042992037,0.015699176117777824
2006-08-29,0,-0.3954544157930647,90.19568634033205,12.279999732971191,1.7400000000000002,0.3533688432253879,0.021861154586076736
2006-08-30,0,-0.4811366290395431,90.25096130371094,12.220000267028809,1.7400000000000002,0.41384639182269195,0.021211331710219383
2006-08-31,0,-0.4083660233391661,90.23713684082033,12.3100004196167,1.7299999999999995,0.4517700640844125,0.018341941758990288
2006-09-01,0,-0.5059493178185451,90.77589416503906,11.960000038146973,1.7299999999999995,0.403888402237192,0.019528567790985107
2006-09-05,0,-0.4502197688420717,90.9485855102539,12.630000114440918,1.7299999999999995,0.3832803674668122,0.025957241654396057
2006-09-06,0,-0.1838534671270962,90.1473388671875,13.739999771118164,1.7300000000000004,0.5598303990766963,0.027978787198662758
2006-09-07,0,-0.1901744465045896,89.73287963867188,13.880000114440918,1.7199999999999998,0.656494679832809,0.030532466247677803
2006-09-08,0,-0.3868472987831301,89.98846435546875,13.15999984741211,1.7199999999999998,0.60168763798253,0.02956620790064335
2006-09-11,0,-0.3806375095423981,90.07827758789062,12.989999771118164,1.7199999999999998,0.49062464937709166,0.053382087498903275
2006-09-12,0,-0.8026564606042141,90.96238708496094,11.920000076293944,1.7000000000000002,0.32540478077798796,0.018759574741125107
2006-09-13,0,-0.9576406267927494,91.32849884033205,11.18000030517578,1.7000000000000002,0.36138495127006004,0.017421159893274307
2006-09-14,0,-0.7276534298504601,91.33539581298828,11.550000190734863,1.7000000000000002,0.4727170610769563,0.020706459879875183
2006-09-15,0,-0.648385359290602,91.54977416992188,11.760000228881836,1.6900000000000004,0.4658393852784512,0.021944640204310417
2006-09-18,0,-0.6663670586876963,91.67464447021484,11.779999732971191,1.6800000000000006,0.47555355941847255,0.023220738396048546
2006-09-19,0,-0.4879788336453045,91.44570922851562,11.979999542236328,1.6899999999999995,0.42087883353400973,0.0302361398935318
2006-09-20,0,-0.7089607021718652,91.93131256103516,11.390000343322754,1.6899999999999995,0.31459863090047036,0.01894506625831127
2006-09-21,0,-0.4247073336941886,91.48731231689452,12.25,1.71,0.4307142401068447,0.03470739349722862
2006-09-22,0,-0.3236189757271103,91.20984649658205,12.59000015258789,1.7200000000000006,0.5154929508445543,0.038911234587430954
2006-09-25,0,-0.5103678505468513,91.9105224609375,12.119999885559082,1.7200000000000006,0.43411097954402045,0.028068050742149353
2006-09-26,0,-0.736924245570927,92.67366790771484,11.529999732971191,1.71,0.3446035306716692,0.01990046352148056
2006-09-27,0,-0.6740667919227725,92.7846908569336,11.579999923706056,1.71,0.2854241738841031,0.021607641130685806
2006-09-28,0,-0.543722183030366,92.75000762939452,11.720000267028809,1.7300000000000004,0.40274648909857896,0.024726200848817825
2006-09-29,0,-0.5221839105767087,92.67366790771484,11.979999542236328,1.7200000000000006,0.46896961164676276,0.034741900861263275
2006-10-02,0,-0.338058482586135,92.3268051147461,12.56999969482422,1.7299999999999995,0.5520731699523757,0.04365863651037216
2006-10-03,0,-0.3754146901114463,92.52105712890624,12.239999771118164,1.7199999999999998,0.4455690860131752,0.035550035536289215
2006-10-04,0,-0.4810748217990429,93.60336303710938,11.859999656677246,1.739999999999999,0.3377157375213838,0.022188551723957062
2006-10-05,0,-0.6089164527666137,93.78368377685548,11.979999542236328,1.739999999999999,0.27933545561340395,0.03491252288222313
2006-10-06,0,-0.7562400984880923,93.66576385498048,11.5600004196167,1.7299999999999995,0.30388055589073465,0.1537696272134781
2006-10-09,0,-0.6994438423576804,93.72127532958984,11.68000030517578,1.7299999999999995,0.359036262517715,0.0945487916469574
2006-10-10,0,-0.764334125356032,93.84612274169922,11.520000457763672,1.7199999999999998,0.3800414435041221,0.09363264590501785
2006-10-11,0,-0.5463463765163414,93.73513793945312,11.619999885559082,1.7299999999999995,0.3370693967173311,0.1319672167301178
2006-10-12,0,-0.772715873653286,94.5468292236328,11.09000015258789,1.71,0.2406615472001681,0.05642277002334595
2006-10-13,0,-0.8119791245844015,94.78971099853516,10.75,1.7200000000000006,0.24787857252627277,0.06668121367692947
2006-10-16,0,-0.7846838216609955,94.93537902832033,11.09000015258789,1.71,0.269178205395274,0.06827925890684128
2006-10-17,0,-0.6144267953238615,94.63704681396484,11.729999542236328,1.71,0.3759531274037082,0.14309746026992798
2006-10-18,0,-0.7675185916125323,94.76193237304688,11.34000015258789,1.7000000000000002,0.4238147569782631,0.08261432498693466
2006-10-19,0,-0.7751907262311631,94.9145278930664,10.899999618530272,1.7000000000000002,0.3072006211635661,0.061159923672676086
2006-10-20,0,-0.9280260312751804,94.93537902832033,10.630000114440918,1.6900000000000004,0.26394153997417796,0.06699459254741669
2006-10-23,0,-1.0968608959270134,95.3724136352539,11.079999923706056,1.66,0.2897114439012491,0.13504667580127716
2006-10-24,0,-1.1093220126442649,95.65687561035156,10.779999732971191,1.6500000000000004,0.3472448340744201,0.1289369761943817
2006-10-25,0,-1.0029105148365474,95.9829559326172,10.65999984741211,1.66,0.34411233735054103,0.13181628286838531
2006-10-26,0,-1.0827943389052803,96.28124237060548,10.5600004196167,1.6499999999999997,0.28536703144642406,0.13181628286838531
2006-10-27,0,-0.9504048792704612,95.67769622802734,10.800000190734863,1.6500000000000004,0.3940015422794276,0.13911259174346924
2006-10-30,0,-0.9279064236283684,95.6082992553711,11.199999809265137,1.6400000000000006,0.4393279446065159,0.20717215538024902
2006-10-31,0,-0.9897769248329984,95.5944366455078,11.100000381469728,1.6399999999999997,0.46994400742451786,0.1884760856628418
2006-11-01,0,-0.7872257608394339,94.9492416381836,11.510000228881836,1.6399999999999997,0.5753666084737042,0.3240688741207123
2006-11-02,0,-0.6139931986537253,94.89372253417967,11.420000076293944,1.6400000000000006,0.5948550482191997,0.30150264501571655
2006-11-03,0,-0.8193093919009797,94.72721862792967,11.15999984741211,1.59,0.5942175935101499,0.4603348970413208
2006-11-06,0,-0.9964307841060832,95.79566192626952,11.15999984741211,1.59,0.6187347829567842,0.5480588674545288
2006-11-07,0,-1.0034964985766397,96.163330078125,11.09000015258789,1.5999999999999996,0.5139579468571459,0.422274112701416
2006-11-08,0,-1.105544578742058,96.37145233154295,10.75,1.5900000000000007,0.5023533410383638,0.40984398126602173
2006-11-09,0,-0.865012972784716,95.864990234375,11.010000228881836,1.62,0.6442815298825376,0.08085043728351593
2006-11-10,0,-0.8176624630574579,95.90666961669922,10.789999961853027,1.6100000000000003,0.6515293176057669,0.3135751783847809
2006-11-13,0,-0.8473029786025448,96.14250946044922,10.859999656677246,1.5999999999999996,0.5150412903049335,0.4213598072528839
2006-11-14,0,-0.9438606819685728,96.86404418945312,10.5,1.6099999999999994,0.35336371152783613,0.25478968024253845
2006-11-15,0,-1.0594252392783563,97.14153289794922,10.3100004196167,1.6099999999999994,0.251862940597199,0.2460714727640152
2006-11-16,0,-1.185061500364893,97.39130401611328,10.15999984741211,1.59,0.24357554193094924,0.3867685794830322
2006-11-17,0,-1.1322571310133986,97.41903686523438,10.050000190734863,1.5999999999999996,0.2669513398871816,0.3867685794830322
2006-11-20,0,-1.1458852649588085,97.47454833984376,9.970000267028809,1.6000000000000003,0.2541496501539153,0.4024498462677002
2006-11-21,0,-1.1007102882957194,97.5716552734375,9.899999618530272,1.5999999999999996,0.1945858453763288,0.4024498462677002
2006-11-22,0,-1.0496862473838506,97.765869140625,10.140000343322754,1.5999999999999996,0.18095320360576475,0.4111332297325134
2006-11-24,0,-0.8473182942969671,97.37051391601562,10.729999542236328,1.6000000000000003,0.2351959834035308,0.4231647551059723
2006-11-27,0,-0.3066598954063096,96.03150177001952,12.300000190734863,1.6100000000000003,0.5034223851988978,0.7048882842063904
2006-11-28,0,-0.530226329925273,96.44773864746094,11.619999885559082,1.62,0.5054455357113208,0.27071240544319153
2006-11-29,0,-0.8281501485791299,97.45375061035156,10.829999923706056,1.62,0.32567244122292127,0.11707806587219238
2006-11-30,0,-0.7315997599667249,97.495361328125,10.90999984741211,1.6399999999999997,0.2631474517028878,0.053603339940309525
2006-12-01,0,-0.6462598367015273,97.2803192138672,11.65999984741211,1.6500000000000004,0.3935464607096776,0.11489205062389374
2006-12-04,0,-0.7994847695388362,98.02261352539062,11.229999542236328,1.66,0.5161413904755956,0.09957659244537354
2006-12-05,0,-0.9434750265436258,98.44580078125,11.270000457763672,1.6499999999999997,0.40661664453053387,0.09138458222150803
2006-12-06,0,-0.7313061727366629,98.36256408691406,11.329999923706056,1.6499999999999997,0.346394919446047,0.10252571105957031
2006-12-07,0,-0.4454664207136816,97.93245697021484,12.670000076293944,1.6399999999999997,0.46131827296227385,0.33078327775001526
2006-12-08,0,-0.5810632505755654,98.11280822753906,12.06999969482422,1.6300000000000008,0.4733713456446654,0.3066323697566986
2006-12-11,0,-0.868589045888868,98.3972625732422,10.710000038146973,1.6400000000000006,0.30440565379145745,0.029099708423018456
2006-12-12,0,-0.8043414151199021,98.32099151611328,10.649999618530272,1.6499999999999997,0.28082425399228306,0.0250503309071064
2006-12-13,0,-0.901658254162594,98.42501068115234,10.18000030517578,1.6399999999999997,0.27317893060149934,0.022581331431865692
2006-12-14,0,-0.8462765528096879,99.29222106933594,9.970000267028809,1.66,0.2710232759071985,0.024103544652462006
2006-12-15,0,-0.7870467530251058,99.30132293701172,10.050000190734863,1.66,0.2363219836499869,0.023398781195282936
2006-12-18,0,-0.6711858145197437,99.02924346923828,10.600000381469728,1.6500000000000004,0.2762712500250562,0.026653625071048737
2006-12-19,0,-0.6299963723173619,99.21758270263672,10.300000190734863,1.67,0.3392961426440887,0.024393675848841667
2006-12-20,0,-0.6133529540290167,99.16177368164062,10.260000228881836,1.67,0.3279702218003673,0.024794844910502434
2006-12-21,0,-0.4351970101638793,98.79901123046876,10.529999732971191,1.6800000000000006,0.3421278213953554,0.015138504095375538
2006-12-22,0,-0.2331933373065613,98.19207000732422,11.359999656677246,1.67,0.46963668361638655,0.06087813898921013
2006-12-26,0,-0.4690299844280871,98.77110290527344,11.260000228881836,1.6599999999999993,0.44343656740808385,0.04033467546105385
2006-12-27,0,-0.899859856861274,99.41986846923828,10.640000343322754,1.66,0.34935745811996977,0.019879473373293877
2006-12-28,0,-0.7940847026502689,99.2105941772461,10.989999771118164,1.6499999999999997,0.40261214005348533,0.020855383947491646
2006-12-29,0,-0.5250891519921491,98.79901123046876,11.5600004196167,1.6399999999999997,0.5641880313381218,0.14405374228954315
2007-01-03,0,-0.5994769561562112,98.6245574951172,12.039999961853027,1.6100000000000003,0.678846648248116,0.7552662491798401
2007-01-04,0,-0.6852923465710679,98.83387756347656,11.510000228881836,1.62,0.6628715851120239,0.22207799553871155
2007-01-05,0,-0.4606110850639926,98.0455551147461,12.140000343322754,1.5999999999999996,0.6556529161253958,0.6739243268966675
2007-01-08,0,-0.5511609719146872,98.4990234375,12.0,1.59,0.6785848185503536,0.692757785320282
2007-01-09,0,-0.565955990704478,98.415283203125,11.90999984741211,1.59,0.691108530048406,0.7253060340881348
2007-01-10,0,-0.7596037054630225,98.7431869506836,11.470000267028809,1.59,0.6243852484123462,0.28053027391433716
2007-01-11,0,-0.892652366662912,99.17570495605467,10.869999885559082,1.59,0.5018458720516074,0.11530990153551102
2007-01-12,0,-1.0792129093085874,99.92919921875,10.149999618530272,1.5900000000000007,0.4298147054133146,0.07265116274356842
2007-01-16,0,-0.9735709654098992,99.73385620117188,10.739999771118164,1.59,0.4031392927925461,0.07667205482721329
2007-01-17,0,-1.054201390279155,99.77570343017578,10.59000015258789,1.58,0.4161119444811748,0.10193399339914322
2007-01-18,0,-0.814475269193716,99.44085693359376,10.850000381469728,1.58,0.4313429692751284,0.1001402884721756
2007-01-19,0,-0.9815682062535768,99.63616180419922,10.399999618530272,1.5699999999999994,0.31787155526846117,0.13046510517597198
2007-01-22,0,-0.9220668875998568,99.3292007446289,10.770000457763672,1.5700000000000005,0.2836004151118326,0.14610259234905243
2007-01-23,0,-1.0032902386586524,99.62220764160156,10.34000015258789,1.5700000000000005,0.26224892436607666,0.11242865771055222
2007-01-24,0,-1.2058559978371362,100.42444610595705,9.890000343322754,1.5700000000000005,0.15272476335485766,0.12350978702306747
2007-01-25,0,-0.9444682102053296,99.24549102783205,11.220000267028809,1.5599999999999996,0.2605322376689944,0.2399478405714035
2007-01-26,0,-1.0397907950520666,99.1548080444336,11.130000114440918,1.5600000000000005,0.33743086308598036,0.2211664468050003
2007-01-29,0,-0.9536718469831004,99.0989761352539,11.449999809265137,1.5499999999999998,0.38138999220414815,0.49795636534690857
2007-01-30,0,-0.9240140829409036,99.6152572631836,10.960000038146973,1.5600000000000005,0.3009223960224983,0.2436012625694275
2007-01-31,0,-1.068945354650076,100.28495025634766,10.420000076293944,1.5700000000000005,0.14334479105053802,0.11941514164209366
2007-02-01,0,-1.3220660442876055,100.88489532470705,10.3100004196167,1.5600000000000005,0.13598636783587253,0.16960665583610535
2007-02-02,0,-1.3997099405397646,101.02445220947266,10.079999923706056,1.5599999999999996,0.1285194422019088,0.16771955788135529
2007-02-05,0,-1.290544175001754,101.05237579345705,10.550000190734863,1.5600000000000005,0.13715592545231894,0.17994752526283264
2007-02-06,0,-1.4745167774764862,101.08025360107422,10.649999618530272,1.5500000000000007,0.12442247297598401,0.18873819708824158
2007-02-07,0,-1.3921307958946574,101.30353546142578,10.31999969482422,1.5599999999999996,0.09847478311120354,0.13830767571926117
2007-02-08,0,-1.4226084488964854,101.17097473144533,10.4399995803833,1.5499999999999998,0.08150337695060324,0.17983245849609375
2007-02-09,0,-1.1989336058237787,100.41748809814452,11.100000381469728,1.54,0.10650169948778766,0.1271081119775772
2007-02-12,0,-0.9799538807731027,100.0756607055664,11.609999656677246,1.54,0.1844318430640775,0.34208136796951294
2007-02-13,0,-1.1606379105831188,100.91983032226562,10.34000015258789,1.54,0.12107250467037985,0.11031299829483032
2007-02-14,0,-1.2332394154249025,101.58258056640624,10.229999542236328,1.5499999999999998,0.07811759833231405,0.11980798095464706
2007-02-15,1,-1.1666895832313595,101.71514892578124,10.220000267028809,1.5599999999999996,0.07388150847218629,0.06376736611127853
2007-02-16,1,-1.3001238225465668,101.66622924804688,10.020000457763672,1.5499999999999998,0.09802772635012895,0.06542301177978516
2007-02-20,1,-1.2570970104903023,101.8825225830078,10.239999771118164,1.5500000000000007,0.12351087563650757,0.04921344295144081
2007-02-21,1,-1.362969329321558,101.84069061279295,10.199999809265137,1.54,0.09172943017429996,0.11133649200201035
2007-02-22,1,-1.2869996125529657,101.7639389038086,10.18000030517578,1.5399999999999991,0.08985290736197739,0.10235647857189178
2007-02-23,1,-1.0781629656243188,101.36631774902344,10.579999923706056,1.5300000000000002,0.08812070144535251,0.10996559262275696
2007-02-26,1,-1.1042078708284244,101.27558135986328,11.149999618530272,1.54,0.14529021902379105,0.11058316379785538
2007-02-27,1,0.8950958872845737,97.32000732421876,18.309999465942383,1.59,0.9239618697020224,0.8957323431968689
2007-02-28,1,0.3603872451812984,98.31763458251952,15.420000076293944,1.6000000000000003,0.9252188121679036,0.7771124839782715
2007-03-01,1,0.6744067029228145,98.02462768554688,15.81999969482422,1.62,0.9287154982619228,0.7651407122612
2007-03-02,1,1.5072462988723354,96.74099731445312,18.61000061035156,1.6400000000000006,0.9841690184719812,0.9083603620529175
2007-03-05,1,2.120635487999313,95.8201141357422,19.6299991607666,1.6800000000000006,0.9951335409966116,0.9618822932243347
2007-03-06,1,1.2129038149199731,97.45952606201172,15.960000038146973,1.66,0.995327952999962,0.9418602585792542
2007-03-07,1,1.122037752251271,97.36190795898438,15.239999771118164,1.66,0.9857639505774455,0.9068987965583801
2007-03-08,1,0.9198057598035452,98.18511199951172,14.289999961853027,1.67,0.9796238393002238,0.6449384093284607
2007-03-09,1,0.7876273391216135,98.2129898071289,14.09000015258789,1.6500000000000004,0.9794803829252704,0.1270606368780136
2007-03-12,1,0.7239061356679338,98.35950469970705,13.989999771118164,1.6500000000000004,0.9847852818171314,0.10479751974344254
2007-03-13,1,1.77324235414913,96.4479751586914,18.1299991607666,1.7000000000000002,0.9980877880055266,0.963419497013092
2007-03-14,1,1.601943159697152,97.16653442382812,17.270000457763672,1.7199999999999998,0.9980498061675525,0.967645525932312
2007-03-15,1,1.4531843269226952,97.299072265625,16.43000030517578,1.7000000000000002,0.9947186259237463,0.9593364000320435
2007-03-16,1,1.6223366658541964,97.026611328125,16.790000915527344,1.7000000000000002,0.9949896973701037,0.9590118527412415
2007-03-19,0,1.1609022132411744,98.19630432128906,14.59000015258789,1.7000000000000002,0.9856652755899954,0.7258775234222412
2007-03-20,0,0.95557765116428,98.73558044433594,13.270000457763672,1.71,0.9861195052082978,0.6602300405502319
2007-03-21,0,0.7268906961752659,100.36055755615234,12.1899995803833,1.7299999999999995,0.9554749926046752,0.17828388512134552
2007-03-22,0,0.950840008143834,100.28347778320312,12.93000030517578,1.75,0.9467530088576394,0.19441239535808563
2007-03-23,0,0.914278045093376,100.43060302734376,12.949999809265137,1.75,0.9465750125555601,0.15225660800933838
2007-03-26,0,0.8966722135167696,100.29751586914062,13.15999984741211,1.75,0.9177205258394556,0.16297264397144318
2007-03-27,0,1.0159126277008292,100.0593719482422,13.479999542236328,1.7599999999999998,0.8303595767952695,0.04004903510212898
2007-03-28,0,0.8503909356175506,99.3309326171875,14.979999542236328,1.7800000000000002,0.8679885595377443,0.16420908272266388
2007-03-29,0,0.7536208453626351,99.43603515625,15.140000343322754,1.7400000000000002,0.8703070306446669,0.12154433876276016
2007-03-30,0,0.6959091945915867,99.45701599121094,14.640000343322754,1.75,0.847445432772917,0.05124443769454956
2007-04-02,0,0.4014393619311396,99.5690689086914,14.529999732971191,1.739999999999999,0.8330327524151213,0.03992504999041557
2007-04-03,0,-0.110918122899503,100.6407241821289,13.460000038146973,1.7300000000000004,0.8041472972455408,0.022960051894187927
2007-04-04,0,0.1636233022479835,100.75279235839844,13.239999771118164,1.7400000000000002,0.8394284141810655,0.027482954785227776
2007-04-05,0,0.1045147682875293,101.0259246826172,13.229999542236328,1.7400000000000002,0.847693128195105,0.027269747108221054
2007-04-09,0,0.0761426412730714,101.166015625,13.140000343322754,1.7199999999999998,0.8447910936725567,0.02187270112335682
2007-04-10,0,0.0002114232480569,101.2850570678711,12.68000030517578,1.7199999999999998,0.8467203333403334,0.018740219995379448
2007-04-11,0,0.1299218864330726,100.87184143066406,13.489999771118164,1.71,0.774708260859793,0.035817310214042664
2007-04-12,0,-0.3348176117803918,101.32008361816406,12.710000038146973,1.71,0.6932154394755154,0.017578348517417908
2007-04-13,0,-0.4136185053691203,101.78235626220705,12.199999809265137,1.7000000000000002,0.617468914377815,0.00895641464740038
2007-04-16,0,-0.6773032784263168,102.74893188476562,11.979999542236328,1.6799999999999995,0.4871405677116808,0.008997554890811443
2007-04-17,0,-0.7287289075847957,103.02210235595705,12.140000343322754,1.6799999999999995,0.5232920219826905,0.009856512770056725
2007-04-18,0,-0.5811155512103087,103.14812469482422,12.420000076293944,1.67,0.6272624422942891,0.012914410792291164
2007-04-19,0,-0.4743312169138905,103.12014770507812,12.539999961853027,1.67,0.6696704731058581,0.016166100278496742
2007-04-20,0,-0.3718089317532418,104.0936508178711,12.06999969482422,1.6800000000000006,0.5072560250040791,0.00868596974760294
2007-04-23,0,-0.196943457017939,103.70148468017578,13.039999961853027,1.6799999999999995,0.49395512541756925,0.014458266086876392
2007-04-24,0,-0.1693924487479217,103.74347686767578,13.119999885559082,1.6799999999999995,0.5244677076711681,0.014458266086876392
2007-04-25,0,-0.3065826136401615,104.69599151611328,13.210000038146973,1.6799999999999995,0.45377606248597363,0.014458266086876392
2007-04-26,0,-0.3505744085886745,104.81505584716795,12.789999961853027,1.6899999999999995,0.3967201240066281,0.016200728714466095
2007-04-27,0,-0.5461155658749606,104.7311019897461,12.449999809265137,1.6799999999999995,0.31790790092866983,0.015162523835897446
2007-04-30,0,-0.170784391788234,103.86255645751952,14.220000267028809,1.6799999999999995,0.637331437776547,0.022267812862992287
2007-05-01,0,-0.3568728461486805,104.12876892089844,13.510000228881836,1.67,0.651184832564815,0.020406242460012436
2007-05-02,0,-0.5381886065005196,104.7380599975586,13.079999923706056,1.6599999999999993,0.5317719541149805,0.01779358647763729
2007-05-03,0,-0.5771873440787868,105.30536651611328,13.09000015258789,1.6400000000000006,0.47528400884001626,0.016833553090691566
2007-05-04,0,-0.6366648901261227,105.70462036132812,12.90999984741211,1.6399999999999997,0.47171676863192147,0.016833553090691566
2007-05-07,0,-0.5664907519309996,105.72562408447266,13.149999618530272,1.6400000000000006,0.6147872574131612,0.016037361696362495
2007-05-08,0,-0.3982368196787285,105.58554077148438,13.210000038146973,1.66,0.6675583807158061,0.024576595053076744
2007-05-09,0,-0.52330574891229,105.87274169921876,12.880000114440918,1.6500000000000004,0.5717529988151551,0.015882233157753944
2007-05-10,0,-0.2767842480455767,104.76608276367188,13.600000381469728,1.6599999999999993,0.7077980943855542,0.0331684835255146
2007-05-11,0,-0.4210100969542353,105.6625747680664,12.949999809265137,1.66,0.5469720631781695,0.026956049725413322
2007-05-14,0,-0.2550912397567964,105.43142700195312,13.960000038146973,1.6499999999999997,0.6638779567712011,0.022154614329338074
2007-05-15,0,-0.1239159414084932,105.45944213867188,14.010000228881836,1.6500000000000004,0.7367022928854585,0.03624863922595978
2007-05-16,0,-0.3087744947914944,106.18087768554688,13.5,1.6399999999999997,0.647651674682524,0.014786401763558388
2007-05-17,0,-0.2624789858366277,105.9707489013672,13.510000228881836,1.6400000000000006,0.7724799140751353,0.02170807495713234
2007-05-18,0,-0.5438353528413168,106.89529418945312,12.760000228881836,1.6300000000000008,0.601324846864832,0.015981722623109818
2007-05-21,0,-0.3313676200420911,106.83924865722656,13.300000190734863,1.63,0.6568156734362061,0.019399581477046013
2007-05-22,0,-0.3995344364331244,106.75521087646484,13.0600004196167,1.63,0.6812959905462731,0.019399581477046013
2007-05-23,0,-0.3665443016409619,106.76920318603516,13.239999771118164,1.63,0.6493314279520278,0.07022751122713089
2007-05-24,0,0.0045585761565527,105.80264282226562,14.079999923706056,1.63,0.8044191842402646,0.20232686400413513
2007-05-25,0,-0.1923339571804649,106.2438507080078,13.34000015258789,1.62,0.7010850980219493,0.03545301780104637
2007-05-29,0,-0.2210456658607605,106.62915802001952,13.529999732971191,1.62,0.6747769863602463,0.028795480728149414
2007-05-30,0,-0.6075160485088212,107.49759674072266,12.829999923706056,1.6100000000000003,0.564324015661624,0.03916943818330765
2007-05-31,0,-0.5811938758844097,107.38557434082033,13.050000190734863,1.5999999999999996,0.5998580117377135,0.14608632028102875
2007-06-01,0,-0.5987140747178115,107.91786193847656,12.779999732971191,1.5999999999999996,0.6820751235330234,0.09913457185029984
2007-06-04,0,-0.5653121561980391,107.9319305419922,13.289999961853027,1.58,0.6912920425430726,0.15251415967941284
2007-06-05,0,-0.4592778731611417,107.50464630126952,13.630000114440918,1.5699999999999994,0.7384249040115184,0.13845282793045044
2007-06-06,0,0.0604219540341919,106.3489990234375,14.869999885559082,1.6000000000000003,0.8413315278747588,0.1960880309343338
2007-06-07,0,0.6188525901344649,104.42986297607422,17.059999465942383,1.5999999999999996,0.9653781533823986,0.8755574226379395
2007-06-08,0,0.2852529887605511,105.78865814208984,14.84000015258789,1.62,0.8974160026340511,0.4128413796424866
2007-06-11,0,0.0387625400818805,105.9707489013672,14.710000038146973,1.6100000000000003,0.8571412833237817,0.45152410864830017
2007-06-12,1,0.5641662849894101,104.81505584716795,16.670000076293945,1.6000000000000003,0.9456077132277325,0.8167582750320435
2007-06-13,1,-0.0796126412690757,106.38404083251952,14.729999542236328,1.58,0.9284018086292226,0.20410004258155823
2007-06-14,1,-0.3764642201659683,107.06340026855467,13.640000343322754,1.5699999999999994,0.9363794801327614,0.13168130815029144
2007-06-15,1,-0.1127745305649905,107.67254638671876,13.9399995803833,1.5999999999999996,0.8857005107959368,0.22979676723480225
2007-06-18,1,-0.1919959974013584,107.54595184326172,13.420000076293944,1.5999999999999996,0.8528560880707657,0.1874638944864273
2007-06-19,1,-0.1753808768322861,107.813232421875,12.850000381469728,1.6000000000000003,0.8786396983665965,0.11587493121623993
2007-06-20,1,0.1740969130088131,106.31487274169922,14.670000076293944,1.5700000000000005,0.9228519285794369,0.25187838077545166
2007-06-21,1,0.1813942736040731,106.90582275390624,14.210000038146973,1.5999999999999996,0.9061450321313447,0.3250854015350342
2007-06-22,1,0.6031719271678172,105.8999252319336,15.75,1.6000000000000003,0.9353210160269767,0.6761351227760315
2007-06-25,1,0.6260492429072256,105.39348602294922,16.649999618530273,1.59,0.9724323935664128,0.866100013256073
2007-06-26,0,1.3495429624838338,104.31016540527344,18.88999938964844,1.6100000000000003,0.9929384649748494,0.9293609261512756
2007-06-27,0,0.4975094153113827,105.79443359375,15.529999732971191,1.59,0.9785560564176097,0.9214349389076233
2007-06-28,0,0.6955079964711022,105.78034210205078,15.539999961853027,1.5999999999999996,0.960923588172381,0.9026549458503723
2007-06-29,0,0.7371359423246289,105.81546783447266,16.229999542236328,1.59,0.9794801827556076,0.9312763810157776
2007-07-02,0,0.5928175340250036,106.77216339111328,15.399999618530272,1.5999999999999996,0.968752995676581,0.7047857642173767
2007-07-03,0,0.4547909058568981,107.1590576171875,14.920000076293944,1.6000000000000003,0.9632245345938315,0.33861714601516724
2007-07-05,0,0.3834478411880191,107.04652404785156,15.479999542236328,1.58,0.9390005747466034,0.43782180547714233
2007-07-06,0,0.0531778972214403,107.6092300415039,14.720000267028809,1.59,0.896372167299898,0.0768403634428978
2007-07-09,0,-0.248950495663206,107.69364166259766,15.15999984741211,1.58,0.9126637726161291,0.3506580591201782
2007-07-10,1,0.7142161387879149,106.16020965576172,17.56999969482422,1.5999999999999996,0.9732312865079076,0.6325875520706177
2007-07-11,1,0.410835685759094,106.91283416748048,16.639999389648438,1.59,0.9508968309556813,0.37214967608451843
2007-07-12,1,-0.2147193601548834,108.60108947753906,15.539999961853027,1.59,0.8728009016200697,0.4623715877532959
2007-07-13,1,-0.0752472605438747,108.92464447021484,15.149999618530272,1.59,0.7694086931675792,0.4451117515563965
2007-07-16,1,0.0481019570129509,108.91061401367188,15.59000015258789,1.58,0.8021778057708604,0.512066125869751
2007-07-17,1,0.2216956544417379,108.85426330566406,15.630000114440918,1.59,0.9044512360664808,0.6648020148277283
2007-07-18,1,0.2442789440922574,108.65735626220705,16.0,1.58,0.9022360842584869,0.7260300517082214
2007-07-19,1,0.1649433540517884,109.0793914794922,15.229999542236328,1.59,0.7236070861484363,0.15545307099819183
2007-07-20,1,0.5060096530875001,107.97500610351562,16.950000762939453,1.6100000000000003,0.8827680516534193,0.5391256809234619
2007-07-23,1,0.5222939399611126,108.3056182861328,16.809999465942383,1.6100000000000003,0.8799016543218844,0.37680312991142273
2007-07-24,1,1.166647357562732,106.42752838134766,18.549999237060547,1.6499999999999997,0.9692175721556567,0.6641984581947327
2007-07-25,1,0.975321555101298,106.64552307128906,18.100000381469727,1.6500000000000004,0.9696625888912106,0.5364013314247131
2007-07-26,1,2.631187118176664,104.12028503417967,20.739999771118164,1.83,0.99600705920994,0.8728646636009216
2007-07-27,1,3.881527657364928,102.07328033447266,24.170000076293945,1.87,0.9996496965875314,0.9677554965019226
2007-07-30,1,3.04992863353668,103.6701202392578,20.8700008392334,1.88,0.9978195860192433,0.8987414240837097
2007-07-31,1,3.386441624771916,102.5024185180664,23.520000457763672,1.85,0.999582596151937,0.9707652926445007
2007-08-01,1,3.421434308014559,103.00188446044922,23.670000076293945,1.8600000000000003,0.9995353697203342,0.9707652926445007
2007-08-02,1,2.7768542095629543,103.82479095458984,21.21999931335449,1.83,0.9993202906334321,0.9628114104270935
2007-08-03,1,3.7725693874025255,101.15181732177734,25.15999984741211,1.8600000000000003,0.9999590094443369,0.9786176681518555
2007-08-06,1,3.3498501544366825,102.84709930419922,22.940000534057617,1.8900000000000008,0.9997766091792785,0.9699897170066833
2007-08-07,1,2.665169767867807,103.9444351196289,21.559999465942383,1.83,0.99934531990277,0.9460040926933289
2007-08-08,1,2.381743764948196,105.39348602294922,21.450000762939453,1.87,0.9986161487698172,0.9257559776306152
2007-08-09,1,3.6617262446890426,102.27024841308594,26.479999542236328,1.91,0.9997690743104943,0.9735441207885742
2007-08-10,1,3.900411119868,101.79198455810548,28.299999237060547,1.8800000000000008,0.9999654013766686,0.98227858543396
2007-08-13,1,3.702122387923642,102.15771484375,26.56999969482422,1.91,0.999828245986125,0.9750392436981201
2007-08-14,1,4.082996999765562,100.59613037109376,27.68000030517578,1.9499999999999995,0.9997698089130646,0.978760302066803
2007-08-15,1,4.74826598313863,99.21039581298828,30.670000076293945,2.03,0.9998356132719907,0.9763050079345703
2007-08-16,1,4.5540611556598085,99.95603942871094,30.82999992370605,2.0600000000000005,0.999911891041581,0.977125883102417
2007-08-17,1,4.147348971981924,101.79198455810548,29.989999771118164,2.0700000000000003,0.99967617500868,0.9746983647346497
2007-08-20,1,3.5907819762790765,101.74270629882812,26.32999992370605,2.08,0.998307079481379,0.9687067270278931
2007-08-21,1,3.4329803380728587,101.9466781616211,25.25,2.0900000000000007,0.9980625602921215,0.9781820774078369
2007-08-22,1,2.717264558842375,103.1566162109375,22.88999938964844,2.0700000000000003,0.9967530245256851,0.8099308609962463
2007-08-23,1,2.5636680508257395,103.0651626586914,22.6200008392334,2.04,0.990417420107398,0.36423569917678833
2007-08-24,1,1.816839602677469,104.33836364746094,20.71999931335449,2.01,0.9427851070045342,0.30061694979667664
2007-08-27,1,1.7848984057269686,103.36760711669922,22.71999931335449,2.0,0.9742779295165204,0.3147735595703125
2007-08-28,1,2.7227192711519046,101.09556579589844,26.299999237060547,2.0699999999999994,0.9946541826537577,0.9125735759735107
2007-08-29,1,2.026438149391431,103.07918548583984,23.809999465942383,2.05,0.9797653824158097,0.4059176445007324
2007-08-30,1,2.234915944843641,102.80487060546876,25.059999465942383,2.0700000000000003,0.9821678601282982,0.5366250276565552
2007-08-31,1,1.975142202957165,103.8177490234375,23.3799991607666,2.05,0.9232416499037586,0.06402141600847244
2007-09-04,1,1.4119193650277762,104.86590576171876,22.780000686645508,2.04,0.9263699594711544,0.102088563144207
2007-09-05,1,1.893784060296148,103.95846557617188,24.57999992370605,2.06,0.9849073729804592,0.5641477108001709
2007-09-06,1,1.914037076222525,104.19763946533205,23.989999771118164,2.0600000000000005,0.9649790163276768,0.4013727903366089
2007-09-07,1,2.492549652107653,102.74861907958984,26.229999542236328,2.1000000000000005,0.9788904523559433,0.7413829565048218
2007-09-10,1,2.2669634633298816,102.55162048339844,27.3799991607666,2.13,0.979289333073949,0.8106667995452881
2007-09-11,1,1.8077656473458368,103.74748992919922,25.270000457763672,2.1100000000000003,0.933969731213459,0.8089757561683655
2007-09-12,1,1.809004780346492,104.0147933959961,24.959999084472656,2.13,0.9329098558023459,0.3388170897960663
2007-09-13,1,1.4481248838802412,104.746337890625,24.76000022888184,2.12,0.8937362894400743,0.28835180401802063
2007-09-14,1,1.2473788423396268,104.7393035888672,24.920000076293945,2.12,0.9511422084510146,0.335219144821167
2007-09-17,0,1.4421138679076335,104.17657470703124,26.479999542236328,2.1,0.9754846961196623,0.7612290382385254
2007-09-18,0,0.8719558710020666,107.2434539794922,20.350000381469727,2.1100000000000003,0.8630086354704538,0.14064477384090424
2007-09-19,0,0.7488343750947801,107.87653350830078,20.030000686645508,2.1099999999999994,0.7537805772450461,0.1357363611459732
2007-09-20,0,0.7187737533617625,107.11683654785156,20.450000762939453,2.04,0.7594033957384858,0.05428239703178406
2007-09-21,0,0.7002324184877481,107.40595245361328,19.0,2.03,0.7887374235729477,0.05457225814461708
2007-09-24,0,0.7044570983824511,107.20797729492188,19.3700008392334,2.0200000000000005,0.8654335328729408,0.058999065309762955
2007-09-25,0,0.8180251730192198,106.99597930908205,18.600000381469727,2.0200000000000005,0.6547824243096398,0.03848917782306671
2007-09-26,0,0.5827907864214442,107.5613784790039,17.6299991607666,2.03,0.4939036518107291,0.02771773748099804
2007-09-27,0,0.1332451601095846,108.19747161865234,17.0,2.01,0.5589717613196897,0.03164155036211014
2007-09-28,0,0.4633009724182597,107.83699798583984,18.0,2.0,0.6151720452404315,0.02428615279495716
2007-10-01,0,0.2513129186490231,109.05264282226562,17.84000015258789,1.99,0.6419324104013442,0.028554348275065422
2007-10-02,0,0.4519533559752941,108.9042510986328,18.489999771118164,2.0,0.7270223053972289,0.027716876938939095
2007-10-03,0,0.5934546479202248,108.68512725830078,18.799999237060547,1.99,0.7113138548994218,0.030406424775719643
2007-10-04,0,0.3954363258075714,108.85476684570312,18.440000534057617,1.97,0.6836664442902639,0.029291413724422455
2007-10-05,1,0.1078260287734905,110.14815521240234,16.90999984741211,1.9399999999999995,0.5288835926167297,0.06130291149020195
2007-10-08,1,0.0368770804213477,109.56151580810548,17.459999084472656,1.9399999999999995,0.48967222985986886,0.032199881970882416
2007-10-09,1,-0.2773743179777337,110.59343719482422,16.1200008392334,1.9000000000000004,0.4662444570141441,0.08055931329727173
2007-10-10,1,-0.0523668147391875,110.40958404541016,16.670000076293945,1.91,0.5034927438254418,0.05864586681127548
2007-10-11,1,0.1674676756163068,109.87958526611328,18.8799991607666,1.9,0.679175918314356,0.08109044283628464
2007-10-12,1,0.0432000534314852,110.48743438720705,17.729999542236328,1.87,0.5402572978488802,0.05515529587864876
2007-10-15,1,0.2671879867376385,109.554443359375,19.25,1.88,0.7339142970633634,0.081967294216156
2007-10-16,1,0.4279289621076168,108.68512725830078,20.020000457763672,1.92,0.8258032132694336,0.4111456573009491
2007-10-17,1,0.6049305040565911,109.01725006103516,18.540000915527344,1.91,0.8000629482250309,0.3078698217868805
2007-10-18,1,0.7663461726004855,108.62156677246094,18.5,1.9400000000000004,0.8296794761096846,0.4215512275695801
2007-10-19,1,1.345108157448588,105.78038787841795,22.959999084472656,1.97,0.9554535964063945,0.8942901492118835
2007-10-22,1,1.188422690214176,106.39522552490234,21.63999938964844,1.96,0.9670721028677892,0.8618487119674683
2007-10-23,1,1.0225869933465257,107.25748443603516,20.40999984741211,1.9799999999999995,0.96311924933859,0.8398088812828064
2007-10-24,1,1.038418446796782,107.05960083007812,20.799999237060547,1.9799999999999995,0.9590852629210791,0.911394476890564
2007-10-25,1,1.1065472974699764,107.31404113769533,21.170000076293945,1.99,0.9688834189714062,0.9332447648048401
2007-10-26,1,0.9020295232776722,108.57210540771484,19.559999465942383,1.9799999999999995,0.9789782560888554,0.8408192992210388
2007-10-29,1,0.8381925840115638,108.9324951171875,19.8700008392334,1.9800000000000004,0.9708766729828954,0.8209442496299744
2007-10-30,1,1.1388333521612088,108.17623138427734,21.06999969482422,1.9899999999999995,0.970311017125421,0.947218120098114
2007-10-31,1,0.8235510910586744,109.29997253417967,18.530000686645508,1.9899999999999995,0.9523114999975733,0.37912485003471375
2007-11-01,1,1.4175497297874775,106.74153900146484,23.209999084472656,2.01,0.9841540113941866,0.9669793844223022
2007-11-02,1,1.4532349187565603,106.86173248291016,23.01000022888184,2.04,0.9842358516930724,0.9799268841743469
2007-11-05,1,1.7047023824030552,106.0489501953125,24.309999465942383,2.0200000000000005,0.9823008309095475,0.9805831909179688
2007-11-06,1,1.3043229425236034,107.47661590576172,21.38999938964844,2.03,0.9755028489445302,0.9640973210334778
2007-11-07,1,2.171554587774404,104.53646850585938,26.489999771118164,2.1000000000000005,0.9913987807568125,0.9862157106399536
2007-11-08,1,2.269153194647837,104.00642395019533,26.15999984741211,2.16,0.9973394828821234,0.9874546527862549
2007-11-09,1,2.521997507500867,102.57874298095705,28.5,2.18,0.9981966410700713,0.9882821440696716
2007-11-12,1,2.8073536847578526,101.56103515625,31.09000015258789,2.18,0.9992196744281385,0.9856431484222412
2007-11-13,1,1.914446040597665,104.65665435791016,24.100000381469727,2.1800000000000006,0.9929023147579558,0.9743202328681946
2007-11-14,1,1.9197408636742064,104.3668441772461,25.940000534057617,2.16,0.9955210784539453,0.9864999055862427
2007-11-15,1,2.317522142465445,102.86146545410156,28.059999465942383,2.22,0.9983783409134247,0.9880462884902954
2007-11-16,1,2.1382262902174447,103.03811645507812,25.489999771118164,2.26,0.9979822020115773,0.981450080871582
2007-11-19,1,2.0852628359459904,101.60350036621094,26.01000022888184,2.3,0.99883739009828,0.988174557685852
2007-11-20,1,2.0669471335738567,102.2253646850586,24.8799991607666,2.3500000000000005,0.996031898526851,0.9820207953453064
2007-11-21,1,2.5422639959799334,100.13335418701172,26.84000015258789,2.41,0.9975863305039585,0.986850380897522
2007-11-23,1,2.1689280854158643,101.86495208740234,25.61000061035156,2.37,0.997299913810241,0.9836652874946594
2007-11-26,1,2.626933446619559,99.61743927001952,28.90999984741211,2.4000000000000004,0.9988813252808505,0.9874410629272461
2007-11-27,1,2.436561830306559,100.76239013671876,26.280000686645508,2.41,0.998946210507158,0.9878227114677429
2007-11-28,1,1.9805373915720497,103.98517608642578,24.11000061035156,2.3999999999999995,0.9931952280504521,0.9654533863067627
2007-11-29,1,1.965762142753408,104.0205078125,23.96999931335449,2.4600000000000004,0.9950564122759226,0.9520795345306396
2007-11-30,1,1.8849124707514868,105.06651306152344,22.8700008392334,2.47,0.9721188335046463,0.92950838804245
2007-12-03,1,1.809204181761365,104.37387084960938,23.61000061035156,2.52,0.990323371857622,0.937860906124115
2007-12-04,1,1.899241031971827,103.44100952148438,23.790000915527344,2.53,0.9872481960796473,0.9559826254844666
2007-12-05,1,1.6261079881295524,105.17253875732422,22.530000686645508,2.58,0.9309548700997948,0.8646003007888794
2007-12-06,1,1.502565303780236,106.67796325683594,20.959999084472656,2.5900000000000007,0.7600248975056826,0.5508124232292175
2007-12-07,1,1.2163337894062094,106.65673828125,20.850000381469727,2.6100000000000003,0.6336943344873006,0.4696619212627411
2007-12-10,1,1.0216826586244945,107.4836654663086,20.739999771118164,2.59,0.6255141144054103,0.5102063417434692
2007-12-11,1,1.3639684489845527,104.53646850585938,23.59000015258789,2.6300000000000003,0.9253699310666844,0.8419471979141235
2007-12-12,1,1.064300341090228,105.56834411621094,22.46999931335449,2.63,0.8858695535194472,0.877426028251648
2007-12-13,1,1.3047817154552572,105.34927368164062,22.559999465942383,2.58,0.778193821122643,0.8440417051315308
2007-12-14,1,1.3863131934343071,104.01346588134766,23.270000457763672,2.55,0.8620383918858538,0.9370340704917908
2007-12-17,1,1.4397922071885307,102.5292739868164,24.520000457763672,2.55,0.9277228610348668,0.9579644203186035
2007-12-18,1,1.229770039988335,103.10173797607422,22.63999938964844,2.5200000000000005,0.9657670197474452,0.7195146083831787
2007-12-19,1,1.037503676430318,103.10173797607422,21.68000030517578,2.54,0.9484018026416589,0.7627321481704712
2007-12-20,1,0.9161319321072452,103.75202178955078,20.57999992370605,2.51,0.914063980013552,0.4822827875614166
2007-12-21,1,0.4021639651779782,105.24761199951172,18.46999931335449,2.5,0.9265182111448305,0.2190691977739334
2007-12-24,1,0.4886656687156357,106.02912902832033,18.600000381469727,2.49,0.9318812916805133,0.1686846762895584
2007-12-26,1,0.2274509027228596,106.25656127929688,18.65999984741211,2.49,0.9384323418683909,0.1686846762895584
2007-12-27,1,0.6030239591329419,104.9207534790039,20.26000022888184,2.5200000000000005,0.9777314261757802,0.811058521270752
2007-12-28,1,0.95027574964377,104.65792083740234,20.739999771118164,2.51,0.979528042334353,0.7642590403556824
2007-12-31,1,1.1331728792394813,103.88341522216795,22.5,2.52,0.9812041048236202,0.8577123880386353
2008-01-02,1,1.364954813085409,102.9739227294922,23.170000076293945,2.54,0.9819575373152675,0.8358428478240967
2008-01-03,1,1.281208622488351,102.92420196533205,22.489999771118164,2.5700000000000003,0.978612926599929,0.8509149551391602
2008-01-04,1,1.5294473163470164,100.40190887451172,23.940000534057617,2.59,0.9945178948786665,0.9582803845405579
2008-01-07,1,1.6772973861441294,100.31668853759766,23.790000915527344,2.6,0.9961014380597962,0.9725484848022461
2008-01-08,1,2.070608997975345,98.69669342041016,25.43000030517578,2.6300000000000003,0.9979454421036632,0.9823205471038818
2008-01-09,1,1.908260577840574,99.73404693603516,24.1200008392334,2.6700000000000004,0.9978175701874383,0.9798729419708252
2008-01-10,1,1.915129967596608,100.38768005371094,23.450000762939453,2.7299999999999995,0.9950774722895616,0.9727132320404053
2008-01-11,1,1.7680067907103283,99.57772827148438,23.68000030517578,2.77,0.9980356106739458,0.980453372001648
2008-01-14,1,1.7017540341448054,100.38062286376952,22.89999961853028,2.76,0.996765278901588,0.9575933814048767
2008-01-15,1,1.9049958862169472,98.1709442138672,23.34000015258789,2.78,0.9987361478982104,0.976876437664032
2008-01-16,1,1.897531037254397,97.325439453125,24.3799991607666,2.77,0.998523445398804,0.9800352454185486
2008-01-17,1,2.2687165471288107,94.8031005859375,28.459999084472656,2.81,0.9995279344610144,0.9853096604347229
2008-01-18,1,2.3485638124412755,93.82972717285156,27.18000030517578,2.87,0.9997465702512995,0.9805834293365479
2008-01-22,1,2.7380493783571285,92.87767028808594,31.01000022888184,2.98,0.9998343976432863,0.9822695851325989
2008-01-23,1,2.39602033732651,95.10865020751952,29.020000457763672,2.95,0.9997801400376235,0.9803584814071655
2008-01-24,1,2.3305204352284203,95.91154479980467,27.780000686645508,2.95,0.999504741193138,0.9783064723014832
2008-01-25,1,2.547249200798299,94.52603912353516,29.07999992370605,2.95,0.999802109614433,0.9833806753158569
2008-01-28,1,2.3323027885019365,96.08916473388672,27.780000686645508,2.97,0.9997400043137569,0.9832755923271179
2008-01-29,1,2.1054510273234635,96.565185546875,27.31999969482422,2.94,0.9994588352186886,0.9867327809333801
2008-01-30,1,2.132964904710573,95.854736328125,27.6200008392334,2.94,0.9981938096000991,0.9857973456382751
2008-01-31,1,1.838034060774308,97.6025161743164,26.200000762939453,2.96,0.9943315012942618,0.9861024618148804
2008-02-01,1,1.5041546128126395,99.17274475097656,24.020000457763672,2.9799999999999995,0.9893638952643257,0.8911982774734497
2008-02-04,1,1.7016866013745129,97.92224884033205,25.989999771118164,2.98,0.976310186523397,0.9354210495948792
2008-02-05,1,1.8619199304069936,95.30046844482422,28.239999771118164,3.01,0.9928193105235543,0.9830241203308105
2008-02-06,1,1.9729392225233888,94.53314971923828,28.96999931335449,3.0500000000000003,0.9968170740900357,0.9856680631637573
2008-02-07,1,1.6964683245942205,95.15838623046876,27.65999984741211,3.06,0.9900684704938945,0.9819807410240173
2008-02-08,1,1.85347525006074,94.54737091064452,28.01000022888184,3.0900000000000003,0.9816054483129022,0.9828206300735474
2008-02-11,1,1.8163304416618369,95.03048706054688,27.600000381469727,3.09,0.980271345168662,0.9828858375549316
2008-02-12,1,1.5967321610936025,95.91154479980467,26.32999992370605,3.1099999999999994,0.9871491252490409,0.9847006797790527
2008-02-13,0,1.4714917220561048,96.89200592041016,24.8799991607666,3.1099999999999994,0.9717669892352415,0.8891587257385254
2008-02-14,0,1.3791068854887345,96.0394058227539,25.540000915527344,3.1,0.9648232986486347,0.939873218536377
2008-02-15,0,1.292763889500437,96.01811981201172,25.020000457763672,3.140000000000001,0.9691291766604774,0.9382516741752625
2008-02-19,1,1.0194062772810075,96.28807067871094,25.59000015258789,3.07,0.9481468695548538,0.6458390951156616
2008-02-20,1,0.7906779733718322,96.572265625,24.39999961853028,3.03,0.9068140314479852,0.35524967312812805
2008-02-21,1,0.8596348410143144,95.76941680908205,25.1200008392334,3.1,0.9381626439859302,0.89152592420578
2008-02-22,1,0.9419420563001972,96.35914611816406,24.059999465942383,3.12,0.9461608766337621,0.8209398984909058
2008-02-25,1,0.8000678658575912,97.57410430908205,23.030000686645508,3.08,0.8779340385785431,0.34222638607025146
2008-02-26,1,0.546284153532982,98.30596923828124,21.89999961853028,3.1000000000000005,0.8280707788877054,0.3832753002643585
2008-02-27,1,0.7387525539660057,98.20645141601562,22.690000534057617,3.11,0.8360749165408005,0.4476405382156372
2008-02-28,1,0.9464732072141728,97.24726104736328,23.530000686645508,3.17,0.9301339680853354,0.673353374004364
2008-02-29,1,1.2824743406132024,95.08021545410156,26.540000915527344,3.22,0.9796569235799695,0.9634090662002563
2008-03-03,1,1.4143127240492213,94.85284423828124,26.280000686645508,3.22,0.9742687357877836,0.9803729057312012
2008-03-04,1,1.4864731949360976,94.4905014038086,25.520000457763672,3.1900000000000004,0.9506323930026979,0.9722752571105957
2008-03-05,1,1.314469700479956,95.0873565673828,24.600000381469727,3.26,0.9215545333965188,0.7849305868148804
2008-03-06,1,1.496729605097767,93.1192398071289,27.549999237060547,3.35,0.9801433123048277,0.9377080798149109
2008-03-07,1,1.5201630829799824,92.1600570678711,27.489999771118164,3.39,0.9949601487831718,0.9736849069595337
2008-03-10,1,1.8030385837057088,90.94505310058594,29.3799991607666,3.43,0.9976686173164955,0.9732192754745483
2008-03-11,1,1.2341293887196478,94.21341705322266,26.36000061035156,3.39,0.9940213205097547,0.9367037415504456
2008-03-12,1,1.3891754574725637,93.33236694335938,27.21999931335449,3.39,0.9902466736206845,0.9536536931991577
2008-03-13,1,1.4340104565437948,93.53843688964844,27.290000915527344,3.39,0.995657232099954,0.979243814945221
2008-03-14,1,1.8796722512608663,92.0889892578125,31.15999984741211,3.4200000000000004,0.9988121057352117,0.9835683107376099
2008-03-17,1,1.9844112815272168,91.158203125,32.2400016784668,3.5,0.9996468008834325,0.9824762344360352
2008-03-18,1,1.174443892301517,94.94522857666016,25.790000915527344,3.39,0.9877784523278084,0.9450042247772217
2008-03-19,0,1.661505257585951,92.59344482421876,29.84000015258789,3.4400000000000004,0.996534407440807,0.9800395965576172
2008-03-20,0,1.313779742090678,94.30854034423828,26.6200008392334,3.42,0.9912580837131298,0.937663733959198
2008-03-24,0,0.9692857462544956,96.19355010986328,25.729999542236328,3.3400000000000003,0.9830437398480989,0.44240671396255493
2008-03-25,0,1.029960620129216,96.28639221191406,25.71999931335449,3.390000000000001,0.9886933175935874,0.67608642578125
2008-03-26,0,1.252478539669852,95.10821533203124,26.07999992370605,3.41,0.9632251525493877,0.8603382706642151
2008-03-27,0,1.3114290136033275,94.80834197998048,25.8799991607666,3.41,0.9859921257035429,0.8005856275558472
2008-03-28,0,1.3902845545935598,93.90155029296876,25.709999084472656,3.47,0.9789196620016225,0.9335814118385315
2008-03-31,0,1.2526901963879262,94.22997283935548,25.61000061035156,3.45,0.9256266923952616,0.6068852543830872
2008-04-01,0,0.5837905516240479,97.54306030273438,22.68000030517578,3.43,0.7478433431889752,0.15768608450889587
2008-04-02,0,0.5770361191605508,97.60730743408205,23.43000030517578,3.4,0.7513706086987765,0.11553675681352615
2008-04-03,0,0.4889024870185939,97.8501205444336,23.209999084472656,3.3800000000000003,0.7963065189574181,0.11916939169168472
2008-04-04,0,0.5046125279824067,97.7430191040039,22.450000762939453,3.4000000000000004,0.8462610658306757,0.14959359169006348
2008-04-07,0,0.2941914214886034,97.7929916381836,22.420000076293945,3.370000000000001,0.8245120150824178,0.142836332321167
2008-04-08,0,0.2020386445948829,97.69300079345705,22.36000061035156,3.37,0.5982584973071076,0.1523771733045578
2008-04-09,0,0.1775541172881687,96.98614501953124,22.809999465942383,3.38,0.751621684879344,0.12989509105682373
2008-04-10,0,0.3907639947818181,97.12181091308594,21.979999542236328,3.3500000000000005,0.7125849880771615,0.15119482576847076
2008-04-11,0,0.5772267534460499,95.23676300048828,23.459999084472656,3.38,0.833460080221515,0.4696044325828552
2008-04-14,0,0.6414063071425881,94.9154281616211,23.81999969482422,3.39,0.8856463027861342,0.26510584354400635
2008-04-15,0,0.4155360666502379,95.1368408203125,22.780000686645508,3.39,0.8679910371668583,0.32090386748313904
2008-04-16,0,-0.0554480137724844,97.71442413330078,20.530000686645508,3.39,0.786165180767725,0.1675170511007309
2008-04-17,0,0.2354479700091452,97.85726165771484,20.3700008392334,3.34,0.607631963826269,0.18866536021232605
2008-04-18,0,-0.1354440192372552,98.87834167480467,20.1299991607666,3.26,0.7239688117591856,0.20747223496437073
2008-04-21,0,0.0163171921132474,98.92825317382812,20.5,3.22,0.7723420230947515,0.28248944878578186
2008-04-22,0,0.2328081710808614,98.49274444580078,20.8700008392334,3.21,0.8167489961781265,0.3796840012073517
2008-04-23,0,0.1907776758523893,98.3356475830078,20.26000022888184,3.18,0.5933897486992448,0.3205038011074066
2008-04-24,0,0.0047458117331056,98.76408386230467,20.059999465942383,3.13,0.5622579082518412,0.3205038011074066
2008-04-25,0,-0.1327233275738386,99.6780014038086,19.59000015258789,3.14,0.4213589042693948,0.2571868300437927
2008-04-28,0,-0.2354041716045139,99.69943237304688,19.63999938964844,3.11,0.41077225274542745,0.2611766457557678
2008-04-29,0,-0.136210789894304,99.30670166015624,20.239999771118164,3.11,0.5789797253451432,0.42791134119033813
2008-04-30,0,0.2303329877594614,98.72118377685548,20.790000915527344,3.1,0.6894314371465738,0.4420660436153412
2008-05-01,0,-0.1035154694034604,100.76333618164062,18.8799991607666,3.0400000000000005,0.4506423946285176,0.20894309878349304
2008-05-02,0,-0.1975989598442413,101.04177856445312,18.18000030517578,2.97,0.2350114352672573,0.10506406426429749
2008-05-05,0,-0.1014731516555003,100.55623626708984,18.89999961853028,3.01,0.36315946246075664,0.1518656462430954
2008-05-06,0,-0.2246189737808697,101.42738342285156,18.209999084472656,3.01,0.33451098458428014,0.11412637680768967
2008-05-07,0,0.0393739714047978,99.62088775634766,19.729999542236328,3.05,0.6033840979400661,0.19154928624629974
2008-05-08,0,-0.013795854717857,99.36387634277344,19.39999961853028,3.08,0.5434081162287435,0.1592857986688614
2008-05-09,0,0.0021663133019505,99.17819213867188,19.40999984741211,3.07,0.5145645117397522,0.148917093873024
2008-05-12,0,-0.3871268562801895,100.29207611083984,17.790000915527344,3.06,0.19524921652139654,0.07950671017169952
2008-05-13,0,-0.4194755357297486,100.30635833740234,17.979999542236328,3.0400000000000005,0.14925440423370018,0.07426082342863083
2008-05-14,0,-0.4326117489779572,100.51339721679688,17.65999984741211,3.0600000000000005,0.3271493809495219,0.07458224892616272
2008-05-15,0,-0.3998731803887379,101.77011108398438,16.299999237060547,3.08,0.2437215850658407,0.05904686823487282
2008-05-16,0,-0.3978039706440104,101.86287689208984,16.469999313354492,3.06,0.2438825357786647,0.06768181174993515
2008-05-19,0,-0.2927406738713208,102.1414031982422,17.010000228881836,3.0700000000000003,0.20844057265873062,0.07143855839967728
2008-05-20,0,-0.1793678865235795,101.31314849853516,17.579999923706055,3.0800000000000005,0.27807499827719795,0.07091043144464493
2008-05-21,0,-0.0059270617741361,99.59947204589844,18.59000015258789,3.08,0.4672016553842081,0.30643850564956665
2008-05-22,0,-0.0774242597216184,99.61376190185548,18.049999237060547,3.0600000000000005,0.39748134486401693,0.2761104106903076
2008-05-23,0,0.1741675901251681,98.27848815917967,19.549999237060547,3.06,0.5893497560184018,0.33051395416259766
2008-05-27,0,0.2007577632697251,99.00684356689452,19.63999938964844,3.08,0.5702909416802304,0.40082237124443054
2008-05-28,0,0.0891063317894906,99.46381378173828,19.06999969482422,3.03,0.48287077439971793,0.309449166059494
2008-05-29,0,-0.0555822466946476,99.96356964111328,18.13999938964844,3.04,0.5691363028312507,0.2915552854537964
2008-05-30,0,-0.1775101774425578,100.2135238647461,17.829999923706055,3.0,0.5267619544420848,0.17428146302700043
2008-06-02,0,0.2494855171992786,99.17819213867188,19.82999992370605,3.0500000000000003,0.8206159171748814,0.37624824047088623
2008-06-03,0,0.3323824424163503,98.5998306274414,20.239999771118164,3.03,0.7856905790682875,0.26173508167266846
2008-06-04,0,0.339763647763011,98.54986572265624,20.799999237060547,3.04,0.811919482193053,0.3023802936077118
2008-06-05,0,0.0558136709243477,100.52057647705078,18.6299991607666,3.0100000000000007,0.47574307568050617,0.13372580707073212
2008-06-06,0,0.5733208172942325,97.31454467773438,23.559999465942383,3.0400000000000005,0.8459159108636966,0.5567271709442139
2008-06-09,0,0.439282514460049,97.55020904541016,23.1200008392334,2.9400000000000004,0.8804853295921733,0.35074371099472046
2008-06-10,0,0.4643297618819004,97.0646514892578,23.18000030517578,2.9399999999999995,0.9263670575825074,0.4392966330051422
2008-06-11,0,0.7570551527670734,95.63660430908205,24.1200008392334,2.9700000000000006,0.9456290365193948,0.5116869211196899
2008-06-12,0,0.6204150109313304,96.00074768066406,23.32999992370605,2.8999999999999995,0.8529244131744215,0.43977072834968567
2008-06-13,0,0.3605149634660137,97.214599609375,21.21999931335449,2.9000000000000004,0.8802711360343544,0.27751660346984863
2008-06-16,0,0.4358160339878936,97.27172088623048,20.950000762939453,2.92,0.8218743373635076,0.23632177710533142
2008-06-17,0,0.4991145093026435,96.80045318603516,21.1299991607666,2.9399999999999995,0.8489083714149083,0.22664077579975128
2008-06-18,0,0.6850517508835149,95.85797882080078,22.239999771118164,2.95,0.9354942438190349,0.27219632267951965
2008-06-19,0,0.5315732926155804,95.97933959960938,21.57999992370605,2.92,0.8957210184908625,0.2280118316411972
2008-06-20,0,0.6449602400648171,94.42144012451172,22.8700008392334,2.95,0.9151330789403642,0.2714393734931946
2008-06-23,0,0.6154514530969032,94.3281478881836,22.63999938964844,2.93,0.9027126915610308,0.14369183778762817
2008-06-24,0,0.5297333888068338,94.14156341552734,22.420000076293945,2.9800000000000004,0.9177450417702752,0.20458875596523285
2008-06-25,0,0.4227512239986239,94.58649444580078,21.13999938964844,2.96,0.8833802622316713,0.24526458978652954
2008-06-26,0,0.9254948513870124,92.0174789428711,23.93000030517578,3.0,0.9663110593585157,0.6400662660598755
2008-06-27,0,0.9738415561698244,91.51519775390624,23.440000534057617,3.04,0.9851734556076014,0.7386521697044373
2008-06-30,1,1.0061237033905208,91.83810424804688,23.950000762939453,3.05,0.9816457285709408,0.7882735729217529
2008-07-01,1,0.8768887572234897,92.12512969970705,23.64999961853028,3.0600000000000005,0.9677096679309513,0.7818765640258789
2008-07-02,1,1.146768452043396,90.54642486572266,25.920000076293945,3.05,0.9811246190192668,0.9138933420181274
2008-07-03,1,1.0418228900892998,90.63966369628906,24.780000686645508,3.08,0.9911254588598738,0.8979368805885315
2008-07-07,1,1.3454520862038042,89.71399688720703,25.780000686645508,3.1,0.9918843922652523,0.9151801466941833
2008-07-08,1,0.7458795544937956,91.30704498291016,23.14999961853028,3.1099999999999994,0.9618596834775675,0.5341627597808838
2008-07-09,1,1.1015077501455073,89.54898071289062,25.229999542236328,3.14,0.972834043474474,0.9111902713775635
2008-07-10,1,1.0786343132895364,89.91493225097656,25.59000015258789,3.17,0.9859536353373277,0.9193134903907776
2008-07-11,1,1.210918492836935,88.8672866821289,27.489999771118164,3.1500000000000004,0.9844297611667542,0.9647764563560486
2008-07-14,1,1.3905413472434722,88.06356811523438,28.479999542236328,3.16,0.9928291999714269,0.9647764563560486
2008-07-15,0,1.605628062880826,86.82209014892578,28.540000915527344,3.22,0.9895306843571667,0.9650607109069824
2008-07-16,0,1.1216956473349724,88.95337677001953,25.100000381469727,3.24,0.9658492696678075,0.8952003121376038
2008-07-17,0,0.9771037747926634,89.84318542480469,25.01000022888184,3.2,0.8723785104045155,0.855783998966217
2008-07-18,0,0.7485507643484338,90.4028778076172,24.049999237060547,3.17,0.783004892501413,0.7673252820968628
2008-07-21,0,0.6572648966019329,90.453125,23.049999237060547,3.18,0.7073935071159313,0.3176533281803131
2008-07-22,0,0.2433008334393192,91.47932434082033,21.18000030517578,3.13,0.5425868928210605,0.13048775494098663
2008-07-23,0,0.2100337298410027,91.97443389892578,21.309999465942383,3.14,0.25003325096725654,0.0890207439661026
2008-07-24,0,0.5799489875783003,90.06564331054688,23.440000534057617,3.1899999999999995,0.410404062210295,0.2997778058052063
2008-07-25,0,0.5451141392212044,90.04411315917969,22.90999984741211,3.17,0.31406608808081526,0.16851481795310974
2008-07-28,0,0.5719872726796341,88.72373962402344,24.229999542236328,3.16,0.49403396131863586,0.4602663218975067
2008-07-29,0,0.1431742064842466,90.6181869506836,22.030000686645508,3.13,0.1659337331659859,0.07545759528875351
2008-07-30,0,-0.0182865159611251,92.23275756835938,21.209999084472656,3.17,0.05184335346157076,0.06081719323992729
2008-07-31,0,0.3037886173455719,91.01286315917967,22.940000534057617,3.22,0.18168726244975192,0.08397925645112991
2008-08-01,0,0.1714177781240621,90.53207397460938,22.56999969482422,3.2099999999999995,0.21172788202324863,0.0818784162402153
2008-08-04,0,0.3421318288431658,89.69246673583984,23.489999771118164,3.22,0.48496341350221395,0.16090388596057892
2008-08-05,0,-0.1770808590706526,92.11076354980467,21.13999938964844,3.2,0.09860566803480932,0.05857432261109352
2008-08-06,0,-0.1391950847662643,92.51982879638672,20.229999542236328,3.24,0.0220134990768518,0.03805376589298248
2008-08-07,0,-0.0764891095118743,91.14202880859376,21.14999961853028,3.25,0.06762083532523613,0.08232913911342621
2008-08-08,0,-0.2477346543210263,92.83555603027344,20.65999984741211,3.23,0.06034256115944469,0.04178692772984505
2008-08-11,0,-0.4621210158364328,93.79713439941406,20.1200008392334,3.24,0.04387255067497923,0.037334442138671875
2008-08-12,0,-0.3310476378472968,92.8211898803711,21.170000076293945,3.26,0.03283318654282283,0.044419143348932266
2008-08-13,0,-0.3605695242682831,92.26148986816406,21.549999237060547,3.2500000000000004,0.052897392716423935,0.043366964906454086
2008-08-14,0,-0.3385054121774791,92.9575653076172,20.34000015258789,3.26,0.06709845887019908,0.03547927364706993
2008-08-15,0,-0.3660094439829737,93.40963745117188,19.57999992370605,3.2700000000000005,0.023638893950552776,0.03542941436171532
2008-08-18,0,-0.0783540848764952,92.1323013305664,20.979999542236328,3.26,0.03617715747114144,0.07992220669984818
2008-08-19,0,0.0536723053021253,91.12769317626952,21.280000686645508,3.28,0.09725823697248252,0.13192559778690338
2008-08-20,0,0.037474462401414,91.5510482788086,20.420000076293945,3.31,0.10570997027701375,0.14466145634651184
2008-08-21,0,-0.0150333211882267,91.7089385986328,19.81999969482422,3.28,0.05433788685616949,0.0857056975364685
2008-08-22,0,-0.3920536301209864,93.03645324707033,18.809999465942383,3.27,0.02565380823472924,0.03206176683306694
2008-08-25,0,0.002956185637788,91.14918518066406,20.96999931335449,3.3,0.12039402618144736,0.07368609309196472
2008-08-26,0,-0.175753330105894,91.41470336914062,20.489999771118164,3.31,0.20201601290784985,0.12925925850868225
2008-08-27,0,-0.1689614049296844,92.30452728271484,19.76000022888184,3.3000000000000003,0.11163441702725102,0.08569259941577911
2008-08-28,0,-0.165155869054968,93.4239730834961,19.43000030517578,3.29,0.06564916682593573,0.02819879725575447
2008-08-29,1,-0.0613859365853215,92.4193344116211,20.64999961853028,3.29,0.06422627569623042,0.08774783462285995
2008-09-02,1,0.1075140148209613,91.8452606201172,21.989999771118164,3.33,0.2755965656518456,0.16209246218204498
2008-09-03,1,-0.0212465882387939,91.76634216308594,21.43000030517578,3.3200000000000003,0.23078116414120192,0.16702832281589508
2008-09-04,1,0.6957671937626059,89.0035629272461,24.030000686645508,3.37,0.5448074211973715,0.5760623216629028
2008-09-05,1,0.6039097658433777,89.28343963623047,23.059999465942383,3.37,0.4188929632016077,0.2071504443883896
2008-09-08,1,0.2987359835105532,91.12769317626952,22.63999938964844,3.37,0.35425104438525556,0.1894587278366089
2008-09-09,1,0.9223528403480368,88.42233276367188,25.46999931335449,3.35,0.6419006663480852,0.6797211766242981
2008-09-10,1,0.8815630387028565,88.7811050415039,24.520000457763672,3.37,0.6351048148909703,0.5107644200325012
2008-09-11,1,0.7146424626557198,90.06564331054688,24.38999938964844,3.41,0.7729138402124436,0.5977060198783875
2008-09-12,1,0.7756566431381144,90.4818115234375,25.65999984741211,3.43,0.7604068707314354,0.8676579594612122
2008-09-15,1,1.9409472066567897,86.17625427246094,31.700000762939453,3.66,0.9797862190254372,0.9712105989456177
2008-09-16,1,1.7105911845118629,87.61861419677734,30.299999237060547,3.68,0.989239048912449,0.9701757431030273
2008-09-17,1,2.614134847281498,83.67902374267578,36.220001220703125,3.84,0.9994159820385637,0.9636443853378296
2008-09-18,1,1.945665017609377,86.16194152832031,33.099998474121094,3.79,0.9949199817526208,0.9559242129325867
2008-09-19,1,1.559887736686126,89.58373260498047,32.06999969482422,3.77,0.9590192363654869,0.9065555930137634
2008-09-22,1,1.889299742514364,87.55559539794922,33.849998474121094,3.78,0.992416191225625,0.9629599452018738
2008-09-23,1,2.288322810762609,85.5635757446289,35.720001220703125,3.77,0.9961958189352095,0.9596114158630371
2008-09-24,1,2.042324713540689,85.83782958984375,35.189998626708984,3.78,0.9991021514238168,0.9687458872795105
2008-09-25,1,1.7668394836488213,87.18031311035156,32.81999969482422,3.86,0.9906287708375529,0.951362133026123
2008-09-26,1,1.993649061580799,87.22358703613281,34.7400016784668,3.88,0.9664773802782167,0.940896213054657
2008-09-29,1,3.7284258466817417,80.38861846923828,46.720001220703125,4.01,0.9999692638938796,0.9441319108009338
2008-09-30,1,2.629387146280352,83.71590423583984,39.38999938964844,4.0,0.9996433737720488,0.9376775622367859
2008-10-01,1,2.6339656304930283,83.76641845703125,39.810001373291016,4.1,0.9992861611348322,0.9241983294487
2008-10-02,1,3.384142705980413,80.72785949707031,45.2599983215332,4.31,0.9999172213288009,0.9269639849662781
2008-10-03,1,3.1861651616406585,79.63798522949219,45.13999938964844,4.3500000000000005,0.999912987563876,0.930622935295105
2008-10-06,1,3.9916468402218,75.58175659179688,52.04999923706055,4.43,0.9999997077917008,0.9269639849662781
2008-10-07,1,4.408941898443112,72.19672393798828,53.68000030517578,4.550000000000001,0.9999997482891246,0.9269639849662781
2008-10-08,1,4.392905010267756,70.37796783447266,57.52999877929688,4.49,0.9999999372200745,0.930622935295105
2008-10-09,1,4.964237201449584,65.46281433105469,63.91999816894531,4.48,0.9999999976154392,0.9557898640632629
2008-10-10,1,5.432756591674611,63.874942779541016,69.94999694824219,4.859999999999999,0.999999999954486,0.9522488713264465
2008-10-13,1,3.728196272850423,73.14946746826172,54.9900016784668,4.859999999999999,0.9999999725581307,0.9489985108375549
2008-10-14,1,3.4053587664695475,72.06681060791016,55.130001068115234,4.779999999999999,0.9999998245738316,0.948893129825592
2008-10-15,1,4.6389991530394665,64.97203063964844,69.25,4.94,0.9999999997708877,0.9522488713264465
2008-10-16,1,4.045177236980394,67.67858123779297,67.61000061035156,5.09,0.9999999999811933,0.9528197646141052
2008-10-17,1,4.382812099744911,67.27440643310547,70.33000183105469,5.449999999999999,0.9999999999739502,0.9566400051116943
2008-10-20,1,3.494850886052649,71.31623077392578,52.970001220703125,5.52,0.9999927482432895,0.941552996635437
2008-10-21,1,3.4847788804283355,69.18704223632812,53.11000061035156,5.6,0.9999921957778761,0.9451462030410767
2008-10-22,1,4.139786149186875,65.41950225830078,69.6500015258789,5.6,0.9999999982189653,0.9614804983139038
2008-10-23,1,3.825411822796964,66.17735290527344,67.80000305175781,5.48,0.9999998684533984,0.9505085945129395
2008-10-24,1,4.38745674889035,62.82120132446289,79.12999725341797,5.540000000000001,0.999999986470202,0.9522488713264465
2008-10-27,1,4.400862538624254,60.59097290039063,80.05999755859375,5.6000000000000005,0.9999999744352637,0.9522488713264465
2008-10-28,1,3.0881374874363576,67.67135620117188,66.95999908447266,5.59,0.9999962496666984,0.9489985108375549
2008-10-29,1,3.2909336225351,67.18059539794922,69.95999908447266,5.58,0.999981358576506,0.9617934823036194
2008-10-30,1,2.8412189304026736,69.5046157836914,62.900001525878906,5.52,0.9987447144151629,0.8705232739448547
2008-10-31,1,2.529621103918432,69.88711547851562,59.88999938964844,5.529999999999999,0.9966637964912156,0.7913075685501099
2008-11-03,1,2.2401085551616,70.08920288085938,53.68000030517578,5.53,0.9926746350460239,0.7837072610855103
2008-11-04,1,1.6741751860316516,72.47100830078125,47.72999954223633,5.559999999999999,0.14937438861063485,0.6009588837623596
2008-11-05,1,1.8074352924177195,69.42518615722656,54.560001373291016,5.529999999999999,0.6450211627621504,0.6627352833747864
2008-11-06,1,2.155087165144312,65.57828521728516,63.68000030517578,5.5,0.9862926645462932,0.892621636390686
2008-11-07,1,1.393827780544881,67.7435302734375,56.09999847412109,5.449999999999999,0.8899291588304707,0.3261193335056305
2008-11-10,1,1.3922449720717458,66.8558120727539,59.97999954223633,5.4,0.9604597136001974,0.6961018443107605
2008-11-11,1,2.173908592671855,64.79159545898438,61.43999862670898,5.4,0.9540374054812577,0.7265650629997253
2008-11-12,1,2.402566521164444,61.94065856933594,66.45999908447266,5.41,0.998488983678221,0.7309211492538452
2008-11-13,1,1.520708057698663,65.80203247070312,59.83000183105469,5.540000000000001,0.9976540114018775,0.5859130024909973
2008-11-14,1,2.087925764118049,62.51808547973633,66.30999755859375,5.559999999999999,0.9989744605986675,0.8149658441543579
2008-11-17,1,2.163384446606146,61.68803787231445,69.1500015258789,5.58,0.9997670261315941,0.9342061877250671
2008-11-18,1,2.31120806971207,62.85009002685547,67.63999938964844,5.710000000000001,0.9998505135424172,0.9722076058387756
2008-11-19,1,2.5859531427274347,58.82270812988281,74.26000213623047,5.73,0.9999949406537236,0.9812906384468079
2008-11-20,1,2.8522188682078937,54.45609664916992,80.86000061035156,5.92,0.9999993740211498,0.9811354279518127
2008-11-21,1,2.4232530204881897,57.39363098144531,72.66999816894531,5.88,0.9999977376545298,0.9690852165222168
2008-11-24,1,1.6819326659724765,61.3704833984375,64.69999694824219,5.860000000000001,0.9998855606794441,0.9336458444595337
2008-11-25,1,1.4240875240622852,61.825191497802734,60.900001525878906,6.01,0.9973611427703246,0.94587641954422
2008-11-26,1,1.6173848168484666,64.21415710449219,54.91999816894531,6.0600000000000005,0.9970420466131448,0.9363903403282166
2008-11-28,1,1.5266331459862628,65.02254486083984,55.27999877929688,6.1,0.9996679442877003,0.8967127799987793
2008-12-01,1,2.334698190441017,59.2629508972168,68.51000213623047,6.119999999999999,0.9999661705041764,0.9826770424842834
2008-12-02,1,2.044543788135742,61.54368591308594,62.97999954223633,6.109999999999999,0.9985491145881628,0.9649347066879272
2008-12-03,1,1.887328647925916,63.02324676513672,60.720001220703125,6.130000000000001,0.9841261507294167,0.9245888590812683
2008-12-04,1,2.162367574729565,61.56535339355469,63.63999938964844,6.160000000000001,0.9599829224151896,0.9403952956199646
2008-12-05,0,1.7239916905963235,63.46355819702149,59.93000030517578,6.07,0.6089705049427565,0.8265781998634338
2008-12-08,0,1.251167787716713,65.67938232421875,58.4900016784668,6.02,0.8222674835292303,0.6818624138832092
2008-12-09,0,1.4738161424199905,64.59671020507812,58.90999984741211,6.0600000000000005,0.7916583323841636,0.7687413692474365
2008-12-10,0,1.2808394159470338,65.0369644165039,55.72999954223633,6.01,0.40023485562375044,0.3213750123977661
2008-12-11,0,1.252153027821886,63.47077941894531,55.77999877929688,6.07,0.7428249651026672,0.732064425945282
2008-12-12,0,0.9406232326485604,64.22862243652344,54.27999877929688,6.08,0.501838270803936,0.47279414534568787
2008-12-15,0,1.326041136841989,63.33364486694336,56.7599983215332,6.100000000000001,0.340057179871415,0.5562744140625
2008-12-16,0,0.7682169011285863,66.314453125,52.369998931884766,6.11,0.14652585631092807,0.16941282153129578
2008-12-17,0,0.6571581658044932,65.67213439941406,49.84000015258789,6.0200000000000005,0.049337045440060553,0.08923090249300003
2008-12-18,0,0.778865454722497,64.44514465332031,47.34000015258789,6.029999999999999,0.1530620868435034,0.08268702030181885
2008-12-19,0,0.3886884142759685,64.16792297363281,44.93000030517578,5.94,0.09761969072971956,0.07054552435874939
2008-12-22,0,0.041253692279768,63.34570693969727,44.560001373291016,5.93,0.31287020171010244,0.1257115602493286
2008-12-23,0,0.3757013584590097,62.69087600708008,45.02000045776367,5.94,0.1845524389581621,0.2281683087348938
2008-12-24,0,0.6305096187962791,63.0546875,44.209999084472656,5.9,0.2542779602166242,0.222031369805336
2008-12-26,0,0.609851152285842,63.41849136352539,43.380001068115234,5.9,0.3445964209123524,0.222031369805336
2008-12-29,0,0.8011161598978549,63.2365837097168,43.900001525878906,5.920000000000001,0.4458871377178889,0.1913234442472458
2008-12-30,0,0.6778534843102216,64.73543548583984,41.630001068115234,5.859999999999999,0.19630195907696668,0.0642785131931305
2008-12-31,0,0.1175150269529226,65.65948486328125,40.0,5.82,0.1350309375536721,0.045294828712940216
2009-01-02,0,0.109622842927122,67.63861083984375,39.18999862670898,5.72,0.04855673692143439,0.05235983058810234
2009-01-05,0,0.2566932765329423,67.55856323242188,39.08000183105469,5.82,0.04302503911028675,0.051657065749168396
2009-01-06,0,0.0823818191209125,68.00968170166016,38.560001373291016,5.77,0.03837561109423276,0.05103868991136551
2009-01-07,0,0.4486966638648892,65.97239685058594,43.38999938964844,5.710000000000001,0.08341074760248657,0.08810752630233765
2009-01-08,0,0.5631179136883118,66.24163055419922,42.560001373291016,5.709999999999999,0.06429449285885759,0.06545307487249374
2009-01-09,0,0.5879489236902286,64.82276916503906,42.81999969482422,5.720000000000001,0.011987800404671792,0.17277568578720093
2009-01-12,0,0.7754039756817322,63.26566696166992,45.84000015258789,5.710000000000001,0.048753489283242066,0.38681769371032715
2009-01-13,0,0.6058442138155687,63.38207244873047,43.27000045776367,5.720000000000001,0.03809756778911059,0.19964703917503357
2009-01-14,0,0.8950829231930912,61.38845443725586,49.13999938964844,5.68,0.3775751361280823,0.5233663320541382
2009-01-15,0,0.8650637333525175,61.41029357910156,51.0,5.68,0.4230695443427031,0.7993710041046143
2009-01-16,0,0.8801305108874379,61.89049911499024,46.11000061035156,5.550000000000001,0.16665147295422358,0.5626000165939331
2009-01-20,0,1.2661363808592487,58.6235237121582,56.650001525878906,5.550000000000001,0.9248134588624105,0.7993710041046143
2009-01-21,0,0.8127727988231589,61.1556396484375,46.41999816894531,5.58,0.6016960290064093,0.46373382210731506
2009-01-22,0,0.8838115704016899,60.209716796875,47.290000915527344,5.62,0.8109960590583951,0.6103820204734802
2009-01-23,0,0.8088609601393358,60.4716796875,47.27000045776367,5.629999999999999,0.8017477739537495,0.486001580953598
2009-01-26,0,0.6899701251117588,60.88639068603516,45.68999862670898,5.6000000000000005,0.7061873506471602,0.42790764570236206
2009-01-27,0,0.5602749778955082,61.504844665527344,42.25,5.470000000000001,0.734420974973319,0.2650291919708252
2009-01-28,0,0.3902397303948738,63.58583068847656,39.65999984741211,5.489999999999999,0.22622667316156042,0.2535863220691681
2009-01-29,0,0.5551131835994335,61.51941680908203,42.630001068115234,5.409999999999999,0.36441828377045354,0.3213348984718323
2009-01-30,0,0.7722093893931499,60.26792526245117,44.84000015258789,5.38,0.5908821440651565,0.5845597386360168
2009-02-02,0,0.8366243332721055,60.086036682128906,45.52000045776367,5.33,0.5144657470066591,0.5661004781723022
2009-02-03,0,0.8416096064069541,60.93003082275391,43.060001373291016,5.32,0.25829372230081565,0.2737843096256256
2009-02-04,0,0.8579464018072688,60.63172912597656,43.84999847412109,5.29,0.060327265410676026,0.2806724011898041
2009-02-05,0,0.8005567461834349,61.533973693847656,43.72999954223633,5.23,0.08227085543886183,0.261945515871048
2009-02-06,0,0.5200857271928417,63.287506103515625,43.369998931884766,5.13,0.03787890789772318,0.0721793994307518
2009-02-09,0,0.5215581397433101,63.37484359741211,43.63999938964844,5.09,0.02084697241337578,0.05539773777127266
2009-02-10,0,0.6808081277629414,60.4716796875,46.66999816894531,5.08,0.034569731898577635,0.1509057581424713
2009-02-11,0,0.5137344382231245,60.82820892333984,44.52999877929688,5.1,0.059075742774144464,0.07979177683591843
2009-02-12,0,0.4661276265196171,60.87184524536133,41.25,5.16,0.025291398650143845,0.06501446664333344
2009-02-13,0,0.4287834629518954,60.21701431274414,42.93000030517578,5.24,0.030132276364899437,0.05929956212639809
2009-02-17,0,0.7370729288712119,57.64124298095703,48.65999984741211,5.279999999999999,0.24343554978087786,0.6169969439506531
2009-02-18,0,0.7492688049356192,57.50299835205078,48.459999084472656,5.21,0.5805738840626975,0.1498899906873703
2009-02-19,0,0.551654658251184,56.88454055786133,47.08000183105469,5.27,0.5624952459097171,0.631985604763031
2009-02-20,0,0.8015045458398937,56.3315658569336,49.29999923706055,5.25,0.6343405861297882,0.650790810585022
2009-02-23,0,0.9423571387415124,54.31608581542969,52.619998931884766,5.24,0.8734608183130923,0.7447972297668457
2009-02-24,0,0.6570433466714377,56.37520980834961,45.4900016784668,5.23,0.8231611461363768,0.5939368605613708
2009-02-25,0,0.6808747305019441,55.93138122558594,44.66999816894531,5.180000000000001,0.6882055985498192,0.4663822054862976
2009-02-26,0,0.7950761269038553,55.02187347412109,44.65999984741211,5.23,0.7599346529010661,0.4345879554748535
2009-02-27,0,1.033957619116558,53.79220581054688,46.34999847412109,5.220000000000001,0.8832084423374337,0.6175742745399475
2009-03-02,0,1.2191976714613617,51.3692626953125,52.650001525878906,5.289999999999999,0.9959164819327585,0.7713005542755127
2009-03-03,0,1.1405835353190348,50.983642578125,50.93000030517578,5.34,0.9903303977481257,0.8722008466720581
2009-03-04,0,0.956859811770622,52.19145584106445,47.560001373291016,5.3100000000000005,0.9705042164734279,0.6659083962440491
2009-03-05,0,1.2144837762394578,50.059547424316406,50.16999816894531,5.34,0.9881084108156978,0.8687338829040527
2009-03-06,0,1.1657782222091386,50.14688491821289,49.33000183105469,5.35,0.9929409628391295,0.8457253575325012
2009-03-09,0,1.2696536559127718,49.55752182006836,49.68000030517578,5.399999999999999,0.9959921507020584,0.8535912036895752
2009-03-10,0,1.062014703624641,52.51161575317383,44.369998931884766,5.449999999999999,0.9736892592595862,0.5929896831512451
2009-03-11,0,1.0198909848885336,52.85356903076172,43.61000061035156,5.45,0.6834862740539848,0.5741024613380432
2009-03-12,0,0.6689627543337243,54.93454360961914,41.18000030517578,5.52,0.619505089200002,0.17118443548679352
2009-03-13,0,0.6912652997874408,55.363861083984375,42.36000061035156,5.559999999999999,0.3588465493332899,0.15224255621433258
2009-03-16,0,0.7306022544134506,55.19650268554688,43.7400016784668,5.569999999999999,0.36395024777752255,0.16755840182304382
2009-03-17,0,0.5164537821008653,56.88454055786133,40.79999923706055,5.6,0.014185457221597978,0.10330318659543991
2009-03-18,0,0.3070397725999548,58.15786361694336,40.060001373291016,5.880000000000001,0.015871902904914654,0.09987273812294006
2009-03-19,0,0.4058552958167896,57.4375228881836,43.68000030517578,5.84,0.0023506855655499505,0.10724382102489471
2009-03-20,0,0.4961105436008161,56.21445846557617,45.88999938964844,5.859999999999999,0.005193984448659962,0.1726859211921692
2009-03-23,0,0.1022685511021062,60.25229263305664,43.22999954223633,5.880000000000001,0.0013187478607190899,0.07337812334299088
2009-03-24,0,-0.0031580481015659,59.06512451171875,42.93000030517578,5.800000000000001,0.00015091718640759696,0.06673361361026764
2009-03-25,0,0.0989815396846955,59.68802261352539,42.25,5.789999999999999,3.6463980278326137e-05,0.06306363642215729
2009-03-26,0,-0.0742179017634695,60.90450286865234,40.36000061035156,5.76,2.4068000176090503e-05,0.06836135685443878
2009-03-27,0,-0.0631000004755037,59.80527114868164,41.040000915527344,5.720000000000001,8.43839858715275e-05,0.05988166108727455
2009-03-30,0,0.0916087021223166,57.73870849609375,45.540000915527344,5.75,8.782651882347174e-05,0.11120660603046417
2009-03-31,0,-0.1901169055315868,58.273685455322266,44.13999938964844,5.739999999999999,0.0003731095643001625,0.04162196069955826
2009-04-01,0,-0.3606076261401976,59.40220642089844,42.27999877929688,5.700000000000001,0.00014830007378439396,0.02723132073879242
2009-04-02,0,-0.3867732966014198,61.13899993896485,42.040000915527344,5.690000000000001,4.1475499748400294e-05,0.023901375010609627
2009-04-03,0,-0.6758824454033346,61.74723052978516,39.70000076293945,5.68,6.272032688494105e-05,0.027044925838708878
2009-04-06,0,-0.5855754524223301,61.263580322265625,40.93000030517578,5.680000000000001,0.0005964210683870297,0.02816581539809704
2009-04-07,0,-0.5300385133972095,59.834598541259766,40.38999938964844,5.67,0.0014437466381517952,0.027950461953878403
2009-04-08,0,-0.3486171742574436,60.47944259643555,38.84999847412109,5.640000000000001,0.0012452219357176775,0.027224155142903328
2009-04-09,0,-0.5450553068688041,62.883113861083984,36.52999877929688,5.61,0.00015685927357556292,0.02696572244167328
2009-04-13,0,-0.3469375576643503,62.89775848388672,37.810001373291016,5.6000000000000005,0.00021111726011394712,0.01691734790802002
2009-04-14,0,-0.2417609575622752,61.81316757202149,37.66999816894531,5.6000000000000005,0.0005729928898102864,0.01691734790802002
2009-04-15,0,-0.3472814139210738,62.47271728515625,36.16999816894531,5.529999999999999,0.001195058951104436,0.018395420163869858
2009-04-16,0,-0.292617775066367,63.38872528076172,35.790000915527344,5.520000000000001,0.000860952912161279,0.01691734790802002
2009-04-17,0,-0.2945931734856507,63.81380081176758,33.939998626708984,5.43,0.00014887482031647467,0.017553111538290977
2009-04-20,0,-0.0912263777639315,61.13899993896485,39.18000030517578,5.3500000000000005,0.0009317400515089677,0.019282108172774315
2009-04-21,0,-0.3118494881919921,62.33348846435547,37.13999938964844,5.300000000000001,0.0011095297478347277,0.01582934521138668
2009-04-22,0,0.0072639188419227,61.95241928100586,38.09999847412109,5.33,0.0011991994688488234,0.013487651944160461
2009-04-23,0,-0.1360792365251515,62.5606689453125,37.150001525878906,5.3,0.0006474464371336662,0.014292234554886818
2009-04-24,0,-0.1765019344196933,63.505985260009766,36.81999969482422,5.25,0.0004410787910278714,0.013438770547509193
2009-04-27,0,-0.0218302346240134,62.90511703491211,38.31999969482422,5.3,0.0029465448865111177,0.014100846834480762
2009-04-28,0,-0.1068201400738493,62.70722961425781,37.95000076293945,5.239999999999999,0.0016527730859442482,0.016019493341445923
2009-04-29,0,-0.388381879070195,64.04094696044922,36.08000183105469,5.169999999999999,0.0011650757441337954,0.017817044630646706
2009-04-30,0,-0.3703937174049426,64.06290435791016,36.5,5.08,0.0008037459256771789,0.016019493341445923
2009-05-01,0,-0.361198340034536,64.4073715209961,35.29999923706055,5.010000000000001,0.0004200141163984926,0.016756663098931313
2009-05-04,0,-0.4056005195010438,66.59845733642578,34.529998779296875,4.98,0.00031063428171044594,0.022771546617150307
2009-05-05,0,-0.3944487990104424,66.37129974365234,33.36000061035156,4.930000000000001,0.0002537560728686472,0.02431928552687168
2009-05-06,0,-0.518711809413358,67.52182006835938,32.45000076293945,4.91,0.0001256191227399142,0.022376084700226784
2009-05-07,0,-0.5395328965582225,66.58380889892578,33.439998626708984,4.9,0.0002894837889799517,0.022376084700226784
2009-05-08,0,-0.6321561462338179,68.13742065429688,32.04999923706055,4.8500000000000005,0.00020361557729268795,0.02184147946536541
2009-05-11,0,-0.3817534892714795,66.8623275756836,32.869998931884766,4.880000000000001,0.000144751557837281,0.022376084700226784
2009-05-12,0,-0.4006571164429678,66.6644287109375,31.799999237060547,4.859999999999999,0.00023548558169416794,0.017874762415885925
2009-05-13,0,-0.3341867377760435,64.98627471923828,33.650001525878906,4.859999999999999,0.0004911861721631918,0.011090935207903385
2009-05-14,0,-0.3763850981355223,65.54322052001953,31.3700008392334,4.869999999999999,0.0007357455559374898,0.008922909386456013
2009-05-15,0,-0.2649689598436523,65.00828552246094,33.119998931884766,4.85,0.0006110044217474185,0.011049674823880196
2009-05-18,0,-0.4094640998471577,66.85498046875,30.239999771118164,4.85,0.0003881005854029311,0.013392433524131775
2009-05-19,0,-0.6187848823214187,66.77436065673828,28.799999237060547,4.789999999999999,0.00027837709046467325,0.014032624661922455
2009-05-20,0,-0.5313292426063376,66.32736206054688,29.030000686645508,4.74,0.000812432632194802,0.014207118190824986
2009-05-21,0,-0.4637933233922675,65.37471008300781,31.350000381469727,4.700000000000001,0.0016337838114464604,0.017922135069966316
2009-05-22,0,-0.4062105188382225,65.23544311523438,32.630001068115234,4.659999999999999,0.0033589388154957748,0.018054282292723656
2009-05-26,0,-0.5032722130257957,66.90625762939453,30.6200008392334,4.619999999999999,0.0008172383963074637,0.015175595879554749
2009-05-27,0,-0.4773643232876674,65.7117919921875,32.36000061035156,4.48,0.0011197433786725743,0.006790259387344122
2009-05-28,0,-0.5875861702851726,66.62779235839844,31.670000076293945,4.380000000000001,0.001282759153025208,0.0073118507862091064
2009-05-29,0,-0.6650452935151584,67.80762481689453,28.920000076293945,4.289999999999999,0.0007822285396759046,0.00866629183292389
2009-06-01,0,-0.7396103591581157,69.44913482666016,30.040000915527344,4.26,0.0007646576754753523,0.007008582353591919
2009-06-02,0,-0.7700957603235831,69.50776672363281,29.6299991607666,4.140000000000001,0.0001961106364527004,0.006489336024969816
2009-06-03,0,-0.5833099990191185,68.62838745117188,31.020000457763672,4.1,0.000809040824821886,0.007561662700027227
2009-06-04,0,-0.665982596934109,69.27326965332031,30.18000030517578,4.049999999999999,0.000561064915670188,0.007091306149959564
2009-06-05,0,-0.650630879812289,69.28792572021484,29.6200008392334,3.95,0.00026521024177992745,0.006667664274573326
2009-06-08,0,-0.7285546819778812,69.00212097167969,29.770000457763672,3.81,9.898239895062694e-05,0.006333415862172842
2009-06-09,0,-0.6882034714786586,69.3538589477539,28.270000457763672,3.85,0.00012226604220073298,0.005712633486837149
2009-06-10,0,-0.7690714476574119,69.1780014038086,28.459999084472656,3.77,0.00016479132927107863,0.00733749708160758
2009-06-11,0,-0.7994249690072784,69.48579406738281,28.11000061035156,3.79,0.00015012945869324952,0.006452313624322414
2009-06-12,0,-0.9027633404641264,69.67631530761719,28.14999961853028,3.79,0.00021899807561627253,0.007033715024590492
2009-06-15,0,-0.7371161505217708,68.07877349853516,30.809999465942383,3.76,0.0009448143267712798,0.013124722987413406
2009-06-16,0,-0.6837796145995559,67.15542602539062,32.68000030517578,3.74,0.0019309118792560493,0.013592100702226162
2009-06-17,0,-0.6332329825855367,67.08948516845703,31.540000915527344,3.67,0.0020907165613447956,0.012989111244678497
2009-06-18,0,-0.7193110718232232,67.5804443359375,30.030000686645508,3.61,0.0011063935253122434,0.009681507013738155
2009-06-19,0,-0.8271658621087722,67.82955932617188,27.989999771118164,3.54,0.0005197167537491079,0.009526800364255905
2009-06-22,0,-0.7097628306018479,65.79554748535156,31.170000076293945,3.51,0.0036427916090952498,0.013607234694063663
2009-06-23,0,-0.7294327952745446,65.84712219238281,30.57999992370605,3.53,0.007539447701554968,0.011244969442486763
2009-06-24,0,-0.7130644697525511,66.41460418701172,29.049999237060547,3.52,0.005698327098693624,0.008909113705158234
2009-06-25,0,-0.8768581736766544,67.85900115966797,26.36000061035156,3.640000000000001,0.003925334405599754,0.012690931558609009
2009-06-26,0,-0.8278199429632144,67.68212890625,25.93000030517578,3.65,0.003033163991870294,0.006562978029251099
2009-06-29,0,-0.8010082193114423,68.31594848632812,25.350000381469727,3.69,0.0067171147569609225,0.008735580369830132
2009-06-30,0,-0.6860470164724514,67.76322937011719,26.350000381469727,3.64,0.005961480855379731,0.00909897405654192
2009-07-01,0,-0.6983895579947893,68.04327392578125,26.21999931335449,3.65,0.004981725570334919,0.008735580369830132
2009-07-02,0,-0.6163784802471236,66.18612670898438,27.950000762939453,3.63,0.004252709607054145,0.009091629646718502
2009-07-06,0,-0.5523646056168753,66.17878723144531,29.0,3.66,0.00796888329708712,0.017207680270075798
2009-07-07,0,-0.4467530040279492,64.89643859863281,30.850000381469727,3.66,0.009320296597376073,0.01986210234463215
2009-07-08,0,-0.449199495784726,64.85222625732422,31.299999237060547,3.66,0.014531727304955836,0.021945225074887276
2009-07-09,0,-0.4610482977742038,64.97752380371094,29.780000686645508,3.71,0.009165140630930239,0.019789500162005424
2009-07-10,0,-0.4815968910076826,64.8227767944336,29.020000457763672,3.71,0.014231157493901513,0.0175531767308712
2009-07-13,0,-0.6146827261575711,66.39984893798828,26.309999465942383,3.7,0.005182317499211218,0.013089645653963089
2009-07-14,0,-0.6624456978471894,66.77570343017578,25.020000457763672,3.68,0.0036120793499178168,0.012507278472185135
2009-07-15,0,-0.8360270359989853,68.7286148071289,25.88999938964844,3.63,0.00240684088564446,0.009267662651836872
2009-07-16,0,-0.8989190711054559,68.61809539794922,25.420000076293945,3.6000000000000005,0.0014073656748971887,0.010258933529257774
2009-07-17,0,-0.9798885783771786,69.3697738647461,24.34000015258789,3.5600000000000005,0.0010948714407082766,0.0072027333080768585
2009-07-20,0,-0.9933101986354816,70.10674285888672,24.39999961853028,3.5500000000000003,0.00044853300995402516,0.006264171563088894
2009-07-21,0,-1.0092142663549972,70.4310531616211,23.8700008392334,3.55,0.0002802029640732213,0.006619126070290804
2009-07-22,0,-1.135741150202824,70.41625213623047,23.46999931335449,3.53,0.00011836956351497597,0.007094704546034336
2009-07-23,0,-1.2324567108635904,71.97126007080078,23.43000030517578,3.48,0.00010732939428204864,0.007307989057153463
2009-07-24,0,-1.2466389130976576,72.26600646972656,23.09000015258789,3.41,5.572329212165763e-05,0.007712915074080229
2009-07-27,0,-1.1515989553727222,72.479736328125,24.280000686645508,3.4000000000000004,5.7914349575712095e-05,0.0070475260727107525
2009-07-28,0,-1.1534625162025625,72.14076232910156,25.01000022888184,3.32,5.89179594722977e-05,0.008198519237339497
2009-07-29,0,-1.1265071355484262,71.96389770507812,25.61000061035156,3.23,7.300704960948835e-05,0.007967005483806133
2009-07-30,0,-1.2331216283248685,72.71556854248047,25.39999961853028,3.13,3.0869273890083836e-05,0.007967005483806133
2009-07-31,0,-1.2170651931946568,72.81877899169922,25.920000076293945,3.11,3.132116527821693e-05,0.009094920009374619
2009-08-03,0,-1.4121967256047931,74.0199966430664,25.559999465942383,3.04,2.222947937635454e-05,0.007967005483806133
2009-08-04,0,-1.451712158797737,74.21158599853516,24.88999938964844,2.99,2.3355181291249336e-05,0.007967005483806133
2009-08-05,0,-1.5243565064875104,73.99790954589844,24.89999961853028,2.95,4.631739714980748e-05,0.007967005483806133
2009-08-06,0,-1.5013156571325628,73.61466979980469,25.670000076293945,2.9000000000000004,7.752759031107493e-05,0.008751632645726204
2009-08-07,0,-1.5776646107380998,74.580078125,24.76000022888184,2.85,7.654802680851561e-05,0.00939454697072506
2009-08-10,0,-1.56730785427676,74.42530822753906,24.989999771118164,2.8500000000000005,7.904237868662417e-05,0.008877528831362724
2009-08-11,0,-1.3910222875482692,73.49674987792969,25.989999771118164,2.88,0.00024064119293302423,0.008219363167881966
2009-08-12,0,-1.3898160659127274,74.28530883789062,25.450000762939453,2.97,0.0004447826042605914,0.010743379592895508
2009-08-13,0,-1.3211999006121415,74.85273742675781,24.709999084472656,2.99,0.0005134998555376085,0.009500370360910892
2009-08-14,0,-1.298445784580354,74.27794647216797,24.270000457763672,3.0200000000000005,0.0005722834134519278,0.006903317756950855
2009-08-17,0,-1.0649990288491868,72.45024108886719,27.88999938964844,3.08,0.0037187141065820944,0.010010692290961742
2009-08-18,0,-1.100838559090797,73.02510833740234,26.18000030517578,3.0700000000000003,0.004768962656269651,0.014725521206855774
2009-08-19,0,-1.1029290918152856,73.66626739501953,26.26000022888184,3.1,0.0030964753546819947,0.013279927894473076
2009-08-20,0,-1.1702752424510166,74.42530822753906,25.09000015258789,3.09,0.001509468301678793,0.010661972686648369
2009-08-21,0,-1.1728630237060207,75.8844985961914,25.01000022888184,3.06,0.0013228104689779728,0.010493357665836811
2009-08-24,0,-1.1577933707906187,75.87710571289062,25.13999938964844,3.0500000000000003,0.002220952067827236,0.010213098488748074
2009-08-25,0,-1.1730855335819148,76.0245132446289,24.920000076293945,3.01,0.0017735075274097154,0.011023744940757751
2009-08-26,0,-1.1977347503917504,76.0318832397461,24.950000762939453,2.98,0.0013534955781156664,0.011023744940757751
2009-08-27,0,-1.2261538027841656,76.20138549804688,24.68000030517578,2.9599999999999995,0.001081245195227527,0.009397178888320923
2009-08-28,0,-1.1896898971195744,76.18665313720703,24.76000022888184,2.95,0.0006998693289706017,0.00914592482149601
2009-08-31,0,-1.112924532077119,75.50865936279297,26.01000022888184,2.98,0.001337727599516505,0.01289493776857853
2009-09-01,0,-0.8966612312906115,73.8431167602539,29.14999961853028,3.01,0.005093891064546398,0.018809227272868156
2009-09-02,0,-0.888571364922136,73.56307983398438,28.89999961853028,2.99,0.006390989517608107,0.019995305687189102
2009-09-03,0,-0.9663149247104164,74.17475891113281,27.100000381469727,3.0,0.004331235458728961,0.019287575036287308
2009-09-04,0,-1.073418527593791,75.2138442993164,25.26000022888184,3.0,0.002313919153208879,0.011150946840643883
2009-09-08,0,-1.0542353454654971,75.8624038696289,25.6200008392334,2.98,0.0020678370389047287,0.013987616635859013
2009-09-09,0,-1.107711339532876,76.44457244873047,24.31999969482422,3.01,0.0026700723161320206,0.009165291674435139
2009-09-10,0,-1.2174979870548128,77.2257308959961,23.549999237060547,2.9600000000000004,0.002021610719670425,0.0067731402814388275
2009-09-11,0,-1.1586183597216462,77.21101379394531,24.14999961853028,2.97,0.0019546438520972337,0.0068243942223489285
2009-09-14,0,-1.16299877262788,77.58686065673828,23.86000061035156,2.9400000000000004,0.0011338838443005666,0.007617373950779438
2009-09-15,0,-1.2140949757643964,77.91114044189453,23.420000076293945,2.93,0.0006757806159735384,0.007464341353625059
2009-09-16,0,-1.3472714535283548,79.09024810791016,23.690000534057617,2.91,0.0005339840508337534,0.007118960842490196
2009-09-17,0,-1.3202719360803334,78.97234344482422,23.64999961853028,2.87,0.0004249625712145039,0.007118960842490196
2009-09-18,0,-1.2825293128903474,79.02266693115234,23.920000076293945,2.85,0.0005430064198287522,0.007515007629990578
2009-09-21,0,-1.2235820069005765,78.82274627685547,24.059999465942383,2.8599999999999994,0.0006527596222475591,0.006644237320870161
2009-09-22,0,-1.2001927683043303,79.28187561035156,23.07999992370605,2.84,0.000504143709977262,0.006944078020751476
2009-09-23,0,-1.1547886378391743,78.62288665771484,23.489999771118164,2.8400000000000003,0.0004536293213174032,0.006208834704011679
2009-09-24,0,-1.0617774514850773,77.7564926147461,24.950000762939453,2.86,0.001172570766022988,0.007847242057323456
2009-09-25,0,-1.0304227276868632,77.34186553955078,25.61000061035156,2.83,0.0016303597974737841,0.009348464198410511
2009-09-28,0,-1.0999289510063266,78.72650146484375,24.8799991607666,2.81,0.00138407532244531,0.006598464213311672
2009-09-29,0,-1.0758123534650628,78.48955535888672,25.190000534057617,2.81,0.0012323782689267417,0.006346627604216337
2009-09-30,0,-1.058420294813026,78.18596649169922,25.61000061035156,2.86,0.002323900516486972,0.006752817425876856
2009-10-01,0,-0.9652730670000804,76.24596405029297,28.270000457763672,2.9000000000000004,0.01251667664948671,0.01288822665810585
2009-10-02,0,-0.936390927248188,75.89051055908203,28.68000030517578,2.93,0.03011456721765112,0.018056819215416908
2009-10-05,0,-0.9886827470237484,77.02342224121094,26.84000015258789,2.95,0.013390655101957534,0.01768556423485279
2009-10-06,0,-1.0118451464222284,78.12673950195312,25.700000762939453,2.94,0.008552490116005519,0.012087209150195122
2009-10-07,0,-1.0130605018521102,78.34143829345703,24.68000030517578,2.92,0.005902429086422192,0.012804905883967876
2009-10-08,0,-1.0033245241868418,78.94124603271484,24.18000030517578,2.9600000000000004,0.011746627316133016,0.014424304477870464
2009-10-09,0,-1.0050578772393115,79.42254638671875,23.1200008392334,2.9600000000000004,0.009461365685307288,0.006560276262462139
2009-10-12,0,-1.012853430913614,79.73355102539062,23.01000022888184,2.9600000000000004,0.005694672172967248,0.006294767837971449
2009-10-13,0,-0.9828217152943122,79.57063293457031,22.989999771118164,2.95,0.00393865825152621,0.008713122457265854
2009-10-14,0,-1.0197500475123038,80.94050598144531,22.86000061035156,2.96,0.003567059818942822,0.008038668893277645
2009-10-15,0,-0.9962176868086045,81.2366943359375,21.71999931335449,2.96,0.0017278692462918866,0.00655435910448432
2009-10-16,0,-0.9808817343823436,80.62950897216797,21.43000030517578,2.93,0.0015084628118210274,0.008743875660002232
2009-10-19,0,-1.0041719123757158,81.29594421386719,21.489999771118164,2.91,0.0013746276892003246,0.006263450253754854
2009-10-20,0,-0.9994659402486638,80.86647033691406,20.89999961853028,2.91,0.001498466643135586,0.007753405254334211
2009-10-21,0,-0.9064462444962992,80.14081573486328,22.21999931335449,2.89,0.0013434213398842794,0.007277889642864466
2009-10-22,0,-1.0062623719817576,80.95532989501953,20.690000534057617,2.8800000000000003,0.0009507946673564627,0.006500218994915485
2009-10-23,0,-0.9796834892911844,80.02973937988281,22.270000457763672,2.8,0.0016185015828347879,0.005500327795743942
2009-10-26,0,-0.8893977998237631,79.16339111328125,24.309999465942383,2.83,0.0034235212489874866,0.010740567930042744
2009-10-27,0,-0.7765772962407516,78.8005599975586,24.82999992370605,2.84,0.005926218636661917,0.010814485140144825
2009-10-28,0,-0.6201439344012823,77.31221771240234,27.90999984741211,2.85,0.021827857379232086,0.012683668173849583
2009-10-29,0,-0.792046863482212,78.97087097167969,24.76000022888184,2.86,0.008725675226369621,0.010885171592235565
2009-10-30,0,-0.6101566523053408,76.68283081054688,30.690000534057617,2.8599999999999994,0.06354909637908204,0.022667082026600838
2009-11-02,0,-0.6783104239530849,77.24555206298828,29.780000686645508,2.85,0.08339722880130496,0.01928277686238289
2009-11-03,0,-0.6400255331055225,77.48991394042969,28.809999465942383,2.87,0.07200257279443577,0.015970515087246895
2009-11-04,0,-0.605574867982611,77.68984985351562,27.71999931335449,2.89,0.0892457523111866,0.017825031653046608
2009-11-05,0,-0.734237867679867,79.11894226074219,25.43000030517578,2.86,0.023753527208623657,0.015142400749027729
2009-11-06,0,-0.7386899921609577,79.32630920410156,24.190000534057617,2.8600000000000003,0.0305508028085915,0.015850121155381203
2009-11-09,0,-0.8223845467133714,81.13304138183594,23.14999961853028,2.89,0.019036893023901973,0.009032465517520905
2009-11-10,0,-0.8001609064102458,81.14786529541016,22.84000015258789,2.92,0.014220486136136766,0.00907809380441904
2009-11-11,0,-0.8205862435055824,81.56250762939453,23.040000915527344,2.92,0.01275597560246248,0.00907809380441904
2009-11-12,0,-0.6563860885327006,80.7331771850586,24.239999771118164,2.9399999999999995,0.012431670158210794,0.00992621574550867
2009-11-13,0,-0.6832137663375154,81.17007446289062,23.36000061035156,2.93,0.009965307382186426,0.009803949855268002
2009-11-16,0,-0.7894387946713572,82.34738159179688,22.88999938964844,2.92,0.003293052691138136,0.00907809380441904
2009-11-17,0,-0.7656610562398027,82.44366455078125,22.40999984741211,2.92,0.002427699209766325,0.00907809380441904
2009-11-18,0,-0.7976256578927586,82.39181518554688,21.6299991607666,2.94,0.0019815247223717216,0.007779420353472233
2009-11-19,0,-0.750223090234611,81.3181381225586,22.6299991607666,2.9199999999999995,0.0038801386773491733,0.009451071731746197
2009-11-20,0,-0.694676891113509,81.02935791015625,22.190000534057617,2.93,0.004112454639646089,0.007711795158684254
2009-11-23,0,-0.835625170894569,82.05860900878906,21.15999984741211,2.92,0.0018549487238049952,0.007137035485357046
2009-11-24,0,-0.9086862267484012,82.18451690673828,20.46999931335449,2.93,0.0015392231387274342,0.0068342718295753
2009-11-25,0,-0.9368308516129806,82.47328186035156,20.479999542236328,2.9500000000000006,0.00166551435920612,0.00720131816342473
2009-11-27,0,-0.8001390785468807,81.13304138183594,24.739999771118164,2.99,0.010727486414503853,0.008906954899430275
2009-11-30,0,-0.7170317689863506,81.40699005126953,24.51000022888184,2.99,0.011436536746446136,0.009259558282792568
2009-12-01,0,-0.9898342117329154,82.41404724121094,21.920000076293945,3.0000000000000004,0.004969392365921194,0.009787281975150108
2009-12-02,0,-0.9888124038692974,82.37699127197266,21.1200008392334,2.95,0.0035331556027439035,0.00782969780266285
2009-12-03,0,-0.8918715929051201,81.7328109741211,22.459999084472656,2.93,0.005617773437103766,0.009303594008088112
2009-12-04,0,-0.9475146510502648,82.19931030273438,21.25,2.91,0.006236536306796363,0.009427869692444801
2009-12-07,0,-0.8121717524757699,82.07343292236328,22.100000381469727,2.93,0.00806888462601971,0.011722499504685402
2009-12-08,0,-0.6886414135163176,81.16266632080078,23.690000534057617,2.9200000000000004,0.009482190520041045,0.011929559521377087
2009-12-09,0,-0.6388721801990962,81.46623992919922,22.65999984741211,2.89,0.008716095517976424,0.010808329097926617
2009-12-10,0,-0.6609410899291486,81.9253158569336,22.31999969482422,2.93,0.011171821624494307,0.012348225340247154
2009-12-11,0,-0.6975295300308725,82.2733383178711,21.59000015258789,2.8600000000000003,0.005540978119195809,0.007199528627097607
2009-12-14,0,-0.8102811890472467,82.83610534667969,21.14999961853028,2.79,0.0037328099785546623,0.009795653633773327
2009-12-15,0,-0.7426251955076104,82.45105743408203,21.489999771118164,2.8000000000000003,0.006177196605821418,0.008031063713133335
2009-12-16,0,-0.7195039350701187,82.57694244384766,20.540000915527344,2.77,0.004602017466106732,0.008217897266149521
2009-12-17,0,-0.5872244892678368,81.5847396850586,22.51000022888184,2.75,0.006547929369744419,0.010942652821540833
2009-12-18,0,-0.6492269065048335,82.04629516601562,21.68000030517578,2.7300000000000004,0.005417161757489108,0.008428923785686493
2009-12-21,0,-0.8102756175836535,82.88005065917969,20.489999771118164,2.69,0.002952186103442449,0.009055058471858501
2009-12-22,0,-0.8863510140193901,83.17786407470703,19.540000915527344,2.6500000000000004,0.0021168951705065014,0.009347492828965187
2009-12-23,0,-0.8298355756688292,83.34159851074219,19.709999084472656,2.6300000000000003,0.0022217888949627547,0.009347492828965187
2009-12-24,0,-0.8434067848542973,83.73619842529297,19.46999931335449,2.65,0.003319746796056807,0.008980411104857922
2009-12-28,0,-0.8162664261436913,83.91487121582031,19.93000030517578,2.64,0.002792160803601748,0.007786576170474291
2009-12-29,0,-0.894912864652356,83.79573822021484,20.01000022888184,2.5900000000000003,0.002231577267394872,0.008105256594717503
2009-12-30,0,-0.8797928304847584,83.76596069335938,19.959999084472656,2.5600000000000005,0.0023020313292304987,0.00841967947781086
2009-12-31,0,-0.7081513981913957,82.96195220947266,21.68000030517578,2.54,0.004126715206107927,0.010522023774683475
2010-01-04,0,-0.8483331664731866,84.36896514892578,20.040000915527344,2.54,0.0024891314597654006,0.00813677255064249
2010-01-05,0,-0.923334460405278,84.5923080444336,19.350000381469727,2.53,0.0017028657216863372,0.007752895355224609
2010-01-06,0,-0.91100173405914,84.65188598632812,19.15999984741211,2.49,0.0017868717578948827,0.008105256594717503
2010-01-07,0,-0.9407871922856342,85.00920104980469,19.059999465942383,2.48,0.0019153374665937055,0.008048846386373043
2010-01-08,0,-1.0382324191684102,85.29207611083984,18.1299991607666,2.49,0.002442980610845723,0.008048846386373043
2010-01-11,0,-1.0454116190467218,85.41121673583984,17.549999237060547,2.47,0.0013986769774632967,0.00854036957025528
2010-01-12,0,-0.933461134764101,84.61465454101562,18.25,2.4799999999999995,0.0023959419581746867,0.0072876387275755405
2010-01-13,0,-0.9556382850338112,85.32931518554688,17.850000381469727,2.5,0.002937609433712076,0.006821747869253159
2010-01-14,0,-0.9472352830541166,85.56011199951172,17.6299991607666,2.46,0.0020398188381907938,0.008064237423241138
2010-01-15,0,-0.8909467252066289,84.59976959228516,17.90999984741211,2.4799999999999995,0.0031900742730399745,0.006872286554425955
2010-01-19,0,-0.9516972104105788,85.65689086914062,17.579999923706055,2.48,0.003169590977411314,0.006534099578857422
2010-01-20,0,-0.9124171990996632,84.7858657836914,18.68000030517578,2.48,0.00667609760696765,0.006709301378577948
2010-01-21,0,-0.6379686479906015,83.15552520751953,22.270000457763672,2.51,0.023957050269949123,0.016327664256095886
2010-01-22,0,-0.2757874870991039,81.30179595947266,27.309999465942383,2.53,0.14434179152518606,0.0324394591152668
2010-01-25,0,-0.3400059850611468,81.7187271118164,25.40999984741211,2.56,0.16308501589844515,0.027787523344159126
2010-01-26,0,-0.3285894579686225,81.37626647949219,24.549999237060547,2.5900000000000003,0.10083728811637545,0.025000059977173805
2010-01-27,0,-0.3840076556805689,81.76338195800781,23.13999938964844,2.5700000000000003,0.08130079612084298,0.020863136276602745
2010-01-28,0,-0.2908615599783263,80.82534790039062,23.729999542236328,2.57,0.13981726797590707,0.020422248169779778
2010-01-29,0,-0.2080657821267762,79.9468994140625,24.6200008392334,2.5700000000000003,0.27980046345427323,0.032083068042993546
2010-02-01,0,-0.3575220271909649,81.19017791748047,22.59000015258789,2.57,0.15610666980603094,0.0169883593916893
2010-02-02,0,-0.5024206099978649,82.17285919189453,21.479999542236328,2.5600000000000005,0.08819949194344909,0.016863228753209114
2010-02-03,0,-0.3784841124440234,81.76338195800781,21.600000381469727,2.58,0.07861513339290402,0.01799791306257248
2010-02-04,0,-0.0210018289476997,79.23967742919922,26.07999992370605,2.62,0.39572416587453335,0.055766355246305466
2010-02-05,0,-0.0190682341759383,79.40348815917969,26.11000061035156,2.62,0.5070712169033341,0.04546792805194855
2010-02-08,0,0.0632701902040954,78.83023834228516,26.51000022888184,2.64,0.3991725056852277,0.055766355246305466
2010-02-09,0,0.0059087070187218,79.82035827636719,26.0,2.6500000000000004,0.247116749202717,0.05280432477593422
2010-02-10,0,0.0040414430955482,79.66401672363281,25.39999961853028,2.66,0.18103653382844395,0.04940607398748398
2010-02-11,0,-0.1309008621869823,80.497802734375,23.959999084472656,2.7,0.22573848888278658,0.03809058666229248
2010-02-12,0,-0.1272034099103001,80.43080139160156,22.729999542236328,2.72,0.1309330341489281,0.029548894613981247
2010-02-16,0,-0.201410090250797,81.6964111328125,22.25,2.7299999999999995,0.10368761585362025,0.011469986289739609
2010-02-17,0,-0.2967506649969591,82.0835189819336,21.71999931335449,2.7299999999999995,0.040360248011319814,0.012864861637353897
2010-02-18,0,-0.3086250856023236,82.56742858886719,20.6299991607666,2.72,0.024060499065575856,0.010321598500013351
2010-02-19,0,-0.4104653805353882,82.73863983154297,20.020000457763672,2.65,0.008389408982621886,0.009552061557769775
2010-02-22,0,-0.5067775119275296,82.7535171508789,19.940000534057617,2.6500000000000004,0.007751788485994218,0.008971542119979858
2010-02-23,0,-0.4923640121784045,81.74850463867188,21.3700008392334,2.65,0.008463576927657772,0.006883356720209122
2010-02-24,0,-0.5559203205683417,82.50041198730469,20.270000457763672,2.6499999999999995,0.005997980229982996,0.007766581606119871
2010-02-25,0,-0.5753404533253516,82.38871002197266,20.100000381469727,2.64,0.004637316565849795,0.006883356720209122
2010-02-26,0,-0.5804611513002221,82.44084930419922,19.5,2.620000000000001,0.004139453169553804,0.006664617918431759
2010-03-01,0,-0.6898309302895173,83.2969741821289,19.26000022888184,2.65,0.004050934405135172,0.006515983026474714
2010-03-02,0,-0.7695286209730611,83.52774047851562,19.059999465942383,2.64,0.004750652557497953,0.006515983026474714
2010-03-03,0,-0.6993354439172211,83.60223388671875,18.82999992370605,2.63,0.0034083294284512657,0.008158644661307335
2010-03-04,0,-0.6525438910192659,83.85531616210938,18.71999931335449,2.620000000000001,0.003442029794382706,0.007192225195467472
2010-03-05,0,-0.8201610355353792,85.05387878417969,17.420000076293945,2.61,0.0015833007296729208,0.007076177280396223
2010-03-08,0,-0.9934613711337692,85.0687484741211,17.790000915527344,2.5899999999999994,0.0011742698713169744,0.007349331863224506
2010-03-09,0,-0.9777005369484758,85.210205078125,17.920000076293945,2.6100000000000003,0.001511257367879031,0.006275207735598087
2010-03-10,0,-1.0283570095837886,85.58988189697266,18.56999969482422,2.5900000000000003,0.0019260730652963555,0.006682432722300291
2010-03-11,0,-1.0075972948803542,85.94719696044922,18.059999465942383,2.56,0.001605715255006966,0.007349331863224506
2010-03-12,0,-1.047105889026386,85.9546890258789,17.579999923706055,2.55,0.0011666221819260684,0.00620896415784955
2010-03-15,0,-0.9472710883971122,85.97699737548828,18.0,2.56,0.0017883634977278438,0.005542537197470665
2010-03-16,0,-1.0221668674957376,86.66188049316406,17.690000534057617,2.55,0.0015403468068349842,0.006894425954669714
2010-03-17,0,-0.9977431625594408,87.17555236816406,16.90999984741211,2.53,0.0010676019714778238,0.007365561090409756
2010-03-18,0,-0.9736353405510187,87.13092041015625,16.6200008392334,2.52,0.0010902982782806856,0.006022884976118803
2010-03-19,0,-0.8840415072344298,86.68990325927734,16.969999313354492,2.49,0.0015408879004412787,0.0068377782590687275
2010-03-22,0,-0.9057018376003328,87.15335845947266,16.8700008392334,2.5,0.0018228800484105406,0.00708834920078516
2010-03-23,0,-0.976831876149908,87.76629638671875,16.350000381469727,2.51,0.0011824654892155536,0.006022884976118803
2010-03-24,0,-0.9721768509986034,87.3401870727539,17.549999237060547,2.4800000000000004,0.0016564382749508597,0.00807107612490654
2010-03-25,0,-0.8524814383541633,87.19820404052734,18.39999961853028,2.47,0.002921016967522045,0.008322402834892273
2010-03-26,0,-0.8845054178427288,87.14584350585938,17.770000457763672,2.49,0.004246070915148766,0.00789561402052641
2010-03-29,0,-0.9332592452646282,87.69902038574219,17.59000015258789,2.49,0.0036662970265491355,0.00789561402052641
2010-03-30,0,-0.8943897592220535,87.7588119506836,17.1299991607666,2.4800000000000004,0.0027472574981908964,0.007033375557512045
2010-03-31,0,-0.8309180060935376,87.45978546142578,17.59000015258789,2.47,0.00453991968060979,0.0075362129136919975
2010-04-01,0,-0.8944814926618972,88.05782318115234,17.469999313354492,2.44,0.004601844882986334,0.007830801419913769
2010-04-05,0,-0.965843937390641,88.77544403076172,17.020000457763672,2.4300000000000006,0.0036950216265329494,0.0074995532631874084
2010-04-06,0,-0.9222738340515332,88.98474884033203,16.229999542236328,2.4600000000000004,0.002795518591567189,0.005814749747514725
2010-04-07,0,-0.8680324210126719,88.47642517089844,16.6200008392334,2.44,0.003711738081444102,0.006544340867549181
2010-04-08,0,-0.9001934400771981,88.78292083740234,16.479999542236328,2.43,0.004625327761097243,0.006475093308836222
2010-04-09,0,-0.9439591575444528,89.36598205566406,16.139999389648438,2.43,0.003647774775435198,0.005814749747514725
2010-04-12,0,-0.973691345927386,89.50799560546875,15.579999923706056,2.3999999999999995,0.0022580662276404694,0.006042456720024347
2010-04-13,0,-0.942255076978998,89.57530212402344,16.200000762939453,2.4000000000000004,0.0029065303274337434,0.006617066450417042
2010-04-14,0,-1.0754523225617565,90.59191131591795,15.59000015258789,2.4000000000000004,0.003068582798547425,0.00554334931075573
2010-04-15,0,-0.9892313694075432,90.66667938232422,15.890000343322754,2.4200000000000004,0.0033602103812088806,0.006246957927942276
2010-04-16,0,-0.6424155132341349,89.22396087646484,18.36000061035156,2.43,0.00979686506631534,0.01206613052636385
2010-04-19,0,-0.7495025806348746,89.5603256225586,17.34000015258789,2.42,0.008952861282673022,0.009678891859948635
2010-04-20,0,-0.9810639382888348,90.36017608642578,15.729999542236328,2.4,0.0047888213683038045,0.006327998824417591
2010-04-21,0,-0.8910967200375373,90.1957550048828,16.31999969482422,2.3800000000000003,0.003948475024744828,0.006974245887249708
2010-04-22,0,-0.847965605199874,90.4647979736328,16.469999313354492,2.38,0.004173623556921965,0.006695492193102837
2010-04-23,1,-0.9399069750877704,91.0553970336914,16.6200008392334,2.37,0.006286783258594807,0.008070720359683037
2010-04-26,1,-0.859064501194264,90.7115478515625,17.469999313354492,2.38,0.009292048670093894,0.008525220677256584
2010-04-27,1,-0.2898034114549054,88.56613159179688,22.809999465942383,2.39,0.08178400703927514,0.026210075244307518
2010-04-28,1,-0.4243020050298709,89.23888397216797,21.07999992370605,2.38,0.06410724557062411,0.021586913615465164
2010-04-29,1,-0.7156228508241682,90.34524536132812,18.440000534057617,2.37,0.021259024972552994,0.01161390170454979
2010-04-30,1,-0.3371106697021231,88.81283569335938,22.049999237060547,2.3800000000000003,0.07257394323750446,0.027993738651275635
2010-05-03,1,-0.5297109390837101,89.96400451660156,20.190000534057617,2.37,0.04682058358969899,0.014618698507547379
2010-05-04,1,0.0136688699111455,87.84852600097656,23.84000015258789,2.38,0.2836545351939572,0.02297050878405571
2010-05-05,1,0.1736362877946482,87.32524108886719,24.90999984741211,2.4000000000000004,0.42374278124490444,0.046563152223825455
2010-05-06,1,1.0013423841245137,84.4249038696289,32.79999923706055,2.41,0.9371568791999823,0.5364317893981934
2010-05-07,1,1.8320474309894696,83.16902160644531,40.95000076293945,2.55,0.9988185164518663,0.825590968132019
2010-05-10,1,0.5997366429287337,86.83190155029297,28.84000015258789,2.53,0.8797418898414788,0.5081865787506104
2010-05-11,1,0.6277603235714201,86.58523559570312,28.31999969482422,2.58,0.8807948685929048,0.33906933665275574
2010-05-12,1,0.3278156784348909,87.79621124267578,25.520000457763672,2.61,0.764406536854856,0.1395154744386673
2010-05-13,1,0.6029999450605682,86.70481872558594,26.68000030517578,2.6000000000000005,0.9014093643060983,0.3235636055469513
2010-05-14,1,1.091779013020583,85.13501739501953,31.239999771118164,2.5900000000000003,0.9850073477987524,0.809053897857666
2010-05-17,1,0.9211333275709462,85.17987823486328,30.84000015258789,2.5899999999999994,0.9460313105808538,0.6286335587501526
2010-05-18,1,1.2727581933568606,84.02118682861328,33.54999923706055,2.6100000000000003,0.9802321886340248,0.879328191280365
2010-05-19,1,1.528507606526197,83.54283142089844,35.31999969482422,2.65,0.984937970780276,0.8929116725921631
2010-05-20,1,2.6190722556627213,80.3882827758789,45.790000915527344,2.74,0.9998756225125818,0.9232089519500732
2010-05-21,1,2.0431309840170417,81.56185913085938,40.09999847412109,2.76,0.9984770539093795,0.8777199983596802
2010-05-24,1,2.0328693359269123,80.51531982421875,38.31999969482422,2.79,0.9957656241928545,0.7771390080451965
2010-05-25,1,1.7195246653048912,80.59754943847656,34.61000061035156,2.81,0.9853793047646422,0.7343959212303162
2010-05-26,1,1.6462223010721526,80.1116943359375,35.02000045776367,2.87,0.9888877908552056,0.8878858685493469
2010-05-27,1,1.1062807326009616,82.79529571533203,29.68000030517578,2.890000000000001,0.950822186824343,0.8110149502754211
2010-05-28,1,1.4363595355585317,81.75625610351562,32.06999969482422,2.89,0.9495230819817503,0.8991378545761108
2010-06-01,1,1.6843611459207215,80.38079071044922,35.540000915527344,2.92,0.9895559535257129,0.933704137802124
2010-06-02,1,1.210813398655699,82.4738540649414,30.170000076293945,2.91,0.8974907750868374,0.7844421863555908
2010-06-03,1,0.9838050094777564,82.7579116821289,29.459999084472656,2.9199999999999995,0.8393703603031104,0.7828468680381775
2010-06-04,1,1.6169253755490518,79.85004425048828,35.47999954223633,2.95,0.9564085541757152,0.9308890700340271
2010-06-07,1,1.5822528760976649,78.8558578491211,36.56999969482422,3.0,0.9844935799031228,0.9155564308166504
2010-06-08,1,1.1991596007591605,79.7005615234375,33.70000076293945,2.99,0.949739630267234,0.9150452017784119
2010-06-09,0,1.524525101603347,79.27449035644531,33.72999954223633,3.0,0.8875734800059453,0.9087002277374268
2010-06-10,0,1.110632756582888,81.5917739868164,30.56999969482422,3.01,0.636912546332807,0.6938567161560059
2010-06-11,0,1.0779923535943272,81.98799133300781,28.790000915527344,3.04,0.5251755556925424,0.48897987604141235
2010-06-14,0,1.0109837997562612,81.86089324951172,28.57999992370605,3.06,0.5213181258101898,0.526062548160553
2010-06-15,0,0.5544261155020259,83.72219848632812,25.8700008392334,3.0500000000000003,0.21708909941833388,0.17155924439430237
2010-06-16,0,0.5884511255030954,83.69231414794922,25.920000076293945,3.07,0.20209131476745373,0.15529245138168335
2010-06-17,0,0.4038644988729703,83.82685852050781,25.049999237060547,3.04,0.0636051255025523,0.08511345088481903
2010-06-18,0,0.2904178337776642,83.91773986816406,23.950000762939453,3.04,0.03588885742444486,0.05053788051009178
2010-06-21,0,0.0889794786949427,83.6773681640625,24.8799991607666,3.0200000000000005,0.050935416083466155,0.04436691477894783
2010-06-22,0,0.478311468057239,82.29541015625,27.049999237060547,3.04,0.09269224705609795,0.1373056322336197
2010-06-23,0,0.4164599671345673,82.04005432128906,26.90999984741211,3.05,0.12661435029739393,0.2325705587863922
2010-06-24,0,0.7665710653098853,80.68060302734375,29.739999771118164,3.08,0.3882549655058225,0.805620551109314
2010-06-25,0,0.6284225184415012,81.01860809326172,28.530000686645508,3.09,0.2964338098412099,0.5008528232574463
2010-06-28,0,0.91987227296338,80.76321411132812,29.0,3.1000000000000005,0.33926550659169064,0.6752927899360657
2010-06-29,0,1.4127154727805038,78.26966094970703,34.130001068115234,3.12,0.8876145188816764,0.9376779794692993
2010-06-30,0,1.3444338091391324,77.52609252929688,34.540000915527344,3.08,0.912649138112991,0.8906804919242859
2010-07-01,0,1.360304408064502,77.1805648803711,32.86000061035156,3.0200000000000005,0.845095157815304,0.8009932637214661
2010-07-02,0,1.2554837346681305,76.75999450683594,30.1200008392334,3.04,0.5985741689273314,0.7317324876785278
2010-07-06,0,0.9661852578284292,77.26323699951172,29.64999961853028,3.05,0.5514438147612973,0.6087524890899658
2010-07-07,0,0.531667196753712,79.69670104980469,26.84000015258789,3.08,0.516298327364536,0.2471705973148346
2010-07-08,0,0.4623915480888801,80.48533630371094,25.709999084472656,3.0700000000000003,0.38433438745766335,0.2002837210893631
2010-07-09,0,0.3368354088662068,81.086181640625,24.979999542236328,3.07,0.3239752667185885,0.12474965304136276
2010-07-12,0,0.4838776923036949,81.13877868652344,24.43000030517578,3.05,0.28097220933786327,0.049469634890556335
2010-07-13,0,0.4108690416949995,82.36300659179688,24.559999465942383,3.03,0.23840115772752069,0.04041166603565216
2010-07-14,0,0.4212102608475881,82.35551452636719,24.88999938964844,3.02,0.08397468091558208,0.05126506835222244
2010-07-15,0,0.6016249157999878,82.37804412841797,25.13999938964844,3.02,0.07160472986234698,0.04872041195631027
2010-07-16,0,0.8943687044894902,80.10980987548828,26.25,3.04,0.10939586552636277,0.14051340520381927
2010-07-19,0,0.8525649517515425,80.58296966552734,25.96999931335449,3.04,0.11936597080931328,0.11637135595083237
2010-07-20,0,0.588809053898863,81.47676849365234,23.93000030517578,2.99,0.02419869451663669,0.024873895570635796
2010-07-21,0,0.7622080494238389,80.4177474975586,25.63999938964844,2.98,0.039105494701294194,0.04031776264309883
2010-07-22,0,0.4249007980791989,82.21280670166016,24.6299991607666,2.97,0.03138352792722211,0.018839174881577492
2010-07-23,0,0.2441119037382918,82.92632293701172,23.46999931335449,2.95,0.033337895434641364,0.01988399028778076
2010-07-26,0,-0.0352536962284615,83.7900619506836,22.729999542236328,2.9200000000000004,0.017549256587227977,0.018772942945361137
2010-07-27,0,0.0006290051887977,83.7825698852539,23.190000534057617,2.9000000000000004,0.016173289772567188,0.015688782557845116
2010-07-28,0,0.1286913184089533,83.24178314208984,24.25,2.9200000000000004,0.04852641575030336,0.017968885600566864
2010-07-29,0,-0.0687491536379184,82.83618927001953,24.1299991607666,2.9200000000000004,0.036157063531525445,0.014821946620941162
2010-07-30,0,-0.1910229112032347,82.82117462158203,23.5,2.91,0.029785178987385707,0.013819310814142227
2010-08-02,0,-0.5052229292474246,84.69133758544922,22.01000022888184,2.8999999999999995,0.015818210033019035,0.018595706671476364
2010-08-03,0,-0.4332938586380719,84.28580474853516,22.6299991607666,2.9200000000000004,0.025622219031553716,0.015488342382013798
2010-08-04,0,-0.4929856627568896,84.84906768798828,22.209999084472656,2.9,0.02601632652406955,0.018163014203310013
2010-08-05,0,-0.2132765613248954,84.75894927978516,22.100000381469727,2.93,0.03865736696875097,0.01929001323878765
2010-08-06,0,-0.1229658117404006,84.41344451904297,21.739999771118164,2.94,0.042635811891985335,0.025334849953651428
2010-08-09,0,-0.0700961573442931,84.86408996582031,22.13999938964844,2.95,0.03228300077058218,0.02277810499072075
2010-08-10,0,0.1359243778561182,84.40593719482422,22.3700008392334,3.05,0.07122057611678204,0.11308210343122482
2010-08-11,0,0.6212213257431528,82.09263610839844,25.38999938964844,3.03,0.21916787698327897,0.3756374716758728
2010-08-12,0,0.7001370783812307,81.58943939208984,25.729999542236328,3.04,0.34617559107806417,0.42948007583618164
2010-08-13,0,0.7700852692838366,81.34905242919922,26.239999771118164,3.0500000000000003,0.4206444201456237,0.5002751350402832
2010-08-16,0,0.4735658211855948,81.3115234375,26.100000381469727,3.0,0.3179160004942397,0.15576183795928955
2010-08-17,0,0.2894843038717338,82.31044006347656,24.32999992370605,2.99,0.1680699090876968,0.09761643409729004
2010-08-18,0,0.304351189595655,82.46065521240234,24.59000015258789,2.94,0.2492470025945459,0.0670514851808548
2010-08-19,0,0.4476654518481531,81.0261001586914,26.440000534057617,2.93,0.4550933792906393,0.16436322033405304
2010-08-20,0,0.53258606890016,80.76321411132812,25.489999771118164,2.8999999999999995,0.36789727751087303,0.06645819544792175
2010-08-23,0,0.6976390891637972,80.45525360107422,25.65999984741211,2.94,0.4510457595230468,0.12339062243700027
2010-08-24,0,1.0170654716287382,79.26104736328125,27.459999084472656,2.95,0.5504553902296552,0.4787333011627197
2010-08-25,0,0.9182932598911924,79.56898498535156,26.700000762939453,2.9400000000000004,0.4841151186121248,0.3061819076538086
2010-08-26,0,0.9758956768503678,79.03575134277344,27.3700008392334,2.95,0.6542709457713837,0.535266101360321
2010-08-27,0,0.6451091086134665,80.25999450683594,24.450000762939453,2.96,0.4130468318865859,0.19352924823760986
2010-08-30,0,0.9773307047542508,79.0958251953125,27.209999084472656,2.99,0.6130207612349589,0.6904628872871399
2010-08-31,0,1.0867906390394475,79.0958251953125,26.049999237060547,3.01,0.6338144832241247,0.5871893167495728
2010-09-01,0,0.6908210570452459,81.46174621582031,23.88999938964844,3.01,0.37070799424664064,0.2551116347312927
2010-09-02,0,0.6404745441524763,82.2203140258789,23.190000534057617,3.0200000000000005,0.25337929640260654,0.1314130425453186
2010-09-03,0,0.3363070013153986,83.2868423461914,21.309999465942383,2.97,0.05674553096954796,0.05229061096906662
2010-09-07,0,0.5414381258265942,82.34803009033203,23.799999237060547,2.9600000000000004,0.16009113397133382,0.06820651888847351
2010-09-08,0,0.4764416264133841,82.92632293701172,23.25,2.95,0.1433632442662834,0.044818151742219925
2010-09-09,0,0.3878264641527253,83.3093490600586,22.809999465942383,2.9600000000000004,0.04541880413362386,0.05498261749744415
2010-09-10,0,0.0543302971604764,83.72994995117188,21.989999771118164,2.94,0.0206538885328033,0.02851931005716324
2010-09-13,0,-0.085713716724975,84.66131591796875,21.209999084472656,2.97,0.014708861105434665,0.034961801022291183
2010-09-14,0,-0.079903265256199,84.60871887207031,21.559999465942383,2.97,0.02338406001698183,0.039927076548337936
2010-09-15,0,-0.031173483620794,84.93170928955078,22.100000381469727,3.0,0.032531807854205334,0.052888959646224976
2010-09-16,0,0.0711433251673071,84.9091567993164,21.71999931335449,3.02,0.02883315690016443,0.08104382455348969
2010-09-17,0,0.1132496262791311,84.94088745117188,22.01000022888184,3.03,0.0317820480736827,0.08265407383441925
2010-09-20,0,-0.2013775960168952,86.23966217041016,21.5,3.02,0.019212253589572913,0.06640280783176422
2010-09-21,0,-0.1112639910477482,86.06597900390625,22.350000381469727,3.0500000000000003,0.0356002053295328,0.09875282645225525
2010-09-22,0,-0.0929455807422628,85.64311218261719,22.51000022888184,3.0500000000000003,0.03835816967486582,0.10675903409719467
2010-09-23,0,-0.0739438270055063,84.94844055175781,23.8700008392334,3.04,0.08932288018382542,0.1503935605287552
2010-09-24,0,-0.3377719365277381,86.70027160644531,21.709999084472656,3.05,0.05546510712664157,0.1747221052646637
2010-09-27,0,-0.3086641801356622,86.28495025634766,22.540000915527344,3.04,0.04391794310710298,0.08705265074968338
2010-09-28,0,-0.1729635790212473,86.58695983886719,22.600000381469727,3.06,0.0643788234899995,0.268941193819046
2010-09-29,0,-0.2324763670381321,86.43597412109375,23.25,3.06,0.11951327398942296,0.29941752552986145
2010-09-30,0,-0.1896286819311746,86.17921447753906,23.700000762939453,3.0500000000000003,0.18074826883131564,0.25031447410583496
2010-10-01,0,-0.0359967536140136,86.54167175292969,22.5,3.0700000000000003,0.08468523994786921,0.33992934226989746
2010-10-04,0,0.2082049816194794,85.89229583740234,23.530000686645508,3.1,0.1659101408219157,0.25378143787384033
2010-10-05,0,0.0500228809662951,87.62150573730469,21.76000022888184,3.1100000000000003,0.0923721816787966,0.28146958351135254
2010-10-06,0,-0.026380394104605,87.6139144897461,21.489999771118164,3.13,0.08596050197922232,0.285377562046051
2010-10-07,0,0.1149891131604992,87.50821685791016,21.559999465942383,3.18,0.14274644513074825,0.3383066952228546
2010-10-08,0,0.0918176342669877,87.99899291992188,20.709999084472656,3.21,0.11151265177986698,0.2616625726222992
2010-10-11,0,0.0037757749877656,88.08209228515625,18.959999084472656,3.21,0.06051123114115478,0.23300379514694214
2010-10-12,0,0.0750215326329387,88.35391235351562,18.93000030517578,3.22,0.034867689325826776,0.2343408614397049
2010-10-13,0,0.0173583744872949,89.04106140136719,19.06999969482422,3.22,0.03941042079725738,0.2504236400127411
2010-10-14,0,0.1419254442321535,88.69369506835938,19.8799991607666,3.23,0.060997940402162394,0.24018138647079468
2010-10-15,0,0.1064461047657948,88.87496185302734,19.030000686645508,3.26,0.050036913395839926,0.18539594113826752
2010-10-18,0,0.0715282766163788,89.3128890991211,19.09000015258789,3.26,0.04897526165854677,0.16104507446289062
2010-10-19,0,0.3688112821128411,88.14250946044922,20.6299991607666,3.25,0.09145135151528427,0.2898310422897339
2010-10-20,0,0.1917696418434694,89.00331115722656,19.790000915527344,3.2300000000000004,0.06007255392180088,0.18822643160820007
2010-10-21,0,0.0576080900790318,89.19961547851562,19.270000457763672,3.2,0.044051650401630726,0.174059197306633
2010-10-22,0,-0.080541035211506,89.3657455444336,18.780000686645508,3.18,0.02722603162386663,0.18975019454956055
2010-10-25,0,0.0514152118723777,89.6300277709961,19.850000381469727,3.13,0.030703689213426866,0.21057747304439545
2010-10-26,0,0.0361258339049936,89.6451187133789,20.21999931335449,3.13,0.0679654547466198,0.2965688705444336
2010-10-27,0,0.0604071045080526,89.38837432861328,20.709999084472656,3.09,0.06161961153386555,0.3414951264858246
2010-10-28,0,0.15172550344931,89.40351867675781,20.8799991607666,3.16,0.11913082802684734,0.44719332456588745
2010-10-29,0,0.1308197918174759,89.47148132324219,21.200000762939453,3.1500000000000004,0.13204001949037894,0.47747018933296204
2010-11-01,0,0.173065834256902,89.50165557861328,21.82999992370605,3.13,0.16738386081150447,0.47747018933296204
2010-11-02,0,-0.0272263622076947,90.2114715576172,21.56999969482422,3.08,0.11181658959177254,0.35073238611221313
2010-11-03,0,0.0665816082528201,90.57391357421876,19.559999465942383,3.16,0.08901719380280051,0.2848038971424103
2010-11-04,0,-0.0408477409147787,92.3181610107422,18.520000457763672,3.24,0.0799144213226956,0.20578382909297943
2010-11-05,0,-0.0567397067807783,92.6655044555664,18.26000022888184,3.27,0.07072688436230574,0.18512897193431854
2010-11-08,0,-0.026047008919718,92.4918212890625,18.290000915527344,3.25,0.06969546967507666,0.17886723577976227
2010-11-09,0,0.0860700743228026,91.82737731933594,19.07999992370605,3.25,0.09819321237419919,0.12104914337396622
2010-11-10,0,0.113613726587883,92.19735717773438,18.46999931335449,3.31,0.0969573043343806,0.06337954849004745
2010-11-11,0,0.2065221228775224,91.85002899169922,18.63999938964844,3.31,0.04874925717660199,0.057885147631168365
2010-11-12,0,0.3014275941056251,90.7626724243164,20.61000061035156,3.24,0.08491258613716053,0.42879951000213623
2010-11-15,0,0.2462438902187392,90.63431549072266,20.200000762939453,3.2,0.08634985005837469,0.5446539521217346
2010-11-16,0,0.4872891333507315,89.2222671508789,22.57999992370605,3.15,0.23449258299003714,0.649848997592926
2010-11-17,0,0.306239309395978,89.267578125,21.76000022888184,3.1299999999999994,0.1644995604785294,0.4816051423549652
2010-11-18,0,0.0572957613662457,90.58143615722656,18.75,3.12,0.049262406462468045,0.26323649287223816
2010-11-19,0,-0.0067755874060155,90.8306655883789,18.040000915527344,3.1100000000000003,0.04287667830515752,0.1686568707227707
2010-11-22,0,0.0724905176283664,90.75511169433594,18.3700008392334,3.140000000000001,0.06817034075309301,0.2988014817237854
2010-11-23,0,0.3347876125193609,89.44123077392578,20.6299991607666,3.1300000000000003,0.28584627285340564,0.5325092673301697
2010-11-24,0,0.1199800885681769,90.7626724243164,19.559999465942383,3.1,0.23334955262937146,0.1966187208890915
2010-11-26,0,0.3193577884646945,89.7055435180664,22.21999931335449,3.0700000000000003,0.3746746496176914,0.30713850259780884
2010-11-29,0,0.2133583762740479,89.97735595703125,21.530000686645508,3.04,0.32013894967524714,0.2578474283218384
2010-11-30,0,0.3784294572659261,89.47148132324219,23.540000915527344,3.03,0.5223636325836472,0.3484012186527252
2010-12-01,0,0.0589129870725133,91.37432861328124,21.36000061035156,3.01,0.4150722571812337,0.2728525698184967
2010-12-02,0,-0.1329250004797639,92.54471588134766,19.38999938964844,2.99,0.11576025112233837,0.12210690975189209
2010-12-03,0,-0.1775648214465751,92.79390716552734,18.010000228881836,3.02,0.0829325161304857,0.07761482149362564
2010-12-06,0,-0.0289802430749137,92.69571685791016,18.020000457763672,3.02,0.07333252580994279,0.06438736617565155
2010-12-07,0,-0.0459585105662447,92.7485809326172,17.989999771118164,2.99,0.07430601959615249,0.06438736617565155
2010-12-08,0,-0.2143165100592525,93.08837127685548,17.739999771118164,2.9000000000000004,0.024295872170525423,0.06645115464925766
2010-12-09,0,-0.3757824064314686,93.45081329345705,17.25,2.86,0.01199178007891533,0.04991623014211655
2010-12-10,0,-0.449789106671959,93.99449157714844,17.610000610351562,2.7900000000000005,0.00908498541805286,0.036349907517433167
2010-12-13,0,-0.4711578980302682,94.05490112304688,17.549999237060547,2.8,0.01107189292272381,0.03713816776871681
2010-12-14,0,-0.6227247199376463,94.13799285888672,17.610000610351562,2.75,0.010463594856207684,0.03124154545366764
2010-12-15,0,-0.5878787741213969,93.70755767822266,17.940000534057617,2.74,0.015067686430727825,0.034635718911886215
2010-12-16,0,-0.7466505327806834,94.251220703125,17.389999389648438,2.77,0.017775729627133544,0.03480628877878189
2010-12-17,0,-0.8797067988163617,94.3521957397461,16.110000610351562,2.7299999999999995,0.00731771173684584,0.04251721128821373
2010-12-20,0,-0.7373445128457784,94.57992553710938,16.40999984741211,2.7500000000000004,0.01051173184354788,0.035105034708976746
2010-12-21,0,-0.79256303684982,95.17958068847656,16.489999771118164,2.72,0.011415525462834256,0.03180905058979988
2010-12-22,0,-0.8735352078892603,95.47559356689452,15.449999809265137,2.73,0.009423034527775901,0.026104848831892014
2010-12-23,0,-0.9430271170229092,95.33895111083984,16.469999313354492,2.7,0.01096584803970705,0.03067697398364544
2010-12-27,0,-0.7544579337387564,95.37693786621094,17.670000076293945,2.7,0.027667893947143727,0.03987180069088936
2010-12-28,0,-0.8868962199068244,95.51351928710938,17.520000457763672,2.68,0.027193490778784444,0.04480845853686333
2010-12-29,0,-0.8565355500361744,95.5818862915039,17.280000686645508,2.7,0.029989665242353296,0.04172215610742569
2010-12-30,0,-0.8825528532603378,95.4300537109375,17.520000457763672,2.6900000000000004,0.028509233398491988,0.05547039210796356
2010-12-31,0,-0.721872710073808,95.4528350830078,17.75,2.6800000000000006,0.0350124279012758,0.05180296301841736
2011-01-03,0,-0.7108349502175061,96.43962097167967,17.610000610351562,2.68,0.03779489102206244,0.054138824343681335
2011-01-04,0,-0.6631132868795943,96.386474609375,17.3799991607666,2.7100000000000004,0.04075893052945885,0.07417943328619003
2011-01-05,0,-0.7825445470135605,96.8874969482422,17.020000457763672,2.67,0.028294649197325095,0.0612068697810173
2011-01-06,0,-0.7396528196188399,96.69770050048828,17.399999618530273,2.6700000000000004,0.04124254008574609,0.07228999584913254
2011-01-07,0,-0.6392009704528926,96.50794982910156,17.139999389648438,2.7300000000000004,0.05923525389386582,0.0895637646317482
2011-01-10,0,-0.5525413698420869,96.386474609375,17.540000915527344,2.7500000000000004,0.05805365761768002,0.06518416851758957
2011-01-11,0,-0.6682252843262537,96.72808074951172,16.889999389648438,2.68,0.029548780999239303,0.046423327177762985
2011-01-12,0,-0.7714226385817619,97.60099029541016,16.239999771118164,2.68,0.023247448335438504,0.03152068331837654
2011-01-13,0,-0.705590368467368,97.44159698486328,16.389999389648438,2.71,0.03162601521321078,0.03942316025495529
2011-01-14,0,-0.8139015665495363,98.14751434326172,15.460000038146973,2.74,0.02505064522609035,0.0258993711322546
2011-01-18,0,-0.7831055837018509,98.31453704833984,15.869999885559082,2.72,0.025931137142274265,0.023233400657773018
2011-01-19,0,-0.638999915667957,97.35050201416016,17.309999465942383,2.7,0.0623822236210025,0.06601963192224503
2011-01-20,0,-0.5705636681405527,97.22146606445312,17.989999771118164,2.7,0.08264837040192174,0.07918958365917206
2011-01-21,0,-0.536653779839711,97.44159698486328,18.46999931335449,2.68,0.09559204670668625,0.0860770121216774
2011-01-24,0,-0.6175397741172204,97.99571990966795,17.649999618530273,2.6699999999999995,0.05055584477721756,0.07669251412153244
2011-01-25,0,-0.6462904151122039,98.048828125,17.59000015258789,2.66,0.045276207670332407,0.07049807906150818
2011-01-26,0,-0.7018237638189508,98.42838287353516,16.639999389648438,2.68,0.04844960597448249,0.04837258160114288
2011-01-27,0,-0.7499690737876028,98.67127990722656,16.149999618530273,2.67,0.0365747003138463,0.027832111343741417
2011-01-28,0,-0.3320349064625743,96.94822692871094,20.040000915527344,2.7,0.2806708705991877,0.2584525942802429
2011-01-31,0,-0.4543231715679101,97.6769027709961,19.530000686645508,2.68,0.2523615486041238,0.18342357873916626
2011-02-01,0,-0.712685594054329,99.24055480957033,17.6299991607666,2.66,0.10675769384953501,0.13766318559646606
2011-02-02,0,-0.6669859768339356,99.05081176757812,17.299999237060547,2.64,0.06249314382481471,0.09570565819740295
2011-02-03,0,-0.7621258859306893,99.27093505859376,16.690000534057617,2.6100000000000003,0.04116246861223885,0.054282043129205704
2011-02-04,0,-0.839265482512373,99.55181121826172,15.93000030517578,2.57,0.03651512962238546,0.03847479075193405
2011-02-07,0,-0.9260970274308834,100.17424011230467,16.280000686645508,2.53,0.031351944019299215,0.048063021153211594
2011-02-08,0,-1.0375954708410176,100.62969970703124,15.8100004196167,2.5,0.015828210542645334,0.03847479075193405
2011-02-09,0,-0.979838934938414,100.4019546508789,15.869999885559082,2.53,0.024824701013137,0.03129064291715622
2011-02-10,0,-0.9093419067905414,100.43991088867188,16.09000015258789,2.55,0.0339718902248898,0.030178558081388474
2011-02-11,0,-0.8912036211751264,101.03958892822266,15.6899995803833,2.56,0.03387644718315544,0.024702543392777443
2011-02-14,0,-0.9394152733699738,101.2824478149414,15.949999809265137,2.53,0.028537758177365365,0.02394607663154602
2011-02-15,0,-0.827054072637205,100.96367645263672,16.3700008392334,2.53,0.03810276950485214,0.03136376664042473
2011-02-16,0,-0.8358226842035545,101.60130310058594,16.719999313354492,2.53,0.050454477159698106,0.042372383177280426
2011-02-17,0,-0.9003436890008066,101.90496063232422,16.59000015258789,2.56,0.058772978916296265,0.05048920214176178
2011-02-18,0,-0.9069851816277636,102.11743927001952,16.43000030517578,2.58,0.0559148375215686,0.056459568440914154
2011-02-22,0,-0.4112157821377078,100.06797790527344,20.799999237060547,2.62,0.4650814854782794,0.3148614466190338
2011-02-23,0,-0.2645899285168631,99.45311737060548,22.1299991607666,2.6,0.7111330810350162,0.5163360834121704
2011-02-24,0,-0.3168341251171268,99.3848114013672,21.31999969482422,2.59,0.579391769129701,0.3136204481124878
2011-02-25,0,-0.4825351646786873,100.44752502441406,19.21999931335449,2.6,0.29818341777603985,0.2542761266231537
2011-02-28,0,-0.6016994119353472,101.06995391845705,18.350000381469727,2.5700000000000003,0.13916648843763937,0.12239290773868561
2011-03-01,0,-0.4206969588413047,99.3848114013672,21.01000022888184,2.59,0.5527882171989398,0.34064629673957825
2011-03-02,0,-0.3859357529675706,99.5973663330078,20.700000762939453,2.6,0.621812409199647,0.3025040328502655
2011-03-03,0,-0.5868214167144965,101.3128433227539,18.600000381469727,2.55,0.32424668508593185,0.2385650873184204
2011-03-04,0,-0.4509839712212524,100.55378723144533,19.059999465942383,2.6,0.33036610879562195,0.19556662440299988
2011-03-07,0,-0.2911830062508436,99.76435089111328,20.65999984741211,2.59,0.4793715865810321,0.2873092293739319
2011-03-08,0,-0.3895007812982995,100.63727569580078,19.81999969482422,2.5900000000000003,0.5183485217054038,0.27665528655052185
2011-03-09,0,-0.283029744089007,100.49305725097656,20.21999931335449,2.61,0.5232294468706566,0.25760000944137573
2011-03-10,0,0.0548332378230113,98.63331604003906,21.8799991607666,2.66,0.6896778814437496,0.3681849241256714
2011-03-11,0,-0.1660252067280148,99.31651306152344,20.07999992370605,2.6300000000000003,0.4794113239770245,0.2441694140434265
2011-03-14,0,-0.0313037064976457,98.71682739257812,21.1299991607666,2.65,0.6242544906906382,0.240243598818779
2011-03-15,0,0.3284461942158695,97.58580780029295,24.31999969482422,2.68,0.8578578361334329,0.6238939166069031
2011-03-16,0,0.8260423013110448,95.77922821044922,29.39999961853028,2.7099999999999995,0.9858647472683205,0.9488767981529236
2011-03-17,0,0.5254412873188335,97.04688262939452,26.3700008392334,2.72,0.9713859422079759,0.8519193530082703
2011-03-18,0,0.3818450182431119,97.39986419677734,24.440000534057617,2.69,0.8598614616340363,0.5844780802726746
2011-03-21,0,-0.0147690832478178,98.90933990478516,20.61000061035156,2.640000000000001,0.4350787099356006,0.159846231341362
2011-03-22,0,-0.0030437973378727,98.56624603271484,20.209999084472656,2.640000000000001,0.3411854320093974,0.1049187034368515
2011-03-23,0,-0.2578501046850339,98.84838104248048,19.170000076293945,2.6300000000000003,0.32172560250311993,0.10966172814369202
2011-03-24,0,-0.5055423743090711,99.79369354248048,18.0,2.59,0.1275730102245317,0.09995292872190475
2011-03-25,0,-0.5557652418904809,100.09864807128906,17.90999984741211,2.58,0.1039801865442325,0.08561742305755615
2011-03-28,0,-0.3903282446957406,99.8546905517578,19.440000534057617,2.56,0.12196334478146582,0.0640101283788681
2011-03-29,0,-0.4364087953581091,100.52557373046876,18.15999984741211,2.59,0.10436745327085087,0.10156873613595963
2011-03-30,0,-0.6515312108928869,101.21929168701172,17.709999084472656,2.5899999999999994,0.07541265631577412,0.07337896525859833
2011-03-31,0,-0.6378414522785109,101.08208465576172,17.739999771118164,2.58,0.05134094132051396,0.05783960223197937
2011-04-01,0,-0.5612105912328019,101.50901794433594,17.399999618530273,2.58,0.04251472170302143,0.06096896529197693
2011-04-04,0,-0.6239742308741193,101.59286499023438,17.5,2.58,0.047286422358962354,0.06070014089345932
2011-04-05,0,-0.7435016770752391,101.57762908935548,17.25,2.55,0.028849105698522566,0.036721114069223404
2011-04-06,0,-0.7235518381903208,101.8978271484375,16.899999618530273,2.5500000000000003,0.02192633257599223,0.03709525242447853
2011-04-07,0,-0.6779006047975876,101.63860321044922,17.110000610351562,2.5700000000000003,0.02707147552273222,0.03992327302694321
2011-04-08,0,-0.769087396653067,101.28793334960938,17.8700008392334,2.5600000000000005,0.03504123542037176,0.03110618330538273
2011-04-11,0,-0.7861068147825909,100.98297882080078,16.59000015258789,2.55,0.01994540577005179,0.03392123058438301
2011-04-12,0,-0.7064956303150979,100.22824096679688,17.09000015258789,2.58,0.03642206926547337,0.04319314658641815
2011-04-13,0,-0.8130041678535661,100.22061157226562,16.920000076293945,2.58,0.03348638247282169,0.04319314658641815
2011-04-14,0,-1.055620510042406,100.29684448242188,16.270000457763672,2.55,0.025043541070215,0.030351651832461357
2011-04-15,0,-1.0225903221643833,100.66275024414062,15.31999969482422,2.56,0.02365903201815357,0.037652790546417236
2011-04-18,0,-0.7747614029326084,99.53445434570312,16.959999084472656,2.5800000000000005,0.06494351025078132,0.04672044515609741
2011-04-19,0,-0.7990189533359756,100.10627746582033,15.829999923706056,2.56,0.05073828761637503,0.043961718678474426
2011-04-20,0,-0.9990735099288708,101.47089385986328,15.06999969482422,2.5500000000000003,0.03716249293801253,0.03589918836951256
2011-04-21,0,-1.0146374169607244,101.98931121826172,14.6899995803833,2.5700000000000003,0.03422204175103178,0.03447772562503815
2011-04-25,0,-0.851743437269433,101.88253784179688,15.770000457763672,2.58,0.052107952796141346,0.03435700386762619
2011-04-26,0,-0.9222458493582268,102.75926208496094,15.619999885559082,2.5700000000000003,0.06916748861107369,0.05052346736192703
2011-04-27,0,-1.010842313180462,103.43017578125,15.350000381469728,2.57,0.05654030456072344,0.056485168635845184
2011-04-28,0,-0.9986533615197888,103.76558685302734,14.619999885559082,2.59,0.031354950690004844,0.049544647336006165
2011-04-29,0,-0.9697176559673122,104.00955963134766,14.75,2.5800000000000005,0.02580104946805285,0.04820390045642853
2011-05-02,0,-0.9071889752804704,103.84949493408205,15.989999771118164,2.57,0.046164534026027694,0.11539246886968613
2011-05-03,0,-0.803140755043807,103.4759292602539,16.700000762939453,2.57,0.05912667553828872,0.1442795991897583
2011-05-04,0,-0.7354911226192057,102.7898178100586,17.079999923706055,2.56,0.06389327255595996,0.11049024760723114
2011-05-05,0,-0.5532937824566656,101.85969543457033,18.200000762939453,2.5899999999999994,0.1289010513046727,0.12866546213626862
2011-05-06,0,-0.5357003049663528,102.30947875976562,18.39999961853028,2.6,0.14952320129839136,0.15393590927124023
2011-05-09,0,-0.60282305936694,102.70590209960938,17.15999984741211,2.64,0.11021607018402284,0.09045299142599106
2011-05-10,0,-0.8191597262996293,103.58262634277344,15.90999984741211,2.61,0.05278092744853038,0.09033336490392685
2011-05-11,0,-0.6890871648090418,102.4924774169922,16.950000762939453,2.61,0.10798048161804369,0.10507134348154068
2011-05-12,0,-0.7983205286308598,102.98037719726562,16.030000686645508,2.64,0.12517271854879872,0.1076631173491478
2011-05-13,0,-0.6668830575300942,102.18748474121094,17.06999969482422,2.64,0.1634756343819003,0.1453460305929184
2011-05-16,0,-0.5910218585517742,101.53952026367188,18.239999771118164,2.6,0.20780529375057055,0.1542314738035202
2011-05-17,0,-0.6144109975170083,101.52423858642578,17.549999237060547,2.59,0.14735083095832177,0.11295104026794434
2011-05-18,0,-0.8605943585199768,102.43146514892578,16.229999542236328,2.5899999999999994,0.11549509353543445,0.15098753571510315
2011-05-19,0,-0.8444661784479571,102.6754150390625,15.520000457763672,2.6100000000000003,0.0661012046859198,0.06279680132865906
2011-05-20,0,-0.5091767691371633,101.85969543457033,17.43000030517578,2.6300000000000003,0.1913865839098347,0.15398073196411133
2011-05-23,0,-0.3192388483758823,100.67801666259766,18.270000457763672,2.62,0.34379092413858137,0.18939335644245148
2011-05-24,0,-0.3418989313621445,100.59413146972656,17.81999969482422,2.62,0.31920982357029665,0.15188616514205933
2011-05-25,0,-0.3089432439634428,100.92960357666016,17.06999969482422,2.64,0.20316360618801904,0.07095587253570557
2011-05-26,0,-0.3536054391692526,101.3946533203125,16.09000015258789,2.64,0.1046914562520156,0.033148571848869324
2011-05-27,0,-0.3431187961800442,101.78343200683594,15.979999542236328,2.65,0.1039015004483363,0.03390345349907875
2011-05-31,0,-0.4439922874213077,102.84313201904295,15.449999809265137,2.6500000000000004,0.10962082887722512,0.035434044897556305
2011-06-01,0,0.018083171670904,100.53314971923828,18.299999237060547,2.68,0.4007387791446108,0.13924896717071533
2011-06-02,0,0.0189555922850558,100.42646026611328,18.09000015258789,2.7,0.42688411625518813,0.11924829334020615
2011-06-03,0,0.0899685344682146,99.42772674560548,17.950000762939453,2.7299999999999995,0.41313403804466436,0.11042775213718414
2011-06-06,0,0.1863338658007876,98.37567138671876,18.489999771118164,2.75,0.48059753198281213,0.13913875818252563
2011-06-07,0,0.207209142236192,98.31468200683594,18.06999969482422,2.75,0.3459636377476717,0.13913875818252563
2011-06-08,0,0.3157222675209872,97.90299987792967,18.790000915527344,2.73,0.4827042649036241,0.12719231843948364
2011-06-09,0,0.2511906089283263,98.6501235961914,17.770000457763672,2.7300000000000004,0.34474451000952694,0.09451885521411896
2011-06-10,0,0.3521823089997655,97.27787017822266,18.86000061035156,2.71,0.44645850679665544,0.12100909650325775
2011-06-13,0,0.4759610480896774,97.35411071777344,19.61000061035156,2.72,0.6356370238721687,0.1338605284690857
2011-06-14,0,0.1551074147732653,98.58916473388672,18.26000022888184,2.7100000000000004,0.4451146386077312,0.10651196539402008
2011-06-15,0,0.5765947135204312,96.83567810058594,21.31999969482422,2.74,0.8170368664395486,0.34266725182533264
2011-06-16,0,0.6910331658013682,97.04918670654295,22.729999542236328,2.75,0.885231239862885,0.6316264271736145
2011-06-17,0,0.7258302348184184,97.33875274658205,21.850000381469727,2.7900000000000005,0.8897603915029673,0.4368131160736084
2011-06-20,0,0.4890507436890265,97.83678436279295,19.989999771118164,2.76,0.6407802274522338,0.16982777416706085
2011-06-21,0,0.1689160430502669,99.1775360107422,18.86000061035156,2.75,0.36052612410133117,0.12251992523670197
2011-06-22,0,0.0719795296087069,98.57991790771484,18.520000457763672,2.74,0.3550174217757497,0.10639096796512604
2011-06-23,0,0.1903872611794873,98.29645538330078,19.290000915527344,2.76,0.43577918043753355,0.1122162863612175
2011-06-24,0,0.5993743708269835,97.15489196777344,21.100000381469727,2.83,0.6983658159821912,0.6100399494171143
2011-06-27,0,0.5705518099561536,98.02062225341795,20.559999465942383,2.87,0.6706702174050654,0.4728507697582245
2011-06-28,0,0.2728102092738598,99.3000946044922,19.170000076293945,2.8100000000000005,0.2471313685499044,0.09864926338195801
2011-06-29,0,0.0271950947187388,100.1505355834961,17.270000457763672,2.75,0.07434354445768684,0.04844618961215019
2011-06-30,0,-0.3980399278413625,101.1082000732422,16.520000457763672,2.72,0.04150412693079295,0.02190493978559971
2011-07-01,0,-0.6610323348931082,102.6021728515625,15.869999885559082,2.69,0.02787034952968647,0.022348251193761826
2011-07-05,0,-0.6559121339564555,102.51789855957033,16.059999465942383,2.74,0.026990033395652487,0.02280513383448124
2011-07-06,0,-0.7603378804596147,102.64051055908205,16.34000015258789,2.7299999999999995,0.024943333239263083,0.026024039834737778
2011-07-07,0,-0.9698720955624,103.70543670654295,15.949999809265137,2.6900000000000004,0.01746341031520391,0.03685758262872696
2011-07-08,0,-0.8725214563978555,102.96995544433594,15.949999809265137,2.73,0.021479570157214262,0.01961972564458847
2011-07-11,0,-0.2987295732130475,101.1082000732422,18.38999938964844,2.76,0.08033027770927399,0.037395115941762924
2011-07-12,0,-0.2202575767723953,100.67150115966795,19.8700008392334,2.7700000000000005,0.19819219220809076,0.10354527086019516
2011-07-13,0,-0.2525074029000158,101.00862884521484,19.90999984741211,2.76,0.20486897789387318,0.07859309017658234
2011-07-14,0,0.0458974942903577,100.31140899658205,20.799999237060547,2.76,0.2543498806710276,0.2279059737920761
2011-07-15,0,-0.266660967521638,100.89364624023438,19.530000686645508,2.8000000000000003,0.23950487438347878,0.1063624769449234
2011-07-18,0,0.0625097059825329,100.06626892089844,20.950000762939453,2.8400000000000003,0.5691960502115092,0.4891059994697571
2011-07-19,0,-0.3491887406840553,101.69043731689452,19.209999084472656,2.78,0.3218485256450223,0.08350032567977905
2011-07-20,0,-0.2671168611216383,101.62913513183594,19.09000015258789,2.8,0.2916861010291452,0.07444942742586136
2011-07-21,1,-0.4791975930045531,103.03890228271484,17.559999465942383,2.77,0.16475073713235536,0.05189149081707001
2011-07-22,1,-0.5799503333333978,103.10785675048828,17.520000457763672,2.75,0.11378380483564235,0.04838228598237038
2011-07-25,1,-0.3108458470550342,102.53321075439452,19.350000381469727,2.77,0.3400100720006708,0.11129090189933777
2011-07-26,1,-0.3082514966621966,102.15018463134766,20.229999542236328,2.76,0.4303632742182811,0.24384436011314392
2011-07-27,1,0.267348291564526,100.05857849121094,22.979999542236328,2.7300000000000004,0.7842132129899735,0.7023340463638306
2011-07-28,1,0.5172105142666571,99.76747131347656,23.739999771118164,2.73,0.8427409224598208,0.7035067677497864
2011-07-29,1,0.9035991664738378,99.0855712890625,25.25,2.77,0.9351573792445791,0.7213872075080872
2011-08-01,1,0.8563123972336538,98.66419982910156,23.65999984741211,2.77,0.8421332891850231,0.7379007339477539
2011-08-02,1,1.3295835609188071,96.14356231689452,24.790000915527344,2.74,0.8996780455129965,0.8001170754432678
2011-08-03,1,1.072221241686558,96.66455841064452,23.3799991607666,2.72,0.8887715876894825,0.6233344674110413
2011-08-04,1,2.529387979121504,92.13665008544922,31.65999984741211,2.77,0.9987728230108293,0.9102597832679749
2011-08-05,1,2.5934018328578285,91.99874877929688,32.0,2.77,0.9991311874365029,0.9102597832679749
2011-08-08,1,4.8597373410054345,86.00748443603516,48.0,2.8800000000000003,0.9999998128045264,0.9661209583282471
2011-08-09,1,2.87972092538924,90.00675964355469,35.060001373291016,3.01,0.9999900390472674,0.9705744385719299
2011-08-10,1,3.8522267130818846,86.03046417236328,42.9900016784668,3.03,0.9999981998617644,0.9822705388069153
2011-08-11,1,3.203383792702088,89.891845703125,39.0,3.1500000000000004,0.9999986505171415,0.9851521253585815
2011-08-12,1,2.781184166499317,90.49708557128906,36.36000061035156,3.14,0.9999834410029567,0.9851521253585815
2011-08-15,1,2.277067428458862,92.4124526977539,31.8700008392334,3.1500000000000004,0.999969149559149,0.9854373931884766
2011-08-16,1,2.2813923147142194,91.623291015625,32.849998474121094,3.12,0.9997090788190023,0.9847613573074341
2011-08-17,1,2.252831718441526,91.68462371826172,31.57999992370605,3.1100000000000003,0.9998168584222263,0.9841701984405518
2011-08-18,1,3.374581923415494,87.73131561279297,42.66999816894531,3.12,0.9999749420918663,0.9855109453201294
2011-08-19,1,3.487381019872688,86.29864501953125,43.04999923706055,3.120000000000001,0.9999730179662465,0.9836524724960327
2011-08-22,1,3.334437988738207,86.36754608154297,42.43999862670898,3.1300000000000003,0.9998895541565329,0.9793999791145325
2011-08-23,1,2.672530851776705,89.20994567871094,36.27000045776367,3.19,0.9990203272208247,0.9810053110122681
2011-08-24,1,2.5236151064250394,90.46642303466795,35.900001525878906,3.21,0.9971301192603379,0.9782056212425232
2011-08-25,1,2.7602109421980483,89.08738708496094,39.7599983215332,3.2500000000000004,0.999631825704184,0.9833461046218872
2011-08-26,1,2.340651938209348,90.38215637207033,35.59000015258789,3.2500000000000004,0.998983010081491,0.9809548854827881
2011-08-29,1,1.876645429130031,92.97940826416016,32.279998779296875,3.2500000000000004,0.9943904186358883,0.7345644235610962
2011-08-30,1,1.811574109390252,93.2245864868164,32.88999938964844,3.22,0.9692317134508998,0.6407149434089661
2011-08-31,1,1.56091438478203,93.63829040527344,31.6200008392334,3.2500000000000004,0.920480029307982,0.3713563084602356
2011-09-01,1,1.6420165052198838,92.65763092041016,31.81999969482422,3.23,0.9243179605106724,0.48183730244636536
2011-09-02,1,1.5315891517258755,90.29022979736328,33.91999816894531,3.18,0.941574414361487,0.5760058760643005
2011-09-06,1,1.780662498583748,89.63134765625,37.0,3.2100000000000004,0.9617263597632345,0.7561893463134766
2011-09-07,1,0.9153831876654652,92.15962982177734,33.380001068115234,3.25,0.8797875981289884,0.6139359474182129
2011-09-08,1,1.3845876049804733,91.20197296142578,34.31999969482422,3.26,0.8489977978992012,0.6107379794120789
2011-09-09,1,1.500533698633857,88.81153869628906,38.52000045776367,3.28,0.9714427268765605,0.9356886744499207
2011-09-12,1,1.759124505944154,89.38616180419922,38.59000015258789,3.2900000000000005,0.9914929014231286,0.938228189945221
2011-09-13,1,1.663096283726795,90.20594024658205,36.90999984741211,3.3200000000000003,0.9835605441332941,0.9569911360740662
2011-09-14,1,1.5377406984530524,91.4547882080078,34.599998474121094,3.3000000000000003,0.8869695681750583,0.7351292371749878
2011-09-15,1,1.21098685089365,93.03302001953124,31.96999931335449,3.3100000000000005,0.7887736264869234,0.3942505717277527
2011-09-16,1,1.1084399217017529,93.58366394042967,30.979999542236328,3.31,0.801822662298452,0.2546835243701935
2011-09-19,1,0.939740066972672,92.6518096923828,32.72999954223633,3.3100000000000005,0.8680023994111822,0.42106759548187256
2011-09-20,1,0.8718356486393425,92.54400634765624,32.86000061035156,3.35,0.9006980023124331,0.6075814962387085
2011-09-21,1,1.2025312088277411,89.81785583496094,37.31999969482422,3.26,0.9480310691002664,0.8413739204406738
2011-09-22,1,1.937887921291613,86.91450500488281,41.34999847412109,3.3200000000000003,0.9898807487738726,0.9656668901443481
2011-09-23,1,1.944357031828136,87.4382095336914,41.25,3.3100000000000005,0.9904783899020557,0.9188944101333618
2011-09-26,1,1.6089712822910691,89.51750946044922,39.02000045776367,3.37,0.9859184125197282,0.9383599758148193
2011-09-27,1,1.5702523387020388,90.51863861083984,37.709999084472656,3.39,0.9574546801450724,0.9593416452407837
2011-09-28,1,2.006888966896026,88.6703872680664,41.08000183105469,3.35,0.9912489128225945,0.9690361618995667
2011-09-29,1,1.7732423418661014,89.37117767333984,38.84000015258789,3.3,0.9919364622256612,0.947597861289978
2011-09-30,1,2.1529599105410404,87.1378402709961,42.959999084472656,3.3,0.9963162902991668,0.9562521576881409
2011-10-03,1,2.373076274302845,84.6580810546875,45.45000076293945,3.3100000000000005,0.9970461057857128,0.9572225213050842
2011-10-04,1,1.8279146285393169,86.5140609741211,40.81999969482422,3.33,0.9879013989262415,0.9417589902877808
2011-10-05,0,1.5294781048575787,88.11589050292969,37.810001373291016,3.3600000000000003,0.9701162888104907,0.9306333661079407
2011-10-06,0,1.4905791839156195,89.71002960205078,36.27000045776367,3.34,0.9161852076645862,0.7564730644226074
2011-10-07,0,1.423856259444815,89.10931396484375,36.20000076293945,3.32,0.9404305308394397,0.7405871152877808
2011-10-10,0,0.8387339817599507,92.08969116210938,33.02000045776367,3.32,0.95823913594271,0.544420599937439
2011-10-11,0,0.8657218242253757,92.1820297241211,32.86000061035156,3.32,0.8754026587640769,0.5927733182907104
2011-10-12,0,0.8052498684219144,92.99068450927734,31.26000022888184,3.33,0.6993257506240353,0.42987674474716187
2011-10-13,0,0.8430690509443374,92.80584716796876,30.700000762939453,3.2900000000000005,0.4250723966123461,0.5680413246154785
2011-10-14,0,0.6965658252468557,94.39225006103516,28.239999771118164,3.26,0.2918212000160929,0.2785188555717468
2011-10-17,0,1.1000669494636832,92.59024047851562,33.38999938964844,3.26,0.36750224634919276,0.23893395066261292
2011-10-18,0,0.7624907113466238,94.39997863769533,31.559999465942383,3.23,0.30541612622908215,0.17371711134910583
2011-10-19,0,0.9380376039626468,93.28331756591795,34.439998626708984,3.2099999999999995,0.38612018800233455,0.15142565965652466
2011-10-20,0,0.6768167307715864,93.69149780273438,34.779998779296875,3.2,0.5270305344784819,0.17071737349033356
2011-10-21,0,0.0945090578323035,95.4704360961914,31.31999969482422,3.18,0.22619152338410914,0.1853335201740265
2011-10-24,0,-0.0640560709133186,96.6409912109375,29.26000022888184,3.16,0.16794700644902769,0.1590973436832428
2011-10-25,0,0.3799214116317376,94.76192474365234,32.220001220703125,3.14,0.2271767945481339,0.13482004404067993
2011-10-26,0,0.2369287929147372,95.72457122802734,29.86000061035156,3.1,0.23522568805479696,0.14003947377204895
2011-10-27,0,-0.4522898226079424,99.05914306640624,25.459999084472656,3.04,0.06103491233488821,0.14447595179080963
2011-10-28,0,-0.4774708761994812,99.03602600097656,24.530000686645508,2.99,0.021288530179328857,0.08871579170227051
2011-10-31,0,-0.2104000629964287,96.6487045288086,29.959999084472656,3.0200000000000005,0.15416819090632997,0.10019661486148834
2011-11-01,0,0.0067605416225586,93.95329284667967,34.77000045776367,3.03,0.8182314652758848,0.43235307931900024
2011-11-02,0,-0.0325318242174266,95.48582458496094,32.7400016784668,3.03,0.7909741716672485,0.3611702620983124
2011-11-03,0,-0.1064992244929936,97.22626495361328,30.5,3.04,0.42805748576593733,0.1269722431898117
2011-11-04,0,0.088762151876983,96.63331604003906,30.15999984741211,3.06,0.4816264637525511,0.1551191657781601
2011-11-07,0,-0.0686893890355294,97.2339324951172,29.850000381469727,3.02,0.5511614619240662,0.13555437326431274
2011-11-08,0,0.0222500945181491,98.48155212402344,27.479999542236328,3.0500000000000003,0.576357024072896,0.09746300429105759
2011-11-09,0,0.6975548458384756,94.84662628173828,36.15999984741211,3.08,0.9478594505061073,0.7946489453315735
2011-11-10,0,0.6271101400732169,95.73998260498048,32.810001373291016,3.14,0.9184617530453534,0.8245618343353271
2011-11-11,0,0.3659306644974827,97.54199981689452,30.040000915527344,3.14,0.8098979940476715,0.41456031799316406
2011-11-14,0,0.5850227177606563,96.61790466308594,31.1299991607666,3.13,0.8217460995304136,0.6666401028633118
2011-11-15,0,0.4297657467120419,97.09535217285156,31.21999931335449,3.14,0.7865407555795966,0.6793655753135681
2011-11-16,0,0.8085820788864252,95.55512237548828,33.5099983215332,3.17,0.9601759619855472,0.9350934028625488
2011-11-17,0,0.8610397808066971,94.03801727294922,34.5099983215332,3.16,0.971295697952028,0.9217588901519775
2011-11-18,0,0.7656112090612828,93.93789672851562,32.0,3.140000000000001,0.8992863421595685,0.8589831590652466
2011-11-21,0,1.0654106515854525,92.1512451171875,32.90999984741211,3.1500000000000004,0.9319272757071371,0.9192522764205933
2011-11-22,0,1.152269198095332,91.78929901123048,31.96999931335449,3.1700000000000004,0.9164385261846919,0.9205484390258789
2011-11-23,0,1.220150282550878,89.76390838623047,33.97999954223633,3.1500000000000004,0.958500970233208,0.9270426630973816
2011-11-25,0,1.3471668032658393,89.59452056884766,34.470001220703125,3.1800000000000006,0.9688576027246858,0.9498317241668701
2011-11-28,0,1.292800007620184,92.18977355957033,32.130001068115234,3.1900000000000004,0.9414723643572442,0.8570496439933777
2011-11-29,0,1.2433138043688583,92.4516372680664,30.63999938964844,3.22,0.9255150498480049,0.7912750244140625
2011-11-30,0,0.7316222090654639,96.25595092773438,27.799999237060547,3.24,0.8756741647903692,0.4745643436908722
2011-12-01,0,0.5975342150183479,96.24051666259766,27.40999984741211,3.3000000000000003,0.9107134038525958,0.45253124833106995
2011-12-02,0,0.6364778956902573,96.15582275390624,27.520000457763672,3.24,0.8634868686868074,0.43689602613449097
2011-12-05,0,0.7053314068213208,97.20318603515624,27.84000015258789,3.25,0.750653446579239,0.31458449363708496
2011-12-06,0,0.6818173919770505,97.2339324951172,28.1299991607666,3.26,0.7353803522479525,0.29975757002830505
2011-12-07,0,0.7152425806128916,97.59590911865234,28.670000076293945,3.26,0.42902078994069653,0.3494507968425751
2011-12-08,0,1.0158929044886469,95.4550323486328,30.59000015258789,3.26,0.546968229729987,0.35221728682518005
2011-12-09,0,0.5029700500492598,97.072265625,26.3799991607666,3.28,0.3613806554699296,0.2287920117378235
2011-12-12,0,0.6181297065003549,95.65528106689452,25.670000076293945,3.27,0.1778960626350351,0.21489349007606506
2011-12-13,0,0.8092139979198715,94.76192474365234,25.40999984741211,3.29,0.19549785319236512,0.32120656967163086
2011-12-14,0,0.7739393249271448,93.75310516357422,26.040000915527344,3.24,0.17790440839106728,0.2880497872829437
2011-12-15,0,0.774129334941887,94.09192657470705,25.11000061035156,3.2700000000000005,0.2792089725171004,0.2536815404891968
2011-12-16,0,0.6076851892212948,94.2314224243164,24.290000915527344,3.26,0.15845991077754762,0.20516075193881989
2011-12-19,0,0.5913098356791376,93.22394561767578,24.920000076293945,3.26,0.28585660715550926,0.21173012256622314
2011-12-20,0,0.3198802907266733,96.04492950439452,23.21999931335449,3.27,0.2960608523414764,0.133077472448349
2011-12-21,0,0.1303670265621718,96.23092651367188,21.43000030517578,3.3000000000000003,0.2526653973240296,0.1609734445810318
2011-12-22,0,0.0114969228496903,97.08338928222656,21.15999984741211,3.29,0.2156563681678817,0.10364744067192078
2011-12-23,0,-0.201425573370182,97.9513931274414,20.729999542236328,3.32,0.2471356699082319,0.06959857046604156
2011-12-27,0,-0.1983276417977503,98.02887725830078,21.90999984741211,3.3000000000000003,0.375137514615984,0.07917695492506027
2011-12-28,0,0.1040077503241408,96.74240112304688,23.520000457763672,3.25,0.31085072279064274,0.10515838116407394
2011-12-29,0,0.0457906441145016,97.74215698242188,22.64999961853028,3.28,0.2430240568187963,0.1102973222732544
2011-12-30,0,0.3707668943949684,97.26166534423828,23.39999961853028,3.2700000000000005,0.2223017890511282,0.1031557098031044
2012-01-03,0,0.261986150561168,98.8116455078125,22.96999931335449,3.29,0.18800048934011082,0.06361394375562668
2012-01-04,0,0.2203301453685683,98.96665954589844,22.21999931335449,3.3,0.13565217603799576,0.07197944819927216
2012-01-05,0,0.205903409061672,99.23016357421876,21.479999542236328,3.27,0.15062129579121813,0.06879618018865585
2012-01-06,0,0.1852866248142959,98.97441864013672,20.6299991607666,3.27,0.0927193627963044,0.06984405219554901
2012-01-09,0,0.2184879755271251,99.21463012695312,21.06999969482422,3.28,0.12671244690251862,0.05892791971564293
2012-01-10,0,-0.0496091613674454,100.07486724853516,20.690000534057617,3.25,0.06024998405456137,0.044496212154626846
2012-01-11,0,0.0979668145672585,100.1291275024414,21.049999237060547,3.2700000000000005,0.07142317031816632,0.04590883105993271
2012-01-12,0,-0.0493360607177291,100.36936950683594,20.46999931335449,3.27,0.06763318601485382,0.03994302079081535
2012-01-13,0,-0.0985408790388475,99.85013580322266,20.90999984741211,3.24,0.0914882681921941,0.04066215083003044
2012-01-17,0,-0.151493613489149,100.23765563964844,22.200000762939453,3.24,0.1526217064565252,0.0734977200627327
2012-01-18,0,-0.250297406393719,101.34581756591795,20.88999938964844,3.25,0.10466206236423402,0.05119512975215912
2012-01-19,0,-0.3554429600932514,101.8806381225586,19.8700008392334,3.2200000000000006,0.06718917536748979,0.06215737387537956
2012-01-20,0,-0.5032792556577314,102.26036834716795,18.280000686645508,3.24,0.033119869501790675,0.09461179375648499
2012-01-23,0,-0.2545247703144724,101.9968490600586,18.670000076293945,3.24,0.05000489327456159,0.05026032403111458
2012-01-24,0,-0.2130239950944235,101.8806381225586,18.90999984741211,3.25,0.05659404294621423,0.05026032403111458
2012-01-25,0,-0.1691837036157319,102.73311614990234,18.309999465942383,3.3100000000000005,0.04939473247144373,0.14660774171352386
2012-01-26,0,-0.0980414910143872,102.20613098144533,18.56999969482422,3.28,0.04829572053586986,0.11356326937675476
2012-01-27,0,-0.0946104925976726,102.15961456298828,18.530000686645508,3.28,0.051786959780046014,0.10681431740522385
2012-01-30,0,-0.1622433920570027,101.8108367919922,19.39999961853028,3.25,0.07739714940052628,0.10009453445672989
2012-01-31,0,-0.1002154916672051,101.77212524414062,19.440000534057617,3.24,0.09472066500683408,0.0868271067738533
2012-02-01,0,-0.2214895042628042,102.6633758544922,18.549999237060547,3.25,0.055544077055398995,0.09926392883062363
2012-02-02,0,-0.1506563403871588,102.82608795166016,17.979999542236328,3.25,0.055290735453327286,0.10669663548469543
2012-02-03,0,-0.2628962877044101,104.26758575439452,17.100000381469727,3.2600000000000007,0.048799439991197464,0.11634837836027145
2012-02-06,0,-0.2590501898895864,104.19783020019533,17.760000228881836,3.2200000000000006,0.05954880852006648,0.08419503271579742
2012-02-07,0,-0.3340186511207282,104.46131896972656,17.649999618530273,3.1900000000000004,0.06731272804224228,0.08382271230220795
2012-02-08,0,-0.3404627732605636,104.77133178710938,18.15999984741211,3.17,0.06475203392548795,0.08030247688293457
2012-02-09,0,-0.2615622795834421,104.9030990600586,18.6299991607666,3.18,0.08483945575160673,0.09749427437782288
2012-02-10,0,-0.1311343977871644,104.12811279296876,20.790000915527344,3.17,0.14325064535199822,0.33449673652648926
2012-02-13,0,-0.2191618864104176,104.9030990600586,19.040000915527344,3.1899999999999995,0.11160591718794502,0.1923425793647766
2012-02-14,0,-0.2387452612022185,104.77133178710938,19.540000915527344,3.18,0.12512341773721908,0.27159175276756287
2012-02-15,0,-0.1049967161097711,104.2830810546875,21.13999938964844,3.1900000000000004,0.2201770365752856,0.27588459849357605
2012-02-16,0,-0.2117104472427585,105.43783569335938,19.21999931335449,3.17,0.12394312074921174,0.25874194502830505
2012-02-17,0,-0.2575286290278385,105.7168426513672,17.780000686645508,3.17,0.08087724212551034,0.1960592269897461
2012-02-21,0,-0.2438760220860144,105.76331329345705,18.190000534057617,3.1500000000000004,0.0734509016967874,0.16444769501686096
2012-02-22,0,-0.2426707376530712,105.4223403930664,18.190000534057617,3.1500000000000004,0.0897902307832578,0.20254512131214142
2012-02-23,0,-0.3511334621377253,105.88732147216795,16.799999237060547,3.14,0.060980722449846904,0.107639841735363
2012-02-24,0,-0.3112120218835706,106.1198501586914,17.309999465942383,3.12,0.054640055930240426,0.07893673330545425
2012-02-27,0,-0.31997994434914,106.29808807373048,18.190000534057617,3.12,0.08208861952518708,0.09913688898086548
2012-02-28,0,-0.3532590685913678,106.60806274414062,17.959999084472656,3.12,0.09234409407663023,0.08244214951992035
2012-02-29,0,-0.3543329917357883,106.18960571289062,18.43000030517578,3.1,0.12594884358335542,0.10209384560585022
2012-03-01,0,-0.4415653157970154,106.73980712890624,17.260000228881836,3.1,0.08849407106222089,0.061769891530275345
2012-03-02,0,-0.3728763139640951,106.41436004638672,17.290000915527344,3.09,0.0847932545065795,0.05087518319487572
2012-03-05,0,-0.2809013788820507,105.98030853271484,18.049999237060547,3.1100000000000003,0.1088666670615798,0.06928716599941254
2012-03-06,0,0.011693870730194,104.43035125732422,20.8700008392334,3.1,0.2965424884048896,0.3784007132053375
2012-03-07,0,-0.1033983280544689,105.1588363647461,19.06999969482422,3.11,0.24601881912257637,0.2511551082134247
2012-03-08,0,-0.2002192739153898,106.20510864257812,17.950000762939453,3.11,0.14435543577125604,0.1455647349357605
2012-03-09,0,-0.2422822523214147,106.61581420898438,17.110000610351562,3.1100000000000003,0.11169393406047733,0.09686723351478577
2012-03-12,0,-0.3195641683194327,106.6235580444336,15.640000343322754,3.09,0.06564814047169232,0.10846924781799316
2012-03-13,0,-0.5335781970560173,108.5455551147461,14.800000190734863,3.08,0.07138547153054298,0.08299984782934189
2012-03-14,0,-0.4657013773388357,108.4293441772461,15.3100004196167,3.0700000000000003,0.06973790217616804,0.07896574586629868
2012-03-15,0,-0.5055356184464677,109.05704498291016,15.420000076293944,3.0700000000000003,0.06736660628928236,0.08421532809734344
2012-03-16,0,-0.618370938792402,109.20806121826172,14.470000267028809,3.04,0.041586496807041164,0.08365161716938019
2012-03-19,0,-0.5552773721641325,109.63616180419922,15.039999961853027,3.03,0.06053580540364903,0.07007931917905807
2012-03-20,0,-0.5050089084007424,109.31705474853516,15.579999923706056,3.0200000000000005,0.051424449977623785,0.06499136984348297
2012-03-21,0,-0.5326607032272526,109.13801574707033,15.130000114440918,3.0,0.04997494279277541,0.0760275349020958
2012-03-22,0,-0.474378704679923,108.35179901123048,15.56999969482422,3.01,0.060581774613483616,0.07460242509841919
2012-03-23,0,-0.4970973310752332,108.70211791992188,14.81999969482422,3.01,0.054014406389839814,0.06870868057012558
2012-03-26,0,-0.5986329257483476,110.22774505615234,14.260000228881836,3.01,0.04128001136091165,0.06567353010177612
2012-03-27,0,-0.4749783719843032,109.88523864746094,15.59000015258789,3.04,0.08504805338183738,0.11539684236049652
2012-03-28,0,-0.439853109683919,109.3403778076172,15.470000267028809,3.03,0.1066429761072566,0.09009332209825516
2012-03-29,0,-0.4545445036570255,109.15357208251952,15.479999542236328,3.03,0.14465414395362655,0.10667844116687775
2012-03-30,0,-0.3978841025070383,109.60504150390624,15.5,3.07,0.17032751119787262,0.0986749455332756
2012-04-02,0,-0.4493967937381803,110.40673828125,15.640000343322754,3.08,0.13669524021347218,0.09226548671722412
2012-04-03,0,-0.4742869354116927,109.95532989501952,15.65999984741211,3.0600000000000005,0.1379194515602681,0.1326581835746765
2012-04-04,0,-0.4497765558023924,108.86553192138672,16.440000534057617,3.08,0.27799715567393257,0.18699470162391663
2012-04-05,0,-0.3777997684694081,108.81108856201172,16.700000762939453,3.0900000000000003,0.3568515813878513,0.18699470162391663
2012-04-09,0,-0.1281868304935572,107.58901977539062,18.809999465942383,3.11,0.5897847290112599,0.41381019353866577
2012-04-10,0,0.1064765867134466,105.78314208984376,20.38999938964844,3.140000000000001,0.7715484960469132,0.5233559608459473
2012-04-11,0,0.0628273263914075,106.63937377929688,20.020000457763672,3.16,0.7509772550425988,0.32030707597732544
2012-04-12,0,-0.0372504239073526,108.0326690673828,17.200000762939453,3.1500000000000004,0.49635722203838145,0.3527083694934845
2012-04-13,0,0.1253013343300441,106.74837493896484,19.549999237060547,3.15,0.6644682338571639,0.41115930676460266
2012-04-16,0,0.1488005649184869,106.67833709716795,19.549999237060547,3.14,0.7189180142868844,0.40018948912620544
2012-04-17,0,0.0153601295912809,108.2584228515625,18.459999084472656,3.14,0.6976675565463317,0.3159472346305847
2012-04-18,0,0.0784659663906264,107.89258575439452,18.63999938964844,3.1500000000000004,0.6083141174403168,0.2781813144683838
2012-04-19,0,0.0857578235218328,107.19985961914062,18.36000061035156,3.15,0.5030355566172185,0.21829557418823242
2012-04-20,0,0.0507601052037938,107.37885284423828,17.440000534057617,3.17,0.48968443855642535,0.25944727659225464
2012-04-23,0,0.1035998495357207,106.47589111328124,18.96999931335449,3.16,0.6033326630737877,0.38452979922294617
2012-04-24,0,0.0459308555020018,106.88069915771484,18.100000381469727,3.1500000000000004,0.37539951607572114,0.2367410659790039
2012-04-25,0,0.0194850041523329,108.34407043457033,16.81999969482422,3.17,0.272540090648873,0.22105403244495392
2012-04-26,0,-0.0436823778875003,109.09909057617188,16.239999771118164,3.19,0.24040269071029355,0.12190774083137512
2012-04-27,0,-0.0860372223068203,109.2781219482422,16.31999969482422,3.1900000000000004,0.21814501590869015,0.12190774083137512
2012-04-30,0,-0.0280748467617407,108.87335968017578,17.149999618530273,3.2,0.3249153515346829,0.18070046603679657
2012-05-01,0,-0.0388223653724554,109.55056762695312,16.600000381469727,3.22,0.2783834876684702,0.13865159451961517
2012-05-02,0,-0.007767092547741,109.2236328125,16.8799991607666,3.1900000000000004,0.18343782077465137,0.1054362952709198
2012-05-03,0,0.0254932780431233,108.39076232910156,17.559999465942383,3.18,0.19209407864828432,0.12736627459526062
2012-05-04,0,0.1435096460073923,106.63937377929688,19.15999984741211,3.1899999999999995,0.34796379042785514,0.397405743598938
2012-05-07,0,0.1088678610044888,106.71720886230467,18.940000534057617,3.18,0.36444225073319586,0.2355465590953827
2012-05-08,0,0.0795612640854004,106.2890853881836,19.049999237060547,3.1900000000000004,0.32848573439699236,0.38656195998191833
2012-05-09,0,0.0943961928013597,105.65861511230467,20.07999992370605,3.22,0.48912290850299756,0.40675094723701477
2012-05-10,0,0.0622579849661483,105.8765869140625,18.82999992370605,3.21,0.32283193314544933,0.10765340179204941
2012-05-11,0,0.2198351906711461,105.55743408203124,19.88999938964844,3.22,0.4937473342471614,0.19103258848190308
2012-05-14,0,0.2926675853043898,104.38983917236328,21.8700008392334,3.22,0.6917402892864705,0.3011196255683899
2012-05-15,0,0.355951064275511,103.79046630859376,21.96999931335449,3.24,0.7205925125719501,0.32306843996047974
2012-05-16,0,0.4951901333400639,103.39350128173828,22.270000457763672,3.25,0.7504855658933717,0.30784696340560913
2012-05-17,0,0.6217950654332521,101.86006927490234,24.489999771118164,3.2299999999999995,0.8582655576996205,0.4393898546695709
2012-05-18,0,0.7184406690633033,100.98824310302734,25.100000381469727,3.2700000000000005,0.9043480489963048,0.5404890775680542
2012-05-21,0,0.4573910062505558,102.72406768798828,22.01000022888184,3.25,0.7808820721004849,0.37284550070762634
2012-05-22,0,0.5578341182882098,102.90310668945312,22.479999542236328,3.34,0.8234910469640457,0.7025406956672668
2012-05-23,0,0.5521137535421572,102.9576187133789,22.32999992370605,3.33,0.7608061983755613,0.5215452313423157
2012-05-24,0,0.6365259373412263,103.15995025634766,21.540000915527344,3.36,0.7540381562594602,0.5348398685455322
2012-05-25,0,0.719983988117089,102.8252944946289,21.76000022888184,3.37,0.7583182592332145,0.5359718799591064
2012-05-29,0,0.6391976653778797,104.07068634033205,21.030000686645508,3.38,0.6071776584310786,0.5407320857048035
2012-05-30,0,0.8659370759212096,102.56063079833984,24.13999938964844,3.4000000000000004,0.7543875370736918,0.6956318020820618
2012-05-31,0,0.9068112389044268,102.3348617553711,24.059999465942383,3.4000000000000004,0.7495641977043179,0.6555241942405701
2012-06-01,0,1.159972623695393,99.7583999633789,26.65999984741211,3.41,0.8776439252014284,0.8398635387420654
2012-06-04,0,1.0705245479239098,99.71170806884766,26.1200008392334,3.3999999999999995,0.8611078453484722,0.6931142807006836
2012-06-05,0,0.8638983614090829,100.46675872802734,24.68000030517578,3.3999999999999995,0.6739251886358028,0.631799042224884
2012-06-06,0,0.6416409137637697,102.72406768798828,22.15999984741211,3.41,0.4981522168779592,0.6449848413467407
2012-06-07,0,0.6264195869167901,102.78633880615234,21.71999931335449,3.43,0.4032026552305311,0.6579549312591553
2012-06-08,0,0.5360349409998636,103.60364532470705,21.229999542236328,3.44,0.5013874625916376,0.4909708499908447
2012-06-11,0,0.7580445357845477,102.28816223144533,23.559999465942383,3.4599999999999995,0.6242359905872581,0.6153632402420044
2012-06-12,0,0.5512708633163371,103.46354675292967,22.09000015258789,3.43,0.45788319987153214,0.41561150550842285
2012-06-13,0,0.6139298595979199,102.80193328857422,24.270000457763672,3.43,0.45104099516798146,0.3717172145843506
2012-06-14,0,0.3453511096978438,103.89165496826172,21.68000030517578,3.4000000000000004,0.2524022784317929,0.2012934684753418
2012-06-15,0,0.2673856327673813,104.95417785644533,21.11000061035156,3.4199999999999995,0.16686066349423312,0.10144281387329102
2012-06-18,0,0.0385601917505448,105.1576156616211,18.31999969482422,3.42,0.09543340675299773,0.152051642537117
2012-06-19,0,-0.0966132149437462,106.17478942871094,18.3799991607666,3.41,0.06279539816567117,0.07795268297195435
2012-06-20,0,-0.0773510878568628,106.00262451171876,17.239999771118164,3.3800000000000003,0.04479784044422821,0.08239442110061646
2012-06-21,0,0.1458163113258357,103.6240463256836,20.07999992370605,3.3500000000000005,0.11016330529656504,0.12759186327457428
2012-06-22,0,0.0333934034059637,104.42215728759766,18.11000061035156,3.36,0.06451144842239037,0.13680195808410645
2012-06-25,0,0.2446811074763399,102.74778747558594,20.3799991607666,3.3600000000000003,0.14367891260687016,0.23569278419017792
2012-06-26,0,0.1257079157973997,103.26412963867188,19.71999931335449,3.34,0.09489509676854345,0.1424407809972763
2012-06-27,0,0.1510786364977155,104.19523620605467,19.450000762939453,3.35,0.09602021434725931,0.08416683971881866
2012-06-28,0,0.1237751408165933,103.89789581298828,19.709999084472656,3.37,0.187109893773978,0.13665542006492615
2012-06-29,0,-0.1257313330500218,106.4877471923828,17.079999923706055,3.39,0.08616254540248416,0.1641792505979538
2012-07-02,0,-0.3083590280667512,106.80856323242188,16.799999237060547,3.3999999999999995,0.10954045842578171,0.08853078633546829
2012-07-03,0,-0.3405582598340979,107.5127182006836,16.65999984741211,3.41,0.11483238318792714,0.08853078633546829
2012-07-05,0,-0.182724206359863,107.02759552001952,17.5,3.43,0.12512828808030424,0.08837215602397919
2012-07-06,0,-0.0309351963657997,106.01046752929688,17.100000381469727,3.41,0.13838824607756361,0.1219727024435997
2012-07-09,0,0.0181144826973327,105.8774642944336,17.979999542236328,3.41,0.11788788838661846,0.09158413112163544
2012-07-10,0,0.1145422844472696,104.95417785644533,18.71999931335449,3.39,0.1514879306000613,0.1470116674900055
2012-07-11,0,-0.0640560178589314,104.96984100341795,17.950000762939453,3.3600000000000003,0.08640231282007904,0.11836084723472595
2012-07-12,0,0.0765007080167032,104.46123504638672,18.32999992370605,3.37,0.1233840246041249,0.12140534073114395
2012-07-13,0,-0.1405465666355879,106.21389770507812,16.739999771118164,3.37,0.10542225429342961,0.08711749315261841
2012-07-16,0,-0.0827632173567913,105.9635009765625,17.110000610351562,3.35,0.091642198021101,0.056423619389534
2012-07-17,0,-0.0893430007664641,106.6911849975586,16.479999542236328,3.35,0.09930795521329955,0.06680310517549515
2012-07-18,0,-0.1818012774130494,107.48143768310548,16.15999984741211,3.33,0.07747312355900285,0.06217968091368675
2012-07-19,0,-0.145669987601929,107.76307678222656,15.449999809265137,3.34,0.0705462525301841,0.04932449758052826
2012-07-20,0,-0.1296000057709694,106.77725219726562,16.270000457763672,3.31,0.05474808141401281,0.04426700994372368
2012-07-23,0,-0.1110540932138045,105.69750213623048,18.6200008392334,3.3100000000000005,0.15885259304035157,0.10550254583358765
2012-07-24,0,0.023932679615984,104.78986358642578,20.46999931335449,3.2900000000000005,0.2646831564505042,0.1363144814968109
2012-07-25,0,-0.1080858401743822,104.8133316040039,19.34000015258789,3.3000000000000007,0.20153972700857656,0.10680683702230453
2012-07-26,0,-0.2603967706949265,106.54248046875,17.530000686645508,3.3,0.10604409424839206,0.12519463896751404
2012-07-27,0,-0.3797684138092062,108.5063934326172,16.700000762939453,3.29,0.08971696576700383,0.09265156835317612
2012-07-30,0,-0.4152740731022641,108.5063934326172,18.030000686645508,3.26,0.09626750468453955,0.09470605105161667
2012-07-31,0,-0.1453258310422497,107.74744415283205,18.93000030517578,3.2700000000000005,0.18086862664695794,0.11624830961227417
2012-08-01,0,-0.1456189806623069,107.65355682373048,18.959999084472656,3.26,0.1861768069337772,0.10717690736055374
2012-08-02,0,-0.1723380883922996,106.91022491455078,17.56999969482422,3.24,0.08124101325361704,0.08303157240152359
2012-08-03,0,-0.3533545707788849,109.0306167602539,15.640000343322754,3.26,0.03244805230225171,0.04918033257126808
2012-08-06,0,-0.47056157200513,109.24186706542967,15.949999809265137,3.24,0.026472712839335565,0.032303787767887115
2012-08-07,0,-0.509953012678756,109.78956604003906,15.989999771118164,3.24,0.03478032457865555,0.04500843212008476
2012-08-08,0,-0.6406701811249141,109.9225845336914,15.31999969482422,3.2300000000000004,0.02934942434246322,0.04040312394499779
2012-08-09,0,-0.6454811855758059,110.0164794921875,15.279999732971191,3.23,0.04189247853169174,0.05041337385773659
2012-08-10,0,-0.7161482210275687,110.19642639160156,14.739999771118164,3.23,0.02010692586034384,0.0366271510720253
2012-08-13,0,-0.6045671506376611,110.1416244506836,13.699999809265137,3.24,0.01574537245901336,0.04558512195944786
2012-08-14,0,-0.5376440160184794,110.15730285644533,14.850000381469728,3.2500000000000004,0.023612122513109512,0.036986369639635086
2012-08-15,0,-0.4399007889882093,110.28253936767578,14.630000114440918,3.2700000000000005,0.027621469400266763,0.029940815642476082
2012-08-16,0,-0.481877381190863,111.09619140625,14.289999961853027,3.26,0.0220689554544119,0.04018501564860344
2012-08-17,0,-0.5362795673495583,111.24483489990234,13.449999809265137,3.25,0.014989607952744195,0.049672309309244156
2012-08-20,0,-0.6418529540997132,111.25270080566406,14.020000457763672,3.2299999999999995,0.019036367651392654,0.037708431482315063
2012-08-21,0,-0.6541431141972278,110.91624450683594,15.020000457763672,3.2300000000000004,0.03323327038779241,0.03634742647409439
2012-08-22,0,-0.7572001715217024,110.96316528320312,15.109999656677246,3.22,0.04006654609436945,0.047422729432582855
2012-08-23,0,-0.7108328993335317,110.05558776855467,15.960000038146973,3.2,0.04419649233228829,0.05179288238286972
2012-08-24,0,-0.6254476065064559,110.72071075439452,15.18000030517578,3.21,0.033816841403686036,0.030804548412561417
2012-08-27,0,-0.4797096109410377,110.74410247802734,16.350000381469727,3.19,0.04652794799679031,0.041699569672346115
2012-08-28,0,-0.4587452843744194,110.63452911376952,16.489999771118164,3.1900000000000004,0.059009076927433006,0.041699569672346115
2012-08-29,0,-0.4936036167650785,110.72071075439452,17.059999465942383,3.1899999999999995,0.08187906218104751,0.05863729491829872
2012-08-30,0,-0.3674994426894453,109.9225845336914,17.829999923706055,3.2,0.16419034574982494,0.06286310404539108
2012-08-31,0,-0.4495526106693833,110.44680786132812,17.469999313354492,3.21,0.10819880254174052,0.06362181156873703
2012-09-04,0,-0.3379360135335422,110.34506225585938,17.979999542236328,3.18,0.09897094366903444,0.05619509518146515
2012-09-05,0,-0.3219530717769985,110.25114440917967,17.739999771118164,3.18,0.09382327127708749,0.05619509518146515
2012-09-06,0,-0.5167092595702584,112.48890686035156,15.600000381469728,3.1900000000000004,0.04896178478691337,0.07345706969499588
2012-09-07,0,-0.5643139110625816,112.9271240234375,14.380000114440918,3.2,0.0307620674062813,0.03925574943423271
2012-09-10,0,-0.414481647793525,112.28549194335938,16.280000686645508,3.2,0.056584895387204605,0.055862899869680405
2012-09-11,0,-0.4786748201688165,112.59846496582033,16.40999984741211,3.18,0.06153473401740281,0.0532073937356472
2012-09-12,0,-0.5372823146695492,112.9740219116211,15.800000190734863,3.18,0.052219137602842275,0.05165804550051689
2012-09-13,0,-0.6549545373495348,114.69532012939452,14.050000190734863,3.21,0.01861554260637376,0.03559833765029907
2012-09-14,0,-0.8447402523717423,115.20393371582033,14.510000228881836,3.1500000000000004,0.01106451813820807,0.020037952810525894
2012-09-17,0,-0.8336993480531071,114.81273651123048,14.59000015258789,3.12,0.01172047138361715,0.01836450584232807
2012-09-18,0,-0.9224453003479024,114.71875762939452,14.18000030517578,3.09,0.008833840309754938,0.016663210466504097
2012-09-19,0,-0.9982143342860378,114.78138732910156,13.880000114440918,3.0700000000000003,0.007274868885154163,0.016663210466504097
2012-09-20,0,-1.104657656475547,114.78929138183594,14.06999969482422,3.04,0.004813982116266861,0.017312129959464073
2012-09-21,0,-1.0321336837959365,114.74129486083984,13.979999542236328,3.06,0.005728542759944586,0.01771649718284607
2012-09-24,0,-1.2004404921018577,114.56817626953124,14.149999618530272,3.02,0.005863264827189834,0.021493680775165558
2012-09-25,0,-0.9476070615469544,113.34899139404295,15.43000030517578,3.03,0.01589463545182084,0.04237091541290283
2012-09-26,0,-0.8186620107347045,112.71184539794922,16.809999465942383,3.03,0.037443795494812346,0.052288565784692764
2012-09-27,0,-0.9430009870404308,113.77375793457033,14.84000015258789,3.05,0.023596800293983786,0.04166146740317345
2012-09-28,0,-0.7806307895907904,113.24674224853516,15.729999542236328,3.07,0.03840571552135495,0.04933818057179451
2012-10-01,0,-0.8612548920547954,113.5456314086914,16.31999969482422,3.0600000000000005,0.05639755431019069,0.05079689249396324
2012-10-02,0,-0.9150377721393272,113.66361236572266,15.710000038146973,3.04,0.05437362558661744,0.04697740450501442
2012-10-03,0,-1.0015817168402588,114.12771606445312,15.43000030517578,3.03,0.054597574146487554,0.05816507339477539
2012-10-04,0,-1.240246371501417,114.94580841064452,14.550000190734863,2.99,0.01824259778771925,0.035526469349861145
2012-10-05,0,-1.0874708807171984,114.95366668701172,14.329999923706056,2.9800000000000004,0.016460227082627676,0.04755953699350357
2012-10-08,0,-0.9635260672992416,114.5603256225586,15.109999656677246,2.9800000000000004,0.02387369608106114,0.06667061150074005
2012-10-09,0,-0.9867655003883704,113.42760467529295,16.3700008392334,2.93,0.03728270040339416,0.06965478509664536
2012-10-10,0,-0.9818263933693644,112.7039566040039,16.290000915527344,2.9000000000000004,0.034318048109382625,0.060109060257673264
2012-10-11,0,-1.0691641610894502,112.76691436767578,15.59000015258789,2.87,0.01572627596892182,0.057060983031988144
2012-10-12,0,-0.907808791823233,112.39718627929688,16.139999389648438,2.85,0.01703808529362055,0.06047903001308441
2012-10-15,0,-1.0295769456710484,113.33328247070312,15.270000457763672,2.83,0.011765034255851067,0.057060983031988144
2012-10-16,0,-1.2104698585520126,114.48172760009766,15.220000267028809,2.8,0.01212886744940464,0.07757090032100677
2012-10-17,0,-1.3190198214151587,115.00083923339844,15.06999969482422,2.77,0.011365143333806893,0.09322977066040039
2012-10-18,0,-1.3918331090707474,114.7019500732422,15.029999732971191,2.72,0.009059406095952748,0.06502639502286911
2012-10-19,0,-1.0983397131244137,112.79045867919922,17.059999465942383,2.71,0.03224710282087009,0.16613325476646423
2012-10-22,0,-1.169237388688115,112.80624389648438,16.6200008392334,2.68,0.024016430025953068,0.1691666841506958
2012-10-23,0,-0.7532829820599057,111.24085998535156,18.82999992370605,2.7299999999999995,0.07619769494732544,0.17543809115886688
2012-10-24,0,-0.8033292417631529,110.92626190185548,18.32999992370605,2.74,0.07335573096264647,0.16796398162841797
2012-10-25,0,-0.8928786621070062,111.2487564086914,18.1200008392334,2.7299999999999995,0.06388811176854167,0.17107148468494415
2012-10-26,0,-0.7324974351858621,111.18586730957033,17.809999465942383,2.76,0.0933603007596735,0.15928563475608826
2012-10-31,0,-0.7709615131965633,111.18586730957033,18.600000381469727,2.7300000000000004,0.10962127987346613,0.1541927307844162
2012-11-01,0,-0.9082872685728972,112.35002136230467,16.690000534057617,2.75,0.07313320964729196,0.23006848990917206
2012-11-02,0,-0.6946891190465232,111.35098266601562,17.59000015258789,2.77,0.11141459198096541,0.1744755506515503
2012-11-05,0,-0.6684930831738707,111.57913970947266,18.420000076293945,2.74,0.1213833189752861,0.18308767676353455
2012-11-06,0,-0.7156338211054756,112.45226287841795,17.579999923706055,2.74,0.08345083691801916,0.1673172414302826
2012-11-07,0,-0.2921859314116855,109.90364837646484,19.07999992370605,2.78,0.2048449307276892,0.1758076250553131
2012-11-08,0,-0.2019206161674076,108.58219146728516,18.489999771118164,2.8,0.18327103299193312,0.17148660123348236
2012-11-09,0,-0.2458124176813686,108.67658996582033,18.61000061035156,2.8199999999999994,0.2373882675213992,0.14268498122692108
2012-11-12,0,-0.4474191345593514,108.76311492919922,16.68000030517578,2.8199999999999994,0.09816302503584046,0.1263025552034378
2012-11-13,0,-0.3466357358136856,108.38555145263672,16.649999618530273,2.8500000000000005,0.08413094108241946,0.08181408792734146
2012-11-14,0,-0.1110306890907407,106.9224624633789,17.920000076293945,2.87,0.22635440974097998,0.13219858705997467
2012-11-15,0,0.0477389117478136,106.74156951904295,17.989999771118164,2.9000000000000004,0.30601937011367547,0.10893668979406357
2012-11-16,0,-0.0299646241058662,107.26856231689452,16.40999984741211,2.9000000000000004,0.13659049228764136,0.07086759805679321
2012-11-19,0,-0.2456199086148024,109.43958282470705,15.239999771118164,2.91,0.08175194849744219,0.06256405264139175
2012-11-20,0,-0.3076468839787227,109.48680877685548,15.079999923706056,2.8999999999999995,0.055533660576669926,0.04683975502848625
2012-11-21,0,-0.4800898307340563,109.69131469726562,15.3100004196167,2.89,0.07336748458076542,0.04948253929615021
2012-11-23,0,-0.6153511922732777,111.18586730957033,15.140000343322754,2.89,0.06757051269347703,0.040504928678274155
2012-11-26,0,-0.6710980795312338,110.94982147216795,15.5,2.8999999999999995,0.0713780448977702,0.032614558935165405
2012-11-27,0,-0.5867547914820762,110.38352966308594,15.920000076293944,2.91,0.05647000433921158,0.03084341622889042
2012-11-28,0,-0.6678983662909407,111.27238464355467,15.510000228881836,2.91,0.04864975001102163,0.03272583708167076
2012-11-29,0,-0.6812435341185018,111.7915267944336,15.0600004196167,2.95,0.04132905481493019,0.03482366353273392
2012-11-30,0,-0.6006219680870086,111.8150863647461,15.869999885559082,2.95,0.035762628720520516,0.03613892197608948
2012-12-03,0,-0.3666112803114159,111.2645034790039,16.639999389648438,2.95,0.05849809060047493,0.1004566177725792
2012-12-04,0,-0.4056392655545042,111.10718536376952,17.1200008392334,2.9399999999999995,0.08655233535326709,0.11347893625497818
2012-12-05,0,-0.409902991341561,111.30382537841795,16.459999084472656,2.97,0.05566205285161712,0.08913175016641617
2012-12-06,0,-0.3691772712787073,111.68138122558594,16.579999923706055,2.96,0.040192550097357824,0.076060451567173
2012-12-07,0,-0.6942739116340464,112.01964569091795,15.899999618530272,2.96,0.02694202182961523,0.027734991163015366
2012-12-10,0,-0.8191031696374799,112.06684112548828,16.049999237060547,2.95,0.03290755532337707,0.04626500606536865
2012-12-11,0,-0.928231285494561,112.82981872558594,15.56999969482422,2.95,0.02656697105075979,0.02810036763548851
2012-12-12,0,-0.8980262142574217,112.8849105834961,15.949999809265137,2.9400000000000004,0.030598418291654765,0.053804341703653336
2012-12-13,0,-0.8317278567156562,112.19271850585938,16.559999465942383,2.92,0.04152395638148853,0.0809420496225357
2012-12-14,0,-0.9107175162429244,111.77581787109376,17.0,2.9000000000000004,0.06052411021688822,0.08395257592201233
2012-12-17,0,-1.1195986158879143,113.08940887451172,16.34000015258789,2.8999999999999995,0.0484836724638452,0.0809420496225357
2012-12-18,0,-1.2318067817074476,114.34796142578124,15.56999969482422,2.92,0.02124019551649717,0.028980085626244545
2012-12-19,0,-0.7728686194142593,113.4984130859375,17.360000610351562,2.89,0.05459336612165853,0.09058348834514618
2012-12-20,0,-0.779752960244989,114.15129852294922,17.670000076293945,2.89,0.09369172436428559,0.09127996861934662
2012-12-21,0,-0.6915077885404597,113.1151351928711,17.84000015258789,2.86,0.09943884675616757,0.11925353109836578
2012-12-24,0,-0.5162892251700816,112.7666015625,17.84000015258789,2.8600000000000003,0.08723401548881557,0.1018235832452774
2012-12-26,0,-0.2618348508662794,112.291259765625,19.479999542236328,2.87,0.1799940306967954,0.40727388858795166
2012-12-27,0,-0.3509693257355091,112.14073944091795,19.46999931335449,2.84,0.18735538551438677,0.39640918374061584
2012-12-28,0,0.277529324884504,110.92874908447266,22.71999931335449,2.85,0.6050487364815816,0.6184033751487732
2012-12-31,0,-0.4473213374900811,112.81412506103516,18.020000457763672,2.85,0.1346209629426481,0.11249876022338867
2013-01-02,0,-1.1326847600568737,115.70556640625,14.68000030517578,2.85,0.019357856878872644,0.07120467722415924
2013-01-03,0,-1.1884076784001358,115.44414520263672,14.5600004196167,2.84,0.0149130960289377,0.027176175266504288
2013-01-04,0,-1.390013073723351,115.95115661621094,13.829999923706056,2.8100000000000005,0.010255524782519046,0.03188418596982956
2013-01-07,0,-1.355607313589646,115.63428497314452,13.789999961853027,2.8,0.01275966774949825,0.03270786628127098
2013-01-08,0,-1.284427684603218,115.30155181884766,13.619999885559082,2.8100000000000005,0.010808763083386444,0.035966016352176666
2013-01-09,0,-1.2436746694310268,115.59466552734376,13.8100004196167,2.8100000000000005,0.007638358149953042,0.025097016245126724
2013-01-10,0,-1.370773935195721,116.5135726928711,13.489999771118164,2.8,0.006602763335677062,0.02724233828485012
2013-01-11,0,-1.3042930774085155,116.50565338134766,13.359999656677246,2.8000000000000007,0.005961858012575915,0.026795700192451477
2013-01-14,0,-1.261161355045428,116.42642974853516,13.520000457763672,2.8000000000000007,0.008529572699403817,0.02918902412056923
2013-01-15,0,-1.301299450657907,116.50565338134766,13.550000190734863,2.81,0.01193865174511882,0.036001056432724
2013-01-16,0,-1.2953578910660466,116.48977661132812,13.420000076293944,2.84,0.01231676123433263,0.02918902412056923
2013-01-17,0,-1.2125607480725746,117.24242401123048,13.56999969482422,2.8400000000000007,0.010291001267691504,0.026795700192451477
2013-01-18,0,-1.29306537997633,117.50384521484376,12.460000038146973,2.8200000000000003,0.005060811049571792,0.02837872877717018
2013-01-22,0,-1.424499583139208,118.13754272460938,12.43000030517578,2.8199999999999994,0.0051947495051747235,0.032377321273088455
2013-01-23,0,-1.3510950747951769,118.3276824951172,12.460000038146973,2.83,0.005991850754256996,0.02769233100116253
2013-01-24,0,-1.434566231218316,118.3593521118164,12.6899995803833,2.8200000000000003,0.00788460405289462,0.0236246008425951
2013-01-25,0,-1.4953885839238248,119.02481079101562,12.890000343322754,2.82,0.00885353483669729,0.027193648740649223
2013-01-28,0,-1.4329374399662118,118.88224029541016,13.56999969482422,2.8200000000000003,0.017404096221982815,0.032425522804260254
2013-01-29,0,-1.532639608020957,119.34962463378906,13.3100004196167,2.81,0.015579100874305588,0.032425522804260254
2013-01-30,0,-1.4214459905325094,118.88224029541016,14.31999969482422,2.8400000000000003,0.034881080333925195,0.05768066644668579
2013-01-31,0,-1.2355954261970268,118.58909606933594,14.279999732971191,2.82,0.021993632183251708,0.03786534070968628
2013-02-01,0,-1.2047004642415269,119.80906677246094,12.899999618530272,2.84,0.009490733336699258,0.03057476505637169
2013-02-04,0,-0.8616727178682888,118.46234893798828,14.670000076293944,2.85,0.035429920278557375,0.04187126085162163
2013-02-05,0,-1.0368301417351258,119.65853118896484,13.720000267028809,2.85,0.022836956909111434,0.0369432270526886
2013-02-06,0,-1.0899534405956386,119.7457046508789,13.40999984741211,2.8600000000000003,0.019950358859669313,0.03634371608495712
2013-02-07,0,-1.1066797733072622,119.58731079101562,13.5,2.85,0.02461045138596171,0.03634371608495712
2013-02-08,0,-1.1761792789236132,120.25269317626952,13.020000457763672,2.8599999999999994,0.014820828117342576,0.02642028033733368
2013-02-11,0,-1.1241130046466818,120.2289047241211,12.9399995803833,2.84,0.01703924149594011,0.037945814430713654
2013-02-12,0,-1.15659715134902,120.42694091796876,12.640000343322754,2.85,0.012561703220287086,0.034023214131593704
2013-02-13,0,-1.1407970324862058,120.5299301147461,12.979999542236328,2.84,0.015787011376912578,0.02911296859383583
2013-02-14,0,-1.1589683599519294,120.64080047607422,12.65999984741211,2.85,0.015968457212370033,0.02911296859383583
2013-02-15,0,-1.1641388742894092,120.49822998046876,12.460000038146973,2.8500000000000005,0.012934999638338354,0.022600779309868813
2013-02-19,0,-1.1698403836012012,121.4013214111328,12.3100004196167,2.86,0.013148590488434555,0.022799644619226456
2013-02-20,0,-0.7000880625059495,119.88826751708984,14.68000030517578,2.87,0.06672132828719828,0.06242358312010765
2013-02-21,0,-0.5077844442242211,119.15948486328124,15.220000267028809,2.87,0.11329851021573073,0.10429941862821579
2013-02-22,0,-0.7187812708612521,120.32398223876952,14.170000076293944,2.87,0.06487310613149995,0.05261937156319618
2013-02-25,0,0.105044191415516,118.03459930419922,18.989999771118164,2.89,0.6466054544577394,0.695500373840332
2013-02-26,0,-0.1461844555717193,118.84259033203124,16.8700008392334,2.9000000000000004,0.3449833485993517,0.15619733929634094
2013-02-27,0,-0.5496733608220404,120.33983612060548,14.729999542236328,2.8999999999999995,0.12666463605889972,0.09264806658029556
2013-02-28,0,-0.406243444394504,120.10221099853516,15.510000228881836,2.890000000000001,0.18317066547548422,0.10530545562505722
2013-03-01,0,-0.4841727311031263,120.49822998046876,15.359999656677246,2.8999999999999995,0.15192898979378366,0.08928225189447403
2013-03-04,0,-0.7288961050057261,121.1399154663086,14.010000228881836,2.9000000000000004,0.08627161470930769,0.04513018950819969
2013-03-05,0,-0.7747311911226671,122.22518920898438,13.479999542236328,2.9,0.05050063679235624,0.04326195642352104
2013-03-06,0,-0.9212961806752942,122.39154052734376,13.529999732971191,2.89,0.03392571336335301,0.03361823782324791
2013-03-07,0,-0.8817252918192574,122.61334991455078,13.0600004196167,2.89,0.027689402992632596,0.0273890420794487
2013-03-08,0,-0.9869662423265962,123.1361312866211,12.59000015258789,2.8800000000000003,0.018140785232357758,0.02846689336001873
2013-03-11,0,-1.174412247063957,123.60357666015624,11.5600004196167,2.870000000000001,0.008181246219267767,0.021625233814120293
2013-03-12,0,-0.9942400792734816,123.3263168334961,12.270000457763672,2.870000000000001,0.01048466374742285,0.021387098357081413
2013-03-13,0,-1.0876416276646834,123.50059509277344,11.829999923706056,2.85,0.008099488628593212,0.025786401703953743
2013-03-14,0,-1.133924112801854,124.15809631347656,11.300000190734863,2.88,0.006547894359573258,0.019665030762553215
2013-03-15,0,-1.0852805094378375,123.99422454833984,11.300000190734863,2.890000000000001,0.006497767958551589,0.0210797768086195
2013-03-18,0,-0.7394006618194298,123.3099136352539,13.359999656677246,2.91,0.027037146928618482,0.021787161007523537
2013-03-19,0,-0.6218336530087002,123.0234603881836,14.390000343322754,2.9000000000000004,0.055022177462242645,0.03252660483121872
2013-03-20,0,-0.8126203864638605,123.88282012939452,12.670000076293944,2.9000000000000004,0.02183804202675701,0.017162129282951355
2013-03-21,0,-0.7034120253013088,122.82453918457033,13.989999771118164,2.8999999999999995,0.04409209582644069,0.03563302755355835
2013-03-22,0,-0.9075568481404948,123.81120300292967,13.56999969482422,2.9000000000000004,0.039519052362355984,0.026950141414999962
2013-03-25,0,-0.7144749110573247,123.29402160644533,13.739999771118164,2.91,0.04469488299758566,0.03248875215649605
2013-03-26,0,-1.128599937404651,124.28062438964844,12.770000457763672,2.91,0.02984801918957021,0.03625039756298065
2013-03-27,0,-0.9711261681676828,124.28062438964844,13.149999618530272,2.93,0.032333950179508096,0.03280658647418022
2013-03-28,0,-0.8658002159550282,124.66259765625,12.699999809265137,2.96,0.0378029687420215,0.029736187309026718
2013-04-01,0,-0.8202848377750862,124.1692352294922,13.579999923706056,2.91,0.04681356418589253,0.029720282182097435
2013-04-02,0,-0.926134790289282,124.7819366455078,12.779999732971191,2.91,0.037038289713402506,0.028549758717417717
2013-04-03,0,-0.5898922293798728,123.5167465209961,14.210000038146973,2.91,0.07508091748471049,0.037763699889183044
2013-04-04,0,-0.6178885103891788,124.0180435180664,13.890000343322754,2.88,0.06157316634957192,0.03592289611697197
2013-04-05,0,-0.6417983997080478,123.46106719970705,13.920000076293944,2.8200000000000003,0.04546084421059783,0.030994772911071777
2013-04-08,0,-0.7748589740276319,124.29656219482422,13.1899995803833,2.8200000000000003,0.03548992153158549,0.038487229496240616
2013-04-09,0,-0.8018747366482338,124.72623443603516,12.84000015258789,2.8199999999999994,0.023181538825019204,0.026269402354955673
2013-04-10,0,-0.928067563713,126.25397491455078,12.359999656677246,2.83,0.021592621359781676,0.0504106804728508
2013-04-11,0,-0.981716227960774,126.66776275634766,12.239999771118164,2.84,0.0175795009535501,0.03700839355587959
2013-04-12,0,-0.9822767826838492,126.35738372802734,12.0600004196167,2.8200000000000003,0.018221020328240033,0.038064900785684586
2013-04-15,0,-0.084240014146777,123.4292221069336,17.270000457763672,2.8200000000000003,0.36456976041799766,0.26405593752861023
2013-04-16,0,-0.6358718475836708,125.25138092041016,13.960000038146973,2.81,0.09644280686176679,0.10354256629943848
2013-04-17,0,-0.2483359694308552,123.42129516601562,16.510000228881836,2.81,0.24951482236363967,0.10388151556253433
2013-04-18,0,-0.0993752461567032,122.64949798583984,17.559999465942383,2.8,0.3902168521096128,0.3082331717014313
2013-04-19,0,-0.3853335293072199,123.7156982421875,14.970000267028809,2.81,0.14498765771164732,0.10751678794622421
2013-04-22,0,-0.5720917533966621,124.26480865478516,14.390000343322754,2.8200000000000003,0.13178541511834618,0.07470645010471344
2013-04-23,0,-0.7228827630973256,125.54579162597656,13.479999542236328,2.8,0.055620847700997775,0.029116159304976463
2013-04-24,0,-0.7550945392490248,125.6253433227539,13.609999656677246,2.8000000000000003,0.07177996411851999,0.045593734830617905
2013-04-25,0,-0.6889007551624559,126.13460540771484,13.619999885559082,2.81,0.08890980622281713,0.051745668053627014
2013-04-26,0,-0.6639816276061535,125.91183471679688,13.609999656677246,2.81,0.07670587954452772,0.04498645290732384
2013-04-29,0,-0.6717931466785162,126.7552490234375,13.710000038146973,2.8199999999999994,0.07869262083913621,0.03980931267142296
2013-04-30,0,-0.7431829316095294,127.05765533447266,13.520000457763672,2.83,0.05520502881914152,0.03369280323386192
2013-05-01,0,-0.4924356467612114,125.94369506835938,14.489999771118164,2.8200000000000003,0.09903128939844791,0.08202663064002991
2013-05-02,0,-0.8205374750824562,127.11334991455078,13.59000015258789,2.81,0.05870738760172173,0.0426766537129879
2013-05-03,0,-0.9495585810100416,128.40237426757812,12.850000381469728,2.8199999999999994,0.038091371120379955,0.01681511290371418
2013-05-06,0,-1.0288942762175526,128.7286834716797,12.65999984741211,2.83,0.02655736827444905,0.016420351341366768
2013-05-07,0,-0.998118689778796,129.38108825683594,12.829999923706056,2.8199999999999994,0.02595799637049942,0.01681511290371418
2013-05-08,0,-1.05140482837084,129.9698944091797,12.65999984741211,2.8000000000000003,0.02499739496982044,0.022994359955191612
2013-05-09,0,-0.7915030044710948,129.6039276123047,13.130000114440918,2.82,0.030027901909489427,0.017019005492329597
2013-05-10,0,-0.843445413069333,130.02565002441406,12.59000015258789,2.82,0.018191247688755324,0.01590183936059475
2013-05-13,0,-0.8924074496677155,130.12905883789062,12.550000190734863,2.8100000000000005,0.014267491882856411,0.01325300708413124
2013-05-14,0,-1.2505265565391803,131.4738311767578,12.770000457763672,2.81,0.012181832334079693,0.019384751096367836
2013-05-15,0,-1.112145227140647,132.1820068359375,12.8100004196167,2.82,0.010876664574434928,0.01883123628795147
2013-05-16,0,-1.2062018030619228,131.56124877929688,13.06999969482422,2.81,0.016581061574377845,0.02207072265446186
2013-05-17,0,-1.451064219422725,132.8343963623047,12.449999809265137,2.81,0.012660134259147042,0.01883123628795147
2013-05-20,0,-1.2871805104671754,132.82647705078125,13.020000457763672,2.8,0.01884434991842056,0.03029339760541916
2013-05-21,0,-1.1894387761614116,133.01742553710938,13.369999885559082,2.81,0.020006010415241676,0.02881382219493389
2013-05-22,0,-0.972744623944739,132.0308074951172,13.81999969482422,2.78,0.025732396641303324,0.04490133747458458
2013-05-23,0,-0.9135809398385388,131.64878845214844,14.06999969482422,2.77,0.042705343681908335,0.09868832677602768
2013-05-24,0,-0.889236606173915,131.53744506835938,13.989999771118164,2.75,0.03484921482747622,0.04911495000123978
2013-05-28,0,-0.9454374864483458,132.3251953125,14.479999542236328,2.73,0.04507101040817952,0.08010466396808624
2013-05-29,0,-0.7126597557307482,131.4658660888672,14.829999923706056,2.75,0.06638070988937904,0.08174869418144226
2013-05-30,0,-0.7267832441075219,131.9512481689453,14.529999732971191,2.7700000000000005,0.08463605404399463,0.10438881814479828
2013-05-31,0,-0.4114882869931171,130.05746459960938,16.299999237060547,2.79,0.29054160830109876,0.12302075326442719
2013-06-03,0,-0.3168218306174293,130.77357482910156,16.280000686645508,2.8200000000000003,0.346218269880937,0.12497032433748245
2013-06-04,0,-0.0694523717115433,130.14500427246094,16.270000457763672,2.86,0.3371921488860284,0.11812417209148407
2013-06-05,0,0.3423832939097925,128.32281494140625,17.5,2.89,0.6278952338943211,0.41793110966682434
2013-06-06,1,0.1921649146529549,129.4844512939453,16.6299991607666,2.88,0.46912916001254995,0.2647069990634918
2013-06-07,1,-0.0730565637830782,131.13165283203125,15.140000343322754,2.89,0.3081692764960756,0.10269740223884583
2013-06-10,1,-0.0566648967646011,131.13165283203125,15.4399995803833,2.89,0.2643806695408963,0.07328812777996063
2013-06-11,1,0.3896698041978267,129.77894592285156,17.06999969482422,2.91,0.5782587552826735,0.359548956155777
2013-06-12,1,0.7348214840766425,128.70472717285156,18.59000015258789,2.91,0.8403615181485725,0.6903523206710815
2013-06-13,1,0.3850260899394223,130.66220092773438,16.40999984741211,2.9200000000000004,0.5236558153948663,0.33940163254737854
2013-06-14,1,0.6750454992574705,129.84259033203125,17.149999618530273,2.93,0.5137165423365833,0.5003759860992432
2013-06-17,1,0.4713736000101454,130.84521484375,16.799999237060547,2.93,0.4249811520473002,0.4588257372379303
2013-06-18,1,0.4632052402005726,131.87960815429688,16.610000610351562,2.92,0.397019729619736,0.44447457790374756
2013-06-19,1,0.5719405393955012,130.05746459960938,16.639999389648438,2.87,0.3950539709474614,0.45253124833106995
2013-06-20,1,1.621759595772117,126.83489227294922,20.489999771118164,2.93,0.9220161659721,0.9491065740585327
2013-06-21,1,1.1169347067222322,127.24209594726562,18.89999961853028,2.87,0.8081916210870387,0.7961814403533936
2013-06-24,0,1.402257464891002,125.63412475585938,20.11000061035156,2.86,0.8640688889233804,0.9140061736106873
2013-06-25,0,1.034756792364672,126.84204864501952,18.46999931335449,2.8800000000000003,0.6391729983324591,0.784588098526001
2013-06-26,0,0.8054361122278731,128.09791564941406,17.209999084472656,2.890000000000001,0.49396168796768314,0.5429489016532898
2013-06-27,0,0.6491663513517923,128.849853515625,16.860000610351562,2.92,0.526693376602552,0.5839042663574219
2013-06-28,0,0.5887389596999589,128.32188415527344,16.860000610351562,2.83,0.40388397053404107,0.30439600348472595
2013-07-01,0,0.264317849369999,129.07388305664062,16.3700008392334,2.83,0.4116786580351243,0.2863299250602722
2013-07-02,0,0.3222378254452792,128.95384216308594,16.440000534057617,2.81,0.325671814653016,0.3376520276069641
2013-07-03,0,0.2037719996561422,129.00979614257812,16.200000762939453,2.8000000000000003,0.2381628378385497,0.1953451931476593
2013-07-05,0,-0.371774330899332,130.40167236328125,14.890000343322754,2.77,0.07933636684955905,0.0880097821354866
2013-07-08,0,-0.3107315874609809,131.14556884765625,14.779999732971191,2.7900000000000005,0.07955609120732514,0.050968144088983536
2013-07-09,0,-0.3305084508042328,132.08949279785156,14.350000381469728,2.78,0.046662699060016834,0.03948303684592247
2013-07-10,0,-0.4147845023032768,132.13743591308594,14.210000038146973,2.75,0.038936751140352915,0.05575091764330864
2013-07-11,0,-0.7150487010134752,133.93728637695312,14.010000228881836,2.77,0.0404839688718357,0.06719458103179932
2013-07-12,0,-0.8541689073556449,133.9932403564453,13.84000015258789,2.77,0.02478895839601552,0.037052229046821594
2013-07-15,0,-0.7304648985001986,134.50514221191406,13.789999961853027,2.76,0.026231467215604043,0.031532447785139084
2013-07-16,0,-0.696418408811244,134.00131225585938,14.420000076293944,2.74,0.033538261911983565,0.05583345890045166
2013-07-17,0,-0.7319920846686118,134.34521484375,13.779999732971191,2.74,0.02382569868155017,0.031532447785139084
2013-07-18,0,-0.6799088605298351,135.0811309814453,13.770000457763672,2.75,0.015606314373647586,0.03058157116174698
2013-07-19,0,-1.105051812173637,135.32110595703125,12.539999961853027,2.74,0.0056184460576632605,0.029939739033579826
2013-07-22,0,-1.5617894296490935,135.58511352539062,12.289999961853027,2.71,0.004249101815992502,0.029939739033579826
2013-07-23,0,-1.4392062749751269,135.297119140625,12.65999984741211,2.7000000000000006,0.007089054538748409,0.02151719108223915
2013-07-24,0,-1.5291102137510044,134.8011474609375,13.18000030517578,2.6700000000000004,0.011670304049659293,0.020111551508307457
2013-07-25,0,-1.4142410416467797,135.12911987304688,12.970000267028809,2.69,0.01080563532266796,0.020111551508307457
2013-07-26,0,-1.3757952146628598,135.2731475830078,12.720000267028809,2.67,0.009963668781848617,0.020111551508307457
2013-07-29,0,-1.0998943900691989,134.85720825195312,13.390000343322754,2.69,0.021951915752093907,0.02788466401398182
2013-07-30,0,-1.1698666712196442,134.85720825195312,13.390000343322754,2.68,0.028288284692651613,0.02788466401398182
2013-07-31,0,-1.0894478738557336,134.95315551757812,13.449999809265137,2.68,0.03970796216181512,0.029641995206475258
2013-08-01,0,-1.375426042635614,136.51295471191406,12.9399995803833,2.66,0.02574718821428881,0.040191974490880966
2013-08-02,0,-1.5013193436170926,136.74493408203125,11.979999542236328,2.68,0.012811306079942644,0.031028511002659798
2013-08-05,0,-1.3154372676794943,136.5449676513672,11.84000015258789,2.7,0.015074047105730404,0.03196696564555168
2013-08-06,0,-1.0400601885046017,135.76910400390625,12.720000267028809,2.6900000000000004,0.0347800335387878,0.033626992255449295
2013-08-07,0,-0.7905974489270715,135.32911682128906,12.979999542236328,2.72,0.05934726612995674,0.03879852220416069
2013-08-08,0,-0.846653947393056,135.82510375976562,12.729999542236328,2.7299999999999995,0.036044006449772,0.03847328945994377
2013-08-09,0,-0.5023059821166919,135.43316650390625,13.40999984741211,2.74,0.06538963978820567,0.057739902287721634
2013-08-12,0,-0.6299472035359315,135.2731475830078,12.8100004196167,2.72,0.04223802219550379,0.03879852220416069
2013-08-13,0,-0.7014801174989843,135.6730499267578,12.3100004196167,2.72,0.03262480652603899,0.03664408251643181
2013-08-14,0,-0.5594379555406795,134.97714233398438,13.039999961853027,2.72,0.0628930066216582,0.056745730340480804
2013-08-15,0,-0.1233235817260873,133.08937072753906,14.729999542236328,2.7,0.21048599193452047,0.1487077921628952
2013-08-16,0,-0.0813871360479555,132.64944458007812,14.369999885559082,2.7,0.1890385102543319,0.136225163936615
2013-08-19,0,0.1341775545032456,131.8014678955078,15.100000381469728,2.7,0.2999046581832227,0.1990896612405777
2013-08-20,0,0.1123762813464953,132.44943237304688,14.90999984741211,2.72,0.27686243447509323,0.17291605472564697
2013-08-21,0,0.3005798305272456,131.63356018066406,15.9399995803833,2.71,0.4597951747816083,0.414933979511261
2013-08-22,0,-0.1326630741832729,132.83343505859375,14.760000228881836,2.68,0.28917629805929707,0.17743146419525146
2013-08-23,0,-0.3048836606240525,133.2813720703125,13.979999542236328,2.6700000000000004,0.15408568232587924,0.14422576129436493
2013-08-26,0,-0.0822040294398553,132.78541564941406,14.989999771118164,2.67,0.3017602515632321,0.23330985009670258
2013-08-27,0,0.3379474466778959,130.649658203125,16.770000457763672,2.66,0.6233437098293421,0.6759456992149353
2013-08-28,0,0.2163268215208785,131.11355590820312,16.489999771118164,2.65,0.6088013190375262,0.5596290826797485
2013-08-29,0,0.1695207110966672,131.32156372070312,16.809999465942383,2.62,0.4852533479370368,0.5052387714385986
2013-08-30,0,0.1974877402768669,130.90557861328125,17.010000228881836,2.56,0.36365193784182104,0.5243254899978638
2013-09-03,0,0.150621484624592,131.49752807617188,16.610000610351562,2.5800000000000005,0.29735502208940917,0.49292463064193726
2013-09-04,0,-0.1695469032313118,132.58546447753906,15.880000114440918,2.5500000000000003,0.2135592324172027,0.384220153093338
2013-09-05,0,-0.2659017235616382,132.75340270996094,15.770000457763672,2.5500000000000003,0.1578899356698158,0.384220153093338
2013-09-06,0,-0.1799348472803759,132.8173828125,15.850000381469728,2.5900000000000003,0.18136421965325603,0.34343403577804565
2013-09-09,0,-0.2533279238716188,134.08926391601562,15.630000114440918,2.6,0.19203672291958834,0.31772565841674805
2013-09-10,0,-0.52608541430014,135.0811309814453,14.529999732971191,2.6100000000000003,0.07827192853930262,0.09808720648288727
2013-09-11,0,-0.6967834148810198,135.50509643554688,13.81999969482422,2.61,0.033797821543418524,0.04854043573141098
2013-09-12,0,-0.5550213412831964,135.14517211914062,14.289999961853027,2.6100000000000003,0.04267846711069003,0.06105324253439903
2013-09-13,0,-0.5730991534166096,135.44911193847656,14.15999984741211,2.64,0.04548066605772692,0.06395857781171799
2013-09-16,0,-0.6449424296519065,136.23300170898438,14.380000114440918,2.68,0.05571883514110239,0.06167212501168251
2013-09-17,0,-0.7427209463508726,136.84097290039062,14.529999732971191,2.6700000000000004,0.051491660471700576,0.055628955364227295
2013-09-18,0,-0.8671945639716757,138.42478942871094,13.59000015258789,2.7500000000000004,0.0415268711192707,0.07855802029371262
2013-09-19,0,-0.9560512392414844,138.19285583496094,13.15999984741211,2.7200000000000006,0.028847697455256435,0.11952938884496689
2013-09-20,0,-1.081302123625166,137.2266387939453,13.119999885559082,2.68,0.021158212033246408,0.0810694471001625
2013-09-23,0,-0.6489936800487341,136.59158325195312,14.3100004196167,2.7,0.052344580282184784,0.19993165135383606
2013-09-24,0,-0.6868225516110149,136.27005004882812,14.079999923706056,2.68,0.041840219576625995,0.15614892542362213
2013-09-25,0,-0.6398360169042211,135.87623596191406,14.010000228881836,2.7,0.030958162111967023,0.13783439993858337
2013-09-26,0,-0.8002535363188429,136.39877319335938,14.0600004196167,2.72,0.047668191955132604,0.2349013239145279
2013-09-27,0,-0.4301684431471174,135.77174377441406,15.460000038146973,2.73,0.1972196985842228,0.3906121253967285
2013-09-30,0,-0.0846092090822294,135.04835510253906,16.600000381469727,2.75,0.4894329416226097,0.5707463026046753
2013-10-01,0,-0.3574561498150743,136.1173553466797,15.539999961853027,2.76,0.3796760326952131,0.475972443819046
2013-10-02,0,-0.0764244531592572,135.98875427246094,16.600000381469727,2.7700000000000005,0.5875670819762331,0.6079614162445068
2013-10-03,0,0.346271544681357,134.7347869873047,17.670000076293945,2.78,0.7850699829321655,0.8164686560630798
2013-10-04,0,0.0438274816062461,135.75564575195312,16.739999771118164,2.76,0.6520434430711495,0.685357928276062
2013-10-07,0,0.527274672561718,134.58204650878906,19.40999984741211,2.74,0.9179352757409388,0.8639116287231445
2013-10-08,0,0.8056617735990664,133.01470947265625,20.34000015258789,2.71,0.9405970631433443,0.8776214122772217
2013-10-09,0,0.7424263529719232,133.11111450195312,19.600000381469727,2.7099999999999995,0.8872339299804703,0.824485719203949
2013-10-10,0,-0.0937566270424241,135.9807586669922,16.479999542236328,2.68,0.44168424560082126,0.6570274233818054
2013-10-11,0,-0.3203809265854545,136.85690307617188,15.720000267028809,2.68,0.1932888755676116,0.37036070227622986
2013-10-14,0,-0.2792085703281204,137.40345764160156,16.06999969482422,2.68,0.24235288485035816,0.46012207865715027
2013-10-15,0,0.2222668848843504,136.40673828125,18.65999984741211,2.66,0.7132106186399626,0.4248000383377075
2013-10-16,0,-0.5238522156485586,138.31178283691406,14.710000038146973,2.66,0.1375947374438863,0.09021221101284027
2013-10-17,0,-0.6589442860579203,139.23617553710938,13.479999542236328,2.66,0.027359168288654617,0.0258303415030241
2013-10-18,0,-0.8197700534018004,140.17665100097656,13.039999961853027,2.66,0.014976726545161861,0.0258303415030241
2013-10-21,0,-0.9122990497384688,140.18463134765625,13.15999984741211,2.6500000000000004,0.013381400238821332,0.024410713464021683
2013-10-22,0,-0.9643455344377344,140.99652099609375,13.329999923706056,2.66,0.01953563850169918,0.02783103473484516
2013-10-23,0,-0.8793874462431144,140.32127380371094,13.420000076293944,2.67,0.020469908366307726,0.030977141112089157
2013-10-24,0,-0.9470984658041518,140.78744506835938,13.199999809265137,2.68,0.018610073444882677,0.02554369904100895
2013-10-25,0,-1.0413606151085402,141.43052673339844,13.09000015258789,2.6600000000000006,0.012962638447153257,0.026227988302707672
2013-10-28,0,-1.073479922447193,141.65557861328125,13.3100004196167,2.66,0.01695176597176496,0.026643583551049232
2013-10-29,0,-1.0717967436246405,142.41123962402344,13.40999984741211,2.69,0.020024204213187468,0.0235701072961092
2013-10-30,0,-0.9053430749686884,141.70388793945312,13.649999618530272,2.6800000000000006,0.0314068629730224,0.043503738939762115
2013-10-31,0,-0.966401636887354,141.30197143554688,13.75,2.65,0.030474415173194647,0.047957777976989746
2013-11-01,0,-1.2135240335037885,141.63958740234375,13.279999732971191,2.64,0.020384995062022494,0.029424535110592842
2013-11-04,0,-1.1416511348228766,142.13790893554688,12.93000030517578,2.66,0.020253897340593862,0.022828591987490654
2013-11-05,0,-1.1441290128425192,141.6877899169922,13.270000457763672,2.66,0.026367605567188878,0.02366374060511589
2013-11-06,0,-1.3035376265397314,142.41123962402344,12.670000076293944,2.7,0.0365638268938173,0.027152057737112045
2013-11-07,0,-0.9211978366477352,140.61062622070312,13.90999984741211,2.7,0.10398881975765631,0.09276757389307022
2013-11-08,0,-1.022612408577486,142.5076904296875,12.899999618530272,2.69,0.058663460089542374,0.031114982441067696
2013-11-11,0,-1.0024646705655555,142.5317840576172,12.529999732971191,2.69,0.03665131377768057,0.019750086590647697
2013-11-12,0,-0.9417516206324796,142.24241638183594,12.81999969482422,2.67,0.04963593093558555,0.03987303748726845
2013-11-13,0,-1.1064714255809998,143.38385009765625,12.520000457763672,2.6900000000000004,0.036316477777138166,0.03080255165696144
2013-11-14,0,-0.9083285655684912,144.09927368164062,12.369999885559082,2.72,0.055591812699638865,0.023545384407043457
2013-11-15,0,-0.9727247031949056,144.72621154785156,12.1899995803833,2.7,0.028861775602802942,0.028530985116958618
2013-11-18,0,-0.8175373404627123,144.2197723388672,13.100000381469728,2.66,0.04421192285814616,0.05247674882411957
2013-11-19,0,-0.7300359090900773,143.90626525878906,13.390000343322754,2.66,0.06568954518035551,0.08810486644506454
2013-11-20,0,-0.5688984607444386,143.4561767578125,13.399999618530272,2.67,0.06332082165661018,0.07933162897825241
2013-11-21,0,-0.9268260926034992,144.6136474609375,12.65999984741211,2.6500000000000004,0.027971962771724177,0.03149738907814026
2013-11-22,0,-1.0089470743995042,145.33705139160156,12.260000228881836,2.6500000000000004,0.01725862634616686,0.023348279297351837
2013-11-25,0,-0.834229775877516,145.19241333007812,12.789999961853027,2.6499999999999995,0.030613494041756818,0.032923612743616104
2013-11-26,0,-0.8738999563513259,145.23260498046875,12.8100004196167,2.63,0.030408200633832157,0.0327695794403553
2013-11-27,0,-0.7971484911298083,145.58624267578125,12.979999542236328,2.63,0.039075674361892736,0.05627045780420303
2013-11-29,0,-0.7934125904155938,145.48976135253906,13.699999809265137,2.6100000000000003,0.05169333001398108,0.08407284319400787
2013-12-02,0,-0.7334248245029329,145.11203002929688,14.229999542236328,2.6,0.06883487028419254,0.08395732939243317
2013-12-03,0,-0.5800118304539564,144.48501586914062,14.550000190734863,2.6,0.0968219975794482,0.10170786082744598
2013-12-04,0,-0.4286732130327214,144.46897888183594,14.699999809265137,2.62,0.139098101150497,0.1480475664138794
2013-12-05,0,-0.4413978196869401,143.83389282226562,15.079999923706056,2.59,0.14039437760720375,0.2348501831293106
2013-12-06,0,-0.771147303777365,145.44151306152344,13.789999961853027,2.58,0.056262836450130284,0.05385781079530716
2013-12-09,0,-1.0575414477984326,145.81134033203125,13.489999771118164,2.57,0.03446552954942853,0.0489342175424099
2013-12-10,0,-0.7760860865195346,145.28880310058594,13.90999984741211,2.56,0.05166813718504592,0.05976640433073044
2013-12-11,0,-0.3856203003332069,143.65711975097656,15.420000076293944,2.5500000000000003,0.16307736088097122,0.2022048979997635
2013-12-12,0,-0.4080140107577383,143.18283081054688,15.539999961853027,2.53,0.19230264384748808,0.23666809499263763
2013-12-13,0,-0.3522406297617692,143.16677856445312,15.760000228881836,2.5,0.13678865118118572,0.264676570892334
2013-12-16,0,-0.308783331107733,144.05902099609375,16.030000686645508,2.5,0.1454169139524596,0.2547857165336609
2013-12-17,0,-0.1637764984608888,143.60086059570312,16.209999084472656,2.5,0.1764364739478339,0.2568468153476715
2013-12-18,0,-0.8436889786371502,146.052490234375,13.800000190734863,2.5,0.0547105600639988,0.09539037942886353
2013-12-19,0,-1.0414058891291234,145.88375854492188,14.149999618530272,2.4200000000000004,0.03672118386590129,0.08621856570243835
2013-12-20,0,-1.325103164616638,146.73228454589844,13.789999961853027,2.3799999999999994,0.020725862842272423,0.10821162164211273
2013-12-23,0,-1.477030534782804,147.51622009277344,13.039999961853027,2.35,0.007235865655440211,0.029306486248970032
2013-12-24,0,-1.4667318151887765,147.83949279785156,12.479999542236328,2.3599999999999994,0.00586875881936678,0.02795177698135376
2013-12-26,0,-1.5115112738301673,148.59107971191406,12.329999923706056,2.37,0.003936217613730965,0.039476290345191956
2013-12-27,0,-1.45362942389826,148.5830078125,12.460000038146973,2.37,0.0057030876498366445,0.035521846264600754
2013-12-30,0,-1.2456919957428798,148.5587158203125,13.5600004196167,2.35,0.012023131208083609,0.07102326303720474
2013-12-31,0,-1.3131461386669336,149.26185607910156,13.720000267028809,2.33,0.012741705364088477,0.059581633657217026
2014-01-02,0,-1.056981025054572,147.83139038085938,14.229999542236328,2.34,0.02515952414076835,0.11159179359674454
2014-01-03,0,-1.177879717732934,147.8071746826172,13.760000228881836,2.34,0.01954941900000705,0.06421912461519241
2014-01-06,0,-1.2057562028836653,147.3787384033203,13.550000190734863,2.32,0.017218979191327536,0.06344544887542725
2014-01-07,0,-1.4462857001871487,148.28395080566406,12.920000076293944,2.3200000000000003,0.010626143173706054,0.02204046957194805
2014-01-08,0,-1.3027833455990223,148.31631469726562,12.869999885559082,2.3100000000000005,0.008904535282493017,0.02204046957194805
2014-01-09,0,-1.2469689100925272,148.4132843017578,12.890000343322754,2.31,0.013414678693624968,0.05951402708888054
2014-01-10,0,-1.4293848829447882,148.81736755371094,12.140000343322754,2.3200000000000003,0.009216626488543619,0.04807605594396591
2014-01-13,0,-1.113375280150775,146.8373260498047,13.279999732971191,2.34,0.0411016967807896,0.1211758702993393
2014-01-14,0,-1.4844264675190375,148.43748474121094,12.279999732971191,2.34,0.023043953786818956,0.021472008898854256
2014-01-15,0,-1.5884108015745932,149.23757934570312,12.279999732971191,2.32,0.020773802570146355,0.022138487547636032
2014-01-16,0,-1.414447312106331,149.04359436035156,12.529999732971191,2.32,0.029446306361812818,0.034461066126823425
2014-01-17,1,-1.376615655525341,148.4132843017578,12.4399995803833,2.33,0.026918035041966014,0.04083197936415672
2014-01-21,1,-1.148846459556933,148.8496856689453,12.869999885559082,2.3000000000000003,0.04949041178779679,0.055066779255867004
2014-01-22,1,-1.162566900006315,148.9466552734375,12.84000015258789,2.3,0.03787938085307559,0.09399078786373138
2014-01-23,1,-0.7346203567133139,147.72633361816406,13.770000457763672,2.3200000000000003,0.08429173385633225,0.10760795325040817
2014-01-24,1,0.5333119291482804,144.57443237304688,18.13999938964844,2.35,0.8508386895487517,0.7983145117759705
2014-01-27,1,0.5086681648892094,143.86318969726562,17.420000076293945,2.36,0.8314524506221022,0.8624171018600464
2014-01-28,1,0.1705452508127728,144.71990966796875,15.800000190734863,2.35,0.5176515796374485,0.6143955588340759
2014-01-29,1,0.6497967637363159,143.32980346679688,17.350000381469727,2.3800000000000003,0.7774180336463139,0.8756388425827026
2014-01-30,1,0.4528906819040894,144.84922790527344,17.290000915527344,2.36,0.77632960827303,0.8555450439453125
2014-01-31,1,0.8790888274335616,144.00059509277344,18.40999984741211,2.4000000000000004,0.9266649543060886,0.840765118598938
2014-02-03,0,1.568846454050164,140.75985717773438,21.440000534057617,2.39,0.9941431337763715,0.9560561776161194
2014-02-04,0,1.0522984365827537,141.74578857421875,19.11000061035156,2.41,0.9698905880331218,0.944975733757019
2014-02-05,0,1.1792438915397467,141.56800842285156,19.950000762939453,2.42,0.978456991572141,0.9325822591781616
2014-02-06,0,0.5572774559438258,143.43490600585938,17.229999542236328,2.4,0.7893619467927712,0.870395302772522
2014-02-07,0,0.105386160280713,145.212890625,15.289999961853027,2.42,0.4309037593973748,0.48960497975349426
2014-02-10,0,0.0850250767810703,145.47962951660156,15.260000228881836,2.42,0.4963980986629552,0.43082547187805176
2014-02-11,0,-0.2053915941298138,147.07168579101562,14.510000228881836,2.39,0.2797805607494109,0.0922146812081337
2014-02-12,0,-0.4731723951511477,147.1444549560547,14.300000190734863,2.3600000000000003,0.24696905874414343,0.10464395582675934
2014-02-13,0,-0.3657679280550656,147.9040985107422,14.140000343322754,2.39,0.19212892597020312,0.09461524337530136
2014-02-14,0,-0.4817288312921726,148.7203369140625,13.56999969482422,2.38,0.09383336235159656,0.05808952450752258
2014-02-18,0,-0.4198438429195684,148.89820861816406,13.869999885559082,2.4000000000000004,0.10932681790433889,0.07433613389730453
2014-02-19,0,-0.0851958300276634,147.9121856689453,15.5,2.41,0.2356868062729014,0.432294636964798
2014-02-20,0,-0.2825913659519504,148.78501892089844,14.789999961853027,2.390000000000001,0.1593037924852405,0.07816020399332047
2014-02-21,0,-0.2935153618455174,148.61534118652344,14.68000030517578,2.3800000000000003,0.11298190153107074,0.07816020399332047
2014-02-24,0,-0.5418069112650008,149.4396514892578,14.229999542236328,2.38,0.072679066472113,0.06697465479373932
2014-02-25,0,-0.908844784194328,149.38308715820312,13.670000076293944,2.38,0.051193921788327705,0.05689065530896187
2014-02-26,0,-0.8456034849285645,149.3911590576172,14.350000381469728,2.38,0.09163964770526527,0.07270655035972595
2014-02-27,0,-0.9190707865079392,150.17506408691406,14.039999961853027,2.36,0.06773424640954702,0.06493790447711945
2014-02-28,0,-1.0980731009111455,150.55499267578125,14.0,2.35,0.0647964519761396,0.06284678727388382
2014-03-03,0,-0.4659673961073081,149.49618530273438,16.0,2.37,0.25133023609639127,0.5192497372627258
2014-03-04,0,-1.0933812543521295,151.59747314453125,14.100000381469728,2.35,0.0841795358115668,0.0783294215798378
2014-03-05,0,-1.4207983404156843,151.73484802246094,13.890000343322754,2.3599999999999994,0.07481504594262753,0.05277770385146141
2014-03-06,0,-1.2674660763668666,152.08233642578125,14.210000038146973,2.37,0.10636868401062226,0.07313187420368195
2014-03-07,0,-1.35051345826111,152.1470184326172,14.109999656677246,2.34,0.0900638898404003,0.06121870502829552
2014-03-10,0,-1.1060031866481792,152.0662078857422,14.199999809265137,2.3600000000000003,0.11502002385497767,0.07049320638179779
2014-03-11,0,-0.752098639711828,151.3145751953125,14.800000190734863,2.37,0.16469424253797402,0.11898251622915268
2014-03-12,0,-0.7690802859218495,151.35507202148438,14.470000267028809,2.3800000000000003,0.1444424195831996,0.07654082775115967
2014-03-13,0,-0.1573898746007677,149.65786743164062,16.219999313354492,2.39,0.4137775991771779,0.6590694189071655
2014-03-14,0,0.1885015136479193,149.23757934570312,17.81999969482422,2.4,0.7238537618367235,0.8685982823371887
2014-03-17,0,-0.2499915967430669,150.58726501464844,15.640000343322754,2.3999999999999995,0.36513901741672294,0.695223331451416
2014-03-18,0,-0.4334579063040663,151.66217041015625,14.520000457763672,2.4199999999999995,0.21604157151277753,0.09158339351415634
2014-03-19,0,-0.3328260577519763,150.8539581298828,15.119999885559082,2.370000000000001,0.24952131431818733,0.48071160912513733
2014-03-20,0,-0.6463169560089744,151.73484802246094,14.520000457763672,2.34,0.197596629133528,0.12752002477645874
2014-03-21,0,-0.4705019772253762,151.14634704589844,15.0,2.3200000000000003,0.23441283370356067,0.3792111277580261
2014-03-24,0,-0.4667255916908649,150.52133178710938,15.09000015258789,2.29,0.20872114440594883,0.2745073735713959
2014-03-25,0,-0.6629011282714804,151.23565673828125,14.020000457763672,2.28,0.09367311832781748,0.06569226086139679
2014-03-26,0,-0.4093355834621646,150.14791870117188,14.93000030517578,2.28,0.20022911770594945,0.21723446249961853
2014-03-27,0,-0.4710462240369681,149.83135986328125,14.619999885559082,2.26,0.15155256638929493,0.0861343964934349
2014-03-28,0,-0.5188752553863306,150.57000732421875,14.40999984741211,2.2500000000000004,0.13843711642351328,0.07559116929769516
2014-03-31,0,-0.6627999700146981,151.8038787841797,13.880000114440918,2.26,0.12125490335170783,0.05725875496864319
2014-04-01,0,-0.9688384781364412,152.8103790283203,13.100000381469728,2.26,0.053917949903588655,0.028436502441763878
2014-04-02,0,-0.8501993103820039,153.3218231201172,13.09000015258789,2.2500000000000004,0.055894158539332356,0.025159062817692757
2014-04-03,0,-0.7820767796833605,153.11886596679688,13.369999885559082,2.24,0.07388478164317236,0.0351114459335804
2014-04-04,0,-0.4760462372992031,151.30865478515625,13.960000038146973,2.25,0.1220790590487359,0.08201514184474945
2014-04-07,0,-0.0565316241246434,149.63650512695312,15.56999969482422,2.24,0.2953072647086591,0.26415982842445374
2014-04-08,0,-0.1975824229050558,150.25343322753906,14.890000343322754,2.26,0.22076051577165434,0.13335274159908295
2014-04-09,0,-0.5953346387433406,151.86878967285156,13.81999969482422,2.25,0.0993367361893899,0.04343264177441597
2014-04-10,0,0.0276971024909766,148.6786651611328,15.890000343322754,2.24,0.37964671442834674,0.31089910864830017
2014-04-11,0,0.1925058686668511,147.33924865722656,17.030000686645508,2.2300000000000004,0.7250305448431025,0.38176143169403076
2014-04-14,0,-0.1188393751293191,148.50001525878906,16.110000610351562,2.22,0.6176716636856016,0.2600981891155243
2014-04-15,0,-0.2087831198722698,149.52285766601562,15.609999656677246,2.2,0.42506495947062983,0.27519434690475464
2014-04-16,0,-0.5203373123654036,151.0895233154297,14.18000030517578,2.19,0.15539128676290245,0.07787998765707016
2014-04-17,0,-0.792094507102112,151.30055236816406,13.359999656677246,2.16,0.1171914061143655,0.05246712639927864
2014-04-21,0,-0.7386623128086723,151.82818603515625,13.25,2.18,0.14670818472878552,0.03461594507098198
2014-04-22,0,-0.8916004403739435,152.5181884765625,13.1899995803833,2.15,0.1102238656442993,0.03680698573589325
2014-04-23,0,-0.8885605550455073,152.16104125976562,13.270000457763672,2.1499999999999995,0.10072031027864463,0.03461594507098198
2014-04-24,0,-0.8531203236351729,152.469482421875,13.31999969482422,2.14,0.08847494371412724,0.03398607671260834
2014-04-25,0,-0.7122437394094957,151.219482421875,14.0600004196167,2.1299999999999994,0.16382899030998796,0.08019080758094788
2014-04-28,0,-0.7843707428223093,151.6983184814453,13.970000267028809,2.13,0.1510070462521692,0.07568322122097015
2014-04-29,0,-0.7878930444885821,152.40455627441406,13.710000038146973,2.1500000000000004,0.12095167932223519,0.05570622533559799
2014-04-30,0,-0.7557756083823991,152.85911560058594,13.40999984741211,2.16,0.10474425794246103,0.05665791779756546
2014-05-01,0,-0.7307226650917135,152.87533569335938,13.25,2.14,0.07931650006497454,0.03659429773688316
2014-05-02,0,-0.7265031108621843,152.6561737060547,12.90999984741211,2.14,0.08064462257974538,0.03326040878891945
2014-05-05,0,-0.6736752007737578,152.9484405517578,13.289999961853027,2.1500000000000004,0.10086862017588136,0.03895943611860275
2014-05-06,0,-0.6135572419347518,151.61717224121094,13.800000190734863,2.15,0.14137107464835244,0.1024102121591568
2014-05-07,0,-0.8751937833184282,152.51010131835938,13.399999618530272,2.16,0.11809911035773463,0.07095068693161011
2014-05-08,0,-0.7703137627724757,152.34776306152344,13.43000030517578,2.18,0.12378970750136062,0.057850297540426254
2014-05-09,0,-0.7014349679909562,152.5750274658203,12.920000076293944,2.21,0.09973037754719499,0.019385943189263344
2014-05-12,0,-1.2227384485548196,154.06048583984375,12.229999542236328,2.2,0.056677747797958616,0.023987028747797012
2014-05-13,0,-1.3453178324753194,154.19845581054688,12.130000114440918,2.2100000000000004,0.0695323750643717,0.02086619846522808
2014-05-14,0,-1.1872378543237925,153.46792602539062,12.170000076293944,2.2,0.06490664714215935,0.0212964229285717
2014-05-15,0,-0.7748229305819901,152.12037658691406,13.170000076293944,2.22,0.1523825494756022,0.05273349955677986
2014-05-16,0,-0.8502528990646064,152.6481170654297,12.4399995803833,2.2,0.09332763853484607,0.03966262564063072
2014-05-19,0,-0.8485809399702456,153.2082061767578,12.420000076293944,2.22,0.07503269025552355,0.034816157072782516
2014-05-20,0,-0.6102945048732659,152.2421417236328,12.960000038146973,2.23,0.11219986314570483,0.04415018856525421
2014-05-21,0,-0.8038318573597194,153.5247344970703,11.90999984741211,2.26,0.08180382421797663,0.019484054297208786
2014-05-22,0,-0.8545561517052471,153.89817810058594,12.029999732971191,2.25,0.09275354872850673,0.01861935295164585
2014-05-23,0,-1.012105588857251,154.5150909423828,11.359999656677246,2.24,0.05408540712682337,0.020818114280700684
2014-05-27,0,-1.1804983574680852,155.46484375,11.510000228881836,2.23,0.046813266171957475,0.020515916869044304
2014-05-28,0,-1.0913460811668625,155.3511962890625,11.68000030517578,2.23,0.06282494698433382,0.02291872166097164
2014-05-29,0,-1.096456028655877,156.15481567382812,11.56999969482422,2.24,0.04967768367557596,0.021545324474573135
2014-05-30,0,-1.1308016880827907,156.40643310546875,11.399999618530272,2.22,0.03816349854523158,0.022673742845654488
2014-06-02,0,-1.1045679435064673,156.58497619628906,11.579999923706056,2.22,0.04249470317363565,0.022673742845654488
2014-06-03,0,-1.057566281689338,156.50384521484375,11.869999885559082,2.22,0.047130515059162416,0.030767591670155525
2014-06-04,0,-0.999839036798556,156.82044982910156,12.079999923706056,2.23,0.061629672278183986,0.0385562926530838
2014-06-05,0,-1.2514904204267678,157.84323120117188,11.68000030517578,2.24,0.04138931132994804,0.02702021226286888
2014-06-06,0,-1.4096847039919589,158.5981903076172,10.729999542236328,2.23,0.020013668714083235,0.018161054700613022
2014-06-09,0,-1.3665345956177417,158.760498046875,11.149999618530272,2.22,0.0259641884598906,0.020105555653572083
2014-06-10,0,-1.3795381936420377,158.77670288085938,10.989999771118164,2.2099999999999995,0.022848823517485416,0.020105555653572083
2014-06-11,0,-1.1026369416120103,158.22470092773438,11.600000381469728,2.2,0.03532181833796622,0.03221840783953667
2014-06-12,0,-0.8080542138942363,157.10455322265625,12.5600004196167,2.21,0.07559922447999316,0.04075422137975693
2014-06-13,0,-1.0013553088313127,157.5834503173828,12.18000030517578,2.19,0.055766609140502146,0.037244804203510284
2014-06-16,0,-1.0703901367508228,157.71336364746094,12.649999618530272,2.1700000000000004,0.06975160249579593,0.03022572584450245
2014-06-17,0,-1.157021539482818,158.1516876220703,12.0600004196167,2.17,0.05087319801568205,0.028518419712781906
2014-06-18,0,-1.421504780468433,159.3124237060547,10.609999656677246,2.19,0.021825916932947612,0.03456636145710945
2014-06-19,0,-1.5079791228681876,159.49107360839844,10.619999885559082,2.19,0.02432759112238639,0.025457369163632393
2014-06-20,0,-1.354077789107853,159.81488037109375,10.850000381469728,2.2,0.0323029888507625,0.025457369163632393
2014-06-23,0,-1.308380320710621,159.76593017578125,10.979999542236328,2.1900000000000004,0.03621705350566722,0.036850377917289734
2014-06-24,0,-0.9767458599931476,158.803466796875,12.130000114440918,2.18,0.08606484791369538,0.04555491730570793
2014-06-25,0,-1.048199205092879,159.521240234375,11.59000015258789,2.18,0.05821996236582512,0.04029560089111328
2014-06-26,0,-1.0345392931217685,159.4070587158203,11.630000114440918,2.18,0.057379623180106,0.04029560089111328
2014-06-27,0,-1.0186337881665743,159.7169189453125,11.260000228881836,2.2,0.046901111008231605,0.029611993581056595
2014-06-30,0,-0.9559026430353278,159.6354522705078,11.56999969482422,2.18,0.05714051455284185,0.04029560089111328
2014-07-01,0,-1.0855521915217785,160.70391845703125,11.149999618530272,2.1899999999999995,0.05262378240436548,0.07931449264287949
2014-07-02,0,-1.1424880386186265,160.86703491210938,10.81999969482422,2.2,0.039972297206197605,0.05716728791594505
2014-07-03,0,-1.2484005092809898,161.65814208984375,10.31999969482422,2.2100000000000004,0.02871672312120655,0.047503795474767685
2014-07-07,0,-0.9597568548704322,161.0953826904297,11.329999923706056,2.18,0.05058745039199188,0.10983118414878845
2014-07-08,0,-0.6779220303427764,160.05950927734375,11.979999542236328,2.18,0.100708663272291,0.13971921801567078
2014-07-09,0,-0.7957221158323385,160.7772979736328,11.649999618530272,2.1700000000000004,0.06946139713495626,0.08563071489334106
2014-07-10,0,-0.5154091024851479,160.14112854003906,12.59000015258789,2.2,0.15409887029114558,0.1308901607990265
2014-07-11,0,-0.6701385670691286,160.361328125,12.079999923706056,2.2000000000000006,0.1080944305435268,0.13993965089321136
2014-07-14,0,-0.8668490753567095,161.1688232421875,11.81999969482422,2.21,0.10302451795819595,0.08635285496711731
2014-07-15,0,-0.7844018077171863,160.86703491210938,11.960000038146973,2.2,0.1308076916553019,0.11006529629230499
2014-07-16,0,-1.0080493998789193,161.46246337890625,11.0,2.1900000000000004,0.06097265568311569,0.08186355233192444
2014-07-17,0,-0.1235689577584038,159.62721252441406,14.539999961853027,2.22,0.5491658967944818,0.31453758478164673
2014-07-18,0,-0.6356166259255402,161.25852966308594,12.0600004196167,2.2,0.1781200214811137,0.1097843274474144
2014-07-21,0,-0.4728427427431966,160.95675659179688,12.8100004196167,2.1899999999999995,0.20134768568586187,0.19302569329738617
2014-07-22,0,-0.6052921422320835,161.65814208984375,12.239999771118164,2.19,0.1549157352213489,0.09616129845380783
2014-07-23,0,-0.7519903620031866,162.01707458496094,11.520000457763672,2.2,0.09363573395755077,0.08185640722513199
2014-07-24,0,-0.7799399020941035,162.02517700195312,11.84000015258789,2.2,0.12281172864673093,0.10859120637178421
2014-07-25,0,-0.511994819551151,161.26666259765625,12.6899995803833,2.19,0.19739180560155664,0.19360357522964478
2014-07-28,0,-0.5502882168465532,161.33189392089844,12.5600004196167,2.1900000000000004,0.19850012499002237,0.14506995677947998
2014-07-29,0,-0.3473765268025658,160.6386260986328,13.279999732971191,2.18,0.2757148204272728,0.20594601333141327
2014-07-30,0,-0.363011156177881,160.66310119628906,13.329999923706056,2.1700000000000004,0.260726612028803,0.19469054043293
2014-07-31,0,0.6613499927277734,157.49026489257812,16.950000762939453,2.17,0.8697626966794615,0.8432286977767944
2014-08-01,0,0.8233845289118037,157.00909423828125,17.030000686645508,2.23,0.9237967255083024,0.8979844450950623
2014-08-04,0,0.4656153401428931,158.142822265625,15.119999885559082,2.24,0.7442034434073334,0.6286855340003967
2014-08-05,0,0.8739287423880269,156.60939025878906,16.8700008392334,2.25,0.9110211695027685,0.8447011709213257
2014-08-06,0,0.6985590357992192,156.6583709716797,16.3700008392334,2.26,0.8797035742855803,0.829677402973175
2014-08-07,0,0.9144349519467848,155.8101806640625,16.65999984741211,2.28,0.9295034679262402,0.7902885675430298
2014-08-08,0,0.5171085510106636,157.61264038085938,15.770000457763672,2.27,0.8625749830710745,0.6660588979721069
2014-08-11,0,0.2409282724301311,158.0693817138672,14.229999542236328,2.28,0.5959620851758833,0.3541649580001831
2014-08-12,0,0.3286945343614304,157.84913635253906,14.130000114440918,2.29,0.5949190759740244,0.4346711039543152
2014-08-13,0,0.0252437036446549,158.91766357421875,12.899999618530272,2.31,0.3800454288538795,0.1723066121339798
2014-08-14,0,-0.1062705015756149,159.66802978515625,12.420000076293944,2.2900000000000005,0.2801883792693683,0.10533952713012695
2014-08-15,0,-0.1361725512776481,159.6354522705078,13.149999618530272,2.29,0.27600496859827856,0.16790130734443665
2014-08-18,0,-0.2171915758209799,160.97300720214844,12.31999969482422,2.31,0.19392159000208228,0.08011597394943237
2014-08-19,0,-0.2978156820476169,161.81314086914062,12.210000038146973,2.3300000000000005,0.1800078062344105,0.0884559154510498
2014-08-20,0,-0.3923116366416724,162.24546813964844,11.779999732971191,2.3000000000000003,0.09681113159329827,0.08785123378038406
2014-08-21,0,-0.4325749968577603,162.718505859375,11.760000228881836,2.28,0.07291897275031056,0.0547710619866848
2014-08-22,0,-0.485972978757814,162.46566772460938,11.470000267028809,2.26,0.05310737465364103,0.07365044951438904
2014-08-25,0,-0.5983767703318486,163.28948974609375,11.699999809265137,2.25,0.04495487229804031,0.0547710619866848
2014-08-26,0,-0.5905920655432629,163.39547729492188,11.630000114440918,2.26,0.03837562045412246,0.0547710619866848
2014-08-27,0,-0.6498969867511678,163.3302459716797,11.779999732971191,2.24,0.04031979413517945,0.0547710619866848
2014-08-28,0,-0.6029149624431772,163.2405242919922,12.050000190734863,2.2300000000000004,0.04070011278982591,0.029293302446603775
2014-08-29,0,-0.9347551159620544,163.70541381835938,12.09000015258789,2.23,0.053732362113276595,0.02527422085404396
2014-09-02,0,-0.9052000600922516,163.6238555908203,12.25,2.25,0.06127607424509772,0.03426045924425125
2014-09-03,0,-0.7779145124919865,163.5341033935547,12.359999656677246,2.24,0.06929055835300299,0.05489318072795868
2014-09-04,0,-0.8365675953493449,163.29763793945312,12.640000343322754,2.25,0.10965766403242244,0.07684474438428879
2014-09-05,0,-0.9234350633214412,164.0316619873047,12.09000015258789,2.29,0.10880710458078946,0.059772491455078125
2014-09-08,0,-0.9144236973174767,163.6074981689453,12.65999984741211,2.26,0.12734645898445082,0.07054433971643448
2014-09-09,0,-0.4935838450122534,162.57167053222656,13.5,2.25,0.24576226821975367,0.16482798755168915
2014-09-10,0,-0.5929014585211047,163.18341064453125,12.880000114440918,2.26,0.21199646188853905,0.10957720875740051
2014-09-11,0,-0.6595649698832681,163.37098693847656,12.800000190734863,2.25,0.19169177366044093,0.1204100251197815
2014-09-12,0,-0.331767645057013,162.41676330566406,13.3100004196167,2.27,0.2564870369083609,0.12241576611995697
2014-09-15,0,-0.0828579116018989,162.2943572998047,14.119999885559082,2.28,0.44903592379859014,0.2307008057832718
2014-09-16,0,-0.4091221533344729,163.51783752441406,12.729999542236328,2.3000000000000003,0.2792753329227921,0.13420307636260986
2014-09-17,0,-0.3279222383318247,163.73802185058594,12.649999618530272,2.29,0.21777424385397223,0.12125217914581299
2014-09-18,0,-0.4535076222942074,164.6107940673828,12.029999732971191,2.28,0.13855014420598796,0.04877793788909912
2014-09-19,0,-0.4178629005732978,164.4624481201172,12.109999656677246,2.26,0.14254465573764896,0.05084343999624252
2014-09-22,0,0.0439006101588386,163.19229125976562,13.6899995803833,2.27,0.3692042066058805,0.13478586077690125
2014-09-23,0,0.3068631089894293,162.2581024169922,14.93000030517578,2.26,0.5589552313913976,0.33046287298202515
2014-09-24,0,-0.007587055017492,163.5283203125,13.270000457763672,2.27,0.30134197229724174,0.13272687792778015
2014-09-25,1,0.6671825744426713,160.88970947265625,15.640000343322754,2.27,0.6979142852039475,0.7315430045127869
2014-09-26,1,0.3986936296285139,162.16798400878906,14.850000381469728,2.27,0.6211905279025318,0.6027007699012756
2014-09-29,1,0.6134103695259794,161.87294006347656,15.979999542236328,2.27,0.7711740920539101,0.7699427008628845
2014-09-30,1,0.7900996811488373,161.44688415527344,16.309999465942383,2.29,0.8405746533322297,0.7859062552452087
2014-10-01,1,1.094429861861462,159.25897216796875,16.709999084472656,2.3100000000000005,0.884202222805608,0.8917832970619202
2014-10-02,1,1.0004369286634984,159.28358459472656,16.15999984741211,2.32,0.8882573230579073,0.877959132194519
2014-10-03,1,0.4742158150530305,161.0371856689453,14.550000190734863,2.29,0.6116578503248796,0.41194769740104675
2014-10-06,1,0.7398050716388286,160.84864807128906,15.460000038146973,2.3000000000000003,0.7040801269785782,0.6936185359954834
2014-10-07,1,1.2354617184479162,158.3657684326172,17.200000762939453,2.3000000000000003,0.9076606675915545,0.9170880317687988
2014-10-08,1,0.5595676915595083,161.1354522705078,15.109999656677246,2.32,0.8187637995243283,0.79262375831604
2014-10-09,1,1.62568965194359,157.93966674804688,18.76000022888184,2.34,0.9839388985972486,0.941900908946991
2014-10-10,1,2.305309432974983,156.13690185546875,21.239999771118164,2.36,0.9976252234641222,0.9326779246330261
2014-10-13,1,3.005389858676045,153.57208251953125,24.63999938964844,2.36,0.9997737900169987,0.9684869647026062
2014-10-14,1,2.5855716291546056,153.80970764160156,22.790000915527344,2.39,0.9993442940213536,0.9566057920455933
2014-10-15,1,3.205963115028647,152.76893615722656,25.270000457763672,2.44,0.9997259711518931,0.9577353000640869
2014-10-16,1,3.171195755898118,152.6378631591797,25.200000762939453,2.47,0.9997238386582398,0.9599849581718445
2014-10-17,1,2.43676226895516,154.44064331054688,21.989999771118164,2.44,0.9969125622275282,0.973360002040863
2014-10-20,0,1.78664982246348,155.94020080566406,18.56999969482422,2.45,0.9738395787038786,0.9533165693283081
2014-10-21,0,1.026535516057388,159.02952575683594,16.079999923706055,2.43,0.8602202400098222,0.7017633318901062
2014-10-22,0,1.271531113312402,157.89869689941406,17.8700008392334,2.42,0.9074574666481308,0.9146140813827515
2014-10-23,0,1.0290295759440553,159.73428344726562,16.530000686645508,2.42,0.8239600189395384,0.7590436339378357
2014-10-24,0,0.6823670272392581,160.9634246826172,16.110000610351562,2.43,0.7229890028723804,0.5768943428993225
2014-10-27,0,0.8161421096143777,160.7421875,16.040000915527344,2.44,0.6906137286934267,0.5562301278114319
2014-10-28,0,0.3914438983383534,162.58590698242188,14.390000343322754,2.4300000000000006,0.3439717882946716,0.10638309270143509
2014-10-29,0,0.3243768349876428,162.34010314941406,15.149999618530272,2.3600000000000003,0.3465205193474504,0.28271642327308655
2014-10-30,0,0.0397319494848315,163.38079833984375,14.520000457763672,2.39,0.257920081267048,0.21137525141239166
2014-10-31,0,-0.1780375833710183,165.24916076660156,14.029999732971191,2.39,0.14926905406832253,0.10495424270629883
2014-11-03,0,0.0644343024526359,165.33929443359375,14.729999542236328,2.39,0.20794700180867826,0.23964756727218628
2014-11-04,0,0.1188899706162699,164.76560974121094,14.890000343322754,2.39,0.20966044890406868,0.23999418318271637
2014-11-05,0,-0.2800083443099287,165.8063507080078,14.170000076293944,2.39,0.14843567037022162,0.09826137870550156
2014-11-06,0,-0.1380124333663001,166.4701385498047,13.670000076293944,2.4,0.09433129415129939,0.08726195245981216
2014-11-07,0,-0.433249776907517,166.62579345703125,13.119999885559082,2.43,0.07020604529464691,0.10139872878789902
2014-11-10,0,-0.7479117025981131,167.1502227783203,12.670000076293944,2.41,0.05156574877249322,0.07366301119327545
2014-11-11,0,-0.952319556549624,167.3140869140625,12.920000076293944,2.41,0.08000666508611816,0.06280162185430527
2014-11-12,0,-0.8235782522936598,167.1338653564453,13.020000457763672,2.43,0.11669765025530751,0.08534843474626541
2014-11-13,0,-0.6983106552420546,167.32237243652344,13.789999961853027,2.47,0.2725666958066804,0.1252502202987671
2014-11-14,0,-0.7272352077523294,167.3633270263672,13.3100004196167,2.48,0.28304469381590747,0.11637666821479797
2014-11-17,0,-0.4225395757648385,167.46981811523438,13.989999771118164,2.49,0.4332249473972795,0.21247021853923798
2014-11-18,0,-0.2836345823759714,168.43675231933594,13.859999656677246,2.52,0.4202875386896852,0.08297348767518997
2014-11-19,0,-0.0018734832021598,168.16635131835938,13.960000038146973,2.51,0.4602396228566761,0.11668042093515396
2014-11-20,0,-0.1294613012426296,168.46133422851562,13.579999923706056,2.5200000000000005,0.39729860119955346,0.1070622056722641
2014-11-21,0,-0.2146759276674813,169.36273193359375,12.899999618530272,2.49,0.2676343891660698,0.061807043850421906
2014-11-24,0,-0.1511606022259165,169.8380126953125,12.619999885559082,2.5,0.24102873898074342,0.06918883323669434
2014-11-25,1,-0.3174699485213352,169.71510314941406,12.25,2.4600000000000004,0.13162838907492708,0.040498286485672
2014-11-26,1,-0.1898841180608788,170.14939880371094,12.06999969482422,2.47,0.1458821820463236,0.036783866584300995
2014-11-28,1,0.154720234485478,169.78887939453125,13.329999923706056,2.52,0.37136694840118245,0.11291785538196564
2014-12-01,1,0.5050070020902014,168.6088409423828,14.15999984741211,2.54,0.558279238141827,0.16211801767349243
2014-12-02,1,0.3870197630287271,169.69871520996094,12.850000381469728,2.5400000000000005,0.37486979600792036,0.08898437768220901
2014-12-03,1,0.2416543552673575,170.354248046875,12.5,2.52,0.30853590872731,0.05507587268948555
2014-12-04,1,0.2342874941880254,170.1658172607422,12.380000114440918,2.53,0.2893368155623873,0.0492016077041626
2014-12-05,1,0.0757326731638365,170.4444122314453,11.890000343322754,2.48,0.16191528670673436,0.04034954681992531
2014-12-08,1,0.537229890957959,169.3053436279297,14.210000038146973,2.4800000000000004,0.5249222621453149,0.17206428945064545
2014-12-09,1,0.8159238201225479,169.1906280517578,15.350000381469728,2.51,0.7537997016483836,0.6576162576675415
2014-12-10,1,1.5541285007599932,166.4783172607422,18.530000686645508,2.53,0.9736804692721388,0.8485758304595947
2014-12-11,1,1.7144938753997832,167.32237243652344,20.07999992370605,2.53,0.9919064426072675,0.8947896361351013
2014-12-12,1,2.1781897963770915,164.6181182861328,21.07999992370605,2.58,0.9974192836536651,0.9568069577217102
2014-12-15,1,2.0939218634064223,163.48728942871094,20.420000076293945,2.56,0.9960074403725209,0.9673700332641602
2014-12-16,1,2.714981182453391,162.17617797851562,23.56999969482422,2.6,0.9993681609642058,0.9679045677185059
2014-12-17,0,1.915101534119852,165.35565185546875,19.440000534057617,2.6,0.9947186239212887,0.9731036424636841
2014-12-18,1,1.2186369641992456,169.44467163085938,16.809999465942383,2.56,0.9426550680159675,0.9345341920852661
2014-12-19,1,1.1016089160330214,170.1656494140625,16.489999771118164,2.5600000000000005,0.9290716739405281,0.8833087086677551
2014-12-22,1,0.8066046708583562,170.9484100341797,15.25,2.53,0.8578981348388033,0.6407886147499084
2014-12-23,1,0.7882281504254038,171.1791534423828,14.800000190734863,2.53,0.7935479802505105,0.5914731025695801
2014-12-24,1,0.6654598438354135,171.19557189941406,14.369999885559082,2.5,0.6214538501824521,0.3013908565044403
2014-12-26,1,0.6293707986143756,171.74771118164062,14.5,2.5,0.46823180159256794,0.2578747570514679
2014-12-29,1,0.6794477154099984,171.9783477783203,15.0600004196167,2.49,0.49721772015720106,0.44519490003585815
2014-12-30,1,0.8226047839575998,171.0555419921875,15.920000076293944,2.49,0.6344665691553547,0.501122772693634
2014-12-31,1,1.3317244229117058,169.358154296875,19.200000762939453,2.51,0.9330827499250707,0.9144790768623352
2015-01-02,1,1.2198383997139002,169.2675018310547,17.790000915527344,2.51,0.8872050942572111,0.9002374410629272
2015-01-05,1,1.7640644935764165,166.2106475830078,19.920000076293945,2.52,0.9626543971607495,0.950212299823761
2015-01-06,1,1.9902582673464948,164.64508056640625,21.1200008392334,2.5200000000000005,0.9812819602075493,0.9587510824203491
2015-01-07,1,1.6474538347739929,166.69671630859375,19.309999465942383,2.53,0.9566108764342868,0.9356671571731567
2015-01-08,1,1.0972870750465806,169.65478515625,17.010000228881836,2.5400000000000005,0.8459617593971415,0.7918570637702942
2015-01-09,1,1.26681870673483,168.29518127441406,17.549999237060547,2.5500000000000003,0.8812629229160753,0.8826605081558228
2015-01-12,1,1.410188896619738,166.97683715820312,19.600000381469727,2.55,0.9750983286041005,0.9376988410949707
2015-01-13,1,1.6021432216844484,166.5072479248047,20.559999465942383,2.55,0.990812325063563,0.9735336899757385
2015-01-14,1,1.659133695148439,165.5019989013672,21.479999542236328,2.58,0.9944557337672111,0.973032534122467
2015-01-15,1,1.9631558293160667,163.9859161376953,22.38999938964844,2.65,0.997437070776015,0.9870768189430237
2015-01-16,1,1.426712903806887,166.13645935058594,20.950000762939453,2.62,0.9940087334835785,0.9836143255233765
2015-01-20,1,1.4560207124683051,166.49078369140625,19.88999938964844,2.6099999999999994,0.9818732547302358,0.9752354025840759
2015-01-21,1,1.487814250394423,167.33119201660156,18.850000381469727,2.59,0.9577078651754982,0.949207603931427
2015-01-22,1,1.0682333733756553,169.81961059570312,16.399999618530273,2.5900000000000003,0.8541088315220453,0.9070494174957275
2015-01-23,1,1.2290950908220095,168.8885040283203,16.65999984741211,2.6,0.8736258879133003,0.8972494602203369
2015-01-26,1,1.022341566568128,169.2839813232422,15.520000457763672,2.58,0.7065188133918723,0.8689420223236084
2015-01-27,1,1.39211378089315,167.0510711669922,17.219999313354492,2.59,0.8508474114146364,0.9009225368499756
2015-01-28,1,1.9385143668011795,164.90875244140625,20.440000534057617,2.5900000000000003,0.9678100238221575,0.9640966653823853
2015-01-29,1,1.6152907781828716,166.43309020996094,18.76000022888184,2.58,0.9019660091114506,0.9232034683227539
2015-01-30,1,2.017492925464811,164.3401336669922,20.96999931335449,2.6100000000000003,0.9712816900848877,0.9692528247833252
2015-02-02,0,1.5741244802573566,166.37539672851562,19.43000030517578,2.6100000000000003,0.9429013896469577,0.9517988562583923
2015-02-03,0,1.1579308740966716,168.78135681152344,17.329999923706055,2.6100000000000003,0.8593692678083888,0.89044189453125
2015-02-04,0,1.0789006086169846,168.13870239257812,18.32999992370605,2.6,0.9141058371733373,0.9160818457603455
2015-02-05,0,0.6718984576021428,169.83604431152344,16.850000381469727,2.6,0.8053596061813934,0.8839224576950073
2015-02-06,0,0.7837473459520758,169.36639404296875,17.290000915527344,2.55,0.793480740354927,0.7410740256309509
2015-02-09,0,1.1426531111929084,168.60836791992188,18.549999237060547,2.53,0.8279940190884132,0.4837720990180969
2015-02-10,0,0.7637551229874148,170.40455627441406,17.229999542236328,2.53,0.6569201066010193,0.4918876588344574
2015-02-11,0,0.6278562002868208,170.50347900390625,16.959999084472656,2.53,0.6306864081472967,0.5081972479820251
2015-02-12,0,0.3112085187164535,172.14315795898438,15.34000015258789,2.54,0.43046637865410803,0.5228458046913147
2015-02-13,0,0.1320412339406609,172.85171508789062,14.6899995803833,2.5500000000000003,0.3811469692529263,0.4292469322681427
2015-02-17,0,0.0757031552012554,173.12364196777344,15.800000190734863,2.53,0.5206452224730371,0.6055120825767517
2015-02-18,0,0.1977382401493192,173.1401824951172,15.449999809265137,2.53,0.4524809443224146,0.5907869935035706
2015-02-19,0,0.2137854583639617,173.01654052734375,15.289999961853027,2.53,0.461474922754819,0.45953574776649475
2015-02-20,0,0.0183693997445528,174.05474853515625,14.300000190734863,2.5,0.24351307277811285,0.20843614637851715
2015-02-23,0,0.1839986537040204,174.03001403808594,14.5600004196167,2.48,0.22897784086072626,0.1272285133600235
2015-02-24,0,0.0061867765099545,174.52438354492188,13.6899995803833,2.49,0.15994394453274746,0.17190521955490112
2015-02-25,0,0.0620370885442849,174.37612915039062,13.84000015258789,2.49,0.18145013653138098,0.17535166442394257
2015-02-26,0,-0.1967191004828654,174.17013549804688,13.90999984741211,2.44,0.17362123370595808,0.06701412051916122
2015-02-27,0,-0.3330270260282282,173.5768585205078,13.34000015258789,2.46,0.15365253296608714,0.10347601771354675
2015-03-02,0,-0.2839110724084774,174.67274475097656,13.039999961853027,2.4799999999999995,0.1646851699822617,0.18297937512397766
2015-03-03,0,-0.3442140778202213,173.95591735839844,13.859999656677246,2.46,0.23686010119681056,0.13225340843200684
2015-03-04,0,-0.0948515555580126,173.2225341796875,14.229999542236328,2.46,0.30177727514238567,0.10971199721097946
2015-03-05,0,0.0654341787837009,173.41212463378906,14.039999961853027,2.47,0.33887313575992456,0.14452016353607178
2015-03-06,0,0.2719738727683201,170.9730987548828,15.199999809265137,2.45,0.5640575148458672,0.26701661944389343
2015-03-09,0,0.3464281140305985,171.6817626953125,15.0600004196167,2.46,0.5600130340320341,0.3729104995727539
2015-03-10,0,0.6702143641549533,168.896728515625,16.690000534057617,2.45,0.8157335633928633,0.5709006786346436
2015-03-11,0,0.6602646438626848,168.50125122070312,16.8700008392334,2.45,0.8572607482461503,0.7065951228141785
2015-03-12,0,0.4890991231032434,170.6435089111328,15.420000076293944,2.4599999999999995,0.7391778114344594,0.6694322824478149
2015-03-13,0,0.6572165727423326,169.59713745117188,16.0,2.47,0.8327915817087448,0.7394826412200928
2015-03-16,0,0.5884250457893847,171.86305236816406,15.609999656677246,2.48,0.7854873708480281,0.724037230014801
2015-03-17,0,0.7023518963199153,171.35218811035156,15.65999984741211,2.49,0.8399515215424213,0.8194288015365601
2015-03-18,0,0.5175400006470935,173.41212463378906,13.970000267028809,2.5500000000000007,0.7557654078854444,0.40311652421951294
2015-03-19,0,0.4683886387896791,172.62106323242188,14.06999969482422,2.5000000000000004,0.6374306926853133,0.49674203991889954
2015-03-20,0,0.2528589658360014,174.144775390625,13.020000457763672,2.5100000000000007,0.527753722589106,0.3548685908317566
2015-03-23,0,0.4599762541682236,173.80540466308594,13.40999984741211,2.54,0.5190330745172957,0.39966264367103577
2015-03-24,0,0.5244309348235883,172.82882690429688,13.619999885559082,2.53,0.5745864410722002,0.48316720128059387
2015-03-25,0,0.939429680887197,170.29624938964844,15.4399995803833,2.53,0.7761667973785251,0.8245126605033875
2015-03-26,0,1.0366337630229945,169.8907012939453,15.800000190734863,2.55,0.853696666323983,0.8534135222434998
2015-03-27,0,0.8602040762210601,170.27964782714844,15.06999969482422,2.53,0.726014222164592,0.6688574552536011
2015-03-30,0,0.6507828947634107,172.35707092285156,14.510000228881836,2.55,0.6440750991835108,0.45343366265296936
2015-03-31,0,0.9143696521851812,170.8507843017578,15.289999961853027,2.5500000000000003,0.7491272236156399,0.738162636756897
2015-04-01,0,0.880261489736666,170.24659729003906,15.109999656677246,2.55,0.7965704153321971,0.6695836782455444
2015-04-02,0,0.7304789765156577,170.8590087890625,14.670000076293944,2.55,0.7485305420366059,0.5826278328895569
2015-04-06,0,0.7326277716950472,172.00942993164062,14.739999771118164,2.58,0.7520831839840848,0.49182406067848206
2015-04-07,0,0.5494654329100448,171.55419921875,14.779999732971191,2.5600000000000005,0.6600602092170261,0.5332438945770264
2015-04-08,0,0.3531350363241225,172.1336212158203,13.979999542236328,2.51,0.5204524341904554,0.27587655186653137
2015-04-09,0,0.0426109943878264,172.89501953125,13.09000015258789,2.53,0.43875367156522926,0.34000545740127563
2015-04-10,0,-0.1120926519111289,173.83853149414062,12.579999923706056,2.53,0.331173661800167,0.3339800238609314
2015-04-13,0,0.2749769162274202,173.05224609375,13.9399995803833,2.5400000000000005,0.49644139179339514,0.3600010573863983
2015-04-14,0,0.1447511133556242,173.38333129882812,13.670000076293944,2.5400000000000005,0.4805078799974798,0.368023544549942
2015-04-15,0,0.1574750745494926,174.16131591796875,12.84000015258789,2.54,0.3258353839195681,0.24581578373908997
2015-04-16,0,0.1184357815579599,174.11163330078125,12.600000381469728,2.5500000000000003,0.26761142163753454,0.2842075228691101
2015-04-17,0,0.5058377754866398,172.1087646484375,13.890000343322754,2.53,0.41760801538456455,0.34555935859680176
2015-04-20,0,0.3149972760718791,173.68128967285156,13.300000190734863,2.5500000000000003,0.3781517330556349,0.3114670515060425
2015-04-21,0,0.4048980673416597,173.47439575195312,13.25,2.54,0.334356085300113,0.20948472619056702
2015-04-22,0,0.2356584912661217,174.326904296875,12.710000038146973,2.53,0.23753845242278054,0.2333512008190155
2015-04-23,0,0.1301085146607875,174.76551818847656,12.479999542236328,2.54,0.20922981952435005,0.2119118720293045
2015-04-24,0,-0.0592353534678823,175.17108154296875,12.289999961853027,2.5600000000000005,0.2670323417492007,0.30206820368766785
2015-04-27,0,0.0121046645964881,174.44273376464844,13.119999885559082,2.5400000000000005,0.32909199869882716,0.23181694746017456
2015-04-28,0,-0.0584820590709965,174.9972381591797,12.40999984741211,2.55,0.2570381560623003,0.2032962441444397
2015-04-29,0,0.3181586125724588,174.2771759033203,13.390000343322754,2.58,0.4040489412743846,0.2931647002696991
2015-04-30,0,0.5074025711831168,172.53085327148438,14.550000190734863,2.6000000000000005,0.6554602810605363,0.5261424779891968
2015-05-01,0,0.1399086706809656,174.4013214111328,12.699999809265137,2.6100000000000003,0.4273729822661215,0.37407922744750977
2015-05-04,0,0.1639781397388196,174.89791870117188,12.850000381469728,2.6099999999999994,0.4371231192814374,0.3274719715118408
2015-05-05,0,0.5724318005133779,172.89501953125,14.3100004196167,2.62,0.6892027363358755,0.6749429702758789
2015-05-06,0,0.7265126529542961,172.1832275390625,15.149999618530272,2.64,0.836067251336823,0.7592547535896301
2015-05-07,0,0.7118591514284663,172.87020874023438,15.130000114440918,2.64,0.8608556456837536,0.7644367814064026
2015-05-08,0,0.3645913279833356,175.146240234375,12.859999656677246,2.6499999999999995,0.5498568956129875,0.6253136992454529
2015-05-11,0,0.6187319145854027,174.31028747558594,13.850000381469728,2.6600000000000006,0.6532891806854123,0.6679180860519409
2015-05-12,0,0.5727895544057261,173.7888946533203,13.859999656677246,2.65,0.7157024559333902,0.7253821492195129
2015-05-13,0,0.7080521602947923,173.8219757080078,13.760000228881836,2.7100000000000004,0.7699749657554504,0.7600522041320801
2015-05-14,0,0.5757295404194626,175.6345672607422,12.739999771118164,2.74,0.6300110678970293,0.6412447690963745
2015-05-15,0,0.4631425988137339,175.82493591308594,12.380000114440918,2.72,0.4506064995731951,0.5798212289810181
2015-05-18,0,0.3364695730380307,176.3711395263672,12.729999542236328,2.73,0.5065318220239627,0.6318020820617676
2015-05-19,0,0.4152727575651896,176.31320190429688,12.850000381469728,2.7100000000000004,0.5181352272405998,0.6409006714820862
2015-05-20,0,0.4486114141298989,176.18907165527344,12.880000114440918,2.7300000000000004,0.5390027486559998,0.6447659134864807
2015-05-21,0,0.4205801538226967,176.70216369628906,12.109999656677246,2.7500000000000004,0.3826285327760465,0.5567847490310669
2015-05-22,0,0.4521731092964773,176.28013610839844,12.130000114440918,2.74,0.35821319401057516,0.545376718044281
2015-05-26,0,0.801786774622138,174.38478088378906,14.0600004196167,2.73,0.6319789229366118,0.6846929788589478
2015-05-27,0,0.4943355931324349,176.0400848388672,13.270000457763672,2.7099999999999995,0.5016570004553627,0.5822737812995911
2015-05-28,0,0.6269907040275358,175.84144592285156,13.3100004196167,2.75,0.5270289072893858,0.6292153000831604
2015-05-29,0,0.6407602456221345,174.74891662597656,13.84000015258789,2.72,0.5836801947954444,0.627021312713623
2015-06-01,0,0.5616012777113532,175.10484313964844,13.970000267028809,2.7500000000000004,0.6268750042632233,0.6768766641616821
2015-06-02,0,0.7270994079933994,174.93106079101562,14.239999771118164,2.75,0.7023516665973621,0.7028720378875732
2015-06-03,0,0.5908365147892002,175.39454650878906,13.65999984741211,2.72,0.5206464533004456,0.6090953946113586
2015-06-04,0,0.6676252841856805,173.91297912597656,14.710000038146973,2.72,0.6885975431762645,0.6708246469497681
2015-06-05,0,0.5107848069045801,173.61505126953125,14.210000038146973,2.6899999999999995,0.643903071747088,0.6202154755592346
2015-06-08,0,0.7728717388678894,172.54747009277344,15.289999961853027,2.7,0.7419608791634517,0.7417815327644348
2015-06-09,0,0.8892976687371522,172.5225830078125,14.470000267028809,2.7300000000000004,0.6788520295693152,0.605806827545166
2015-06-10,0,0.4700577428867543,174.59169006347656,13.220000267028809,2.7,0.4444733349453574,0.5596349835395813
2015-06-11,0,0.3630183577162245,175.15451049804688,12.850000381469728,2.7099999999999995,0.40384595680987223,0.6098411679267883
2015-06-12,0,0.5420956441853024,173.81369018554688,13.779999732971191,2.7,0.5307143860611312,0.5822609066963196
2015-06-15,1,0.9641272346194532,173.06883239746094,15.390000343322754,2.73,0.7776178300023633,0.5835681557655334
2015-06-16,1,0.8548927032435684,174.0123291015625,14.8100004196167,2.74,0.7285393263059836,0.4313398599624634
2015-06-17,1,0.8686765838911287,174.29373168945312,14.5,2.76,0.6126754829282486,0.3532852828502655
2015-06-18,1,0.6966034234300524,176.10629272460938,13.1899995803833,2.82,0.449078367767766,0.2679668962955475
2015-06-19,1,0.8214054948235329,175.32449340820312,13.960000038146973,2.8200000000000003,0.5804238062202541,0.30386924743652344
2015-06-22,1,0.6168176189255002,176.2227325439453,12.739999771118164,2.81,0.40645539010218124,0.24919524788856506
2015-06-23,1,0.5122232050755505,176.3474578857422,12.109999656677246,2.8200000000000003,0.275737472037331,0.20710763335227966
2015-06-24,1,0.5758335811029727,175.06674194335938,13.260000228881836,2.8100000000000005,0.4070594237514317,0.33265751600265503
2015-06-25,1,0.7909646126771204,174.53443908691406,14.010000228881836,2.8000000000000003,0.47178625395257234,0.33624911308288574
2015-06-26,1,0.7909997373170196,174.50115966796875,14.020000457763672,2.81,0.5050642130452555,0.33624911308288574
2015-06-29,1,1.6040619584120508,170.84181213378906,18.850000381469727,2.84,0.9594805815962153,0.8732865452766418
2015-06-30,1,1.493833023346322,171.199462890625,18.229999542236328,2.83,0.9500792892375871,0.874170184135437
2015-07-01,1,1.1147528462602312,172.57167053222656,16.09000015258789,2.83,0.8332798462277095,0.7506899833679199
2015-07-02,1,1.289742301026103,172.4137420654297,16.790000915527344,2.86,0.8766757585183694,0.7664831280708313
2015-07-06,1,1.1962830970712837,171.9229736328125,17.010000228881836,2.84,0.8803227369537651,0.7896695137023926
2015-07-07,1,0.9754542456888488,173.00418090820312,16.09000015258789,2.8400000000000003,0.8583159188588285,0.7802425622940063
2015-07-08,1,1.5898734600549418,170.1016387939453,19.65999984741211,2.87,0.9816329623943535,0.889313817024231
2015-07-09,0,1.6078859933553826,170.4093475341797,19.96999931335449,2.8800000000000003,0.982303298861254,0.9187445640563965
2015-07-10,0,1.2431085432930862,172.55506896972656,16.829999923706055,2.9000000000000004,0.8910323201680707,0.8142964839935303
2015-07-13,0,0.7430640043683496,174.45957946777344,13.899999618530272,2.8800000000000003,0.529875175580165,0.30235597491264343
2015-07-14,0,0.5779665686482044,175.21640014648438,13.369999885559082,2.91,0.38978187407159565,0.2892506420612335
2015-07-15,0,0.5001011185492117,175.1581573486328,13.229999542236328,2.91,0.5188264592801807,0.7158976197242737
2015-07-16,0,0.2649791493863443,176.56375122070312,12.109999656677246,2.8800000000000003,0.3116869682967479,0.6537747383117676
2015-07-17,0,0.2273591816782385,176.71339416503906,11.949999809265137,2.87,0.2022545903754244,0.6338371634483337
2015-07-20,0,0.36227073219882,176.80491638183594,12.25,2.8600000000000003,0.18884602270783007,0.5996279716491699
2015-07-21,0,0.3644570643210491,176.1062774658203,12.220000267028809,2.87,0.1765355394347366,0.6019352674484253
2015-07-22,0,0.3941352795193251,175.7902374267578,12.119999885559082,2.85,0.16176123517053104,0.5306621193885803
2015-07-23,0,0.5290851460272794,174.80059814453125,12.640000343322754,2.85,0.18380675016874104,0.47496190667152405
2015-07-24,0,0.7307844499479179,172.987548828125,13.739999771118164,2.87,0.3466686327365466,0.6086498498916626
2015-07-27,0,1.0385152218440348,171.981201171875,15.600000381469728,2.9,0.6605743137320473,0.8023170232772827
2015-07-28,0,0.6325565856229447,174.09359741210938,13.4399995803833,2.91,0.39824462121659693,0.6633673906326294
2015-07-29,0,0.1432926461559802,175.291259765625,12.5,2.9000000000000004,0.2622380973858262,0.5258063077926636
2015-07-30,0,0.0801972053781818,175.33287048339844,12.130000114440918,2.8800000000000003,0.22137347393240758,0.5091208815574646
2015-07-31,0,0.3049409020691938,175.06674194335938,12.119999885559082,2.9399999999999995,0.33139966165934637,0.6642807126045227
2015-08-03,0,0.3494833327895616,174.47622680664062,12.5600004196167,2.92,0.4338169447807692,0.6426960229873657
2015-08-04,0,0.3153155773301218,174.1352081298828,13.0,2.8800000000000003,0.40256039466253873,0.544578492641449
2015-08-05,0,0.3262852973531021,174.7091064453125,12.510000228881836,2.9,0.3158322826489571,0.515899121761322
2015-08-06,1,0.404833084255527,173.2786407470703,13.770000457763672,2.9200000000000004,0.5788008491317189,0.654947817325592
2015-08-07,1,0.3828654227146909,172.9459991455078,13.390000343322754,2.91,0.5392401313454628,0.7028573155403137
2015-08-10,1,0.2741380473698753,175.1249237060547,12.229999542236328,2.93,0.3868872587005474,0.667443573474884
2015-08-11,1,0.7185335769119638,173.5447235107422,13.710000038146973,2.94,0.6256780864743529,0.688877522945404
2015-08-12,1,0.7918331255958995,173.75257873535156,13.609999656677246,2.97,0.6386951533090467,0.7160064578056335
2015-08-13,1,0.7982299681356894,173.53643798828125,13.489999771118164,2.98,0.6330003371261735,0.45541876554489136
2015-08-14,1,0.7439397157507123,174.16848754882812,12.829999923706056,2.97,0.5171218261457108,0.43438541889190674
2015-08-17,1,0.6995747623948892,175.1415252685547,13.020000457763672,2.97,0.430386894234497,0.3600144684314728
2015-08-18,1,0.896437983586615,174.63421630859375,13.789999961853027,3.01,0.6140282015508217,0.4621787369251251
2015-08-19,1,1.1977212132804955,173.253662109375,15.25,3.06,0.8287515073866039,0.5298051238059998
2015-08-20,1,1.855125289001121,169.63584899902344,19.13999938964844,3.04,0.9845621226243015,0.9330005645751953
2015-08-21,1,3.313543997736657,164.52938842773438,28.030000686645508,3.1000000000000005,0.99994992904742,0.9827336072921753
2015-08-24,1,5.138731750940022,157.6016082763672,40.7400016784668,3.140000000000001,0.9999999693800545,0.9862090349197388
2015-08-25,1,4.326828293393681,155.74700927734375,36.02000045776367,3.17,0.9999990766753667,0.9868742823600769
2015-08-26,1,3.352941411666848,161.7266845703125,30.31999969482422,3.2,0.9999691373138438,0.987414538860321
2015-08-27,1,2.6060537325083097,165.72703552246094,26.100000381469727,3.15,0.9994890462256842,0.9864988327026367
2015-08-28,1,2.5278252232447724,165.73536682128906,26.049999237060547,3.1300000000000003,0.9992147082402956,0.9871156811714172
2015-08-31,1,2.801814133751409,164.39637756347656,28.43000030517578,3.1500000000000004,0.9998166335336698,0.9874654412269592
2015-09-01,1,3.3339485926945662,159.48948669433594,31.39999961853028,3.18,0.9999659090223451,0.9874654412269592
2015-09-02,1,2.573185668056925,162.5167694091797,26.09000015258789,3.17,0.9990349316114393,0.9837596416473389
2015-09-03,1,2.518931332439881,162.63320922851562,25.61000061035156,3.1699999999999995,0.9960554290969341,0.9840226173400879
2015-09-04,1,2.701355158637977,160.1714630126953,27.799999237060547,3.1500000000000004,0.9976091064428259,0.9789251089096069
2015-09-08,1,2.166520158096301,164.19674682617188,24.89999961853028,3.16,0.9911553097611543,0.9703084826469421
2015-09-09,1,2.415909578529285,162.00108337402344,26.229999542236328,3.1,0.9946045836795844,0.9696410298347473
2015-09-10,1,2.1198059760366537,162.8827362060547,24.3700008392334,3.12,0.9809675649793429,0.9472065567970276
2015-09-11,1,1.953648423561322,163.6229248046875,23.200000762939453,3.1099999999999994,0.9558931783138637,0.9432405829429626
2015-09-14,1,2.069372413844491,163.0157928466797,24.25,3.1299999999999994,0.9747423494417953,0.9529406428337097
2015-09-15,1,1.869832618510976,165.05331420898438,22.540000915527344,3.1600000000000006,0.9075757230488816,0.921809732913971
2015-09-16,1,1.7116615446315262,166.4838409423828,21.350000381469727,3.1500000000000004,0.855894687460046,0.9061670899391174
2015-09-17,1,1.715086694106704,166.10960388183594,21.13999938964844,3.18,0.8062725968000849,0.9036506414413452
2015-09-18,1,1.8236977748422003,163.39517211914062,22.280000686645508,3.1500000000000004,0.8351774822375474,0.9126681089401245
2015-09-21,1,1.4410051678779876,164.23947143554688,20.13999938964844,3.1899999999999995,0.7346707629253477,0.8135110139846802
2015-09-22,1,1.371577177220923,162.10769653320312,22.440000534057617,3.15,0.7855346615102454,0.864380419254303
2015-09-23,1,0.909719770331919,161.84852600097656,22.1299991607666,3.1499999999999995,0.7838665122532176,0.864380419254303
2015-09-24,1,0.9306857670356684,161.26333618164062,23.46999931335449,3.16,0.8393552179731895,0.9021914601325989
2015-09-25,1,1.365172124867377,161.22154235839844,23.6200008392334,3.1900000000000004,0.8913725307847823,0.9481239318847656
2015-09-28,1,2.176965741011823,157.17532348632812,27.6299991607666,3.2099999999999995,0.977562606701949,0.976884663105011
2015-09-29,1,2.154147271261478,157.2672576904297,26.82999992370605,3.26,0.9843535390429642,0.9847244024276733
2015-09-30,0,1.7387431252836958,160.2016143798828,24.5,3.29,0.9619529758884556,0.9657053351402283
2015-10-01,0,1.275128214705333,160.61961364746094,22.549999237060547,3.3100000000000005,0.9062585709529355,0.9570200443267822
2015-10-02,0,1.222592418048185,163.01893615722656,20.940000534057617,3.34,0.837076591968821,0.8990309834480286
2015-10-05,0,0.9174951121465198,165.9198455810547,19.540000915527344,3.3300000000000005,0.8115758043509387,0.7381356954574585
2015-10-06,0,0.7577017402963087,165.35134887695312,19.39999961853028,3.3200000000000003,0.738391166868447,0.7794239521026611
2015-10-07,0,0.7773625057943508,166.70565795898438,18.39999961853028,3.27,0.49735708822436386,0.3352173864841461
2015-10-08,0,0.4780184563706758,168.21047973632812,17.420000076293945,3.28,0.38367511378298225,0.20513948798179626
2015-10-09,0,0.468749882927128,168.31076049804688,17.079999923706055,3.26,0.2525800134275878,0.1853475719690323
2015-10-12,0,0.4331026173053606,168.46961975097656,16.170000076293945,3.26,0.1402775654862312,0.1336573362350464
2015-10-13,0,0.5909153266993245,167.4078826904297,17.670000076293945,3.28,0.28341911852001833,0.3795463442802429
2015-10-14,0,0.8292618303891551,166.6053466796875,18.030000686645508,3.31,0.34111080318841364,0.5798063278198242
2015-10-15,0,0.5813598461729357,169.1635284423828,16.049999237060547,3.29,0.15763991364837418,0.25511011481285095
2015-10-16,0,0.4172057370066095,169.9326171875,15.050000190734863,3.28,0.09164546366582209,0.15066084265708923
2015-10-19,0,0.2505375981923738,170.01620483398438,14.979999542236328,3.3,0.09906409039825595,0.14359095692634583
2015-10-20,0,0.3594744264350302,169.79888916015625,15.75,3.29,0.1480878522369367,0.14579547941684723
2015-10-21,0,0.3381684900445612,168.7454833984375,16.700000762939453,3.28,0.25091551662130934,0.20003338158130646
2015-10-22,0,-0.0638648453587341,171.59622192382812,14.449999809265137,3.26,0.0966105513961667,0.1486181616783142
2015-10-23,0,-0.2622346322703963,173.4771728515625,14.460000038146973,3.2300000000000004,0.07838209894282999,0.05912931635975838
2015-10-26,0,-0.1832202906460517,173.0508575439453,15.289999961853027,3.22,0.09653255433476525,0.06107119098305702
2015-10-27,0,-0.3933322443134037,172.71646118164062,15.43000030517578,3.25,0.16215854330937332,0.10681013017892838
2015-10-28,0,-0.6442805586917175,174.6810302734375,14.329999923706056,3.2,0.12428697196319315,0.07629448920488358
2015-10-29,0,-0.3845333548599934,174.58071899414062,14.609999656677246,3.2100000000000004,0.11964227640272093,0.058031875640153885
2015-10-30,0,-0.292629850054016,173.8283233642578,15.06999969482422,3.1899999999999995,0.13560398536614823,0.06129373610019684
2015-11-02,0,-0.3384029936992699,175.88485717773438,14.149999618530272,3.18,0.10066278456246669,0.06989697366952896
2015-11-03,0,-0.1433660718173165,176.3948516845703,14.539999961853027,3.19,0.1286706675274239,0.061778005212545395
2015-11-04,0,-0.1112938082560848,175.85977172851562,15.510000228881836,3.16,0.1713035714475664,0.09939992427825928
2015-11-05,0,-0.0298665008465568,175.6842803955078,15.050000190734863,3.1800000000000006,0.17285760450151602,0.07412893325090408
2015-11-06,0,-0.0055861927540938,175.59228515625,14.329999923706056,3.17,0.16239182349164893,0.06605155766010284
2015-11-09,0,0.2303255874658731,173.95372009277344,16.520000457763672,3.15,0.31839433620029683,0.12737077474594116
2015-11-10,0,0.1538090785645069,174.3550262451172,15.289999961853027,3.18,0.2420934017053306,0.11911565810441971
2015-11-11,0,0.1806115074369529,173.66954040527344,16.059999465942383,3.18,0.3438048720001205,0.12475214898586273
2015-11-12,0,0.4500601306727177,171.24513244628906,18.3700008392334,3.19,0.6713508047662022,0.32122769951820374
2015-11-13,0,0.8441224290936707,169.3223114013672,20.07999992370605,3.2000000000000006,0.8631420199005923,0.5243729948997498
2015-11-16,0,0.6318967208655052,171.89718627929688,18.15999984741211,3.24,0.7900282187607193,0.7531470656394958
2015-11-17,0,0.6729626478492984,171.77182006835938,18.84000015258789,3.2300000000000004,0.8034081470159149,0.8307217359542847
2015-11-18,0,0.3119876089295104,174.49717712402344,16.850000381469727,3.2100000000000004,0.6215390455359195,0.4122653901576996
2015-11-19,0,0.2442312381340931,174.34669494628906,16.989999771118164,3.2,0.6302048156240944,0.45458105206489563
2015-11-20,0,0.2598524842751848,174.98199462890625,15.470000267028809,3.2,0.49851690095960033,0.16066519916057587
2015-11-23,0,0.3778969038416819,174.7813720703125,15.619999885559082,3.1900000000000004,0.40343540708720155,0.18244624137878418
2015-11-24,0,0.3660810765923543,175.0154266357422,15.93000030517578,3.2,0.4505890978835153,0.20866981148719788
2015-11-25,0,0.2950873462899783,174.99037170410156,15.1899995803833,3.2100000000000004,0.2893441359811656,0.12584201991558075
2015-11-27,1,0.4018935712405101,175.19097900390625,15.119999885559082,3.22,0.28974199914843973,0.12384903430938721
2015-11-30,1,0.4863240819335949,174.4636688232422,16.1299991607666,3.2,0.37225437408517786,0.23649264872074127
2015-12-01,1,0.2322943819281601,176.12733459472656,14.670000076293944,3.2100000000000004,0.22987169265596766,0.09895944595336914
2015-12-02,1,0.5092415643711623,174.32992553710938,15.90999984741211,3.1699999999999995,0.3005291581279937,0.20488795638084412
2015-12-03,1,0.8612446720104664,171.8888702392578,18.11000061035156,3.18,0.5992281647073376,0.6001399755477905
2015-12-04,1,0.3311480453151073,175.24118041992188,14.8100004196167,3.15,0.24982045819028822,0.11618148535490036
2015-12-07,1,0.4585693845306886,174.17950439453125,15.84000015258789,3.15,0.31590675437316434,0.19283568859100342
2015-12-08,1,0.700712227065337,173.0091094970703,17.600000381469727,3.1899999999999995,0.5093227217349453,0.5001990795135498
2015-12-09,1,0.8218045621233268,171.6630859375,19.61000061035156,3.18,0.7834118958855485,0.7470424771308899
2015-12-10,1,0.8036771115069795,172.10614013671875,19.34000015258789,3.1899999999999995,0.8129102362542743,0.800092875957489
2015-12-11,0,1.409818694649382,168.77056884765625,24.38999938964844,3.24,0.970733567064565,0.911487877368927
2015-12-14,0,1.0615461541359,169.62327575683594,22.729999542236328,3.23,0.9528219353287407,0.8913023471832275
2015-12-15,0,0.6657694194591919,171.40391540527344,20.950000762939453,3.2100000000000004,0.8772619270907891,0.798619270324707
2015-12-16,0,0.4328403893322867,173.91192626953125,17.860000610351562,3.21,0.6463763120086394,0.49092429876327515
2015-12-17,0,0.6725311441280756,171.2618408203125,18.940000534057617,3.21,0.7062833504879651,0.618222177028656
2015-12-18,0,1.2035275535530991,168.21080017089844,20.700000762939453,3.2500000000000004,0.9092609485953421,0.8437554836273193
2015-12-21,0,0.9707142023408004,169.59841918945312,18.700000762939453,3.27,0.814048096732483,0.6875897645950317
2015-12-22,1,0.7348977929545434,171.13734436035156,16.600000381469727,3.26,0.5347795328754004,0.24617750942707062
2015-12-23,1,0.5091093674368411,173.25660705566406,15.56999969482422,3.26,0.31269565009550954,0.13844534754753113
2015-12-24,1,0.5025044689593835,172.970703125,15.739999771118164,3.22,0.34633682028396323,0.2010309100151062
2015-12-28,1,0.5986283619812284,172.57542419433594,16.90999984741211,3.21,0.541020966556167,0.2731890082359314
2015-12-29,1,0.4418554622771398,174.41712951660156,16.079999923706055,3.22,0.41162942080648945,0.129411980509758
2015-12-30,1,0.5731981253517447,173.18092346191406,17.290000915527344,3.23,0.47896261162248593,0.20491865277290344
2015-12-31,1,0.8429951442960437,171.44850158691406,18.209999084472656,3.23,0.5292498215755538,0.5653529167175293
2016-01-04,1,1.0803733556388246,169.05178833007812,20.700000762939453,3.24,0.8054971222714563,0.8150911331176758
2016-01-05,1,0.8179042642658021,169.33770751953125,19.34000015258789,3.25,0.6830115386727758,0.7142159938812256
2016-01-06,1,1.2503695345855157,167.20159912109375,20.59000015258789,3.26,0.7346951961079347,0.7714967131614685
2016-01-07,1,1.7877534006703222,163.19021606445312,24.989999771118164,3.28,0.964288747665637,0.9467093348503113
2016-01-08,1,2.0019152562022264,161.39894104003906,27.01000022888184,3.3100000000000005,0.989721729007616,0.9749535918235779
2016-01-11,1,1.6751083028034088,161.55873107910156,24.299999237060547,3.3,0.9721139110443701,0.9381058216094971
2016-01-12,1,1.4574428807586253,162.86221313476562,22.46999931335449,3.29,0.9232529476526372,0.921968936920166
2016-01-13,1,1.6955928020056037,158.8003692626953,25.21999931335449,3.28,0.9822625412316077,0.9489483833312988
2016-01-14,1,1.568980424888881,161.40731811523438,23.950000762939453,3.36,0.9836677765773888,0.9520122408866882
2016-01-15,1,2.1126655356646085,157.9425506591797,27.020000457763672,3.3800000000000003,0.994842538857135,0.9807630777359009
2016-01-19,1,2.10358604161886,158.15283203125,26.049999237060547,3.35,0.9914704609352829,0.9615322351455688
2016-01-20,1,2.223197006935256,156.12599182128906,27.59000015258789,3.4000000000000004,0.9935074348878219,0.9795017838478088
2016-01-21,1,1.9713792099430905,157.00067138671875,26.690000534057617,3.45,0.9942843972623513,0.9696225523948669
2016-01-22,1,1.4937204935795432,160.22157287597656,22.34000015258789,3.4200000000000004,0.945570103587928,0.9482207298278809
2016-01-25,1,1.8506533197756905,157.79954528808594,24.14999961853028,3.44,0.971375586277399,0.9593440294265747
2016-01-26,1,1.7239694232332865,159.95245361328125,22.5,3.46,0.946184687180612,0.9562114477157593
2016-01-27,1,1.829763676798196,158.21163940429688,23.11000061035156,3.4600000000000004,0.9521618725020764,0.959259569644928
2016-01-28,1,1.7188018588967795,159.03579711914062,22.420000076293945,3.4800000000000004,0.9169566835391285,0.9509447813034058
2016-01-29,1,1.4314161243386252,162.91265869140625,20.200000762939453,3.48,0.7381485696598831,0.8167344927787781
2016-02-01,1,1.35719658794632,162.85377502441406,19.979999542236328,3.49,0.6905564810203476,0.8214161396026611
2016-02-02,1,1.5605075460379365,159.9188232421875,21.979999542236328,3.49,0.7720019319561073,0.9398785829544067
2016-02-03,1,1.383353248329008,160.87754821777344,21.64999961853028,3.5200000000000005,0.7965324227512028,0.8957993984222412
2016-02-04,1,1.3967596029504108,161.1298828125,21.84000015258789,3.53,0.7498547153931754,0.8789750933647156
2016-02-05,1,1.5389506058059983,158.0602569580078,23.3799991607666,3.52,0.7472823823560124,0.9321658611297607
2016-02-08,1,1.6266364400839264,155.9326629638672,26.0,3.53,0.9020490078586603,0.9621860384941101
2016-02-09,1,1.5621587993073165,155.9409942626953,26.540000915527344,3.54,0.9402046069270835,0.9675934910774231
2016-02-10,1,1.567366754383693,155.80650329589844,26.290000915527344,3.56,0.9153668712528696,0.9675934910774231
2016-02-11,0,1.9349165685310767,153.77972412109375,28.13999938964844,3.63,0.9500215918469482,0.9831351041793823
2016-02-12,0,1.2962883068293871,156.95025634765625,25.39999961853028,3.6,0.9182316023780761,0.9634467959403992
2016-02-16,0,1.1800739703496046,159.59930419921875,24.11000061035156,3.59,0.8412758382040144,0.8918044567108154
2016-02-17,0,0.7308007440130101,162.2062225341797,22.309999465942383,3.62,0.700525237938808,0.6411153078079224
2016-02-18,0,0.7244233855220464,161.54188537597656,21.63999938964844,3.62,0.6357240791398088,0.7266852855682373
2016-02-19,0,0.460892257018794,161.4661865234375,20.530000686645508,3.5600000000000005,0.6035444929440748,0.7262837886810303
2016-02-22,0,0.3029362714683888,163.80413818359375,19.3799991607666,3.57,0.3798086582744645,0.3536757826805115
2016-02-23,0,0.7232965213245097,161.73532104492188,20.979999542236328,3.58,0.42583139610957604,0.7055802345275879
2016-02-24,0,0.4930046310526264,162.4753875732422,20.71999931335449,3.56,0.3391527570692509,0.6815176010131836
2016-02-25,0,0.3917909040086265,164.44325256347656,19.11000061035156,3.56,0.22501077801759967,0.3012255132198334
2016-02-26,0,0.3509421275023531,164.06475830078125,19.809999465942383,3.5600000000000005,0.29118142137639036,0.3142501413822174
2016-02-29,0,0.507165786473812,162.7781524658203,20.549999237060547,3.55,0.27467549096305643,0.7790387272834778
2016-03-01,0,0.3046986421080696,166.6045684814453,17.700000762939453,3.54,0.15258715930134115,0.14813081920146942
2016-03-02,0,0.1695719311145246,167.35304260253906,17.09000015258789,3.5,0.08101185819961841,0.13198719918727875
2016-03-03,0,-0.1068270047386727,168.00889587402344,16.700000762939453,3.47,0.055253542835805816,0.13357414305210114
2016-03-04,0,-0.1133728777621347,168.55557250976562,16.860000610351562,3.43,0.05746792793805741,0.13357414305210114
2016-03-07,0,-0.1155211702240439,168.69015502929688,17.350000381469727,3.39,0.06708807168023313,0.11576635390520096
2016-03-08,0,-0.1164852260377053,166.84840393066406,18.670000076293945,3.38,0.08172341678511935,0.11441847681999207
2016-03-09,0,-0.3383069085331454,167.672607421875,18.34000015258789,3.36,0.08660468364781329,0.1042427122592926
2016-03-10,0,-0.4207198131962202,167.80712890625,18.049999237060547,3.3000000000000007,0.07766773474057653,0.10646794736385345
2016-03-11,0,-0.7246192915809283,170.5150604248047,16.5,3.26,0.03954961781979409,0.08963212370872498
2016-03-14,0,-0.8403652037721266,170.29641723632812,16.920000076293945,3.2200000000000006,0.04459243673890348,0.08912377804517746
2016-03-15,0,-0.6495868965688968,170.01885986328125,16.84000015258789,3.1900000000000004,0.058301964872269046,0.07645007222890854
2016-03-16,0,-0.6334072572777152,171.0028076171875,14.989999771118164,3.22,0.03283494479370803,0.05886850133538246
2016-03-17,0,-0.5965974612339244,172.0877227783203,14.4399995803833,3.2,0.030334727290873997,0.056127939373254776
2016-03-18,0,-0.7274490227132014,172.763916015625,14.020000457763672,3.17,0.0199813870815079,0.05014955252408981
2016-03-21,0,-0.7774116096656875,173.0091094970703,13.789999961853027,3.1500000000000004,0.020400437628349435,0.05014955252408981
2016-03-22,0,-0.6691507068631973,172.9160614013672,14.170000076293944,3.1,0.023487968425620488,0.05014955252408981
2016-03-23,0,-0.702266795076924,171.77490234375,14.9399995803833,3.0700000000000003,0.03634227697879002,0.06512241065502167
2016-03-24,0,-0.6806303991542091,171.6988525390625,14.739999771118164,3.06,0.0359725839902037,0.06388995051383972
2016-03-28,0,-0.5558584070208724,171.80029296875,15.239999771118164,3.0500000000000007,0.04668896916189324,0.06282708793878555
2016-03-29,0,-0.7068386668095389,173.38938903808594,13.81999969482422,3.0900000000000003,0.030378253677221585,0.05126814916729927
2016-03-30,0,-0.8070344787150546,174.15023803710938,13.5600004196167,3.1100000000000003,0.027560186621460193,0.03053598292171955
2016-03-31,0,-0.5430328800145259,173.72750854492188,13.949999809265137,3.12,0.04491298238312151,0.05328305438160896
2016-04-01,0,-0.6421042499484806,174.91094970703125,13.100000381469728,3.1,0.03626561587502507,0.03157937154173851
2016-04-04,0,-0.5107945904618493,174.34463500976562,14.119999885559082,3.1,0.058029070482525605,0.05328305438160896
2016-04-05,0,-0.3341714181137771,172.603271484375,15.420000076293944,3.08,0.10157889928351746,0.06946796178817749
2016-04-06,0,-0.5099835256107483,174.48834228515625,14.09000015258789,3.08,0.05700409756267381,0.05461222305893898
2016-04-07,0,-0.3851122650362834,172.4004364013672,16.15999984741211,3.06,0.15376804183849288,0.10082623362541199
2016-04-08,0,-0.4109009043313261,172.86534118652344,15.359999656677246,3.0700000000000003,0.12305201214080283,0.09568297863006592
2016-04-11,0,-0.3503163605582926,172.45957946777344,16.260000228881836,3.0500000000000003,0.16669487257835322,0.1194436252117157
2016-04-12,0,-0.4180012614487636,174.06564331054688,14.850000381469728,3.03,0.11511777298072133,0.08443817496299744
2016-04-13,0,-0.6082252048876489,175.82391357421875,13.84000015258789,3.01,0.05949726770181091,0.05118256434798241
2016-04-14,0,-0.6573137283981169,175.83238220214844,13.720000267028809,2.99,0.06425149603584192,0.04152112081646919
2016-04-15,0,-0.6091900050614858,175.63796997070312,13.619999885559082,2.99,0.06421832746897495,0.029577217996120453
2016-04-18,0,-0.6363588147208931,176.8721160888672,13.350000381469728,2.99,0.06186392024268416,0.02947189286351204
2016-04-19,0,-0.6764791790958457,177.42999267578125,13.239999771118164,2.96,0.04556013835336283,0.03154978156089783
2016-04-20,0,-0.709939852975658,177.59906005859375,13.279999732971191,2.93,0.0355066361589895,0.02123262733221054
2016-04-21,0,-0.651897991763232,176.6438751220703,13.949999809265137,2.91,0.04746126005360023,0.036621011793613434
2016-04-22,0,-0.7857565228138403,176.6438751220703,13.220000267028809,2.890000000000001,0.03840405245090964,0.02479437179863453
2016-04-25,0,-0.7329249352887518,176.33958435058594,14.079999923706056,2.88,0.05000639896616678,0.041085440665483475
2016-04-26,0,-0.7918915495188,176.60159301757812,13.960000038146973,2.85,0.043110083549325905,0.04845334216952324
2016-04-27,0,-0.7370842913849126,176.965087890625,13.770000457763672,2.8600000000000003,0.04036702983611853,0.033941760659217834
2016-04-28,0,-0.4929920546244665,175.35899353027344,15.220000267028809,2.890000000000001,0.10030201187303267,0.0432448647916317
2016-04-29,0,-0.4799922511702235,174.41226196289062,15.699999809265137,2.8600000000000003,0.13297765250433935,0.06645776331424713
2016-05-02,0,-0.5629448610442277,175.79856872558594,14.68000030517578,2.8600000000000003,0.08927599552947554,0.059680771082639694
2016-05-03,0,-0.4734124735481583,174.26858520507812,15.600000381469728,2.85,0.12182620853838541,0.05957206338644028
2016-05-04,0,-0.4836419343491154,173.2964324951172,16.049999237060547,2.85,0.1492638569124179,0.07293036580085754
2016-05-05,0,-0.3941555726081842,173.2626495361328,15.90999984741211,2.8600000000000003,0.1536558144410904,0.08097805827856064
2016-05-06,0,-0.5930426342325518,173.8966064453125,14.720000267028809,2.87,0.1167992338632321,0.09487076848745346
2016-05-09,0,-0.5635423459828579,174.04031372070312,14.56999969482422,2.89,0.10488469563471207,0.07727088034152985
2016-05-10,0,-0.7529148171299561,176.20433044433594,13.630000114440918,2.89,0.08839622394251008,0.051183443516492844
2016-05-11,0,-0.5153767948018957,174.55596923828125,14.6899995803833,2.9,0.14784092764178564,0.08890997618436813
2016-05-12,0,-0.4454187707655717,174.6066436767578,14.40999984741211,2.91,0.1470798459299576,0.08626335859298706
2016-05-13,0,-0.3485098053006559,173.08511352539062,15.039999961853027,2.9000000000000004,0.1848290252222635,0.09336411207914352
2016-05-16,0,-0.464416251674127,174.79263305664062,14.68000030517578,2.9000000000000004,0.15996884512887524,0.10410220175981522
2016-05-17,0,-0.2898627892681446,173.16119384765625,15.56999969482422,2.890000000000001,0.16410790106174325,0.11016606539487839
2016-05-18,0,-0.2737325948035473,173.2119140625,15.949999809265137,2.87,0.20256994193934807,0.13511234521865845
2016-05-19,0,-0.2455405980082923,172.61175537109375,16.329999923706055,2.85,0.19894367831248977,0.13137072324752808
2016-05-20,0,-0.4066330878253772,173.70223999023438,15.199999809265137,2.86,0.15153192699821388,0.1154947355389595
2016-05-23,0,-0.3564614351216779,173.4655303955078,15.81999969482422,2.8600000000000003,0.14385840344566125,0.10871127247810364
2016-05-24,0,-0.5890626908501374,175.7140655517578,14.420000076293944,2.85,0.09543282103145362,0.057265982031822205
2016-05-25,0,-0.6412011705210378,176.90589904785156,13.899999618530272,2.87,0.07105937558986211,0.039826828986406326
2016-05-26,0,-0.6769498784162158,176.9565887451172,13.43000030517578,2.8600000000000003,0.05632187372238658,0.04013710469007492
2016-05-27,0,-0.8238555702995581,177.7174072265625,13.119999885559082,2.85,0.0424932658846194,0.037283141165971756
2016-05-31,0,-0.7937266143959016,177.37925720214844,14.1899995803833,2.84,0.06314626881389372,0.05359421297907829
2016-06-01,0,-0.7754030811071345,177.7427978515625,14.199999809265137,2.82,0.04431195406742899,0.04867791011929512
2016-06-02,0,-0.898302529833499,178.28378295898438,13.630000114440918,2.83,0.02960228895545289,0.03624352440237999
2016-06-03,0,-0.88840193543245,177.7511749267578,13.470000267028809,2.8600000000000003,0.034908725137420375,0.035363178700208664
2016-06-06,0,-0.92039342538798,178.65570068359375,13.649999618530272,2.86,0.03810094262452439,0.0338098369538784
2016-06-07,0,-0.8766833458878303,178.93466186523438,14.050000190734863,2.8600000000000003,0.04455918741325714,0.0477675162255764
2016-06-08,0,-0.9103810805765984,179.5178985595703,14.079999923706056,2.85,0.03925069571152542,0.05048464238643646
2016-06-09,0,-0.7584657683353866,179.27279663085938,14.640000343322754,2.8500000000000005,0.04346564117568502,0.07052234560251236
2016-06-10,0,-0.5786614564278086,177.57373046875,17.030000686645508,2.8600000000000003,0.14384838277257217,0.13685747981071472
2016-06-13,0,-0.241495077885837,176.20433044433594,20.96999931335449,2.8600000000000003,0.4543476372636711,0.5614170432090759
2016-06-14,0,-0.303894270379736,175.8577423095703,20.5,2.88,0.39125454503666435,0.4919775724411011
2016-06-15,0,-0.2107319597990694,175.6126251220703,20.13999938964844,2.9,0.3395079676763163,0.4152907431125641
2016-06-16,0,-0.3682859998236099,176.13665771484375,19.3700008392334,2.8999999999999995,0.2749576198863162,0.314656525850296
2016-06-17,0,-0.3501728584801498,175.48068237304688,19.40999984741211,2.89,0.2930676796944201,0.28944602608680725
2016-06-20,0,-0.536439025096995,176.61080932617188,18.3700008392334,2.87,0.1988733873019575,0.15470391511917114
2016-06-21,0,-0.5164737416472386,177.11215209960938,18.479999542236328,2.8600000000000003,0.19563037679424333,0.17969322204589844
2016-06-22,0,-0.3265731108078942,176.82325744628906,21.170000076293945,2.86,0.39324498008472003,0.5584349036216736
2016-06-23,0,-0.6054917721226868,179.12594604492188,17.25,2.8599999999999994,0.10770160956583176,0.10313574969768524
2016-06-24,0,0.5241579218872171,172.69371032714844,25.76000022888184,2.9799999999999995,0.9301621894996176,0.8282332420349121
2016-06-27,0,0.4936371257968135,169.60076904296875,23.850000381469727,2.96,0.8839566586590685,0.8515858054161072
2016-06-28,0,0.00807371977827,172.65966796875,18.75,2.95,0.4983727391951587,0.19693231582641602
2016-06-29,0,-0.3661197221160935,175.5996551513672,16.639999389648438,2.9000000000000004,0.20961873578274404,0.12930874526500702
2016-06-30,0,-0.4980765814614568,177.995849609375,15.630000114440918,2.92,0.11217241357323995,0.07491448521614075
2016-07-01,0,-0.6441597392038281,178.36972045898438,14.770000457763672,2.8600000000000003,0.08633565741464778,0.059437401592731476
2016-07-05,0,-0.5984960804610706,177.08663940429688,15.579999923706056,2.83,0.16968512743536052,0.05590526759624481
2016-07-06,0,-0.6483031922870764,178.14877319335938,14.960000038146973,2.83,0.11475431621849462,0.04362154006958008
2016-07-07,0,-0.7060246697015825,178.03829956054688,14.760000228881836,2.7900000000000005,0.06792091208130895,0.03712870180606842
2016-07-08,0,-0.9197578113812044,180.68942260742188,13.199999809265137,2.78,0.024216873416431983,0.025660578161478043
2016-07-11,0,-0.9765124201101658,181.32667541503903,13.539999961853027,2.75,0.02106684104606399,0.022639701142907143
2016-07-12,0,-1.184020802710909,182.6436767578125,13.550000190734863,2.7,0.018699177861417112,0.026378532871603966
2016-07-13,0,-1.291886221929035,182.6182403564453,13.039999961853027,2.69,0.013390639040465984,0.026378532871603966
2016-07-14,0,-1.34805525132879,183.6378631591797,12.81999969482422,2.7,0.014978438173107804,0.03079053945839405
2016-07-15,0,-1.4123794908748415,183.39141845703125,12.670000076293944,2.66,0.010870492011594034,0.037516143172979355
2016-07-18,0,-1.4040495011304963,183.8842620849609,12.4399995803833,2.67,0.010411967074521754,0.031527481973171234
2016-07-19,0,-1.4531619775777074,183.6973419189453,11.970000267028809,2.6700000000000004,0.009070730707743233,0.026939788833260536
2016-07-20,0,-1.455995730901788,184.4620513916016,11.770000457763672,2.66,0.00970320541694554,0.03689967095851898
2016-07-21,0,-1.2967752920042528,183.76535034179688,12.739999771118164,2.68,0.015759743503066536,0.021003546193242073
2016-07-22,0,-1.4213285204721096,184.5895538330078,12.020000457763672,2.66,0.013653577639880905,0.024874769151210785
2016-07-25,0,-1.2410448933620932,184.0881805419922,12.869999885559082,2.6500000000000004,0.011250736700246719,0.043011169880628586
2016-07-26,0,-1.5274791529831755,184.1732177734375,13.050000190734863,2.6499999999999995,0.012926758476988095,0.029074154794216156
2016-07-27,0,-1.646370298740812,183.977767944336,12.829999923706056,2.6700000000000004,0.014407592153531277,0.03228655084967613
2016-07-28,0,-1.4865117413763602,184.1901397705078,12.720000267028809,2.68,0.017100326200981553,0.03442090377211571
2016-07-29,0,-1.3697111847536505,184.4875640869141,11.869999885559082,2.71,0.01355720642838967,0.029826302081346512
2016-08-01,0,-1.180239328211681,184.3346405029297,12.4399995803833,2.7300000000000004,0.022947585852018396,0.031053556129336357
2016-08-02,0,-1.014882384984457,183.15353393554688,13.369999885559082,2.75,0.041669380872676715,0.041270118206739426
2016-08-03,0,-1.1147088543561663,183.68882751464844,12.859999656677246,2.76,0.04183436508968029,0.04704739898443222
2016-08-04,0,-1.102890978764106,183.8842620849609,12.420000076293944,2.76,0.03685667552689497,0.04182383045554161
2016-08-05,0,-1.2837970104647267,185.3882751464844,11.390000343322754,2.7300000000000004,0.019291808541947342,0.03288485109806061
2016-08-08,0,-1.175230643514549,185.2777862548828,11.5,2.71,0.01848272334217158,0.034121252596378326
2016-08-09,0,-1.1496249229761577,185.3882751464844,11.65999984741211,2.7,0.021665553530429794,0.05826703459024429
2016-08-10,0,-1.0277294896693308,184.929428100586,12.050000190734863,2.71,0.02669781600598538,0.08987779915332794
2016-08-11,0,-1.099104312984322,185.78759765625,11.68000030517578,2.7,0.022764232017355935,0.06570158153772354
2016-08-12,0,-1.037541589097942,185.62619018554688,11.550000190734863,2.71,0.019245737672676868,0.05295436084270477
2016-08-15,0,-1.0602254942888474,186.16151428222656,11.8100004196167,2.7,0.02228803416402581,0.05730654299259186
2016-08-16,0,-0.935845760500184,185.2013397216797,12.640000343322754,2.7,0.03305607093358607,0.06549698114395142
2016-08-17,0,-0.9980412690083028,185.5496826171875,12.1899995803833,2.69,0.028474841789905104,0.07901253551244736
2016-08-18,0,-1.015612090787986,185.9660186767578,11.43000030517578,2.7,0.01893237427147293,0.05295436084270477
2016-08-19,0,-1.071986765752175,185.6941375732422,11.34000015258789,2.67,0.018000452018238577,0.059844259172677994
2016-08-22,0,-0.989142658642098,185.6857147216797,12.270000457763672,2.6500000000000004,0.023880586996383017,0.048181161284446716
2016-08-23,0,-1.0216830409104716,186.0595550537109,12.380000114440918,2.640000000000001,0.02614848780633103,0.04637410491704941
2016-08-24,0,-0.8999409645872052,185.1078643798828,13.449999809265137,2.64,0.043176257220819095,0.05003518611192703
2016-08-25,0,-0.8955946529383697,184.9803771972656,13.630000114440918,2.63,0.04703709008992819,0.043089382350444794
2016-08-26,0,-0.8597266644171865,184.6320343017578,13.649999618530272,2.63,0.051442864605478464,0.043089382350444794
2016-08-29,0,-0.9808663761778276,185.5411529541016,12.9399995803833,2.59,0.03350080466990446,0.03650017827749252
2016-08-30,0,-0.9107138672589202,185.2353515625,13.119999885559082,2.62,0.03484365397072009,0.047801949083805084
2016-08-31,0,-0.919771665135936,184.70846557617188,13.420000076293944,2.6100000000000003,0.04720421418863837,0.048541195690631866
2016-09-01,0,-0.8694347653121451,184.7169647216797,13.479999542236328,2.62,0.05280727142228662,0.053789183497428894
2016-09-02,0,-0.9932291878465684,185.5496826171875,11.979999542236328,2.6300000000000003,0.027878626675397047,0.07539422065019608
2016-09-06,0,-0.9238399457860146,186.11053466796875,12.020000457763672,2.640000000000001,0.027878169522270214,0.07058393210172653
2016-09-07,0,-0.9126836142950516,186.093490600586,11.9399995803833,2.6500000000000004,0.028107505008374115,0.07434234023094177
2016-09-08,0,-0.808186163364896,185.66867065429688,12.510000228881836,2.67,0.04313991046418366,0.07883315533399582
2016-09-09,0,-0.2114157136215572,181.22471618652344,17.5,2.67,0.4670868088461797,0.14752167463302612
2016-09-12,0,-0.4612923527971346,183.8247985839844,15.15999984741211,2.6800000000000006,0.24540943165675894,0.10303910076618195
2016-09-13,0,-0.0930632514531804,181.1822662353516,17.850000381469727,2.7,0.5280706000134493,0.2209291011095047
2016-09-14,0,-0.0326741433628422,181.1142425537109,18.13999938964844,2.7,0.5593713288911364,0.3148619830608368
2016-09-15,0,-0.2818784222015283,182.9241180419922,16.299999237060547,2.72,0.34326416641304586,0.15898272395133972
2016-09-16,0,-0.3143148832309184,182.217025756836,15.369999885559082,2.71,0.2992702264569226,0.14635069668293
2016-09-19,0,-0.2881442342616228,182.2511749267578,15.529999732971191,2.7,0.25587880685962205,0.11226639896631241
2016-09-20,0,-0.2606858019379868,182.2597198486328,15.920000076293944,2.7,0.32201838736856314,0.16702421009540558
2016-09-21,0,-0.5709143195421279,184.30923461914065,13.300000190734863,2.7,0.1199750746740474,0.04692995175719261
2016-09-22,0,-0.7209463322362434,185.4707794189453,12.020000457763672,2.6900000000000004,0.05328841331332614,0.04257848113775253
2016-09-23,0,-0.7013306691615341,184.4545440673828,12.289999961853027,2.68,0.06930917689462388,0.05024801194667816
2016-09-26,0,-0.4222949341279127,182.9599609375,14.5,2.7,0.19572084233115894,0.10186842083930969
2016-09-27,0,-0.6176315099828348,184.0958251953125,13.100000381469728,2.69,0.11049951385959493,0.05384686216711998
2016-09-28,0,-0.6719401724929318,185.00955200195312,12.390000343322754,2.6899999999999995,0.06649174684594303,0.03621179983019829
2016-09-29,0,-0.4818918078468439,183.33572387695312,14.020000457763672,2.6700000000000004,0.12138980309312825,0.056949224323034286
2016-09-30,0,-0.6076944427786385,184.7192230224609,13.289999961853027,2.69,0.10628179230213328,0.034444525837898254
2016-10-03,0,-0.5908505849413818,184.2751617431641,13.56999969482422,2.66,0.11539391705327103,0.06729838252067566
2016-10-04,0,-0.4945450346958535,183.33572387695312,13.630000114440918,2.66,0.11188874289636716,0.059037040919065475
2016-10-05,0,-0.581513131443395,184.1470184326172,12.989999771118164,2.640000000000001,0.07597743983943774,0.03846535459160805
2016-10-06,0,-0.6314243291965184,184.2751617431641,12.84000015258789,2.6100000000000003,0.07068852029688052,0.03361068665981293
2016-10-07,0,-0.5363792477077481,183.6431427001953,13.479999542236328,2.6300000000000003,0.06367856316456003,0.04114992544054985
2016-10-10,0,-0.8046845687384581,184.5996551513672,13.380000114440918,2.6300000000000003,0.06493279906509114,0.03540940210223198
2016-10-11,0,-0.4195365949759523,182.26824951171875,15.359999656677246,2.6,0.15774541073723305,0.06957447528839111
2016-10-12,0,-0.5091572628250002,182.50738525390625,15.90999984741211,2.6,0.19954035016311564,0.06015384569764137
2016-10-13,0,-0.4221436275928477,181.9095764160156,16.690000534057617,2.59,0.25785678774750237,0.07214988023042679
2016-10-14,0,-0.3371465888606421,182.0035095214844,16.1200008392334,2.63,0.23376197679117933,0.13245180249214172
2016-10-17,0,-0.3411529559588638,181.37155151367188,16.209999084472656,2.62,0.2318552334567071,0.11905184388160706
2016-10-18,0,-0.4736487120855795,182.50738525390625,15.279999732971191,2.62,0.20177325067688373,0.11283707618713379
2016-10-19,0,-0.5704628402794918,182.9940948486328,14.40999984741211,2.62,0.12258853537055824,0.07944131642580032
2016-10-20,0,-0.5419430098540826,182.6525115966797,13.75,2.59,0.08806678732906446,0.047277990728616714
2016-10-21,0,-0.5109734633123927,182.7379150390625,13.34000015258789,2.6,0.07182550563881888,0.06484568864107132
2016-10-24,0,-0.6341150868716096,183.5150604248047,13.020000457763672,2.5900000000000003,0.06348759281625888,0.03681940585374832
2016-10-25,0,-0.6473559852436911,182.90020751953125,13.460000038146973,2.58,0.0662100505884807,0.04764009267091751
2016-10-26,0,-0.4800132928008278,182.532943725586,14.239999771118164,2.6,0.09512966831473796,0.058466508984565735
2016-10-27,0,-0.3223947106625113,182.04624938964844,15.359999656677246,2.5900000000000003,0.15216638556855294,0.08779118955135345
2016-10-28,0,-0.2934333621554381,181.5082244873047,16.190000534057617,2.6,0.20178503099265607,0.10140056908130646
2016-10-31,0,-0.1359905727088077,181.5167236328125,17.059999465942383,2.6100000000000003,0.2535009436518098,0.1275130957365036
2016-11-01,0,0.0407146638594411,180.2015991210937,18.559999465942383,2.6100000000000003,0.41044362402784745,0.4277017116546631
2016-11-02,0,0.1376545841823667,179.1169891357422,19.31999969482422,2.6300000000000003,0.5030742011171926,0.4550187885761261
2016-11-03,0,0.5048074466527536,178.2971649169922,22.07999992370605,2.67,0.7847415240542589,0.7669987082481384
2016-11-04,0,0.5546492080439415,178.1007537841797,22.51000022888184,2.67,0.7934066198045526,0.7427492141723633
2016-11-07,0,-0.0273929254236079,182.0291442871093,18.709999084472656,2.66,0.4215061024059375,0.5151685476303101
2016-11-08,0,-0.0624560821465519,182.84898376464844,18.739999771118164,2.62,0.3340682838509108,0.4294073283672333
2016-11-09,0,-0.6187290816163049,184.78749084472656,14.380000114440918,2.6600000000000006,0.07907254504596396,0.06327249109745026
2016-11-10,0,-0.6629057273385296,185.2486724853516,14.739999771118164,2.6,0.07774037004478192,0.05135698616504669
2016-11-11,0,-0.7185772400181452,184.8217315673828,14.170000076293944,2.6,0.06109250600930971,0.05075132101774216
2016-11-14,0,-0.6902903203276315,184.9668426513672,14.479999542236328,2.6,0.05395148034478912,0.05075132101774216
2016-11-15,0,-0.9028899913335988,186.4101104736328,13.369999885559082,2.5900000000000003,0.030741706408780323,0.029692072421312332
2016-11-16,0,-0.8292492656510323,186.0600128173828,13.720000267028809,2.5499999999999994,0.030695965452561202,0.03183143585920334
2016-11-17,0,-0.8901919110090163,187.0164337158203,13.350000381469728,2.54,0.023843601045345907,0.02226513996720314
2016-11-18,0,-0.9457183636524528,186.5979461669922,12.850000381469728,2.5200000000000005,0.020880230487051826,0.0266183540225029
2016-11-21,0,-1.0473876573973422,188.007080078125,12.420000076293944,2.52,0.01704804315781361,0.01898346096277237
2016-11-22,0,-1.0081458567544743,188.37432861328125,12.40999984741211,2.53,0.014678780414419642,0.01898346096277237
2016-11-23,0,-1.0816362424414503,188.47677612304688,12.43000030517578,2.49,0.01539336542398359,0.01996898651123047
2016-11-25,0,-1.1499630180211546,189.1770782470703,12.34000015258789,2.48,0.013010660036722322,0.022362040355801582
2016-11-28,0,-1.0636761066978544,188.2889404296875,13.149999618530272,2.47,0.022662590212459865,0.02940147928893566
2016-11-29,0,-1.137464672723149,188.6560974121093,12.899999618530272,2.46,0.019690551705858737,0.02940147928893566
2016-11-30,0,-1.0784550879784962,188.2035369873047,13.329999923706056,2.45,0.024281960191470695,0.03746868669986725
2016-12-01,0,-1.076410442130433,187.5117645263672,14.06999969482422,2.42,0.03784293311541275,0.03979327529668808
2016-12-02,0,-1.1292829060690743,187.60568237304688,14.119999885559082,2.4200000000000004,0.0420612479525932,0.03979327529668808
2016-12-05,0,-1.394024708633827,188.7330017089844,12.140000343322754,2.4199999999999995,0.023533402850318394,0.04096425324678421
2016-12-06,0,-1.434701530471796,189.330810546875,11.789999961853027,2.44,0.018978203254164074,0.02990446425974369
2016-12-07,0,-1.2969254499001768,191.8073883056641,12.220000267028809,2.4400000000000004,0.026340505985810524,0.024654939770698547
2016-12-08,0,-1.2404380324355475,192.27706909179688,12.640000343322754,2.43,0.030827424401224178,0.020847197622060776
2016-12-09,0,-1.259511254691248,193.43850708007807,11.75,2.43,0.02095018015589989,0.02447371743619442
2016-12-12,0,-1.1586083821069213,193.2164764404297,12.640000343322754,2.41,0.03081959406370675,0.024810876697301865
2016-12-13,0,-1.2517767269376583,194.50596618652344,12.720000267028809,2.39,0.02957617789855302,0.039773255586624146
2016-12-14,0,-1.1826823979708014,192.9005126953125,13.1899995803833,2.3200000000000003,0.026898108215654346,0.0498475544154644
2016-12-15,0,-1.2515505434254364,193.6947021484375,12.789999961853027,2.24,0.019082803011160915,0.03949328884482384
2016-12-16,0,-1.248843505516792,193.31593322753903,12.199999809265137,2.28,0.015547892445761756,0.043072763830423355
2016-12-19,0,-1.2500969341516777,193.73681640625,11.710000038146973,2.28,0.015034398181433584,0.03919735178351402
2016-12-20,0,-1.3199516879372122,194.48419189453125,11.449999809265137,2.28,0.0125065466258681,0.04270897060632706
2016-12-21,0,-1.242250055970156,193.94297790527344,11.270000457763672,2.26,0.01592106831375147,0.03892737627029419
2016-12-22,0,-1.1714793609608245,193.60797119140625,11.43000030517578,2.2700000000000005,0.020209109649407433,0.044734664261341095
2016-12-23,0,-1.1890028193308986,193.8913726806641,11.4399995803833,2.25,0.023334041967860045,0.03618323430418968
2016-12-27,0,-1.1199549208486133,194.3724670410156,11.989999771118164,2.2500000000000004,0.029624377296159993,0.047897085547447205
2016-12-28,0,-0.9842622285756571,192.7660980224609,12.949999809265137,2.26,0.05363490786616524,0.060983043164014816
2016-12-29,0,-0.9095917863610252,192.72317504882807,13.369999885559082,2.27,0.08409449328771237,0.07041838020086288
2016-12-30,0,-0.8230667360286011,192.0187225341797,14.039999961853027,2.28,0.12990509101975511,0.07034573704004288
2017-01-03,0,-1.0335483915761088,193.48768615722656,12.850000381469728,2.27,0.08370595548599319,0.07479218393564224
2017-01-04,0,-1.1801860616652011,194.6387939453125,11.850000381469728,2.25,0.04726001659767266,0.03687534108757973
2017-01-05,0,-1.1182940292010275,194.48419189453125,11.670000076293944,2.25,0.05361119648619881,0.03975609689950943
2017-01-06,0,-1.150758366342142,195.1799774169922,11.31999969482422,2.24,0.043208198151021164,0.045720141381025314
2017-01-09,0,-0.9613830050196022,194.53570556640625,11.5600004196167,2.24,0.05483390060438278,0.05482499301433563
2017-01-10,0,-0.9349630902426936,194.53570556640625,11.489999771118164,2.24,0.0509271418683431,0.06996086984872818
2017-01-11,0,-0.9324902697010627,195.08547973632807,11.260000228881836,2.22,0.042113812547296535,0.04135112836956978
2017-01-12,0,-0.8554983373608848,194.59580993652344,11.539999961853027,2.2500000000000004,0.05326250812043407,0.062463872134685516
2017-01-13,0,-0.8489479640973725,195.04251098632807,11.229999542236328,2.23,0.0416309314723518,0.043599195778369904
2017-01-17,0,-0.802520494111652,194.35533142089844,11.869999885559082,2.26,0.06670668582947997,0.07754345238208771
2017-01-18,0,-0.757180035507791,194.7848358154297,12.479999542236328,2.22,0.0848591058181018,0.11883848160505295
2017-01-19,0,-0.7095700905590451,194.063217163086,12.779999732971191,2.2099999999999995,0.08956586084014781,0.09388895332813263
2017-01-20,0,-0.8310363825708412,194.77622985839844,11.539999961853027,2.2100000000000004,0.05285757161503613,0.06636331230401993
2017-01-23,0,-0.7323110291854013,194.2693786621093,11.770000457763672,2.21,0.05865925244510326,0.0612933449447155
2017-01-24,0,-0.8797174122885053,195.51499938964844,11.06999969482422,2.22,0.045349480116507336,0.04582121968269348
2017-01-25,0,-1.0200393827127543,197.207275390625,10.8100004196167,2.2100000000000004,0.03418302670387361,0.043395232409238815
2017-01-26,0,-1.0093535297802958,197.00112915039065,10.630000114440918,2.2,0.03239904754683095,0.04195146635174751
2017-01-27,0,-0.9670655095980512,196.6918487548828,10.579999923706056,2.1899999999999995,0.030367898667710114,0.03972204029560089
2017-01-30,0,-0.8329098021775326,195.47203063964844,11.880000114440918,2.21,0.07649121352137564,0.07100813835859299
2017-01-31,0,-0.7948708081759737,195.4548492431641,11.989999771118164,2.2299999999999995,0.08390168927376715,0.0651974305510521
2017-02-01,0,-0.8535356968161394,195.53211975097656,11.8100004196167,2.23,0.06757146538703723,0.06743292510509491
2017-02-02,0,-0.7461443383098914,195.6610565185547,11.93000030517578,2.23,0.07480460617920105,0.06895619630813599
2017-02-03,0,-0.8377507599636105,197.0096740722656,10.970000267028809,2.24,0.05130107848846305,0.052712567150592804
2017-02-06,0,-0.7666990669214915,196.65744018554688,11.369999885559082,2.25,0.06932238364813742,0.04933081567287445
2017-02-07,0,-0.7317315671524383,196.6661071777344,11.289999961853027,2.24,0.06633748064024278,0.05146285891532898
2017-02-08,0,-0.7611606687830452,196.9237670898437,11.449999809265137,2.25,0.07403100119656156,0.06057806313037872
2017-02-09,0,-0.9092090770760698,198.09210205078125,10.880000114440918,2.24,0.051241017121480895,0.05076693370938301
2017-02-10,0,-0.9372092020060327,198.87380981445312,10.850000381469728,2.2299999999999995,0.039552831296020545,0.05076693370938301
2017-02-13,0,-1.024736776790118,199.9561767578125,11.06999969482422,2.23,0.04169169965957513,0.04698464274406433
2017-02-14,0,-1.108929840725439,200.7550811767578,10.739999771118164,2.2099999999999995,0.030651284884992337,0.030293995514512062
2017-02-15,0,-1.1003112856354689,201.8030700683593,11.970000267028809,2.1900000000000004,0.05224406728405631,0.04063177481293678
2017-02-16,0,-1.0717319211119738,201.6312713623047,11.760000228881836,2.2,0.041443788122439665,0.040800876915454865
2017-02-17,0,-1.166999357365279,201.9490966796875,11.489999771118164,2.21,0.037513812429490805,0.039279159158468246
2017-02-21,0,-1.1961196146882014,203.15174865722656,11.56999969482422,2.2,0.03293574390124786,0.043692704290151596
2017-02-22,0,-1.1853300783966354,202.9713592529297,11.739999771118164,2.21,0.036001238873056444,0.040800876915454865
2017-02-23,0,-1.0846324049487464,203.1087951660156,11.710000038146973,2.2300000000000004,0.033116460016852506,0.04323076456785202
2017-02-24,0,-1.0123304346683926,203.3664703369141,11.470000267028809,2.23,0.03136392057777852,0.043692223727703094
2017-02-27,0,-0.9862573069903572,203.6843719482422,12.09000015258789,2.2100000000000004,0.04184597561106352,0.06945096701383591
2017-02-28,0,-0.8813041568595595,203.1345977783203,12.920000076293944,2.19,0.054271809673313125,0.0972544252872467
2017-03-01,0,-1.2211214701071298,205.97792053222656,12.539999961853027,2.18,0.04416535238535448,0.05896572768688202
2017-03-02,0,-1.2497128055455509,204.6808013916016,11.8100004196167,2.16,0.029561957946872695,0.04439067468047142
2017-03-03,0,-1.3630809621095932,204.80967712402344,10.960000038146973,2.16,0.021812557012843275,0.039648305624723434
2017-03-06,0,-1.2597838536789288,204.1997985839844,11.239999771118164,2.17,0.030060241906721935,0.03930484503507614
2017-03-07,0,-1.1150782825491812,203.58984375,11.449999809265137,2.15,0.040145810221045145,0.042798325419425964
2017-03-08,0,-1.0555757752402557,203.21188354492188,11.859999656677246,2.15,0.04279146074311862,0.041571635752916336
2017-03-09,0,-0.9874982809680386,203.4696044921875,12.300000190734863,2.1699999999999995,0.07749827644756703,0.08549002557992935
2017-03-10,0,-1.0944172269650545,204.1826019287109,11.65999984741211,2.18,0.05976876352266924,0.05210544541478157
2017-03-13,0,-1.072854166997076,204.28567504882807,11.350000381469728,2.17,0.054794521651588865,0.04661383479833603
2017-03-14,0,-0.8210478916082589,203.50393676757807,12.300000190734863,2.18,0.1139702237668337,0.09896118938922882
2017-03-15,0,-0.9379186991534616,205.2649688720703,11.630000114440918,2.2,0.09005521840377713,0.0433972030878067
2017-03-16,0,-0.8953513568048471,204.86122131347656,11.210000038146973,2.2100000000000004,0.07063683107043599,0.04739982634782791
2017-03-17,0,-0.7681210575617766,204.50149536132807,11.279999732971191,2.22,0.08010889951694096,0.05326400697231293
2017-03-20,0,-0.7415880715886537,204.27706909179688,11.34000015258789,2.23,0.09383586995557516,0.05326400697231293
2017-03-21,0,-0.3669019785682872,201.65432739257807,12.470000267028809,2.23,0.21910389006816125,0.10127023607492447
2017-03-22,0,-0.2642646238448864,202.1288146972656,12.8100004196167,2.23,0.237176676791321,0.10171142965555191
2017-03-23,0,-0.2052979745281224,201.91311645507807,13.119999885559082,2.24,0.28221519188015715,0.12717434763908386
2017-03-24,0,-0.2283599754478905,201.7664794921875,12.960000038146973,2.22,0.25698087170900136,0.10171142965555191
2017-03-27,0,-0.2421902673912043,201.55943298339844,12.5,2.2300000000000004,0.2136540485995297,0.10194993019104004
2017-03-28,0,-0.4726312055053794,203.026123046875,11.529999732971191,2.22,0.16149563063179648,0.07580596208572388
2017-03-29,0,-0.5287619588683313,203.21592712402344,11.420000076293944,2.23,0.1207217393991012,0.06209462136030197
2017-03-30,0,-0.3429187615684618,203.8629913330078,11.539999961853027,2.2300000000000004,0.12073822602118525,0.06209462136030197
2017-03-31,0,-0.2778328748667507,203.38848876953125,12.369999885559082,2.24,0.18889320049349329,0.10261650383472443
2017-04-03,0,-0.2141618770466783,203.03469848632807,12.380000114440918,2.26,0.2060557672307879,0.10261650383472443
2017-04-04,0,-0.3504897120248724,203.1641387939453,11.789999961853027,2.26,0.13981488954105156,0.07381656020879745
2017-04-05,0,-0.160719049017515,202.56016540527344,12.890000343322754,2.29,0.2563295246572654,0.11944953352212906
2017-04-06,0,-0.3266230532337784,203.1296844482422,12.390000343322754,2.2700000000000005,0.18177531013980747,0.09778193384408951
2017-04-07,0,-0.2614149191080311,202.92257690429688,12.869999885559082,2.24,0.20242024805397066,0.11060931533575058
2017-04-10,0,-0.053353802255307,203.0433807373047,14.050000190734863,2.24,0.3261545287962825,0.14529335498809814
2017-04-11,0,0.1141660342239477,202.80177307128903,15.06999969482422,2.24,0.45082875594103416,0.35612109303474426
2017-04-12,0,0.2703185841689192,201.91311645507807,15.770000457763672,2.28,0.5611677302630652,0.536966860294342
2017-04-13,0,0.5269969022745673,200.6017303466797,15.960000038146973,2.28,0.5953393823706713,0.4849843680858612
2017-04-17,0,0.1927754608248999,202.3791046142578,14.65999984741211,2.29,0.4178314490736498,0.2925214469432831
2017-04-18,0,0.1774245454162089,201.77511596679688,14.420000076293944,2.29,0.34483008916641616,0.2270137369632721
2017-04-19,0,0.2566288048704409,201.4041442871093,14.93000030517578,2.29,0.36865927758986433,0.3351851999759674
2017-04-20,0,-0.188451284313402,203.0433807373047,14.149999618530272,2.28,0.2708914593594655,0.18289193511009216
2017-04-21,0,-0.0229543757745501,202.3963165283203,14.630000114440918,2.29,0.35906800627080304,0.3034595847129822
2017-04-24,0,-0.7386322302067807,204.6222381591797,10.84000015258789,2.28,0.05209186899038654,0.08297030627727509
2017-04-25,0,-0.8746094337797384,205.81280517578125,10.760000228881836,2.26,0.04994933604145336,0.044195838272571564
2017-04-26,0,-0.850337455368971,205.68348693847656,10.850000381469728,2.27,0.05286855555419795,0.061858344823122025
2017-04-27,0,-0.7975525300572789,205.85597229003903,10.359999656677246,2.28,0.037960225772680704,0.061858344823122025
2017-04-28,0,-0.6811722682225893,205.4073486328125,10.81999969482422,2.28,0.05578580945482097,0.061858344823122025
2017-05-01,0,-0.7472911388596897,205.9250030517578,10.109999656677246,2.29,0.03740310329685453,0.04188651591539383
2017-05-02,0,-0.7050083412834182,206.0026397705078,10.59000015258789,2.3,0.04688064999855282,0.040876541286706924
2017-05-03,0,-0.7885392456585582,205.75247192382807,10.68000030517578,2.2299999999999995,0.042280698923085475,0.029348088428378105
2017-05-04,0,-0.7927105842312603,205.9940185546875,10.460000038146973,2.2500000000000004,0.038716245111742216,0.040292661637067795
2017-05-05,0,-0.8936639855086687,206.8050079345703,10.56999969482422,2.24,0.04251367886134075,0.040572162717580795
2017-05-08,0,-0.9590924065978136,206.7705078125,9.770000457763672,2.23,0.025918385408850574,0.038247235119342804
2017-05-09,0,-0.940857756901516,206.5807647705078,9.960000038146973,2.22,0.030383697671238503,0.029348088428378105
2017-05-10,0,-0.9191225589088288,206.9517059326172,10.210000038146973,2.22,0.040474103079746186,0.030082156881690025
2017-05-11,0,-0.8213753768332167,206.52896118164065,10.600000381469728,2.24,0.0567177441251876,0.040292661637067795
2017-05-12,0,-0.8709462796255133,206.1837921142578,10.399999618530272,2.25,0.05396397728439789,0.04561747610569
2017-05-15,0,-1.0535767468567838,207.3227386474609,10.420000076293944,2.25,0.061155963183450256,0.04304473474621773
2017-05-16,0,-0.8727123200520214,207.13291931152344,10.649999618530272,2.24,0.07124939261214246,0.036578673869371414
2017-05-17,0,0.0445152231075567,203.45753479003903,15.59000015258789,2.26,0.7178953593036215,0.474240779876709
2017-05-18,0,-0.1656515707588318,204.27706909179688,14.65999984741211,2.26,0.6115101306203381,0.280302494764328
2017-05-19,0,-0.4775000053175699,205.6057891845703,12.039999961853027,2.26,0.25398433007644444,0.13055729866027832
2017-05-22,0,-0.7774241408003398,206.6497344970703,10.93000030517578,2.24,0.11776022962930277,0.06314275413751602
2017-05-23,0,-0.6837903485009372,207.1070098876953,10.720000267028809,2.22,0.09591906043196763,0.041666969656944275
2017-05-24,0,-0.6705064523173148,207.5901031494141,10.020000457763672,2.25,0.08169463732191665,0.04562162980437279
2017-05-25,0,-0.7691361724271742,208.58230590820312,9.989999771118164,2.24,0.07555435805191622,0.055981360375881195
2017-05-26,0,-0.7689398947504715,208.5391998291016,9.8100004196167,2.24,0.06603552558700573,0.05166345089673996
2017-05-30,0,-0.6955764541161984,208.3579559326172,10.380000114440918,2.25,0.0951158438583858,0.038986798375844955
2017-05-31,0,-0.6697036193110208,208.3062438964844,10.40999984741211,2.2300000000000004,0.09316092794182039,0.0455295667052269
2017-06-01,0,-0.8414456941884483,209.96275329589844,9.890000343322754,2.24,0.06602844919812317,0.05199875310063362
2017-06-02,0,-0.9276239704409628,210.66159057617188,9.75,2.24,0.05242358459329562,0.04444669932126999
2017-06-05,0,-0.8489786246231508,210.5062713623047,10.06999969482422,2.24,0.06659070490879465,0.04562162980437279
2017-06-06,0,-0.6642745000840518,209.8333282470703,10.449999809265137,2.25,0.09114870213029094,0.04017467796802521
2017-06-07,0,-0.7297427692274034,210.2215881347656,10.390000343322754,2.23,0.08952053359056897,0.05193733423948288
2017-06-08,0,-0.7781706341561591,210.3251190185547,10.15999984741211,2.23,0.06741077247701725,0.052002597600221634
2017-06-09,0,-0.6792379376518537,210.0058441162109,10.699999809265137,2.21,0.08454336148306811,0.036349449306726456
2017-06-12,0,-0.5939111923813784,209.96275329589844,11.460000038146973,2.22,0.13361655868675198,0.07534605264663696
2017-06-13,0,-0.8447137370789365,210.98947143554688,10.420000076293944,2.21,0.0776813473671091,0.04846712201833725
2017-06-14,0,-0.7302492213144189,210.7220001220703,10.640000343322754,2.19,0.08152114931449385,0.03163200616836548
2017-06-15,0,-0.6912623014899905,210.31646728515625,10.899999618530272,2.18,0.07181161378499752,0.03466600179672241
2017-06-16,0,-1.0428048919344282,210.36241149902344,10.380000114440918,2.1899999999999995,0.06506981149038758,0.044310521334409714
2017-06-19,0,-1.1402119363199212,212.1137084960937,10.369999885559082,2.1700000000000004,0.06082921405033623,0.03760802373290062
2017-06-20,0,-0.8622233734674328,210.68321228027344,10.859999656677246,2.16,0.08075813447502338,0.037158649414777756
2017-06-21,0,-0.8005641002001825,210.6311950683593,10.75,2.1499999999999995,0.08529538843154802,0.03562692552804947
2017-06-22,0,-0.7755739299548073,210.53585815429688,10.479999542236328,2.16,0.08295298704511452,0.03561744838953018
2017-06-23,0,-0.8366361608800327,210.7872467041016,10.020000457763672,2.15,0.06473123784423934,0.033874038606882095
2017-06-26,0,-0.7821452493368989,210.9259185791016,9.899999618530272,2.15,0.05142841258113886,0.032036181539297104
2017-06-27,0,-0.5358270719578045,209.2267303466797,11.0600004196167,2.12,0.12224670184629982,0.044970590621232986
2017-06-28,0,-0.8315006394246968,211.09939575195312,10.029999732971191,2.14,0.07320724599855408,0.036515869200229645
2017-06-29,0,-0.5007666816471056,209.2440490722656,11.4399995803833,2.11,0.16831355198347842,0.045908767729997635
2017-06-30,0,-0.4677757389127877,209.6342010498047,11.18000030517578,2.0900000000000003,0.13645348364986096,0.04192152991890907
2017-07-03,0,-0.4616086861865323,209.9896240234375,11.220000267028809,2.07,0.1230880575620336,0.04484592378139496
2017-07-05,0,-0.5167296363246209,210.47520446777344,11.06999969482422,2.08,0.12736025174650503,0.04496540501713753
2017-07-06,0,-0.1849933833698162,208.55047607421875,12.539999961853027,2.0700000000000003,0.26971957949047,0.05980256199836731
2017-07-07,0,-0.4647822333470207,209.9029541015625,11.1899995803833,2.08,0.15770545291104573,0.040588293224573135
2017-07-10,0,-0.4818696340154338,210.1284027099609,11.109999656677246,2.08,0.1451495074407703,0.040588293224573135
2017-07-11,0,-0.5269044331251699,209.97232055664065,10.890000343322754,2.08,0.12766708597581744,0.03300132602453232
2017-07-12,0,-0.7322838910798822,211.5502166748047,10.300000190734863,2.09,0.08814271606712243,0.044237542897462845
2017-07-13,0,-0.7394845476771712,211.9056701660156,9.899999618530272,2.0900000000000003,0.07687007791954355,0.03857678174972534
2017-07-14,0,-0.8974767547322213,212.8939971923828,9.510000228881836,2.09,0.05344082187040986,0.03608157858252525
2017-07-17,0,-0.8711567820846499,212.86795043945312,9.81999969482422,2.0900000000000003,0.06525623569323145,0.03608157858252525
2017-07-18,0,-0.87552997183864,212.9807586669922,9.890000343322754,2.08,0.06763765584812143,0.03608157858252525
2017-07-19,0,-0.8532645407448142,214.13380432128903,9.789999961853027,2.07,0.047786742456415655,0.030764464288949966
2017-07-20,0,-1.0378532938298128,214.2291717529297,9.579999923706056,2.0500000000000003,0.03767370521914924,0.025135334581136703
2017-07-21,0,-1.056678229163435,214.03839111328125,9.359999656677246,2.05,0.03179523750494666,0.029438462108373642
2017-07-24,0,-1.0262184635619247,213.9864044189453,9.43000030517578,2.0600000000000005,0.037754321973999576,0.032999616116285324
2017-07-25,0,-1.0577438598549869,214.5065460205078,9.43000030517578,2.05,0.03805657246067947,0.03186966851353645
2017-07-26,0,-0.980729900645627,214.51524353027344,9.600000381469728,2.0700000000000003,0.03932791520131051,0.03169359266757965
2017-07-27,0,-1.0237096665386367,214.31581115722656,10.109999656677246,2.07,0.05907760812545112,0.03296250104904175
2017-07-28,0,-0.8455304644909806,214.06446838378903,10.289999961853027,2.05,0.06189988831455969,0.044746167957782745
2017-07-31,0,-0.9859027265812372,213.94302368164065,10.260000228881836,2.0600000000000005,0.06791259787173551,0.044746167957782745
2017-08-01,0,-1.0178998852314496,214.4198760986328,10.09000015258789,2.0600000000000005,0.06274951719592327,0.03934963047504425
2017-08-02,0,-0.976730499795156,214.5238647460937,10.279999732971191,2.0500000000000003,0.06995416069336222,0.044746167957782745
2017-08-03,0,-0.8665724147395796,214.1077575683593,10.4399995803833,2.05,0.07323099519926488,0.052527714520692825
2017-08-04,0,-1.1362414380819452,214.49790954589844,10.029999732971191,2.0500000000000003,0.06169731320816156,0.04305250197649002
2017-08-07,0,-1.0437906451352614,214.896728515625,9.93000030517578,2.0600000000000005,0.06343365041533272,0.046297069638967514
2017-08-08,0,-0.7969244112064651,214.3678741455078,10.960000038146973,2.0700000000000003,0.13081796216410202,0.10004648566246033
2017-08-09,0,-0.7519978937442312,214.35923767089844,11.109999656677246,2.09,0.15005584475079398,0.10004648566246033
2017-08-10,0,0.4617260179751472,211.3334503173828,16.040000915527344,2.1099999999999994,0.8924524993182841,0.5226055979728699
2017-08-11,0,0.3944371903803522,211.64556884765625,15.510000228881836,2.12,0.8459485821710333,0.5912010073661804
2017-08-14,0,-0.2144192109257271,213.7436370849609,12.329999923706056,2.11,0.373123726835813,0.08293688297271729
2017-08-15,0,-0.2903900782146356,213.71763610839844,12.039999961853027,2.0900000000000003,0.299021988453747,0.08653488755226135
2017-08-16,0,-0.3579300668061496,214.0904541015625,11.739999771118164,2.0900000000000003,0.24314749327092514,0.07997918874025345
2017-08-17,0,0.6570954266498581,210.7525634765625,15.550000190734863,2.11,0.8545790128360251,0.5218163728713989
2017-08-18,0,0.5048290694328471,210.4231414794922,14.260000228881836,2.12,0.7248249769050304,0.40336138010025024
2017-08-21,0,0.3051172622182709,210.5878448486328,13.1899995803833,2.12,0.545047772241934,0.20824024081230164
2017-08-22,0,-0.2069194857100211,212.7899475097656,11.350000381469728,2.1,0.24825226895960376,0.09646058827638626
2017-08-23,0,0.0754443119479941,212.02700805664065,12.25,2.12,0.357695505356318,0.1504814177751541
2017-08-24,0,0.1144415000144713,211.53282165527344,12.229999542236328,2.12,0.400392025517634,0.17805513739585876
2017-08-25,0,-0.0902542617862695,212.02700805664065,11.279999732971191,2.12,0.28254806109450986,0.11739775538444519
2017-08-28,0,-0.0875969926303702,212.03570556640625,11.31999969482422,2.13,0.29730693636463784,0.09065121412277222
2017-08-29,0,-0.0241409049531307,212.2784423828125,11.699999809265137,2.1500000000000004,0.3267721717249066,0.09232690930366516
2017-08-30,0,-0.1582379751381289,213.2841339111328,11.220000267028809,2.14,0.2490334670788777,0.0890020877122879
2017-08-31,0,-0.351771206908086,214.5672302246093,10.59000015258789,2.14,0.17481597438672608,0.03884930536150932
2017-09-01,0,-0.4625449643112409,214.8706970214844,10.130000114440918,2.1499999999999995,0.13318907670284869,0.04257388412952423
2017-09-05,0,0.0435421815033123,213.32749938964844,12.229999542236328,2.1600000000000006,0.3955845367261099,0.12611831724643707
2017-09-06,0,-0.0588840688237792,214.05577087402344,11.630000114440918,2.1699999999999995,0.3023769308112621,0.057373128831386566
2017-09-07,0,-0.1115381466982312,214.0297393798828,11.550000190734863,2.17,0.26991932542112995,0.057373128831386566
2017-09-08,0,-0.0020243109351616,213.7783050537109,12.119999885559082,2.1700000000000004,0.29698848630324015,0.12171114981174469
2017-09-11,0,-0.696591345922994,216.0584411621093,10.729999542236328,2.15,0.13611038124153155,0.05678332597017288
2017-09-12,0,-0.731596998541514,216.7867126464844,10.579999923706056,2.16,0.12037650355181165,0.05442451313138008
2017-09-13,0,-0.6181993374640454,216.8907470703125,10.5,2.13,0.09924771657055112,0.04264827072620392
2017-09-14,0,-0.6540291820106873,216.82139587402344,10.4399995803833,2.1099999999999994,0.09069571046483804,0.04264827072620392
2017-09-15,0,-0.7024597785933523,217.11329650878903,10.170000076293944,2.1,0.06094022576085985,0.0372498519718647
2017-09-18,0,-1.035828310594591,217.5750427246093,10.149999618530272,2.1,0.05381131363659793,0.0372498519718647
2017-09-19,0,-1.0915448861982244,217.7928771972656,10.18000030517578,2.09,0.05237626832499323,0.029546357691287994
2017-09-20,0,-1.196403352673929,217.87127685546875,9.779999732971191,2.06,0.03632537826426564,0.02630685456097126
2017-09-21,0,-0.9763977779918732,217.2875061035156,9.670000076293944,2.0500000000000003,0.03638428582596286,0.025098519399762154
2017-09-22,0,-1.0549878392104388,217.33108520507807,9.59000015258789,2.05,0.03847577100879026,0.025098519399762154
2017-09-25,0,-0.935384942100217,216.88671875,10.210000038146973,2.06,0.06397971881078217,0.026364561170339584
2017-09-26,0,-0.9410350876978076,217.01739501953125,10.170000076293944,2.04,0.06169592068582417,0.027243835851550102
2017-09-27,0,-1.0194282481477983,217.862548828125,9.869999885559082,2.06,0.0605069749553286,0.0219204593449831
2017-09-28,0,-1.0850190394733357,218.1239624023437,9.550000190734863,2.0500000000000003,0.05419900530319466,0.025098519399762154
2017-09-29,0,-1.158254340583592,218.8906707763672,9.510000228881836,2.0,0.04165884025664433,0.02342006377875805
2017-10-02,0,-1.1478670058067235,219.84039306640625,9.449999809265137,1.99,0.03557798636029909,0.025098519399762154
2017-10-03,0,-1.1260210728252844,220.3108673095703,9.510000228881836,2.0,0.035568248957394605,0.02342006377875805
2017-10-04,0,-1.2424745687103482,220.5722503662109,9.630000114440918,2.01,0.04002878238577618,0.0257613193243742
2017-10-05,0,-1.3737965157436038,221.8791656494141,9.1899995803833,2.0,0.030116643908729604,0.02298629842698574
2017-10-06,0,-1.311750909206033,221.6265411376953,9.649999618530272,1.9799999999999995,0.03803276732338965,0.026741188019514084
2017-10-09,0,-1.1858925080913088,221.2605895996093,10.329999923706056,1.9799999999999995,0.0530210909376568,0.0400201641023159
2017-10-10,0,-1.083282948498314,221.84426879882807,10.079999923706056,1.97,0.04312143023201623,0.029074789956212044
2017-10-11,0,-1.0795443970226075,222.1928253173828,9.850000381469728,1.97,0.036677512568722155,0.029074789956212044
2017-10-12,0,-1.024552265941666,221.8617553710937,9.90999984741211,1.97,0.0377778802623637,0.02703487128019333
2017-10-13,0,-1.096242876580812,222.1318206787109,9.609999656677246,1.97,0.03485278322900456,0.026320820674300194
2017-10-16,0,-1.0417321724474649,222.42803955078125,9.90999984741211,1.97,0.04490679134010824,0.03282676637172699
2017-10-17,0,-0.9848945243474954,222.5848846435547,10.3100004196167,1.95,0.05254198661013591,0.046738553792238235
2017-10-18,0,-1.0177546348346882,222.8027191162109,10.06999969482422,1.95,0.044390405670953884,0.03405525162816048
2017-10-19,0,-1.0343289133813098,222.8636779785156,10.050000190734863,1.9399999999999995,0.04471085415480105,0.040153421461582184
2017-10-20,0,-1.1945469322893023,224.01377868652344,9.970000267028809,1.94,0.04216339980685447,0.03624921292066574
2017-10-23,0,-0.9252513737674324,223.14247131347656,11.06999969482422,1.9400000000000004,0.08944643440505773,0.05921074002981186
2017-10-24,0,-1.0217886082606478,223.5345764160156,11.15999984741211,1.92,0.09066686512023242,0.0664413794875145
2017-10-25,0,-0.872440799441014,222.42803955078125,11.229999542236328,1.93,0.11172208142439942,0.06090587377548218
2017-10-26,0,-0.8463242030066774,222.7155914306641,11.300000190734863,1.91,0.11805187222408177,0.05803315341472626
2017-10-27,0,-1.1829761965024073,224.5365447998047,9.800000190734863,1.93,0.04498729040368894,0.03650764375925064
2017-10-30,0,-0.9371637566347498,223.7001495361328,10.5,1.92,0.0757033228372267,0.04984236881136894
2017-10-31,0,-0.9512918007223626,224.04861450195312,10.18000030517578,1.91,0.05987508255784895,0.043025244027376175
2017-11-01,0,-0.9041797458986038,224.3448638916016,10.199999809265137,1.92,0.07278217168237254,0.05567491054534912
2017-11-02,0,-0.9531512648556646,224.43199157714844,9.93000030517578,1.91,0.05700104500518228,0.03552805632352829
2017-11-03,0,-1.0420372073761934,225.1812896728516,9.140000343322754,1.91,0.02884650059077046,0.033042263239622116
2017-11-06,0,-1.041940274122046,225.52981567382807,9.399999618530272,1.9200000000000004,0.03732376713013163,0.03623247519135475
2017-11-07,0,-1.02809815820424,225.3729858398437,9.890000343322754,1.9,0.047284735744069946,0.03552805632352829
2017-11-08,0,-0.9916704775815632,225.75634765625,9.779999732971191,1.9200000000000004,0.04561219945223505,0.03623247519135475
2017-11-09,0,-0.6996808141610433,224.9373321533203,10.5,1.93,0.09233827928958661,0.052603017538785934
2017-11-10,0,-0.5442890027067976,224.86767578125,11.289999961853027,1.93,0.16972819252304833,0.07390661537647247
2017-11-13,0,-0.4869682225610511,225.0767517089844,11.5,1.93,0.18584988564513638,0.07908519357442856
2017-11-14,0,-0.3861238719642499,224.55398559570312,11.59000015258789,1.93,0.20511013239199102,0.09705226123332977
2017-11-15,0,0.1493329945712653,223.4300231933593,13.130000114440918,1.95,0.5330255379491484,0.36989885568618774
2017-11-16,0,-0.410232476673212,225.3293914794922,11.760000228881836,1.92,0.24184565529580493,0.12119529396295547
2017-11-17,0,-0.3928122969600793,224.66717529296875,11.43000030517578,1.93,0.1873452002113823,0.07568105310201645
2017-11-20,0,-0.55508056232491,225.0505828857422,10.649999618530272,1.91,0.09528799224590631,0.06459284573793411
2017-11-21,0,-1.0703347419168483,226.52305603027344,9.729999542236328,1.8800000000000003,0.039079419253319175,0.053806304931640625
2017-11-22,0,-0.8968468430239137,226.3227081298828,9.880000114440918,1.9100000000000008,0.05162251168156507,0.036310240626335144
2017-11-24,0,-1.1255973464835374,226.8453826904297,9.670000076293944,1.9000000000000004,0.039908043609602525,0.032999373972415924
2017-11-27,0,-0.956875949504175,226.7321319580078,9.869999885559082,1.93,0.060090261524128746,0.03246926888823509
2017-11-28,0,-1.0097908966770257,229.0323181152344,10.029999732971191,1.91,0.06065448591004998,0.03201612830162048
2017-11-29,0,-0.8877328491243777,228.8928985595703,10.699999809265137,1.92,0.09408044318441945,0.05511186644434929
2017-11-30,0,-1.0080596301034188,230.8968811035156,11.279999732971191,1.88,0.11098048334354414,0.08665890246629715
2017-12-01,0,-0.9182912144214624,230.41766357421875,11.43000030517578,1.87,0.10683169742874199,0.1781875491142273
2017-12-04,0,-0.8156033284258629,230.13885498046875,11.68000030517578,1.87,0.13751448696666901,0.15316610038280487
2017-12-05,0,-0.8210535591815513,229.31114196777344,11.329999923706056,1.8400000000000003,0.07880184569599799,0.1567908227443695
2017-12-06,0,-0.809442109770017,229.3546905517578,11.020000457763672,1.8600000000000003,0.0726823914184723,0.14774897694587708
2017-12-07,0,-1.052315326112663,230.07785034179688,10.15999984741211,1.88,0.035412492072096555,0.04613633453845978
2017-12-08,0,-1.3045327374806186,231.33255004882807,9.579999923706056,1.87,0.02187392582840711,0.060537129640579224
2017-12-11,0,-1.5679610741864771,232.0294952392578,9.34000015258789,1.85,0.015896538926789022,0.10025401413440704
2017-12-12,0,-1.4965976782574286,232.43898010253903,9.920000076293944,1.8400000000000003,0.028645859686436355,0.09218299388885498
2017-12-13,0,-1.4278768962278658,232.41290283203125,10.18000030517578,1.8300000000000003,0.03564377114981838,0.10941842198371887
2017-12-14,0,-1.331447174752875,231.4631805419922,10.489999771118164,1.82,0.04846357349564158,0.17196787893772125
2017-12-15,0,-1.957844172574698,233.39064025878903,9.420000076293944,1.8000000000000005,0.016984735827549963,0.0849260538816452
2017-12-18,0,-1.8329143119828928,234.87066650390625,9.529999732971191,1.81,0.018056573859763357,0.07973455637693405
2017-12-19,0,-1.6723758004859504,233.9686279296875,10.029999732971191,1.81,0.030723222370630927,0.08458619564771652
2017-12-20,0,-1.653218562017521,233.84608459472656,9.720000267028809,1.82,0.029811018553496563,0.08250918984413147
2017-12-21,0,-1.633494928385882,234.3276824951172,9.619999885559082,1.7899999999999996,0.028436456979790782,0.08710934221744537
2017-12-22,0,-1.564433999075587,234.2664489746093,9.899999618530272,1.7899999999999996,0.03422570515432928,0.08638705313205719
2017-12-26,0,-1.4044268314527577,233.9861297607422,10.25,1.7799999999999998,0.041657214879781954,0.12898069620132446
2017-12-27,0,-1.4086273343083462,234.09999084472656,10.470000267028809,1.7599999999999998,0.04894001997051891,0.1698673963546753
2017-12-28,0,-1.2705896715656086,234.5816650390625,10.18000030517578,1.7600000000000002,0.04190625842575866,0.1218377947807312
2017-12-29,0,-0.947153455854806,233.6972045898437,11.039999961853027,1.77,0.09466642599035413,0.17487110197544098
2018-01-02,0,-1.1816887412016197,235.3698272705078,9.770000457763672,1.7800000000000002,0.03854463632797293,0.08904805034399033
2018-01-03,0,-1.5437765642813477,236.85855102539065,9.149999618530272,1.77,0.021743252054197904,0.09218299388885498
2018-01-04,0,-1.6878645431978303,237.85690307617188,9.220000267028809,1.75,0.019693718520646896,0.09218299388885498
2018-01-05,0,-1.896004015159366,239.44195556640625,9.220000267028809,1.7600000000000002,0.020057782688359095,0.08060483634471893
2018-01-08,0,-1.8875662319398,239.8798675537109,9.520000457763672,1.7400000000000002,0.02584725646867974,0.08755793422460556
2018-01-09,0,-1.7086283759738123,240.4227752685547,10.079999923706056,1.7400000000000002,0.03889678232191464,0.1011200025677681
2018-01-10,0,-1.6072416685438915,240.0550079345703,9.81999969482422,1.7300000000000004,0.02992384971289201,0.10616443306207657
2018-01-11,0,-1.7624975772705536,241.8064422607422,9.880000114440918,1.6900000000000004,0.024401634477642615,0.10554946959018707
2018-01-12,0,-1.8038575126313656,243.3827362060547,10.15999984741211,1.6800000000000006,0.02261330407109462,0.09084580093622208
2018-01-16,0,-1.3794652108405472,242.5508270263672,11.65999984741211,1.66,0.0739045864858247,0.29744863510131836
2018-01-17,0,-1.6131176813775163,244.86265563964844,11.90999984741211,1.6600000000000006,0.08293926065126662,0.4583180546760559
2018-01-18,0,-1.3162146934147576,244.451171875,12.220000267028809,1.6399999999999997,0.10595318664319311,0.48828595876693726
2018-01-19,0,-1.4795654733604435,245.56333923339844,11.270000457763672,1.64,0.04441180170040373,0.23067578673362732
2018-01-22,1,-1.7849033955365872,247.5599822998047,11.029999732971191,1.6399999999999997,0.0315057427863656,0.17743396759033203
2018-01-23,1,-1.795458858377166,248.0853729248047,11.100000381469728,1.6399999999999997,0.036489891912126066,0.19435180723667145
2018-01-24,1,-1.5976173657732975,247.98904418945312,11.470000267028809,1.65,0.04789480573112121,0.2548534870147705
2018-01-25,1,-1.6365263048583334,248.0941619873047,11.579999923706056,1.6100000000000003,0.05368575266552944,0.5905056595802307
2018-01-26,1,-2.0267197746659416,250.96652221679688,11.079999923706056,1.5999999999999996,0.03215787854850825,0.4823454022407532
2018-01-29,1,-1.17384736566416,249.3027191162109,13.84000015258789,1.59,0.2571676603998048,0.6096068024635315
2018-01-30,1,-0.6570909709962581,246.7456512451172,14.789999961853027,1.5900000000000003,0.5148017281742456,0.6974055171012878
2018-01-31,1,-1.0907063697447732,246.86819458007807,13.539999961853027,1.56,0.28086738334604566,0.6100979447364807
2018-02-01,1,-0.913582278509125,246.5878753662109,13.470000267028809,1.56,0.3009979264199602,0.6222440004348755
2018-02-02,1,0.6145647203059877,241.2196655273437,17.309999465942383,1.58,0.943204732826357,0.7980132102966309
2018-02-05,1,6.11689890949032,231.13134765625,37.31999969482422,1.6300000000000003,0.9999999969615685,0.8958525061607361
2018-02-06,1,2.705562679955204,235.68502807617188,29.979999542236328,1.6100000000000003,0.9999576020706952,0.8055787682533264
2018-02-07,1,2.218217349085202,234.40655517578125,27.729999542236328,1.62,0.9996279488894594,0.8851176500320435
2018-02-08,1,3.495279830165762,225.6141967773437,33.459999084472656,1.6300000000000003,0.9999827739047047,0.9105817675590515
2018-02-09,1,2.4385843355328323,229.00323486328125,29.059999465942383,1.67,0.999812501180661,0.9103739261627197
2018-02-12,1,1.7608113878816578,232.36602783203125,25.61000061035156,1.64,0.9977731953614679,0.9107090830802917
2018-02-13,0,1.7794855267725045,232.9441070556641,24.96999931335449,1.6899999999999995,0.9974500181776623,0.8558838963508606
2018-02-14,1,0.8397222120135567,236.087890625,19.26000022888184,1.66,0.9594671454412258,0.8881602883338928
2018-02-15,1,0.7106478395039671,239.1004180908203,19.1299991607666,1.6300000000000003,0.9723431245583279,0.8521637320518494
2018-02-16,1,0.7511989131532036,239.1704864501953,19.459999084472656,1.66,0.9585153155799642,0.833356499671936
2018-02-20,1,1.0398339129269216,237.67300415039065,20.600000381469727,1.67,0.9677451417460704,0.8461190462112427
2018-02-21,1,1.1754228700968248,236.49073791503903,20.020000457763672,1.6700000000000004,0.9461871280491126,0.8206754326820374
2018-02-22,1,1.0613018338114382,236.7972869873047,18.71999931335449,1.6799999999999995,0.8968874783180012,0.7025860548019409
2018-02-23,1,0.5880107682939205,240.5717010498047,16.489999771118164,1.6799999999999995,0.7150930811806504,0.5930598378181458
2018-02-26,1,0.3786002326577409,243.3652801513672,15.800000190734863,1.6999999999999995,0.5824750249906632,0.48039281368255615
2018-02-27,1,0.9814273694625234,240.32652282714844,18.59000015258789,1.69,0.8113206763806781,0.6671308875083923
2018-02-28,1,1.1129600666138602,237.89198303222656,19.850000381469727,1.6799999999999995,0.8875657419398698,0.7116137146949768
2018-03-01,0,1.4523148806108814,234.4327545166016,22.46999931335449,1.7200000000000002,0.963704811165806,0.7946390509605408
2018-03-02,0,1.1022757294890446,235.64122009277344,19.59000015258789,1.7200000000000002,0.8535042881004986,0.7225385904312134
2018-03-05,0,0.8258311250544209,238.3648223876953,18.729999542236328,1.7199999999999998,0.7096450468303271,0.5218189358711243
2018-03-06,0,0.470896790528067,238.9690856933593,18.36000061035156,1.75,0.6134741085757767,0.49789148569107056
2018-03-07,0,-0.1987264316965496,238.88150024414065,17.760000228881836,1.77,0.6405988537005963,0.5188065767288208
2018-03-08,0,-0.0608920598466971,240.03741455078125,16.540000915527344,1.7799999999999998,0.5915942690197009,0.5268139839172363
2018-03-09,1,-0.5920633027413204,244.21470642089844,14.640000343322754,1.77,0.27010174628054345,0.2753012478351593
2018-03-12,1,-1.0513790932677205,243.90817260742188,15.779999732971191,1.79,0.35188720513428834,0.314823716878891
2018-03-13,1,-0.6280232090532564,242.3318634033203,16.350000381469727,1.7999999999999998,0.4446836086697036,0.5433635115623474
2018-03-14,1,-0.2430556615664457,241.08824157714844,17.229999542236328,1.8000000000000005,0.6019384567379362,0.5451245903968811
2018-03-15,1,-0.2257516851754301,240.8256072998047,16.59000015258789,1.81,0.5636672976659477,0.606449544429779
2018-03-16,1,-0.1376089349459614,241.0867919921875,15.800000190734863,1.7899999999999996,0.4087414402613996,0.4944019019603729
2018-03-19,1,0.5392068639711476,237.82476806640625,19.020000457763672,1.8000000000000005,0.7597526221174029,0.7680673003196716
2018-03-20,1,0.4293133304002334,238.229248046875,18.200000762939453,1.7899999999999996,0.7180473134579363,0.7258322834968567
2018-03-21,1,0.3819764727782227,237.77198791503903,17.860000610351562,1.82,0.7228994960800066,0.717731773853302
2018-03-22,1,1.1620076198480005,231.82843017578125,23.34000015258789,1.84,0.9777790989437264,0.896106481552124
2018-03-23,1,1.6412309777047114,226.8870849609375,24.8700008392334,1.8700000000000008,0.9911531564497676,0.921469509601593
2018-03-26,1,1.0984678313946163,233.0944366455078,21.030000686645508,1.8400000000000003,0.9669101049475715,0.9322502613067627
2018-03-27,1,1.6299740483668037,229.12911987304688,22.5,1.86,0.9770407851863193,0.9203642010688782
2018-03-28,0,1.499986905030691,228.4521331787109,22.8700008392334,1.86,0.9799436709370164,0.9187713861465454
2018-03-29,0,0.9265553614579028,231.3711853027344,19.96999931335449,1.85,0.9474889365239058,0.8305338025093079
2018-04-02,0,1.3124120727540507,226.3770904541016,23.6200008392334,1.86,0.9917221030013167,0.9237610697746277
2018-04-03,0,0.9685610826346838,229.2785797119141,21.100000381469727,1.84,0.9661685623262617,0.905882716178894
2018-04-04,0,0.9086124391862932,231.7316436767578,20.059999465942383,1.85,0.9538553710498068,0.8426291346549988
2018-04-05,0,0.7302776365870124,233.5605010986328,18.940000534057617,1.84,0.9199743943051398,0.720300018787384
2018-04-06,0,1.2092964938191086,228.35543823242188,21.489999771118164,1.8400000000000003,0.9649979839408694,0.8589032888412476
2018-04-09,0,1.1974849904450904,229.4807891845703,21.770000457763672,1.8300000000000003,0.9748918111144367,0.8534250855445862
2018-04-10,0,1.0555098270622685,233.12969970703125,20.46999931335449,1.7999999999999998,0.9365838516227954,0.7029817700386047
2018-04-11,0,1.0761293114866937,231.90757751464844,20.239999771118164,1.7999999999999998,0.8869105598787184,0.621401309967041
2018-04-12,0,0.7344773230871936,233.81546020507807,18.489999771118164,1.79,0.7656737399731549,0.46141690015792847
2018-04-13,0,0.6235392777237001,233.12969970703125,17.40999984741211,1.7900000000000005,0.7464975474188577,0.3126598298549652
2018-04-16,0,0.4090277508827286,235.04640197753903,16.559999465942383,1.7699999999999996,0.643232230736302,0.30239757895469666
2018-04-17,0,0.1777343986426362,237.5609588623047,15.25,1.7600000000000002,0.4045164371180506,0.1778898984193802
2018-04-18,0,0.0202529251388294,237.7368621826172,15.600000381469728,1.7599999999999998,0.4477146363175813,0.26443788409233093
2018-04-19,0,0.1598643255693931,236.4180450439453,15.960000038146973,1.7700000000000005,0.47094147922934204,0.2581353783607483
2018-04-20,0,0.3305434009665557,234.413330078125,16.8799991607666,1.7800000000000002,0.5949265404011289,0.2906392514705658
2018-04-23,0,-0.0687597776405242,234.3781890869141,16.34000015258789,1.7600000000000002,0.5049908198702698,0.26187607645988464
2018-04-24,0,-0.0334572098995172,231.2217559814453,18.020000457763672,1.7699999999999996,0.6191861924743303,0.522302508354187
2018-04-25,0,0.3243853843816845,231.793197631836,17.84000015258789,1.8000000000000005,0.6281344901913585,0.6147487163543701
2018-04-26,0,-0.1493498148398387,234.14952087402344,16.239999771118164,1.7999999999999998,0.5168665597836647,0.2889690399169922
2018-04-27,0,-0.2603116326022446,234.3694000244141,15.40999984741211,1.7999999999999998,0.4593615972906443,0.16924412548542023
2018-04-30,0,0.0299908075001542,232.5669403076172,15.93000030517578,1.79,0.5123582410616355,0.2762526571750641
2018-05-01,0,-0.2606754804078213,232.9801788330078,15.489999771118164,1.82,0.5737587124534813,0.3278508484363556
2018-05-02,0,0.0497894580813937,231.4151763916016,15.970000267028809,1.83,0.631026688820209,0.51133793592453
2018-05-03,0,0.2640049827987615,230.9051971435547,15.899999618530272,1.86,0.6290624456176773,0.6844202876091003
2018-05-04,0,0.1175353897281636,233.8945770263672,14.770000457763672,1.86,0.4954316548681273,0.47067031264305115
2018-05-07,0,-0.2061494781908934,234.68585205078125,14.75,1.87,0.5442767188575829,0.4526272714138031
2018-05-08,0,-0.1425997689499784,234.68585205078125,14.710000038146973,1.87,0.4997901437808902,0.44055014848709106
2018-05-09,0,-0.1711643275140174,236.9543609619141,13.420000076293944,1.8600000000000003,0.40240044151481597,0.20945288240909576
2018-05-10,0,-0.4122166787107228,239.1700134277344,13.229999542236328,1.84,0.3523760828031006,0.1663479059934616
2018-05-11,0,-0.4194489896134268,239.8998107910156,12.649999618530272,1.82,0.22093948483938333,0.09363599121570587
2018-05-14,0,-0.4605653085753156,240.0141448974609,12.93000030517578,1.81,0.21744872583555727,0.10388647019863129
2018-05-15,0,-0.1370270931395544,238.3611297607422,14.630000114440918,1.81,0.32322011578931314,0.2203644961118698
2018-05-16,0,-0.158585497905181,239.36346435546875,13.420000076293944,1.7999999999999998,0.1986301352177013,0.10216449946165085
2018-05-17,0,-0.1002990847729602,239.1612243652344,13.43000030517578,1.82,0.18935643270780278,0.0955551341176033
2018-05-18,0,-0.1199625843720248,238.5632781982422,13.420000076293944,1.83,0.20732802080174736,0.10019396990537643
2018-05-21,0,-0.3527011818411007,240.35704040527344,13.079999923706056,1.83,0.20234673634945427,0.07732692360877991
2018-05-22,0,-0.3052593705658546,239.6887969970703,13.220000267028809,1.83,0.21543388910118116,0.09485872834920883
2018-05-23,0,-0.5483983525002143,240.34817504882807,12.579999923706056,1.84,0.19586245965895366,0.10649298876523972
2018-05-24,0,-0.4879691304918885,239.85585021972656,12.529999732971191,1.8400000000000003,0.19938727993803373,0.12319929152727127
2018-05-25,0,-0.2506854820783453,239.2842559814453,13.220000267028809,1.85,0.2904872617427702,0.1407894790172577
2018-05-29,0,0.3989588745716507,236.53228759765625,17.020000457763672,1.9600000000000004,0.7818643168370584,0.7149686217308044
2018-05-30,0,-0.1222542747742467,239.6887969970703,14.9399995803833,1.91,0.61605654279041,0.498638778924942
2018-05-31,0,-0.0185614513163571,238.220458984375,15.43000030517578,1.89,0.6096857701438755,0.4700365960597992
2018-06-01,0,-0.3590524263234733,240.5592803955078,13.460000038146973,1.9,0.4454279365885722,0.16479671001434326
2018-06-04,0,-0.5400713761870861,241.7022247314453,12.739999771118164,1.8800000000000003,0.34262591164982675,0.13116158545017242
2018-06-05,0,-0.3601413816399661,241.87808227539065,12.399999618530272,1.9000000000000004,0.31524282938310294,0.13447387516498566
2018-06-06,0,-0.4582932179931329,243.9002990722656,11.640000343322754,1.91,0.2580964113689869,0.09517328441143036
2018-06-07,0,-0.4569590571162249,243.8739624023437,12.130000114440918,1.89,0.31397864810805337,0.11636673659086227
2018-06-08,0,-0.341701358710684,244.594955444336,12.18000030517578,1.9,0.28533622491956345,0.11636673659086227
2018-06-11,0,-0.2426556847799817,244.9202423095703,12.350000381469728,1.89,0.28748444468720236,0.11317777633666992
2018-06-12,0,-0.2386823352931336,245.23678588867188,12.34000015258789,1.88,0.2686215076087971,0.11918363720178604
2018-06-13,0,-0.1655513955304101,244.45416259765625,12.9399995803833,1.87,0.2824126978264962,0.11596593260765076
2018-06-14,0,-0.3256987272971566,245.06964111328125,12.119999885559082,1.8800000000000003,0.22230020370949727,0.10949643701314926
2018-06-15,0,-0.2831628379013451,244.75701904296875,11.979999542236328,1.87,0.20362731187805447,0.12597620487213135
2018-06-18,0,-0.1779727244309318,244.2536163330078,12.3100004196167,1.9000000000000004,0.2738282711448757,0.12151972949504852
2018-06-19,0,-0.0623412010673909,243.31744384765625,13.350000381469728,1.91,0.4189062446841674,0.16108374297618866
2018-06-20,0,-0.0068219279901904,243.7325439453125,12.789999961853027,1.92,0.41139848062171813,0.11226440221071243
2018-06-21,0,0.239239786142504,242.2046661376953,14.640000343322754,1.95,0.6603652047378153,0.38155731558799744
2018-06-22,0,0.2312527924746475,242.646224975586,13.770000457763672,1.97,0.6220769942718248,0.20234248042106628
2018-06-25,0,0.6855862559386542,239.34315490722656,17.329999923706055,1.99,0.912058269736661,0.6832171082496643
2018-06-26,0,0.5229301738089386,239.87301635742188,15.920000076293944,1.99,0.8585923929165742,0.5448766350746155
2018-06-27,0,0.6057944387421812,237.88592529296875,17.90999984741211,1.9799999999999995,0.9271839110482104,0.6845273971557617
2018-06-28,0,0.6678958060934196,239.24595642089844,16.850000381469727,2.0,0.8968287560537879,0.6200483441352844
2018-06-29,0,0.4931020637457333,239.5904083251953,16.09000015258789,1.99,0.8337714803555596,0.43210577964782715
2018-07-02,0,0.5105935988099235,240.1027069091797,15.600000381469728,1.97,0.8020493473806907,0.4179243743419647
2018-07-03,0,0.6992616682592909,239.2547607421875,16.139999389648438,1.99,0.8379721349597478,0.5423510670661926
2018-07-05,0,0.4305598672473589,241.2066650390625,14.970000267028809,1.95,0.7417694638282868,0.4215325117111206
2018-07-06,0,0.3347517448479233,243.246810913086,13.369999885559082,1.9600000000000004,0.5347221384854617,0.13456033170223236
2018-07-09,0,0.1039119387066584,245.43716430664065,12.6899995803833,1.93,0.4210453661347655,0.15741990506649017
2018-07-10,0,0.0488273907225051,246.32034301757807,12.640000343322754,1.91,0.3628256665033211,0.12274336814880371
2018-07-11,0,0.2334591971648027,244.5186004638672,13.630000114440918,1.91,0.4681809376565215,0.15241554379463196
2018-07-12,0,0.0362341369322376,246.7353973388672,12.579999923706056,1.9,0.35068799245978466,0.11758043617010117
2018-07-13,0,-0.0431304447744441,246.92965698242188,12.18000030517578,1.9000000000000004,0.26432675868247013,0.11481841653585434
2018-07-16,0,0.0723904689298509,246.7088623046875,12.829999923706056,1.91,0.31783399266232193,0.11790446192026138
2018-07-17,0,-0.0746339717709932,247.7068634033203,12.0600004196167,1.9,0.2429380608389246,0.07906579971313477
2018-07-18,0,-0.1471241903669665,248.2279663085937,12.100000381469728,1.89,0.25823645506066323,0.07473737746477127
2018-07-19,0,-0.0669261846191682,247.29180908203125,12.869999885559082,1.9000000000000004,0.3170531035191376,0.09093260020017624
2018-07-20,0,-0.0068283755844534,247.0091094970703,12.859999656677246,1.91,0.34021853148098175,0.09859822690486908
2018-07-23,0,-0.129660628648709,247.46844482421875,12.619999885559082,1.91,0.3303333432356648,0.11470766365528107
2018-07-24,0,-0.2556752569161634,248.7137451171875,12.40999984741211,1.88,0.252512789678497,0.08126313239336014
2018-07-25,0,-0.5787338673551379,250.83338928222656,12.289999961853027,1.87,0.23158950369321288,0.1167113408446312
2018-07-26,0,-0.5723125625222497,250.2416839599609,12.140000343322754,1.85,0.20693069906134515,0.09476720541715622
2018-07-27,0,-0.5462482506485752,248.5459747314453,13.029999732971191,1.84,0.31191736432147926,0.09028631448745728
2018-07-30,0,-0.3085691572848916,247.24761962890625,14.260000228881836,1.8400000000000003,0.47490103507875414,0.11749270558357239
2018-07-31,0,-0.482210721818167,248.4664001464844,12.829999923706056,1.83,0.33429730274886843,0.06885075569152832
2018-08-01,0,-0.4067086427174285,248.0513458251953,13.149999618530272,1.83,0.3462835981613725,0.08146031200885773
2018-08-02,0,-0.5699696441763354,249.4026336669922,12.1899995803833,1.8400000000000003,0.298930893947468,0.09299910813570023
2018-08-03,0,-0.558111717234453,250.47129821777344,11.640000343322754,1.84,0.28188591448439304,0.06579095870256424
2018-08-06,0,-0.5689945067799954,251.38980102539065,11.270000457763672,1.82,0.24021597498980402,0.0413835383951664
2018-08-07,0,-0.5198963476926696,252.2200469970703,10.93000030517578,1.82,0.20086553738424887,0.034589577466249466
2018-08-08,0,-0.4248991098054077,252.11392211914065,10.850000381469728,1.84,0.215743005257214,0.08398939669132233
2018-08-09,0,-0.4437314669728351,251.76950073242188,11.270000457763672,1.85,0.2503674078817509,0.07968014478683472
2018-08-10,0,-0.050375358463542,250.0826568603516,13.15999984741211,1.87,0.4792561783063567,0.15287519991397858
2018-08-13,0,0.2297164445710612,249.1465301513672,14.779999732971191,1.91,0.718299578616308,0.36306536197662354
2018-08-14,0,0.0065845530027996,250.7361755371093,13.3100004196167,1.9,0.5524679341415755,0.1059279814362526
2018-08-15,0,0.2548039538882475,248.8638458251953,14.640000343322754,1.9,0.6901851296323384,0.2590247392654419
2018-08-16,0,0.0672424380588515,250.87745666503903,13.449999809265137,1.89,0.5647363367244203,0.10744577646255493
2018-08-17,0,-0.0839648185017579,251.7605895996093,12.640000343322754,1.89,0.47276040453730095,0.1052757129073143
2018-08-20,0,-0.1321697991645938,252.29949951171875,12.489999771118164,1.89,0.4441826015621983,0.1093721091747284
2018-08-21,0,-0.1308742417230497,252.8912048339844,12.859999656677246,1.8800000000000003,0.45080318959310467,0.10989081114530563
2018-08-22,0,-0.0238786456938004,252.74102783203125,12.25,1.9100000000000008,0.442514549588534,0.12751884758472443
2018-08-23,0,0.0909366281687589,252.40542602539065,12.40999984741211,1.9,0.44604990289690716,0.13282383978366852
2018-08-24,0,-0.0432425816826827,253.92449951171875,11.989999771118164,1.9,0.3808678590500347,0.07462622970342636
2018-08-27,0,-0.2414659835019733,255.929428100586,12.15999984741211,1.89,0.3635751028948503,0.06681614369153976
2018-08-28,0,-0.2599098778681033,256.052978515625,12.5,1.9000000000000004,0.3949143473969035,0.09877239912748337
2018-08-29,0,-0.3324164158868555,257.4307861328125,12.25,1.88,0.338753992112517,0.06681614369153976
2018-08-30,0,-0.1459190791971701,256.3885803222656,13.529999732971191,1.9,0.5236139895165048,0.11238563805818558
2018-08-31,0,-0.0669145043099386,256.3974304199219,12.859999656677246,1.9200000000000004,0.4701953899190859,0.09187043458223343
2018-09-04,0,0.0928869449172962,255.9558563232422,13.15999984741211,1.94,0.5189229520584884,0.08010448515415192
2018-09-05,0,0.2637424211230782,255.2669982910156,13.90999984741211,1.95,0.6214122210168485,0.14534077048301697
2018-09-06,0,0.3506666102536049,254.4985198974609,14.649999618530272,1.93,0.6666141286440923,0.20311667025089264
2018-09-07,0,0.3928673136905845,254.0039825439453,14.880000114440918,1.93,0.6860514881923999,0.2912224233150482
2018-09-10,0,0.275280377646718,254.44552612304688,14.15999984741211,1.9200000000000004,0.5896846517613938,0.13829481601715088
2018-09-11,0,0.0225665119935935,255.28456115722656,13.220000267028809,1.9,0.4549075028702034,0.08358089625835419
2018-09-12,0,-0.0609593094141046,255.3464508056641,13.140000343322754,1.89,0.42789756524010414,0.09090054035186768
2018-09-13,0,-0.1689236650897163,256.8566589355469,12.369999885559082,1.87,0.32861858874730515,0.05772670730948448
2018-09-14,0,-0.2578019493284517,256.9009094238281,12.06999969482422,1.88,0.3099493864561482,0.07953764498233795
2018-09-17,0,0.0426551132085314,255.5406951904297,13.68000030517578,1.88,0.5099103146179812,0.1717391312122345
2018-09-18,0,-0.0465855837704505,256.9273376464844,12.789999961853027,1.88,0.426293420782639,0.07905715703964233
2018-09-19,0,-0.1094456906964742,257.2011108398437,11.75,1.88,0.3339536413183958,0.06000299006700516
2018-09-20,0,-0.272822725950906,259.2854309082031,11.800000190734863,1.85,0.2882692103166704,0.06198273226618767
2018-09-21,0,-0.3402177860202723,259.0483703613281,11.68000030517578,1.8300000000000003,0.23835214952197273,0.06678687036037445
2018-09-24,0,-0.2405120125625061,258.1879577636719,12.199999809265137,1.84,0.3181355983210449,0.054222509264945984
2018-09-25,0,-0.1647251385924705,257.948486328125,12.420000076293944,1.83,0.3063494590008093,0.07752832770347595
2018-09-26,1,0.0450132572087047,257.1765441894531,12.890000343322754,1.8400000000000003,0.3768723858203572,0.12888944149017334
2018-09-27,1,-0.0536095537498925,257.89520263671875,12.40999984741211,1.83,0.29273758936859084,0.09021997451782227
2018-09-28,1,0.0254921067290079,257.9218444824219,12.119999885559082,1.84,0.2914636789651578,0.0732991099357605
2018-10-01,1,-0.1132122018271428,258.81793212890625,12.0,1.83,0.28182705450763934,0.07763972878456116
2018-10-02,1,-0.0674122372013412,258.6670837402344,12.050000190734863,1.84,0.3079913026296162,0.07063435763120651
2018-10-03,1,-0.1642898340377376,258.8089599609375,11.609999656677246,1.8300000000000003,0.269260923212649,0.0712876170873642
2018-10-04,1,0.1381527014041195,256.7862548828125,14.220000267028809,1.8400000000000003,0.5849972640841079,0.1699429303407669
2018-10-05,1,0.2518652227166242,255.3489685058593,14.81999969482422,1.85,0.6874379688686554,0.19152063131332397
2018-10-08,1,0.2936144807179939,255.3489685058593,15.6899995803833,1.85,0.7649365514732436,0.38249659538269043
2018-10-09,1,0.3191614466323756,254.97634887695312,15.949999809265137,1.84,0.7609506714850152,0.38249659538269043
2018-10-10,1,1.379912551032095,246.90301513671875,22.959999084472656,1.86,0.9930319353108578,0.9293378591537476
2018-10-11,1,1.8664583375288608,241.4646148681641,24.979999542236328,1.88,0.9978840852727512,0.947899341583252
2018-10-12,1,1.4650090120748267,244.8182373046875,21.309999465942383,1.8800000000000003,0.9902066122692915,0.8949669003486633
2018-10-15,1,1.5536429317670355,243.44297790527344,21.299999237060547,1.89,0.9883618425989307,0.8826326727867126
2018-10-16,1,0.90429206501603,248.7661895751953,17.6200008392334,1.88,0.9475975486203908,0.7916601300239563
2018-10-17,1,0.9452210368084328,248.8104858398437,17.399999618530273,1.8800000000000003,0.9493879972641991,0.785563588142395
2018-10-18,1,1.46664304735332,245.2173614501953,20.059999465942383,1.92,0.9899763496610153,0.9436426758766174
2018-10-19,1,1.5399730264110012,245.0842437744141,19.88999938964844,1.92,0.9867743007673832,0.9356861710548401
2018-10-22,1,1.5457255056395276,243.9842071533203,19.63999938964844,1.92,0.9847257823091115,0.9356861710548401
2018-10-23,1,1.7727922949825077,242.74220275878903,20.709999084472656,1.96,0.9886947375310862,0.94582200050354
2018-10-24,1,2.524752317127417,235.38739013671875,25.229999542236328,1.99,0.9986770479950184,0.978044331073761
2018-10-25,1,2.148559172535952,239.6103363037109,24.21999931335449,1.98,0.9980755355280069,0.9713170528411865
2018-10-26,1,2.4702340543496093,235.3962860107422,24.15999984741211,2.02,0.9979697459630734,0.974127471446991
2018-10-29,1,2.524247862662682,234.09210205078125,24.700000762939453,2.02,0.9983970613370502,0.9813473224639893
2018-10-30,1,2.306020372503051,237.5609130859375,23.350000381469727,2.03,0.9967918694944159,0.9757609367370605
2018-10-31,1,2.0081275456208427,240.0983123779297,21.229999542236328,2.03,0.9934811389614192,0.9670442342758179
2018-11-01,1,1.7823481162290675,242.65342712402344,19.34000015258789,2.04,0.9783638096985651,0.9432070255279541
2018-11-02,1,1.687812780418788,241.2162322998047,19.51000022888184,2.02,0.9788950323988344,0.9406657814979553
2018-11-05,1,1.595046352764001,242.5469665527344,19.959999084472656,2.02,0.9814684330258131,0.9554550647735596
2018-11-06,1,1.3803530804966,244.08175659179688,19.90999984741211,1.98,0.957949411351542,0.9083928465843201
2018-11-07,1,0.8224606775160491,249.30731201171875,16.360000610351562,1.9599999999999995,0.7542824530629084,0.5682732462882996
2018-11-08,1,0.5371199278825869,248.8548583984375,16.719999313354492,1.96,0.6952650367123949,0.5403332114219666
2018-11-09,1,0.5193216295278481,246.4240264892578,17.360000610351562,1.98,0.8143822504722082,0.7519195079803467
2018-11-12,1,1.0747964141248485,241.81944274902344,20.450000762939453,1.98,0.9457849761158943,0.9219353795051575
2018-11-13,1,1.2000730907028476,241.3670196533203,20.020000457763672,2.04,0.954001742739813,0.9476467370986938
2018-11-14,1,1.728678189104544,239.7168426513672,21.25,2.09,0.97399344579253,0.9701758623123169
2018-11-15,1,1.6496302559314249,242.2187347412109,19.979999542236328,2.1300000000000003,0.9673248896649463,0.9648613929748535
2018-11-16,1,1.3263502290096707,242.8486175537109,18.13999938964844,2.13,0.9395641317926328,0.9172279238700867
2018-11-19,1,1.7091314781416516,238.74090576171875,20.100000381469727,2.16,0.983690945127104,0.9618661403656006
2018-11-20,1,2.0262946955863588,234.3227996826172,22.479999542236328,2.1700000000000004,0.9941740357482495,0.9719328880310059
2018-11-21,1,1.792584032490885,235.12124633789065,20.799999237060547,2.1700000000000004,0.9858625678989706,0.9578772187232971
2018-11-23,1,1.6117567631769996,233.5509490966797,21.520000457763672,2.1800000000000006,0.9846967096319357,0.9664285778999329
2018-11-26,1,1.3549586790459738,237.32144165039065,18.89999961853028,2.1600000000000006,0.9511165196038405,0.9213244915008545
2018-11-27,1,1.2493586394461984,238.1198272705078,19.020000457763672,2.2,0.9651028339658537,0.8929091095924377
2018-11-28,1,0.95396787616158,243.602767944336,18.489999771118164,2.22,0.9717370552331399,0.8875982761383057
2018-11-29,1,1.2377265707079612,243.0704345703125,18.790000915527344,2.26,0.9744201079009176,0.9065142273902893
2018-11-30,1,1.227095849253364,244.55194091796875,18.06999969482422,2.2700000000000005,0.9709100371222823,0.8992440700531006
2018-12-03,1,1.0219017586291492,247.7902069091797,16.440000534057617,2.26,0.9264400129510844,0.7141494750976562
2018-12-04,1,1.5517138511492965,239.76123046875,20.739999771118164,2.25,0.9852536711548482,0.9701820015907288
2018-12-06,1,1.729351605338299,239.3974456787109,21.190000534057617,2.29,0.9850163710022499,0.968275785446167
2018-12-07,1,2.18400892457268,233.83485412597656,23.229999542236328,2.31,0.9928026476624487,0.9764007925987244
2018-12-10,1,2.283146287367423,234.2784118652344,22.63999938964844,2.31,0.9897323648824815,0.9754028916358948
2018-12-11,1,2.0386984253266145,234.33164978027344,21.76000022888184,2.26,0.9729780142836943,0.9700977802276611
2018-12-12,1,1.8008096691087037,235.51158142089844,21.459999084472656,2.24,0.9754434233329868,0.9602028727531433
2018-12-13,1,1.5666426532000026,235.4318389892578,20.64999961853028,2.25,0.9611530679738713,0.9549388885498047
2018-12-14,1,1.7741272356831634,231.0845489501953,21.6299991607666,2.25,0.9827506045468545,0.959357738494873
2018-12-17,1,2.080357740515962,226.5510406494141,24.520000457763672,2.2500000000000004,0.9946156742231226,0.969885528087616
2018-12-18,1,2.256103460326495,226.30262756347656,25.57999992370605,2.26,0.9967685473774422,0.9726465940475464
2018-12-19,1,2.405348211221584,222.91358947753903,25.57999992370605,2.27,0.9961829824866664,0.9726465940475464
2018-12-20,1,2.5855084203383005,219.2850036621093,28.3799991607666,2.28,0.9986764838296995,0.980533242225647
2018-12-21,1,2.747911519884496,214.7919921875,30.11000061035156,2.31,0.9995543929307046,0.9831286072731018
2018-12-24,1,3.45561752082388,209.11651611328125,36.06999969482422,2.35,0.9999684046591709,0.9852787256240845
2018-12-26,1,2.463419430940041,219.68214416503903,30.40999984741211,2.33,0.9997565970904474,0.9799206852912903
2018-12-27,1,2.5254615909879288,221.36868286132807,29.959999084472656,2.36,0.9996123770802804,0.9848716855049133
2018-12-28,1,2.576497301750845,221.0831451416016,28.34000015258789,2.44,0.9993841129660844,0.9879728555679321
2018-12-31,1,2.474411635206905,223.0196075439453,25.420000076293945,2.45,0.9986509717366573,0.9626728296279907
2019-01-02,1,2.2582882357715626,223.25157165527344,23.21999931335449,2.45,0.9971652489548598,0.9531000256538391
2019-01-03,1,2.664999266195212,217.9241485595703,25.450000762939453,2.48,0.9965749465297601,0.9598341584205627
2019-01-04,1,2.133103092204584,225.22369384765625,21.3799991607666,2.45,0.9787543853843133,0.8089494109153748
2019-01-07,1,1.7125068777078276,226.99951171875,21.39999961853028,2.42,0.9552819915581844,0.7486777901649475
2019-01-08,0,1.4822569430837813,229.1322326660156,20.46999931335449,2.39,0.8972218893555776,0.6046068668365479
2019-01-09,0,1.191681841690595,230.2031097412109,19.979999542236328,2.39,0.8656406606054402,0.4016210436820984
2019-01-10,0,1.180046759383981,231.01516723632807,19.5,2.42,0.8897870259983173,0.3348148465156555
2019-01-11,0,1.0715890374419714,231.1044158935547,18.190000534057617,2.42,0.7445451289071694,0.2908531725406647
2019-01-14,0,1.2753040974633003,229.6944732666016,19.06999969482422,2.46,0.810153644358607,0.41645070910453796
2019-01-15,0,1.1213500020588076,232.326904296875,18.600000381469727,2.4599999999999995,0.7521028022619832,0.41477176547050476
2019-01-16,0,0.9287880366243374,232.8891143798828,19.040000915527344,2.45,0.7169841718199053,0.2352716475725174
2019-01-17,0,0.5646193657145461,234.65597534179688,18.059999465942383,2.43,0.5839466335362957,0.20375223457813263
2019-01-18,0,0.3164715467583196,237.7792205810547,17.799999237060547,2.38,0.49447628442933833,0.176614448428154
2019-01-22,0,0.494470913635753,234.5667266845703,20.799999237060547,2.38,0.7337928706454173,0.217342808842659
2019-01-23,0,0.2073100470964458,235.0576019287109,19.520000457763672,2.37,0.6069521134795018,0.13120558857917786
2019-01-24,0,-0.0464736067951797,235.1824951171875,18.88999938964844,2.37,0.5436191140385929,0.16409404575824738
2019-01-25,0,-0.5401737986956188,237.1725006103516,17.420000076293945,2.34,0.2785523063773537,0.08441834896802902
2019-01-28,0,0.1475793400220474,235.36990356445312,18.8700008392334,2.3600000000000003,0.42137086276825286,0.11253581941127777
2019-01-29,0,0.2404896317358568,235.0576019287109,19.1299991607666,2.36,0.5511389291803086,0.13253065943717957
2019-01-30,0,-0.0105067286533907,238.7786560058593,17.65999984741211,2.37,0.45848904214380454,0.18809068202972412
2019-01-31,0,-0.0747056239772795,240.8757476806641,16.56999969482422,2.38,0.3729699021236683,0.16208937764167786
2019-02-01,0,-0.2122498303968076,240.9917449951172,16.139999389648438,2.31,0.24444834597198345,0.07931827753782272
2019-02-04,0,-0.5470358148014164,242.687255859375,15.729999542236328,2.3000000000000003,0.17130234759597782,0.08852366358041763
2019-02-05,0,-0.3301950051120667,243.70455932617188,15.56999969482422,2.2700000000000005,0.16089533581046278,0.0909130722284317
2019-02-06,0,-0.2404655060840665,243.38333129882807,15.380000114440918,2.28,0.12960128762800252,0.08624015003442764
2019-02-07,0,0.0474831936741992,241.06314086914065,16.3700008392334,2.31,0.21215686301691636,0.08748964965343475
2019-02-08,0,0.0165973928184874,241.35763549804688,15.720000267028809,2.3,0.23876550761165102,0.09435269981622696
2019-02-11,0,0.0617973318960503,241.4915008544922,15.970000267028809,2.3000000000000003,0.25612623174861404,0.114998459815979
2019-02-12,0,-0.0841054288151024,244.596923828125,15.43000030517578,2.3000000000000003,0.22344435616022754,0.07647258788347244
2019-02-13,0,-0.1942923845773989,245.3910675048828,15.649999618530272,2.2700000000000005,0.21447861183503783,0.0769302248954773
2019-02-14,0,0.0190888444171355,244.8468475341797,16.219999313354492,2.3,0.2881383311719281,0.06308544427156448
2019-02-15,0,-0.1846447275693873,247.5149841308593,14.90999984741211,2.28,0.2053524344877469,0.056000225245952606
2019-02-19,0,-0.1344488777537119,247.94325256347656,14.880000114440918,2.28,0.19243671408401541,0.05291256308555603
2019-02-20,0,-0.1828378622505951,248.44297790527344,14.020000457763672,2.23,0.09609554058319193,0.053663913160562515
2019-02-21,0,-0.2325612709903274,247.5595703125,14.460000038146973,2.23,0.1274048205744169,0.053007811307907104
2019-02-22,0,-0.3063834983187353,249.0944366455078,13.510000228881836,2.2500000000000004,0.10251615908227543,0.05786864832043648
2019-02-25,0,-0.2389996234911858,249.43348693847656,14.850000381469728,2.2300000000000004,0.1505690942746336,0.06806730479001999
2019-02-26,0,-0.1184157752183037,249.2550811767578,15.170000076293944,2.24,0.16709675744719024,0.08429709821939468
2019-02-27,0,-0.1990096941131514,249.14794921875,14.699999809265137,2.2500000000000004,0.19037681611067744,0.26199641823768616
2019-02-28,0,-0.2351452686527667,248.68397521972656,14.779999732971191,2.22,0.19829826640890214,0.11515916138887405
2019-03-01,0,-0.246416554113649,250.2367248535156,13.56999969482422,2.2200000000000006,0.11392817629063172,0.0785936787724495
2019-03-04,0,-0.0593815867974118,249.32644653320312,14.630000114440918,2.22,0.18013281537279274,0.1081857830286026
2019-03-05,0,-0.0342745670166372,248.9873046875,14.739999771118164,2.22,0.20647806384827208,0.12099465727806091
2019-03-06,0,0.1999715262222284,247.4792938232422,15.739999771118164,2.2500000000000004,0.3273155682890803,0.4384647309780121
2019-03-07,0,0.3676469892133044,245.4089508056641,16.59000015258789,2.25,0.49955840594655004,0.5792168378829956
2019-03-08,0,0.3615144523905716,244.918212890625,16.049999237060547,2.27,0.44243335526368643,0.3961411714553833
2019-03-11,0,0.0279345312171344,248.46978759765625,14.329999923706056,2.27,0.3193929299193773,0.45223918557167053
2019-03-12,0,-0.0708030379776276,249.40676879882807,13.770000457763672,2.2500000000000004,0.2513959613935421,0.3309127688407898
2019-03-13,0,-0.1361249669749306,251.05764770507807,13.40999984741211,2.26,0.21605437576361783,0.33140498399734497
2019-03-14,0,-0.0060266309592087,250.89700317382807,13.5,2.2700000000000005,0.2662588106941797,0.34687623381614685
2019-03-15,0,-0.0556638365442073,252.1365966796875,12.880000114440918,2.28,0.2402143233831113,0.2895335257053375
2019-03-18,0,-0.1058607799171252,253.05078125,13.100000381469728,2.27,0.1875801679088451,0.19265864789485931
2019-03-19,0,0.0160922772166222,253.11349487304688,13.5600004196167,2.27,0.2199506046524173,0.2578241527080536
2019-03-20,0,0.1120297783064881,252.35166931152344,13.90999984741211,2.29,0.24292799417339525,0.31924593448638916
2019-03-21,0,-0.0032819239236597,255.201889038086,13.630000114440918,2.28,0.23652906971925106,0.16649985313415527
2019-03-22,0,0.3781508631589395,250.29019165039065,16.479999542236328,2.3000000000000003,0.5631553548472977,0.6488518118858337
2019-03-25,0,0.3884850149843799,250.10194396972656,16.329999923706055,2.28,0.6134690627189009,0.6433324217796326
2019-03-26,0,0.2428732580160604,251.96630859375,14.68000030517578,2.3,0.45189483357381516,0.5316054224967957
2019-03-27,0,0.2847661914777963,250.6487731933593,15.149999618530272,2.28,0.4958598422794191,0.5826410055160522
2019-03-28,0,0.1777117956522027,251.59878540039065,14.43000030517578,2.27,0.3707680523947761,0.21825245022773743
2019-03-29,0,0.0387620682503014,253.1852569580078,13.710000038146973,2.26,0.34791963137487353,0.18537549674510956
2019-04-01,0,-0.062948437124353,256.1878356933594,13.399999618530272,2.24,0.32945678788965516,0.07895835489034653
2019-04-02,0,-0.1000881928722529,256.3133544921875,13.359999656677246,2.24,0.2948735324119335,0.07597148418426514
2019-04-03,0,-0.1095494236432555,256.7166442871094,13.739999771118164,2.23,0.3688511722133345,0.09471995383501053
2019-04-04,0,-0.2112493950471814,257.3979187011719,13.579999923706056,2.2200000000000006,0.3377696170833658,0.07281245291233063
2019-04-05,0,-0.383763136074126,258.6437683105469,12.81999969482422,2.22,0.26240253873270414,0.04356083646416664
2019-04-08,0,-0.3922276480514043,258.8409423828125,13.18000030517578,2.2100000000000004,0.24849159037277485,0.04692663252353668
2019-04-09,0,-0.1652750188103543,257.5143127441406,14.279999732971191,2.1900000000000004,0.3531422390742214,0.06327732652425766
2019-04-10,0,-0.2062714423493246,258.39276123046875,13.300000190734863,2.2100000000000004,0.28333267773756815,0.0466315858066082
2019-04-11,0,-0.1837596364740692,258.32098388671875,13.020000457763672,2.2,0.2670218985560727,0.0466315858066082
2019-04-12,0,-0.4050134424085034,260.06884765625,12.010000228881836,2.15,0.15721274488060896,0.03812793269753456
2019-04-15,0,-0.3297370069813152,259.8985595703125,12.31999969482422,2.1500000000000004,0.17089849153882747,0.03536008670926094
2019-04-16,0,-0.3614206686892938,260.06884765625,12.18000030517578,2.12,0.1781437590388558,0.0371752604842186
2019-04-17,0,-0.2874077081888262,259.43243408203125,12.600000381469728,2.13,0.2046139644210612,0.03373188152909279
2019-04-18,0,-0.3859628144270462,259.943359375,12.09000015258789,2.120000000000001,0.17370380431527868,0.0346500463783741
2019-04-22,0,-0.2381697417847469,260.1673583984375,12.420000076293944,2.140000000000001,0.166283265558984,0.032005779445171356
2019-04-23,0,-0.4933416247684299,262.5067443847656,12.279999732971191,2.14,0.16407972621572303,0.03495950996875763
2019-04-24,0,-0.4103505615367087,261.92413330078125,13.140000343322754,2.14,0.23953205722777732,0.04439079761505127
2019-04-25,0,-0.3309625520682347,261.7627868652344,13.25,2.14,0.26146410302197737,0.06948157399892807
2019-04-26,0,-0.4733911897493169,262.98175048828125,12.729999542236328,2.13,0.2331529597525422,0.06971653550863266
2019-04-29,0,-0.4219646916583048,263.3939819335937,13.109999656677246,2.13,0.24936739974176247,0.08775019645690918
2019-04-30,0,-0.3541231131889295,263.52850341796875,13.119999885559082,2.140000000000001,0.20812607326803917,0.2173539698123932
2019-05-01,0,-0.1075802981658392,261.5476989746094,14.800000190734863,2.11,0.3738852178826548,0.2678285837173462
2019-05-02,0,-0.0993233884204431,260.98297119140625,14.420000076293944,2.12,0.3587081167173452,0.25870445370674133
2019-05-03,0,-0.3082309604130613,263.5374450683594,12.869999885559082,2.1100000000000003,0.22384458234293367,0.05555260553956032
2019-05-06,0,0.0005010671182106,262.4529113769531,15.4399995803833,2.140000000000001,0.47676310984746206,0.18604208528995514
2019-05-07,0,0.5343633088941991,258.0700378417969,19.31999969482422,2.17,0.8677370356861612,0.696514368057251
2019-05-08,0,0.5547535259548645,257.7115478515625,19.39999961853028,2.17,0.8987436116935237,0.696514368057251
2019-05-09,0,0.576662030662639,256.9316711425781,19.100000381469727,2.21,0.9011832011113625,0.6751846075057983
2019-05-10,0,0.3034666509861136,258.2225036621094,16.040000915527344,2.2,0.6901701107877947,0.2806790769100189
2019-05-13,0,0.9418961195153396,251.7331695556641,20.549999237060547,2.2500000000000004,0.9555777734894974,0.9073973298072815
2019-05-14,0,0.7054282503248063,254.0098571777344,18.059999465942383,2.24,0.908265774924774,0.7192731499671936
2019-05-15,0,0.5546210192861588,255.49766540527344,16.440000534057617,2.26,0.8302091221339327,0.4360916316509247
2019-05-16,0,0.3561097701282888,257.8638610839844,15.289999961853027,2.24,0.7187937620232506,0.23424553871154785
2019-05-17,0,0.4381508468579698,256.1968078613281,15.960000038146973,2.24,0.7542927330404294,0.2402428537607193
2019-05-20,0,0.5314660690803534,254.5027770996093,16.309999465942383,2.24,0.8305920946380347,0.37170180678367615
2019-05-21,0,0.3380682179017191,256.7973022460937,14.949999809265137,2.23,0.6983162508797426,0.19920919835567474
2019-05-22,0,0.4673407126572605,256.0085144042969,14.75,2.26,0.6453125222025162,0.23527753353118896
2019-05-23,0,0.747108238970536,252.880599975586,16.920000076293945,2.28,0.8247028995850854,0.5024415850639343
2019-05-24,0,0.6856273315123929,253.45416259765625,15.850000381469728,2.31,0.7902805856376496,0.38832229375839233
2019-05-28,0,0.9361312604442013,251.0968780517578,17.5,2.3200000000000003,0.8962634705076673,0.7694085240364075
2019-05-29,0,1.041154708386376,249.4118804931641,17.899999618530273,2.33,0.9004808656396611,0.7891596555709839
2019-05-30,0,0.9677766107130464,250.093002319336,17.299999237060547,2.33,0.8675011500910911,0.7421420216560364
2019-05-31,0,1.1863290057320153,246.72296142578125,18.709999084472656,2.37,0.9372474062271979,0.8845472931861877
2019-06-03,0,1.276379577705452,246.09559631347656,18.86000061035156,2.4200000000000004,0.9418830083824105,0.8671700954437256
2019-06-04,0,1.027028874583774,251.4374237060547,16.969999313354492,2.42,0.8981622660612284,0.8035231232643127
2019-06-05,0,0.9008316777405704,253.61553955078125,16.09000015258789,2.45,0.8453221221031667,0.7268907427787781
2019-06-06,0,0.6787084867745135,255.26466369628903,15.93000030517578,2.4399999999999995,0.8138233700086304,0.6833438873291016
2019-06-07,0,0.5753159975520113,257.819091796875,16.299999237060547,2.42,0.8301400053832081,0.5369156002998352
2019-06-10,0,0.4272511689758004,259.00213623046875,15.9399995803833,2.39,0.742587698839628,0.45232129096984863
2019-06-11,0,0.4505904919701137,258.939453125,15.989999771118164,2.3800000000000003,0.5741322271210137,0.2815817892551422
2019-06-12,0,0.2949944916900777,258.4823913574219,15.90999984741211,2.41,0.5367624472899726,0.30961132049560547
2019-06-13,0,0.3394562483829365,259.5489501953125,15.81999969482422,2.4199999999999995,0.524576000776572,0.2696813642978668
2019-06-14,0,0.3477128580223823,259.2621154785156,15.279999732971191,2.42,0.4185464779520909,0.36830422282218933
2019-06-17,0,0.403167327745306,259.3606872558594,15.350000381469728,2.41,0.4073643640803196,0.3045903146266937
2019-06-18,0,0.2262260775960604,262.07647705078125,15.149999618530272,2.4,0.3940769424952696,0.26382872462272644
2019-06-19,0,0.098614159429005,262.6679992675781,14.329999923706056,2.4100000000000006,0.29209260154652295,0.2399825155735016
2019-06-20,0,0.0733632343472901,265.1776428222656,14.75,2.38,0.2815633121050644,0.27372294664382935
2019-06-21,0,0.058629679773463,264.7922058105469,15.399999618530272,2.35,0.295405591528325,0.1676776111125946
2019-06-24,0,-0.0815434576884182,264.4679260253906,15.260000228881836,2.33,0.28945087918111434,0.10119403153657913
2019-06-25,0,0.1171333617781851,261.8741149902344,16.280000686645508,2.34,0.3755510570149828,0.13717962801456451
2019-06-26,0,0.0061806974882266,261.6129150390625,16.209999084472656,2.3200000000000003,0.3854608177916444,0.12546265125274658
2019-06-27,0,-0.1282293265738628,262.54058837890625,15.81999969482422,2.3100000000000005,0.32784286711245914,0.1069100946187973
2019-06-28,0,-0.2077179732106943,263.8915100097656,15.079999923706056,2.31,0.2684978316182918,0.08690305799245834
2019-07-01,0,-0.5139677558098301,266.2872314453125,14.0600004196167,2.2900000000000005,0.20682020553251865,0.05337969958782196
2019-07-02,0,-0.6439259783408195,266.98077392578125,12.93000030517578,2.29,0.1372412009730386,0.03253703564405441
2019-07-03,0,-0.6019284043250488,269.11529541015625,12.56999969482422,2.26,0.12351423020262246,0.03253703564405441
2019-07-05,0,-0.4594460082434233,268.80908203125,13.279999732971191,2.26,0.15571992450124458,0.04273543134331703
2019-07-08,0,-0.3533127162618329,267.3320617675781,13.960000038146973,2.2300000000000004,0.1845777229724877,0.04894284904003143
2019-07-09,0,-0.2878454408412796,267.66534423828125,14.09000015258789,2.22,0.18161168460714258,0.04894284904003143
2019-07-10,0,-0.3246738757310667,268.9442138671875,13.029999732971191,2.2500000000000004,0.1381618901190698,0.03640162944793701
2019-07-11,0,-0.3543687288447462,269.5746765136719,12.93000030517578,2.25,0.13215641780935616,0.02862572856247425
2019-07-12,0,-0.4489369194423043,270.78155517578125,12.390000343322754,2.25,0.11017162249450853,0.02862572856247425
2019-07-15,0,-0.3941570076186638,270.8715209960937,12.68000030517578,2.25,0.15113051836043118,0.02862572856247425
2019-07-16,0,-0.396589123565169,269.998046875,12.859999656677246,2.2300000000000004,0.167251690721843,0.029530035331845284
2019-07-17,0,-0.2338408848611931,268.1606750488281,13.970000267028809,2.24,0.23202321573780255,0.06070324778556824
2019-07-18,0,-0.1658721692273798,269.142333984375,13.529999732971191,2.27,0.2234407294381678,0.05540207400918007
2019-07-19,0,-0.0492315004134228,267.6472473144531,14.449999809265137,2.26,0.27850621046763446,0.09192969650030136
2019-07-22,0,-0.104569896854617,268.3046875,13.529999732971191,2.24,0.200969871015177,0.06954210996627808
2019-07-23,0,-0.2653783775064897,270.2231140136719,12.609999656677246,2.2299999999999995,0.15874014267299466,0.04019841551780701
2019-07-24,0,-0.4936827235524247,271.4930419921875,12.06999969482422,2.1500000000000004,0.09996256643648226,0.042305875569581985
2019-07-25,0,-0.4984621956390899,270.19610595703125,12.739999771118164,2.14,0.10776537186107017,0.04480331763625145
2019-07-26,0,-0.6256039953957923,272.0063781738281,12.15999984741211,2.13,0.10034422278131594,0.03917665034532547
2019-07-29,0,-0.5310319773465147,271.5110778808594,12.829999923706056,2.1300000000000003,0.13289117069425563,0.043932925909757614
2019-07-30,0,-0.3668138251653354,270.8446350097656,13.9399995803833,2.14,0.18751654527433537,0.07041691243648529
2019-07-31,0,-0.0543882668813688,267.88153076171875,16.1200008392334,2.1300000000000003,0.43193555218876384,0.13969211280345917
2019-08-01,0,0.2410513834758794,265.5487060546875,17.8700008392334,2.1700000000000004,0.6836295858873764,0.3958151638507843
2019-08-02,0,0.351669026164584,263.5492248535156,17.610000610351562,2.18,0.6671098380394265,0.38363024592399597
2019-08-05,0,1.2365087592183583,255.62355041503903,24.59000015258789,2.24,0.9859911832329004,0.920324444770813
2019-08-06,0,0.7416483522932751,259.2081298828125,20.170000076293945,2.25,0.9283215493414629,0.8024935722351074
2019-08-07,0,0.6492341152921143,259.3612670898437,19.489999771118164,2.23,0.9111902214957199,0.7621325850486755
2019-08-08,0,0.3605293107269308,264.4499206542969,16.90999984741211,2.25,0.7841041842972811,0.35838863253593445
2019-08-09,0,0.4738421299383309,262.6486511230469,17.969999313354492,2.2300000000000004,0.8339040600924094,0.6326252222061157
2019-08-12,0,0.845880519555732,259.4513854980469,21.09000015258789,2.23,0.9577860233572679,0.9101207852363586
2019-08-13,0,0.4173216764903109,263.4862670898437,17.520000457763672,2.22,0.8031344456109999,0.3874070942401886
2019-08-14,0,1.0012037778161316,255.69552612304688,22.100000381469727,2.2299999999999995,0.969699627272609,0.914977490901947
2019-08-15,0,0.9229103665476136,256.3710327148437,21.18000030517578,2.27,0.9476103985482883,0.9276430010795593
2019-08-16,0,0.5961912342994349,260.15386962890625,18.46999931335449,2.26,0.8659748127191357,0.5702848434448242
2019-08-19,0,0.3883519671514155,263.2880554199219,16.8799991607666,2.29,0.7886229564205767,0.25904300808906555
2019-08-20,0,0.5293258412843679,261.27069091796875,17.5,2.3,0.7854872469363747,0.3317887485027313
2019-08-21,0,0.2839201047909742,263.39617919921875,15.800000190734863,2.25,0.7118711183724181,0.1918753981590271
2019-08-22,0,0.387720352368368,263.31512451171875,16.68000030517578,2.25,0.7162384747466973,0.195217564702034
2019-08-23,0,0.8362781976758106,256.5511474609375,19.8700008392334,2.27,0.8944103160086668,0.7320862412452698
2019-08-26,0,0.7527046607978797,259.38824462890625,19.31999969482422,2.27,0.845334129028253,0.6765608191490173
2019-08-27,0,0.8228889226594328,258.3705139160156,20.309999465942383,2.26,0.8762016141005462,0.7104217410087585
2019-08-28,0,0.6685049161814823,260.18994140625,19.350000381469727,2.26,0.8203914745815557,0.6290063261985779
2019-08-29,0,0.3872962641492531,263.5133056640625,17.8799991607666,2.27,0.689236275857008,0.26017701625823975
2019-08-30,0,0.3910486595010431,263.39617919921875,18.979999542236328,2.26,0.8168629787337586,0.3869785964488983
2019-09-03,0,0.4689216877651209,261.85601806640625,19.65999984741211,2.28,0.8025959376954646,0.6238987445831299
2019-09-04,0,-0.0290461652884336,264.82818603515625,17.329999923706055,2.29,0.6510741117487747,0.18013890087604523
2019-09-05,0,-0.1307775624782925,268.2326354980469,16.270000457763672,2.28,0.4979622061468646,0.1345183253288269
2019-09-06,0,-0.2802354221173189,268.4398803710937,15.0,2.26,0.25945912343228766,0.0985717698931694
2019-09-09,0,-0.1738956304118862,268.5750427246094,15.270000457763672,2.23,0.2645592555023267,0.11971868574619293
2019-09-10,0,-0.2529372631800141,268.5118713378906,15.199999809265137,2.22,0.2559682387179524,0.08260945230722427
2019-09-11,0,-0.454118891124238,270.4212646484375,14.609999656677246,2.22,0.17418760700579874,0.07463057339191437
2019-09-12,0,-0.3941172453473747,271.3580017089844,14.220000267028809,2.22,0.0940070777607342,0.0529811754822731
2019-09-13,0,-0.6881513208554395,271.1778259277344,13.739999771118164,2.2100000000000004,0.09225323729044191,0.03173573315143585
2019-09-16,0,-0.5870611774496681,270.3401794433594,14.670000076293944,2.2,0.14146367441594912,0.05115222930908203
2019-09-17,0,-0.4922943106294007,271.024658203125,14.4399995803833,2.2099999999999995,0.13919136174051483,0.05894659459590912
2019-09-18,0,-0.5123507321540447,271.1868591308594,13.949999809265137,2.18,0.09565523257840475,0.041406042873859406
2019-09-19,0,-0.5873201647382114,271.1687927246094,14.050000190734863,2.17,0.09242432876390164,0.04204537719488144
2019-09-20,0,-0.3422674540600895,269.8876342773437,15.31999969482422,2.1900000000000004,0.17276872677659194,0.06944297254085541
2019-09-23,0,-0.4255081547090409,269.8243103027344,14.90999984741211,2.17,0.1215880438942108,0.04995481297373772
2019-09-24,0,-0.3251476726774764,267.7069702148437,17.049999237060547,2.2,0.2735851665852037,0.14312030375003815
2019-09-25,0,-0.3820299541037176,269.2904357910156,15.960000038146973,2.2,0.22807061702036066,0.12140042334794998
2019-09-26,0,-0.4370682653062164,268.7294311523437,16.06999969482422,2.18,0.2313887843524603,0.10124367475509644
2019-09-27,0,-0.2257601038393833,267.2816772460937,17.219999313354492,2.19,0.33035197633953717,0.12822650372982025
2019-09-30,0,-0.229062049645557,268.52130126953125,16.239999771118164,2.2,0.28316871267722094,0.10346566885709763
2019-10-01,0,0.0975680535523545,265.3272705078125,18.559999465942383,2.22,0.5587009651594933,0.3939317762851715
2019-10-02,0,0.4485439351887608,260.6404113769531,20.559999465942383,2.26,0.7953412759088017,0.628036618232727
2019-10-03,0,0.4163128508744094,262.7757568359375,19.1200008392334,2.29,0.7367571875049488,0.501670241355896
2019-10-04,0,0.2284203678765395,266.3316955566406,17.040000915527344,2.29,0.5501290629459297,0.19900915026664734
2019-10-07,0,0.3070919131720478,265.1824951171875,17.860000610351562,2.28,0.572838153934368,0.2562005817890167
2019-10-08,0,0.6813213018674453,261.06573486328125,20.280000686645508,2.3,0.8323468484825792,0.7553508281707764
2019-10-09,0,0.4385008649187505,263.5448913574219,18.63999938964844,2.29,0.7510821804275861,0.63271164894104
2019-10-10,0,0.2916655605874186,265.3272705078125,17.56999969482422,2.27,0.5504631579978907,0.25654226541519165
2019-10-11,0,-0.0701535721626097,268.0779724121094,15.579999923706056,2.22,0.23080201688143806,0.14363251626491547
2019-10-14,0,-0.1564738692281822,267.77947998046875,14.56999969482422,2.22,0.16273803773400752,0.08110517263412476
2019-10-15,0,-0.3716464253451818,270.430419921875,13.539999961853027,2.21,0.12752316674616385,0.05065487325191498
2019-10-16,0,-0.3010362654445478,269.9962158203125,13.68000030517578,2.22,0.11724477657229386,0.052168410271406174
2019-10-17,0,-0.3390378633922695,270.7925109863281,13.789999961853027,2.21,0.11101775541503033,0.0496508814394474
2019-10-18,0,-0.2697784705115577,269.6071472167969,14.25,2.21,0.1268987071981905,0.05750325694680214
2019-10-21,0,-0.4428380333924953,271.4348449707031,14.0,2.1900000000000004,0.11058735788665057,0.030018310993909836
2019-10-22,0,-0.4443600848923568,270.5481262207031,14.460000038146973,2.17,0.09650174441937423,0.029937181621789932
2019-10-23,0,-0.5378317387656208,271.3353576660156,14.010000228881836,2.18,0.08511772455719885,0.02341298758983612
2019-10-24,0,-0.5666411000295181,271.7786560058594,13.710000038146973,2.17,0.07001841368565667,0.022624507546424866
2019-10-25,0,-0.7413589447051753,272.8916320800781,12.649999618530272,2.16,0.046242956885663995,0.022683745250105858
2019-10-28,0,-0.7888834731637026,274.4298095703125,13.109999656677246,2.16,0.048852515446504624,0.02197113260626793
2019-10-29,0,-0.7773146032234157,274.3483581542969,13.199999809265137,2.1500000000000004,0.05409306219040401,0.02102496661245823
2019-10-30,0,-0.9081400546748472,275.1898193359375,12.329999923706056,2.17,0.0369529998374427,0.020962517708539963
2019-10-31,0,-0.9206897600009624,274.45684814453125,13.220000267028809,2.18,0.06326705944155804,0.02525569126009941
2019-11-01,0,-1.0809410478975885,276.9993896484375,12.300000190734863,2.16,0.037484434805902286,0.017726441845297813
2019-11-04,0,-0.9535215134534996,278.1123962402344,12.829999923706056,2.16,0.038339383132879754,0.019900411367416382
2019-11-05,0,-0.9906465747584524,277.8046875,13.100000381469728,2.1499999999999995,0.03769091265154176,0.020622095093131065
2019-11-06,0,-1.204453690850995,277.8680725097656,12.619999885559082,2.14,0.02949691702057326,0.01731538213789463
2019-11-07,0,-1.178552383367628,278.84527587890625,12.729999542236328,2.13,0.03387791467009685,0.01731538213789463
2019-11-08,0,-1.2755981222641894,279.5328369140625,12.06999969482422,2.11,0.019429193495264285,0.01871377043426037
2019-11-11,0,-1.1220402849229478,278.99908447265625,12.6899995803833,2.11,0.02461826229592056,0.01900622993707657
2019-11-12,0,-1.1945679987240183,279.58709716796875,12.68000030517578,2.1,0.023923624588820015,0.021755831316113472
2019-11-13,0,-1.0546481340613567,279.6776733398437,13.0,2.1100000000000003,0.03016424307216099,0.018429221585392952
2019-11-14,0,-1.0048774214883116,280.08477783203125,13.050000190734863,2.13,0.035428387524648684,0.022215476259589195
2019-11-15,0,-1.1303826917202713,282.1116638183594,12.050000190734863,2.13,0.02433818391495954,0.026448789983987808
2019-11-18,0,-1.095366135581006,282.3197021484375,12.460000038146973,2.14,0.035353584738522084,0.028378216549754143
2019-11-19,0,-1.0347790408515978,282.23828125,12.859999656677246,2.13,0.041204306747087936,0.0252299215644598
2019-11-20,0,-0.917714277295322,281.1886291503906,12.779999732971191,2.16,0.05372745246042261,0.023636603727936745
2019-11-21,0,-0.8833123599156446,280.7363586425781,13.130000114440918,2.15,0.06253807430377233,0.02498335763812065
2019-11-22,0,-0.9921479873017066,281.360595703125,12.34000015258789,2.14,0.04106427068673492,0.031104717403650284
2019-11-25,0,-1.0971974984119128,283.5412292480469,11.869999885559082,2.13,0.03014516934935089,0.028706161305308342
2019-11-26,0,-1.1687531881677653,284.1836853027344,11.539999961853027,2.1100000000000003,0.02308269567687899,0.028706161305308342
2019-11-27,0,-1.2593766981637051,285.450439453125,11.75,2.09,0.022083137076402838,0.022089941427111626
2019-11-29,0,-1.153642257252345,284.3917541503906,12.619999885559082,2.08,0.03303197026280701,0.022770171985030174
2019-12-02,0,-0.7794315505648162,281.975830078125,14.90999984741211,2.11,0.1118296111012941,0.09826666116714478
2019-12-03,0,-0.5484536736043905,280.08477783203125,15.960000038146973,2.1100000000000003,0.16844838597773518,0.11495847254991531
2019-12-04,0,-0.66288253652934,281.8129577636719,14.800000190734863,2.11,0.12032252093421231,0.07028119266033173
2019-12-05,0,-0.780828230014906,282.3197021484375,14.520000457763672,2.09,0.09209134072691583,0.045835230499506
2019-12-06,0,-0.9992115112735394,284.89849853515625,13.619999885559082,2.0700000000000003,0.06158897299855294,0.02408667467534542
2019-12-09,0,-0.807074040538203,284.002685546875,15.859999656677246,2.05,0.12465523532690687,0.10375633835792542
2019-12-10,0,-0.9250098562101358,283.68603515625,15.68000030517578,2.01,0.10155353994462618,0.11545391380786896
2019-12-11,0,-0.8986699932922706,284.49127197265625,14.989999771118164,2.04,0.0889384133394606,0.1058802679181099
2019-12-12,0,-1.104711636433074,286.9433288574219,13.9399995803833,2.02,0.055952708933201985,0.05751759931445122
2019-12-13,0,-1.2094607670753073,287.1152038574219,12.630000114440918,2.02,0.02968778995980182,0.035131871700286865
2019-12-16,0,-1.3535170274346695,289.0877685546875,12.140000343322754,2.0,0.022826486733047102,0.043361298739910126
2019-12-17,0,-1.29543764160248,289.151123046875,12.289999961853027,1.99,0.026257558852109227,0.04583578556776047
2019-12-18,0,-1.2780063516824625,289.16912841796875,12.579999923706056,1.98,0.026426804088849242,0.04583578556776047
2019-12-19,0,-1.3707898186339789,290.35455322265625,12.5,1.96,0.020888515370461404,0.04640790820121765
2019-12-20,0,-1.4194810666775126,291.6275634765625,12.510000228881836,1.96,0.0214467713281341,0.042527105659246445
2019-12-23,0,-1.4198458706943144,292.07293701171875,12.609999656677246,1.96,0.021771901444881007,0.042527105659246445
2019-12-24,0,-1.3470584554284384,292.08203125,12.670000076293944,1.97,0.02497591504671289,0.03887804597616196
2019-12-26,0,-1.3264688979124692,293.63690185546875,12.649999618530272,1.97,0.0256130528088399,0.049203552305698395
2019-12-27,0,-1.2373146633297372,293.564208984375,13.43000030517578,1.96,0.036689806897864316,0.068231962621212
2019-12-30,0,-0.9354670407929548,291.9455871582031,14.81999969482422,1.97,0.07626552223961577,0.18953709304332733
2019-12-31,0,-1.0764414115167245,292.65484619140625,13.779999732971191,1.98,0.0491455186393994,0.09772750735282898
2020-01-02,0,-1.4073942081985915,295.3918151855469,12.470000267028809,1.98,0.023924472320940294,0.06560732424259186
2020-01-03,0,-1.158900155277642,293.1549987792969,14.020000457763672,1.99,0.06352164471623754,0.10080136358737946
2020-01-06,0,-1.0605502224607537,294.2734375,13.850000381469728,2.02,0.0779285752843054,0.046502094715833664
2020-01-07,0,-0.9830053146181704,293.4459533691406,13.789999961853027,2.03,0.08844283605603587,0.04761233180761337
2020-01-08,0,-0.9199007898456428,295.0098876953125,13.449999809265137,2.05,0.08706581065780232,0.03700253367424011
2020-01-09,0,-1.2040413176816862,297.01031494140625,12.539999961853027,2.03,0.041686086747907566,0.026362469419836998
2020-01-10,0,-1.295868981184684,296.15557861328125,12.5600004196167,1.99,0.03979939676957811,0.05178776755928993
2020-01-13,0,-1.3612611470537554,298.1923522949219,12.31999969482422,1.99,0.029565781165250497,0.049415525048971176
2020-01-14,0,-1.231625327731627,297.7376403808594,12.390000343322754,1.99,0.03354825681691142,0.04912417382001877
2020-01-15,0,-1.1745119275237883,298.4105529785156,12.420000076293944,2.01,0.034757183685940815,0.02962401509284973
2020-01-16,0,-1.2265442534108806,300.8928527832031,12.31999969482422,2.0,0.030135113944886174,0.028150619938969612
2020-01-17,0,-1.3417823386651688,301.82940673828125,12.100000381469728,1.98,0.027730074655122235,0.05186089128255844
2020-01-21,0,-1.235459484076202,301.2383728027344,12.850000381469728,1.97,0.03817867346794217,0.06987519562244415
2020-01-22,0,-1.174028532014118,301.2747497558594,12.90999984741211,1.97,0.04414099541323112,0.06987519562244415
2020-01-23,0,-1.090285562957386,301.6202697753906,12.979999542236328,1.98,0.04741946966284388,0.04281071200966835
2020-01-24,0,-0.7451261239508932,298.9378662109375,14.5600004196167,1.98,0.12037026403144416,0.10787686705589294
2020-01-27,0,0.1431976718546626,294.1460266113281,18.229999542236328,2.04,0.7099139965771253,0.5726543068885803
2020-01-28,0,-0.1908332903664046,297.2284240722656,16.280000686645508,2.04,0.4706701313500193,0.3683796226978302
2020-01-29,0,-0.1340436106936783,296.9830627441406,16.389999389648438,2.05,0.49752927544020237,0.35027042031288147
2020-01-30,0,-0.266070081131247,297.94677734375,15.489999771118164,2.08,0.4063176598929526,0.1370801478624344
2020-01-31,0,0.6033623835329402,292.5367126464844,18.84000015258789,2.13,0.9103726737187466,0.5385505557060242
2020-02-03,0,0.4028839762447139,294.70977783203125,17.969999313354492,2.1,0.8517688008589088,0.5714775323867798
2020-02-04,0,-0.1600954836495398,299.2016296386719,16.049999237060547,2.09,0.5636148063411284,0.39908450841903687
2020-02-05,0,-0.4411556275037144,302.6567077636719,15.149999618530272,2.0700000000000003,0.36531055571888094,0.11414232850074768
2020-02-06,0,-0.601461425898627,303.6751708984375,14.960000038146973,2.0500000000000003,0.2667625270971477,0.06413953751325607
2020-02-07,1,-0.4011768927038863,302.0567626953125,15.470000267028809,2.05,0.3698482539292019,0.15589866042137146
2020-02-10,1,-0.4382284433260566,304.3116149902344,15.039999961853027,2.06,0.32611201386953703,0.09973220527172089
2020-02-11,1,-0.4999512650376576,304.83905029296875,15.18000030517578,2.05,0.27585344099986153,0.1067357137799263
2020-02-12,1,-0.6699281151825796,306.8031005859375,13.739999771118164,2.06,0.12153724435116513,0.04247848689556122
2020-02-13,1,-0.6436028044391109,306.4757080078125,14.149999618530272,2.05,0.15163000170896346,0.0523865707218647
2020-02-14,1,-0.7318561404944237,306.9667358398437,13.68000030517578,2.04,0.1223110027996923,0.03889045491814613
2020-02-18,1,-0.4025824927413474,306.1755676269531,14.829999923706056,2.05,0.20828153455950377,0.05035188049077988
2020-02-19,1,-0.4859058275885657,307.6395568847656,14.380000114440918,2.05,0.167850858598238,0.04755041375756264
2020-02-20,1,-0.2874809556621011,306.37567138671875,15.5600004196167,2.05,0.27959532853688385,0.14422158896923065
2020-02-21,1,0.1771518777522167,303.2204895019531,17.079999923706055,2.09,0.5947265291921179,0.47769516706466675
2020-02-24,1,1.848286865661673,293.1640625,25.030000686645508,2.13,0.9974854414506691,0.9182717204093933
2020-02-25,1,2.6048926241147465,284.28057861328125,27.850000381469727,2.19,0.9997115368207079,0.954758882522583
2020-02-26,1,2.345121230848496,283.23492431640625,27.559999465942383,2.2,0.9995887868803648,0.9578099846839905
2020-02-27,1,4.538348811930284,270.514404296875,39.15999984741211,2.27,0.9999995349023281,0.9644545912742615
2020-02-28,1,4.556424348975512,269.3778076171875,40.11000061035156,2.38,0.9999993234560817,0.981875479221344
2020-03-02,1,3.330738896611488,281.0435791015625,33.41999816894531,2.44,0.9999799324564586,0.9853677153587341
2020-03-03,1,3.752623597251437,272.99664306640625,36.81999969482422,2.48,0.9999954109419416,0.9883477091789246
2020-03-04,1,2.7960616284338062,284.4715881347656,31.989999771118164,2.47,0.9999545316149233,0.9874435067176819
2020-03-05,1,3.9982924404838536,275.01519775390625,39.619998931884766,2.52,0.9999977794919427,0.988986611366272
2020-03-06,1,4.353519760255248,270.4689025878906,41.93999862670898,2.55,0.9999982418949688,0.9892866611480713
2020-03-09,1,6.853327400788273,249.3468170166016,54.459999084472656,2.93,0.9999999923173667,0.9880139827728271
2020-03-10,1,5.323956899849761,262.2492370605469,47.29999923706055,2.93,0.9999998881000146,0.987379789352417
2020-03-11,1,6.005853816256459,249.46499633789065,53.900001525878906,2.99,0.9999999307947561,0.9880139827728271
2020-03-12,1,7.957519987268675,225.5968780517578,75.47000122070312,3.2,0.9999999999202824,0.9872525334358215
2020-03-13,1,5.958825250432724,244.8822479248047,57.83000183105469,3.3000000000000003,0.9999999819050552,0.9861451387405396
2020-03-16,1,7.453623494470275,218.0863342285156,82.69000244140625,3.3800000000000003,0.9999999998921569,0.985901415348053
2020-03-17,1,6.372068517953298,229.86129760742188,75.91000366210938,3.49,0.9999999976166114,0.9866040945053101
2020-03-18,1,6.660761297125887,218.22276306152344,76.44999694824219,3.810000000000001,0.9999999979459349,0.9870203733444214
2020-03-19,1,6.258185957209801,218.68649291992188,72.0,4.01,0.9999999969236928,0.9870203733444214
2020-03-20,1,6.032802469020358,209.26235961914065,66.04000091552734,4.23,0.9999999499487598,0.9870203733444214
2020-03-23,1,5.587156252286751,203.91192626953125,61.59000015258789,4.3100000000000005,0.9999999487870674,0.9870203733444214
2020-03-24,1,4.627136772524278,222.38693237304688,61.66999816894531,4.19,0.999999700428676,0.9866040945053101
2020-03-25,1,4.220030683636802,225.7161560058593,63.95000076293945,4.13,0.9999990144507499,0.9876726269721985
2020-03-26,1,3.627857723730692,238.89566040039065,61.0,4.04,0.999991836157569,0.987522542476654
2020-03-27,1,3.50253252282979,231.77999877929688,65.54000091552734,3.98,0.9999946543561085,0.9877134561538696
2020-03-30,1,2.93509449847308,239.30723571777344,57.08000183105469,3.89,0.9999686662611467,0.984876275062561
2020-03-31,1,3.040782353204738,235.7402801513672,53.540000915527344,3.93,0.9994749417116644,0.9846029281616211
2020-04-01,1,3.153279586929815,225.13082885742188,57.060001373291016,3.97,0.9995898348388175,0.9851072430610657
2020-04-02,1,2.951529273302519,230.32579040527344,50.90999984741211,3.92,0.9957852770430236,0.9845518469810486
2020-04-03,1,2.708263358571948,226.9965667724609,46.79999923706055,3.92,0.992561834370157,0.9770429134368896
2020-04-06,1,2.2791624301707625,242.2431182861328,45.2400016784668,3.91,0.9769425599576674,0.8576882481575012
2020-04-07,1,1.8278494411889288,242.4901123046875,46.70000076293945,3.79,0.9550326531864511,0.7971968054771423
2020-04-08,0,1.7621048492014582,250.630111694336,43.34999847412109,3.75,0.9311953613627633,0.17608597874641418
2020-04-09,0,1.297380218603481,254.44395446777344,41.66999816894531,3.61,0.716608132162372,0.058663755655288696
2020-04-13,0,0.6745261950910577,252.12091064453125,41.16999816894531,3.41,0.6041159385243238,0.06149151921272278
2020-04-14,0,0.8150978376563808,259.556640625,37.7599983215332,3.3600000000000003,0.061917991948328935,0.07025999575853348
2020-04-15,0,0.3728013933688474,254.04161071777344,40.84000015258789,3.33,0.12361921751919872,0.07181915640830994
2020-04-16,0,0.5679131739416089,255.2671813964844,40.11000061035156,3.28,0.06391360255095335,0.09050068259239197
2020-04-17,0,0.0953378939706481,262.16326904296875,38.150001525878906,3.27,0.050282035666616744,0.08561226725578308
2020-04-20,0,0.3482308301074167,257.54449462890625,43.83000183105469,3.28,0.23235276361503146,0.09263011068105698
2020-04-21,0,0.3218467778760364,249.72462463378903,45.40999984741211,3.29,0.3570960340898882,0.2214578241109848
2020-04-22,0,-0.0054139023511934,255.2671813964844,41.97999954223633,3.3000000000000003,0.24881958895033895,0.09562025964260101
2020-04-23,0,0.4146802407782442,255.2489471435547,41.380001068115234,3.26,0.2455615356042376,0.09197194874286652
2020-04-24,0,0.2827266748403763,258.8066711425781,35.93000030517578,3.25,0.057765399613700856,0.0902576595544815
2020-04-27,0,0.4139174292404684,262.5382385253906,33.290000915527344,3.24,0.041043983317081145,0.05848146229982376
2020-04-28,0,0.3008050202974554,261.3310546875,33.56999969482422,3.25,0.08085414090744003,0.053315531462430954
2020-04-29,0,0.2654309607466772,268.1722717285156,31.229999542236328,3.24,0.04043885037403291,0.05703318491578102
2020-04-30,0,0.2961626997489033,265.6753845214844,34.150001525878906,3.23,0.05842511091209954,0.0525750070810318
2020-05-01,0,0.2849083440466689,258.6420288085937,37.18999862670898,3.25,0.14743813677273707,0.2369464635848999
2020-05-04,0,0.367995267306412,259.3554382324219,35.970001220703125,3.28,0.14713346636410216,0.10783004015684128
2020-05-05,0,0.1985075668522256,261.7517395019531,33.61000061035156,3.28,0.06922740017400815,0.04801563546061516
2020-05-06,0,0.55392699448319,259.9773864746094,34.119998931884766,3.3100000000000005,0.0622639326403151,0.17762191593647003
2020-05-07,0,0.4570483276724221,263.1144714355469,31.440000534057617,3.3400000000000003,0.04406476097409969,0.14039312303066254
2020-05-08,0,0.4639002888159405,267.4681091308594,27.979999542236328,3.37,0.03791512209737452,0.08186004310846329
2020-05-11,0,0.5374446882271472,267.5228881835937,27.56999969482422,3.41,0.03600530572085562,0.11147791892290115
2020-05-12,0,0.6963861834019661,262.190673828125,33.040000915527344,3.4,0.08405578683338927,0.38328689336776733
2020-05-13,0,0.952466865657642,257.5536804199219,35.279998779296875,3.43,0.14412957144101243,0.4746842086315155
2020-05-14,0,0.7346301831215988,260.6358642578125,32.61000061035156,3.41,0.08427081992861286,0.34248650074005127
2020-05-15,0,0.7121268321138637,261.83404541015625,31.88999938964844,3.41,0.04205771307281544,0.4868236780166626
2020-05-18,0,0.6144082423226819,269.809326171875,29.299999237060547,3.3800000000000003,0.021406334280729293,0.06083329766988754
2020-05-19,0,0.5580835112102771,267.0381774902344,30.530000686645508,3.3,0.022747530769202,0.13597239553928375
2020-05-20,0,0.2546752299748898,271.5745544433594,27.989999771118164,3.24,0.01715356477576874,0.05023588240146637
2020-05-21,0,0.377303249710073,269.6996765136719,29.530000686645508,3.18,0.018045351891846223,0.043658796697854996
2020-05-22,0,0.3344134932929178,270.2118835449219,28.15999984741211,3.18,0.014986294805516897,0.05023588240146637
2020-05-26,0,0.3118905234119049,273.541015625,28.01000022888184,3.14,0.0086558251769784,0.04954424127936363
2020-05-27,0,0.2812014881191668,277.6109619140625,27.6200008392334,3.11,0.010105030167460175,0.048945389688014984
2020-05-28,0,0.2837465599230908,277.09881591796875,28.59000015258789,3.1,0.008714299202104448,0.04313618317246437
2020-05-29,0,0.3366800860116841,278.3335266113281,27.51000022888184,3.08,0.009338905223209891,0.05030929297208786
2020-06-01,0,0.3059337172904651,279.45855712890625,28.229999542236328,3.1,0.009772015985779916,0.04313618317246437
2020-06-02,0,0.1089713388998967,281.7724609375,26.84000015258789,3.08,0.006842147319089342,0.04640629515051842
2020-06-03,0,0.0009976805491927,285.5223388671875,25.65999984741211,3.02,0.005211228714021478,0.054860904812812805
2020-06-04,0,0.0399150151667053,284.7723693847656,25.809999465942383,2.99,0.005956303667207307,0.05233379825949669
2020-06-05,0,-0.2071243053484828,292.0708923339844,24.520000457763672,2.86,0.004456352990687088,0.05464546009898186
2020-06-08,0,-0.2043906582510781,295.6013488769531,25.809999465942383,2.81,0.005160718164275502,0.05242796614766121
2020-06-09,0,-0.0618508066239785,293.3971862792969,27.56999969482422,2.8000000000000003,0.008809038414430823,0.049184344708919525
2020-06-10,0,-0.0021758845753405,291.760009765625,27.56999969482422,2.86,0.017913095812454958,0.049184344708919525
2020-06-11,0,0.4949917249907136,274.9402770996094,40.790000915527344,2.91,0.4373488181148589,0.16915133595466614
2020-06-12,0,0.2575092127189978,278.23291015625,36.09000015258789,2.91,0.3093751949727365,0.07743509113788605
2020-06-15,0,0.2394745576544176,280.8304748535156,34.400001525878906,2.93,0.25457352682537765,0.06637421995401382
2020-06-16,0,0.1356835943830449,286.2357788085937,33.66999816894531,2.89,0.22614129204951644,0.06979332864284515
2020-06-17,0,0.2646266647991402,285.0469055175781,33.470001220703125,2.87,0.20194696363866985,0.0678468570113182
2020-06-18,0,0.199455275501922,285.1565856933594,32.939998626708984,2.86,0.43268585591620584,0.056754983961582184
2020-06-19,0,0.3470274690445292,283.5267944335937,35.119998931884766,2.87,0.5297525132233021,0.06820023059844971
2020-06-22,0,0.2068522732365806,285.3457946777344,31.770000457763672,2.86,0.40061777117706715,0.06275763362646103
2020-06-23,0,0.1898369547030435,286.6594543457031,31.3700008392334,2.87,0.3672539724523215,0.04621272534132004
2020-06-24,0,0.4118049449629102,279.3470458984375,33.84000015258789,2.89,0.5768328676533866,0.1519225835800171
2020-06-25,0,0.4053805893806735,282.3419189453125,32.220001220703125,2.92,0.580898532907471,0.14021070301532745
2020-06-26,0,0.5473659238371789,275.63580322265625,34.72999954223633,2.92,0.7442726899287687,0.17749744653701782
2020-06-29,0,0.447387940371826,279.6870422363281,31.780000686645508,2.94,0.6777469865841846,0.11355458945035934
2020-06-30,0,0.3725125398002896,283.2695617675781,30.43000030517578,2.93,0.5781147649065433,0.08279651403427124
2020-07-01,0,0.3100335301004257,285.2538452148437,28.6200008392334,2.89,0.6112262106943995,0.08988172560930252
2020-07-02,0,0.3045698623012766,286.82476806640625,27.68000030517578,2.87,0.49060048000251627,0.0898711159825325
2020-07-06,0,0.2117725618886734,291.2525634765625,27.940000534057617,2.83,0.5489389850254858,0.054870061576366425
2020-07-07,0,0.3740854340911768,288.2486877441406,29.43000030517578,2.81,0.4869869647927737,0.0478891059756279
2020-07-08,0,0.3345929762049118,290.45330810546875,28.07999992370605,2.77,0.3603571238474088,0.04974677786231041
2020-07-09,0,0.3286803520315881,288.7998352050781,29.26000022888184,2.73,0.388562427949103,0.0456513911485672
2020-07-10,0,0.2238719645691042,291.7486267089844,27.290000915527344,2.74,0.17516392044088702,0.044043224304914474
2020-07-13,0,0.1253451030821512,289.2223815917969,32.189998626708984,2.74,0.3009062488043498,0.04247913509607315
2020-07-14,0,0.0407938436065086,292.9704284667969,29.520000457763672,2.71,0.23849164619032404,0.04369105026125908
2020-07-15,0,-0.0010078060475248,295.6620178222656,27.76000022888184,2.71,0.1731438082290104,0.044043224304914474
2020-07-16,0,0.0839219454196243,294.68829345703125,28.0,2.69,0.19794098137034669,0.03389539569616318
2020-07-17,0,-0.0061343276473267,295.5426025390625,25.68000030517578,2.68,0.13617525829247024,0.039560072124004364
2020-07-20,0,-0.0789755393704583,297.9310607910156,24.459999084472656,2.66,0.12005368085529475,0.036166269332170486
2020-07-21,0,-0.121372763533653,298.5648803710937,24.84000015258789,2.6300000000000003,0.11163871414934172,0.03481760993599892
2020-07-22,0,-0.1427376115718626,300.26434326171875,24.31999969482422,2.61,0.090438200313901,0.03481760993599892
2020-07-23,0,-0.051622916494971,296.6817321777344,26.07999992370605,2.58,0.11163077987896727,0.04025370627641678
2020-07-24,0,-0.13979466749462,294.7709350585937,25.84000015258789,2.58,0.13812278129242905,0.03768252208828926
2020-07-27,0,-0.1639470230277037,296.9205627441406,24.739999771118164,2.56,0.09664058927605748,0.03809799626469612
2020-07-28,0,-0.2185921985659155,295.03741455078125,25.440000534057617,2.5700000000000003,0.1271199556519538,0.03757793456315994
2020-07-29,0,-0.2181672891254862,298.666015625,24.100000381469727,2.61,0.11522234484200465,0.03450089320540428
2020-07-30,0,-0.1411477553102758,297.600341796875,24.76000022888184,2.6,0.15992433342287032,0.03517455235123634
2020-07-31,0,-0.1528800138905368,299.9520263671875,24.459999084472656,2.6,0.1812525151000232,0.03617635369300842
2020-08-03,0,-0.1465722028181524,302.03729248046875,24.280000686645508,2.63,0.163499511777488,0.039011165499687195
2020-08-04,0,-0.1171412983434226,303.2039794921875,23.76000022888184,2.62,0.15471169467847717,0.03611377254128456
2020-08-05,0,-0.2205534827997912,305.08721923828125,22.989999771118164,2.59,0.10501858249150826,0.02599128521978855
2020-08-06,0,-0.2354535167169731,307.1266784667969,22.64999961853028,2.5700000000000003,0.10626711757238376,0.07856246829032898
2020-08-07,0,-0.2723985814298708,307.3470458984375,22.209999084472656,2.5700000000000003,0.09220783793327127,0.07925979048013687
2020-08-10,0,-0.2496651918459262,308.26568603515625,22.1299991607666,2.56,0.07645869857342102,0.07925979048013687
2020-08-11,0,-0.1899353003961668,305.72100830078125,24.030000686645508,2.59,0.11360037612268334,0.08926280587911606
2020-08-12,0,-0.257138894221935,309.9835205078125,22.280000686645508,2.5500000000000003,0.08972400337673488,0.08030170202255249
2020-08-13,0,-0.1918570488417982,309.4231262207031,22.1299991607666,2.59,0.08886547003828299,0.09778647124767303
2020-08-14,0,-0.1954888169274687,309.4323425292969,22.049999237060547,2.61,0.09898292825021912,0.1080157682299614
2020-08-17,0,-0.1951681926132911,310.4153137207031,21.350000381469727,2.64,0.09854791885355765,0.1080157682299614
2020-08-18,0,-0.1667814827192707,311.0858764648437,21.51000022888184,2.64,0.10930480784019339,0.11093162000179291
2020-08-19,0,-0.1113257692379988,309.7906188964844,22.540000915527344,2.65,0.12336289285993804,0.10184846818447113
2020-08-20,0,-0.0968569158581119,310.7551574707031,22.71999931335449,2.65,0.1188864564809634,0.11402378976345062
2020-08-21,0,-0.1719497163251375,311.8575134277344,22.540000915527344,2.64,0.10751729443052038,0.11402378976345062
2020-08-24,0,-0.2516426092758715,315.01763916015625,22.3700008392334,2.63,0.09176906872864046,0.1080157682299614
2020-08-25,0,-0.2428204303668846,316.1200256347656,22.030000686645508,2.63,0.07850671986177273,0.09763544797897339
2020-08-26,0,-0.2659061115010081,319.2893371582031,23.270000457763672,2.66,0.09917523704651604,0.08950318396091461
2020-08-27,0,-0.165168862666629,319.9874572753906,24.46999931335449,2.71,0.11742793123815147,0.11486087739467621
2020-08-28,0,-0.2430984920615771,322.0543212890625,22.959999084472656,2.71,0.0944226984212071,0.10313452780246735
2020-08-31,0,-0.1360729903889054,320.8876037597656,26.40999984741211,2.67,0.14183018240809792,0.13702648878097534
2020-09-01,0,-0.1535225073911625,323.9100646972656,26.1200008392334,2.67,0.12774239427689293,0.15269215404987335
2020-09-02,0,-0.2054429581695897,328.594970703125,26.56999969482422,2.64,0.09243287803738823,0.20114544034004211
2020-09-03,0,0.1320679463307575,317.2866516113281,33.599998474121094,2.64,0.3116288458801892,0.4821529686450958
2020-09-04,0,0.1471827525909592,314.6961364746094,30.75,2.68,0.36832696754033206,0.42783817648887634
2020-09-08,0,0.2695795517066944,306.0976867675781,31.459999084472656,2.67,0.5301575508882714,0.4576707184314728
2020-09-09,0,0.150320371745909,312.1422424316406,28.809999465942383,2.69,0.4543409960071805,0.36995550990104675
2020-09-10,0,0.205957414664951,306.7224426269531,29.709999084472656,2.69,0.44280955790300447,0.39002805948257446
2020-09-11,0,0.1891585571455567,306.8785400390625,26.8700008392334,2.69,0.47465585122853965,0.27380049228668213
2020-09-14,0,0.0859607859790006,310.9205627441406,25.850000381469727,2.66,0.4700379473459994,0.19304850697517395
2020-09-15,0,0.0684258911442087,312.49139404296875,25.59000015258789,2.68,0.5716477876161126,0.212019681930542
2020-09-16,0,0.0990054323165128,311.25128173828125,26.040000915527344,2.67,0.4940832926722371,0.20607197284698486
2020-09-17,0,0.1381063558608812,308.5137634277344,26.459999084472656,2.65,0.5941608801545911,0.22786518931388855
2020-09-18,0,0.1552974101356435,304.9618225097656,25.82999992370605,2.66,0.6462436788043184,0.18922683596611023
2020-09-21,0,0.2538618703093533,301.5677490234375,27.780000686645508,2.66,0.7115521276052522,0.31981194019317627
2020-09-22,0,0.2034383838368857,304.6390380859375,26.86000061035156,2.66,0.6513582052342493,0.27724194526672363
2020-09-23,0,0.3807618145102012,297.5741577148437,28.57999992370605,2.68,0.7354716443858266,0.3294363021850586
2020-09-24,0,0.3898737678704103,298.36737060546875,28.51000022888184,2.7,0.7844333838417982,0.29943692684173584
2020-09-25,0,0.3358956439316625,303.1910705566406,26.3799991607666,2.74,0.7548543252471049,0.19805777072906494
2020-09-28,0,0.2851823249584455,308.22686767578125,26.190000534057617,2.76,0.7425554870714934,0.22381620109081268
2020-09-29,0,0.3170931871271526,306.5481872558594,26.270000457763672,2.74,0.6554743656725434,0.20314155519008636
2020-09-30,0,0.2796386579413836,308.8724670410156,26.3700008392334,2.75,0.7216289999201163,0.18944521248340607
2020-10-01,0,0.2960080541254648,310.8554992675781,26.700000762939453,2.75,0.6495937913370867,0.19883978366851807
2020-10-02,0,0.4109758227683927,307.90399169921875,27.6299991607666,2.76,0.5145006530045497,0.26951324939727783
2020-10-05,0,0.2048055116636442,313.3641357421875,27.959999084472656,2.74,0.41654232081636394,0.2198408544063568
2020-10-06,0,0.2390925121591363,308.909423828125,29.479999542236328,2.7,0.4184791255346141,0.33828169107437134
2020-10-07,0,0.0196029926501375,314.28643798828125,28.059999465942383,2.69,0.30947121294477714,0.2350700944662094
2020-10-08,0,0.0153985963641033,317.0719299316406,26.36000061035156,2.68,0.18808091312541472,0.13303242623806
2020-10-09,0,-0.1311250127815719,319.9032592773437,25.0,2.67,0.1731613051718368,0.12325061112642288
2020-10-12,0,-0.1940920254680621,325.0498046875,25.06999969482422,2.67,0.12319206559915458,0.12325061112642288
2020-10-13,0,-0.1017636436641781,322.9284973144531,26.06999969482422,2.6500000000000004,0.1741677327843201,0.09526842087507248
2020-10-14,0,-0.0550081966009039,320.8994140625,26.39999961853028,2.64,0.1318996547477767,0.10499187558889389
2020-10-15,0,-0.0482997449439544,320.5028686523437,26.96999931335449,2.6500000000000004,0.14474118267163666,0.1350989192724228
2020-10-16,0,-0.0788986950381675,320.3090515136719,27.40999984741211,2.64,0.1423127166895299,0.12317484617233276
2020-10-19,0,-0.0404819944614787,315.4393005371094,29.18000030517578,2.6100000000000003,0.14777716123825696,0.1576993763446808
2020-10-20,0,-0.0825026811651765,316.7028503417969,29.350000381469727,2.64,0.19846721252093621,0.1576993763446808
2020-10-21,0,-0.0577375131953795,316.1034851074219,28.64999961853028,2.63,0.1795350765103839,0.16542823612689972
2020-10-22,0,-0.2045264832410908,317.8373718261719,28.11000061035156,2.61,0.17775851976588095,0.12902340292930603
2020-10-23,0,-0.2285603002520813,318.91650390625,27.549999237060547,2.6,0.1633267017306929,0.11239060014486313
2020-10-26,0,0.0328112851339288,313.0228881835937,32.459999084472656,2.6,0.3864675825947867,0.29227468371391296
2020-10-27,0,0.1320351876507983,311.9437561035156,33.349998474121094,2.6,0.3941684683713329,0.29227468371391296
2020-10-28,0,0.4251763798115317,301.28179931640625,40.27999877929688,2.62,0.747336305429377,0.580435037612915
2020-10-29,0,0.3391833130707444,304.343994140625,37.59000015258789,2.61,0.6652577975413625,0.4921078383922577
2020-10-30,0,0.4104104770618784,301.1711730957031,38.02000045776367,2.6100000000000003,0.6713228627699858,0.5097908973693848
2020-11-02,0,0.2984534098969132,304.5468139648437,37.130001068115234,2.6,0.6548846079600767,0.5272852778434753
2020-11-03,0,0.2436930475102566,309.9239501953125,35.54999923706055,2.58,0.549629039840917,0.3383069634437561
2020-11-04,0,-0.0511504258833561,316.8504638671875,29.56999969482422,2.58,0.3836304992951849,0.18882706761360168
2020-11-05,0,-0.147938133911427,323.0299377441406,27.57999992370605,2.52,0.26252932537332785,0.11763876676559448
2020-11-06,0,-0.1879539917987766,322.9562072753906,24.86000061035156,2.51,0.20071529398037682,0.09647220373153687
2020-11-09,0,-0.2078685452338543,327.01434326171875,25.75,2.47,0.1762617671603749,0.10998748242855072
2020-11-10,0,-0.183428665553196,326.5347900390625,24.799999237060547,2.44,0.10081069251323416,0.10399322956800461
2020-11-11,0,-0.2755515320409235,328.96044921875,23.450000762939453,2.44,0.06955359358583184,0.10720232874155045
2020-11-12,0,-0.2110990067914954,325.7692565917969,25.350000381469727,2.45,0.07282373603951194,0.08768430352210999
2020-11-13,0,-0.3366101962731851,330.27935791015625,23.100000381469727,2.44,0.061521889591299575,0.10640238225460052
2020-11-16,0,-0.4207344495924257,334.4020080566406,22.450000762939453,2.42,0.03735901305631386,0.10004302859306335
2020-11-17,0,-0.4575413630248024,332.6034851074219,22.709999084472656,2.42,0.046623978997221954,0.08477956801652908
2020-11-18,0,-0.3835096565979414,328.6007080078125,23.84000015258789,2.39,0.05830310954814422,0.06916642189025879
2020-11-19,0,-0.4539893349697323,329.984130859375,23.11000061035156,2.35,0.05948387690451485,0.08180391788482666
2020-11-20,0,-0.3906652833787818,327.7244873046875,23.700000762939453,2.35,0.05982341444286741,0.08154603838920593
2020-11-23,0,-0.442122052190187,329.6890563964844,22.65999984741211,2.33,0.04162678386298824,0.0782596692442894
2020-11-24,0,-0.626040689297373,335.00152587890625,21.63999938964844,2.31,0.036947591585302614,0.045268505811691284
2020-11-25,0,-0.6393617978533991,334.48504638671875,21.25,2.3200000000000003,0.03233292588382483,0.05643497034907341
2020-11-27,0,-0.8126865942551924,335.4165954589844,20.84000015258789,2.3200000000000003,0.039031340901391404,0.0733216181397438
2020-11-30,0,-0.7755917691046798,333.9316711425781,20.56999969482422,2.29,0.05018446171349341,0.06366706639528275
2020-12-01,0,-0.87001472476133,337.583984375,20.770000457763672,2.28,0.05486721737211908,0.06978726387023926
2020-12-02,0,-0.8443365337436856,338.2941589355469,21.170000076293945,2.24,0.044072830407765745,0.06756258010864258
2020-12-03,0,-0.7705453894316028,338.201904296875,21.280000686645508,2.23,0.044800157339390016,0.06756258010864258
2020-12-04,0,-0.726138813913774,341.116455078125,20.790000915527344,2.2300000000000004,0.03836023526573534,0.05720201134681702
2020-12-07,0,-0.6313282034258137,340.4154968261719,21.299999237060547,2.22,0.0492645627353592,0.05983506515622139
2020-12-08,0,-0.661720436857677,341.4114990234375,20.68000030517578,2.22,0.03891783032966947,0.05011678859591484
2020-12-09,0,-0.5216032362965963,338.3494873046875,22.270000457763672,2.24,0.06038417307341549,0.05100569501519203
2020-12-10,0,-0.534036183486834,338.2388610839844,22.520000457763672,2.22,0.06644957504199993,0.05100569501519203
2020-12-11,0,-0.4745772403317129,337.84228515625,23.309999465942383,2.23,0.06545792764392754,0.0716034322977066
2020-12-14,0,-0.4548243130750431,336.3296203613281,24.71999931335449,2.24,0.07636355283781009,0.05608758330345154
2020-12-15,0,-0.4913322938599753,340.8766174316406,22.88999938964844,2.26,0.05982818624419684,0.0826357826590538
2020-12-16,0,-0.4676092979819503,341.4114990234375,22.5,2.25,0.056544097858490995,0.06394225358963013
2020-12-17,0,-0.541920846663718,343.3207397460937,21.93000030517578,2.23,0.05037512245807188,0.057853881269693375
2020-12-18,0,-0.580296001628197,341.949951171875,21.56999969482422,2.24,0.05170133062116129,0.05612163618206978
2020-12-21,0,-0.4631286364922723,340.7272644042969,25.15999984741211,2.2300000000000004,0.08733207182405386,0.08833614736795425
2020-12-22,0,-0.5182082916612524,340.1529846191406,24.229999542236328,2.22,0.06106188499724205,0.07970648258924484
2020-12-23,0,-0.5125627016161468,340.45867919921875,23.309999465942383,2.24,0.05523163166664441,0.06722036004066467
2020-12-24,0,-0.5214664063186785,341.7832336425781,21.530000686645508,2.23,0.043447010243679154,0.07344361394643784
2020-12-28,0,-0.5666697059904345,344.719482421875,21.700000762939453,2.22,0.04664849604429142,0.05582234635949135
2020-12-29,0,-0.5137561255519144,344.061767578125,23.07999992370605,2.22,0.050985375216012464,0.06666412204504013
2020-12-30,0,-0.5610417608172276,344.5526733398437,22.770000457763672,2.2,0.04917337577200246,0.06612657755613327
2020-12-31,0,-0.5540085335636492,346.3033142089844,22.75,2.18,0.04554516274056236,0.04682357236742973
2021-01-04,0,-0.3740358798354267,341.5887145996094,26.96999931335449,2.19,0.09439192581248847,0.09534613788127899
2021-01-05,0,-0.4236054124406029,343.9412841796875,25.34000015258789,2.23,0.07123031263302168,0.07805172353982925
2021-01-06,0,-0.3976450998046107,345.9975891113281,25.06999969482422,2.27,0.07481567072550098,0.08586561679840088
2021-01-07,0,-0.5674992095390867,351.13824462890625,22.3700008392334,2.23,0.047889024548381516,0.07330609112977982
2021-01-08,0,-0.629521985020811,353.1389465332031,21.559999465942383,2.19,0.033124657180921356,0.05422607436776161
2021-01-11,0,-0.5983498701714101,350.7585754394531,24.07999992370605,2.15,0.04951140222468289,0.054356615990400314
2021-01-12,0,-0.6175463514924041,350.83258056640625,23.32999992370605,2.16,0.04054827806415955,0.04938888922333717
2021-01-13,0,-0.6869561899265273,351.7773742675781,22.209999084472656,2.13,0.02835819917234285,0.044974662363529205
2021-01-14,0,-0.6712831478294206,350.5455017089844,23.25,2.12,0.029707386236430693,0.047350943088531494
2021-01-15,0,-0.5537207109471268,347.989013671875,24.34000015258789,2.13,0.040106182846709026,0.05509147047996521
2021-01-19,0,-0.6256609567140263,350.721435546875,23.239999771118164,2.11,0.03822142454073949,0.047199100255966187
2021-01-20,0,-0.7080823051242827,355.574951171875,21.57999992370605,2.11,0.029031161188520643,0.03185185417532921
2021-01-21,0,-0.7313604872286597,355.89910888671875,21.31999969482422,2.12,0.029753681154578014,0.02787185274064541
2021-01-22,0,-0.7042250587677134,354.63946533203125,21.90999984741211,2.14,0.04155812484400932,0.04556380212306976
2021-01-25,0,-0.6867937254378437,356.0380554199219,23.190000534057617,2.1500000000000004,0.05772709730444839,0.06058059260249138
2021-01-26,0,-0.6772208009054329,355.482421875,23.020000457763672,2.16,0.06409357974655436,0.06297401338815689
2021-01-27,0,-0.1600829698629642,346.79412841796875,37.209999084472656,2.16,0.3559300703575646,0.3748297095298767
2021-01-28,0,-0.3556749229311661,349.7767028808594,30.209999084472656,2.17,0.14806945105381752,0.20804861187934875
2021-01-29,0,-0.2041270661780504,342.7743225097656,33.09000015258789,2.17,0.278757913155608,0.32947036623954773
2021-02-01,0,-0.3339204405369583,348.4798278808594,30.239999771118164,2.1899999999999995,0.20573355795306916,0.18953146040439606
2021-02-02,0,-0.5119167532809229,353.40753173828125,25.559999465942383,2.18,0.10959411772551403,0.11756357550621033
2021-02-03,0,-0.6540032516531099,353.6854858398437,22.90999984741211,2.17,0.07968694431541115,0.08057423681020737
2021-02-04,0,-0.6928674276240759,357.7053527832031,21.770000457763672,2.19,0.08255329625511773,0.06387538462877274
2021-02-05,0,-0.7192907113579698,359.1132202148437,20.8700008392334,2.18,0.08579820799200674,0.04467500001192093
2021-02-08,0,-0.7072082701500602,361.7066650390625,21.239999771118164,2.14,0.06008468173114124,0.05997853726148605
2021-02-09,0,-0.6655740326210303,361.4658508300781,21.6299991607666,2.1500000000000004,0.0569646817197217,0.061505161225795746
2021-02-10,0,-0.6755659624172492,361.3083190917969,21.989999771118164,2.16,0.07262534503524666,0.06387538462877274
2021-02-11,0,-0.6913790545550818,361.8919067382813,21.25,2.18,0.059332217522185884,0.05898604169487953
2021-02-12,0,-0.7334450556460247,363.6795959472656,19.96999931335449,2.1900000000000004,0.05231961406588004,0.04168442264199257
2021-02-16,0,-0.7296367859308411,363.3646240234375,21.459999084472656,2.1500000000000004,0.05381579586954592,0.07307639718055725
2021-02-17,0,-0.7748426899462192,363.4480285644531,21.5,2.13,0.05147176513095953,0.07004725188016891
2021-02-18,0,-0.698524310874082,361.9010620117188,22.489999771118164,2.13,0.057502781461097295,0.06605830788612366
2021-02-19,0,-0.6451678327320846,361.2621154785156,22.049999237060547,2.14,0.05671799283142538,0.06898608803749084
2021-02-22,0,-0.5581813152166891,358.4833374023437,23.450000762939453,2.16,0.07488602766833055,0.10201337188482285
2021-02-23,0,-0.5614026461672186,358.918701171875,23.11000061035156,2.2,0.08902519400179634,0.08250442892313004
2021-02-24,0,-0.6275742541564803,362.8737182617188,21.34000015258789,2.22,0.07753419554773049,0.07393434643745422
2021-02-25,0,-0.3801209475896615,354.1300354003906,28.88999938964844,2.12,0.16259447928103327,0.10623854398727417
2021-02-26,0,-0.4836998697503085,352.3052673339844,27.950000762939453,2.12,0.15339347519505772,0.10198605805635452
2021-03-01,0,-0.6711849074415742,360.8452453613281,23.350000381469727,2.13,0.09197583749777073,0.1417972892522812
2021-03-02,0,-0.6806306922625495,358.02947998046875,24.100000381469727,2.15,0.09703255010793022,0.11061447858810425
2021-03-03,0,-0.4863477758200312,353.2871398925781,26.670000076293945,2.14,0.12522233383779247,0.16978181898593903
2021-03-04,0,-0.328126894345208,348.915283203125,28.56999969482422,2.13,0.24201434207233322,0.21495267748832703
2021-03-05,0,-0.5099882935085303,355.3340759277344,24.65999984741211,2.13,0.17504314057548928,0.16899631917476654
2021-03-08,0,-0.4099585318100483,353.56500244140625,25.46999931335449,2.14,0.14657797865651045,0.1557648479938507
2021-03-09,0,-0.4740158226416822,358.6130065917969,24.030000686645508,2.16,0.13369581665274774,0.13202039897441864
2021-03-10,0,-0.4988873739426827,360.8452453613281,22.559999465942383,2.17,0.12356073231254706,0.08617627620697021
2021-03-11,0,-0.5477700412029249,364.50396728515625,21.90999984741211,2.18,0.1342096503608249,0.07168049365282059
2021-03-12,0,-0.5772981997852996,364.9948120117188,20.690000534057617,2.1900000000000004,0.0939311535643074,0.0572754368185997
2021-03-15,0,-0.6174884099884242,367.1716003417969,20.030000686645508,2.18,0.08701023137750431,0.0572754368185997
2021-03-16,0,-0.5838958978658052,366.7084045410156,19.790000915527344,2.19,0.06708809461581407,0.0572754368185997
2021-03-17,0,-0.5933209070284003,367.9588012695313,19.229999542236328,2.23,0.06067552427283583,0.04360892251133919
2021-03-18,0,-0.4818587807632034,362.6050720214844,21.57999992370605,2.17,0.06921285394946255,0.06118738278746605
2021-03-19,0,-0.5574351949257479,361.9342041015625,20.950000762939453,2.1,0.054642367036367726,0.025654824450612068
2021-03-22,0,-0.6934404281412322,364.82421875,18.8799991607666,2.08,0.03298847046865991,0.04152456298470497
2021-03-23,0,-0.6103832694079093,361.9527893066406,20.299999237060547,2.1100000000000003,0.04841053470671162,0.027744771912693977
2021-03-24,0,-0.5360256296367593,360.11285400390625,21.200000762939453,2.1,0.0494704652587986,0.027440203353762627
2021-03-25,0,-0.5502485061727421,362.138671875,19.809999465942383,2.1100000000000003,0.04461533001395386,0.04227643087506294
2021-03-26,0,-0.8487852460208986,367.97454833984375,18.86000061035156,2.09,0.04101001962806552,0.027798296883702278
2021-03-29,0,-0.8031014767640116,367.7886657714844,20.739999771118164,2.08,0.04179968178146351,0.028938867151737213
2021-03-30,0,-0.7264035865442503,366.8128967285156,19.61000061035156,2.04,0.02894119001389193,0.04075102508068085
2021-03-31,0,-0.823778780652276,368.29974365234375,19.39999961853028,2.03,0.028801437880893843,0.03996806591749191
2021-04-01,0,-1.1345744375926785,372.2770690917969,17.329999923706055,1.98,0.012576606004135992,0.07447236776351929
2021-04-05,0,-1.34697183687525,377.6203918457031,17.90999984741211,1.93,0.00784262409059258,0.040570832788944244
2021-04-06,0,-1.1907818411331708,377.3973693847656,18.1200008392334,1.95,0.00786693224319986,0.03566322475671768
2021-04-07,0,-1.2903608346567987,377.8340759277344,17.15999984741211,1.96,0.008101532728404394,0.037541985511779785
2021-04-08,0,-1.2140118265109572,379.6276550292969,16.950000762939453,1.98,0.00828179577798786,0.033804476261138916
2021-04-09,0,-1.257233093748212,382.3875122070313,16.690000534057617,1.96,0.006760669373013851,0.032698627561330795
2021-04-12,0,-1.1741820808822845,382.5269470214844,16.90999984741211,1.95,0.00589691784294196,0.03178802505135536
2021-04-13,0,-1.1831935107121774,383.6606140136719,16.649999618530273,1.97,0.005884362301624129,0.03242865577340126
2021-04-14,0,-1.0782272538925524,382.3503112792969,16.989999771118164,1.98,0.007487875140037785,0.0323449969291687
2021-04-15,0,-1.2195227568792413,386.457763671875,16.56999969482422,1.95,0.005620492103774503,0.03773410990834236
2021-04-16,0,-1.2222397325405094,387.74951171875,16.25,1.97,0.004169796030859169,0.034544557332992554
2021-04-19,0,-1.217402239807219,385.8444519042969,17.290000915527344,1.99,0.0071778409425653795,0.039289627224206924
2021-04-20,0,-1.0793130261695048,383.01947021484375,18.68000030517578,2.0,0.012521516561869516,0.04191845655441284
2021-04-21,0,-1.165280403171876,386.6435852050781,17.5,2.01,0.009848102604606024,0.039289627224206924
2021-04-22,0,-1.1047668940774835,383.1124267578125,18.709999084472656,1.99,0.013628200254219826,0.04377768933773041
2021-04-23,0,-1.363771602498988,387.2662658691406,17.329999923706055,1.99,0.009910850132648582,0.041572973132133484
2021-04-26,0,-1.3240944471447864,388.0747375488281,17.639999389648438,1.98,0.010020671204423461,0.044392574578523636
2021-04-27,0,-1.181750936003385,387.9910278320313,17.559999465942383,1.97,0.011725215091150253,0.05128856375813484
2021-04-28,0,-1.1891274208592442,387.8796081542969,17.280000686645508,1.98,0.01106536001436994,0.05128856375813484
2021-04-29,0,-1.262865143152191,390.3514099121094,17.610000610351562,1.97,0.015547692292007422,0.05128856375813484
2021-04-30,0,-1.0950581239410948,387.7866516113281,18.61000061035156,1.96,0.0189319136403181,0.04613974690437317
2021-05-03,0,-1.0280656326087858,388.62298583984375,18.309999465942383,1.96,0.017060124703253646,0.045416075736284256
2021-05-04,0,-0.7340881723269815,386.2254333496094,19.479999542236328,1.97,0.02873574254625153,0.04513120651245117
2021-05-05,0,-0.7550862563004893,386.3462524414063,19.14999961853028,1.98,0.02917296716813021,0.04457675665616989
2021-05-06,0,-0.8942775245391849,389.4314880371094,18.38999938964844,1.96,0.020161550234922415,0.04349042475223541
2021-05-07,0,-1.0257746193219468,392.2657775878906,16.690000534057617,1.97,0.013335813137316322,0.05517939478158951
2021-05-10,0,-0.6264912721977355,388.3813171386719,19.65999984741211,1.98,0.0375426016879692,0.04655877500772476
2021-05-11,0,-0.3495850998769421,384.9151306152344,21.84000015258789,2.01,0.09001770955049816,0.0918593779206276
2021-05-12,0,0.3042741162505856,376.7375183105469,27.59000015258789,2.02,0.4318794577664665,0.5191469788551331
2021-05-13,0,-0.1419432652124456,381.2630615234375,23.1299991607666,2.04,0.15890793410651277,0.2240332067012787
2021-05-14,0,-0.4964249278766333,387.1174926757813,18.809999465942383,2.03,0.04373639978485396,0.08089417219161987
2021-05-17,0,-0.3813632834040727,386.132568359375,19.71999931335449,2.0200000000000005,0.05806222510684835,0.05630367621779442
2021-05-18,0,-0.22004920216753,382.8056945800781,21.34000015258789,2.03,0.10221752513745275,0.10536984354257584
2021-05-19,0,-0.2197603825763685,381.8020935058594,22.18000030517578,2.0200000000000005,0.14425385486007972,0.18082672357559204
2021-05-20,0,-0.3387717056111594,385.9094543457031,20.670000076293945,2.02,0.08330232847490995,0.09257549792528152
2021-05-21,0,-0.4698715957143475,385.5935668945313,20.14999961853028,2.01,0.062404623320091536,0.05945479869842529
2021-05-24,0,-0.5947395494378692,389.5244140625,18.39999961853028,2.0,0.037817214280604416,0.059315964579582214
2021-05-25,0,-0.5066571900589545,388.6600646972656,18.84000015258789,2.01,0.050641915284869686,0.05311111733317375
2021-05-26,0,-0.6617648583180314,389.4314880371094,17.360000610351562,1.98,0.032161066315523144,0.06168970838189125
2021-05-27,0,-0.7089411668275675,389.6359558105469,16.739999771118164,1.98,0.02433758896968098,0.05123521387577057
2021-05-28,0,-0.645556761408994,390.3327941894531,16.760000228881836,1.99,0.02790706294710514,0.05123521387577057
2021-06-01,0,-0.6412076553397852,389.9890441894531,17.899999618530273,1.97,0.03431175194174266,0.04921311140060425
2021-06-02,0,-0.649753320153493,390.6023864746094,17.479999542236328,1.98,0.030982815909485414,0.05123521387577057
2021-06-03,0,-0.6544294302175856,389.1526794433594,18.040000915527344,1.96,0.040516517902872536,0.03635707125067711
2021-06-04,0,-0.830602868249248,392.7117309570313,16.420000076293945,1.98,0.027232118797333837,0.06168970838189125
2021-06-07,0,-0.7320581483771558,392.330810546875,16.420000076293945,1.98,0.025676590567595754,0.05123521387577057
2021-06-08,0,-0.6070997791788321,392.4143676757813,17.06999969482422,1.98,0.03131253279208395,0.05123521387577057
2021-06-09,0,-0.6568084266671103,391.8289489746094,17.889999389648438,1.96,0.035443997908505415,0.030171973630785942
2021-06-10,0,-0.8760715259813159,393.650390625,16.100000381469727,2.0,0.021516142278796696,0.038429733365774155
2021-06-11,0,-1.1919977113178568,394.3008728027344,15.649999618530272,1.97,0.015171518256494956,0.0317835658788681
2021-06-14,0,-1.0438524905658868,395.1835632324219,16.389999389648438,1.96,0.01667866553050743,0.029877668246626854
2021-06-15,0,-0.8081149630097992,394.4587707519531,17.020000457763672,1.96,0.019741179714544213,0.031569287180900574
2021-06-16,0,-0.7493242312620642,392.2564697265625,18.14999961853028,1.91,0.02464919928941449,0.029544362798333168
2021-06-17,0,-0.9458679401378024,392.12640380859375,17.75,1.84,0.016501821793245715,0.03889887034893036
2021-06-18,0,-0.6002194245204039,386.83642578125,20.700000762939453,1.85,0.051333081621429806,0.07325299829244614
2021-06-21,0,-0.7993484792905656,392.3743286132813,17.889999389648438,1.88,0.02629452410289882,0.06986939907073975
2021-06-22,0,-0.92982790050494,394.4720458984375,16.65999984741211,1.9,0.01868684513780511,0.03476247191429138
2021-06-23,0,-0.8320590858268404,393.9965515136719,16.31999969482422,1.89,0.020407613611316003,0.037280745804309845
2021-06-24,0,-0.9545098157829665,396.3273620605469,15.970000267028809,1.88,0.022005795946244962,0.03742150589823723
2021-06-25,0,-0.96890941061161,397.7351379394531,15.619999885559082,1.9,0.02354887371053843,0.03632552549242973
2021-06-28,0,-0.99186863962432,398.5369873046875,15.760000228881836,1.88,0.018610357533029493,0.03742150589823723
2021-06-29,0,-0.9644808905244204,398.7513427734375,16.020000457763672,1.87,0.01828476127841891,0.035788074135780334
2021-06-30,0,-0.9909189299397264,399.0870361328125,15.829999923706056,1.87,0.019080447983947132,0.035788074135780334
2021-07-01,0,-1.0655369081495567,401.2966003417969,15.479999542236328,1.86,0.015352857891537156,0.038816723972558975
2021-07-02,0,-1.2051438706537183,404.3639526367188,15.06999969482422,1.87,0.011926915529287357,0.03229212388396263
2021-07-06,0,-0.9358113985164748,403.6273498535156,16.440000534057617,1.9,0.021103790737905043,0.03717800974845886
2021-07-07,0,-1.0090833399323038,405.0538330078125,16.200000762939453,1.89,0.019625050284301955,0.03598617762327194
2021-07-08,0,-0.6798751602521379,401.7534484863281,19.0,1.91,0.05524798935341782,0.04472021013498306
2021-07-09,0,-1.0147502772858192,406.04205322265625,16.18000030517578,1.91,0.023015791118567063,0.060446396470069885
2021-07-12,0,-0.9939086281041324,407.4965515136719,16.170000076293945,1.91,0.020511926077688824,0.034615594893693924
2021-07-13,0,-0.8579913169881147,406.1073303222656,17.1200008392334,1.91,0.027190139968368828,0.04283934831619263
2021-07-14,0,-0.9017135199271696,406.71337890625,16.329999923706055,1.91,0.022171333998277466,0.03717800974845886
2021-07-15,0,-0.8169482215008443,405.3243103027344,17.010000228881836,1.92,0.0315081687259089,0.046757135540246964
2021-07-16,0,-0.6700565367859738,402.14501953125,18.450000762939453,1.93,0.05557025009947571,0.041367366909980774
2021-07-19,0,-0.1584838607590828,396.2061767578125,22.5,1.97,0.21446312659996214,0.12482093274593353
2021-07-20,0,-0.6673394596195458,401.8839721679688,19.729999542236328,1.98,0.10754705928944551,0.11033887416124344
2021-07-21,0,-0.745669784990587,405.1376953125,17.90999984741211,1.96,0.05822783677714762,0.04515807703137398
2021-07-22,0,-0.7310100571590087,405.9862060546875,17.690000534057617,1.95,0.05488389498872626,0.038861144334077835
2021-07-23,0,-0.9204203070121798,410.1629028320313,17.200000762939453,1.93,0.04667293398363261,0.04461676999926567
2021-07-26,0,-0.8340831556100975,411.1697998046875,17.579999923706055,1.94,0.054687434584676994,0.04196601361036301
2021-07-27,0,-0.5946889493092732,409.29583740234375,19.36000061035156,1.95,0.08548146650206019,0.06425802409648895
2021-07-28,0,-0.625869273799,409.1280822753906,18.309999465942383,1.96,0.06778253185041969,0.0454682819545269
2021-07-29,0,-0.7325587044840618,410.8249206542969,17.700000762939453,1.94,0.05712854127645122,0.0435820110142231
2021-07-30,0,-0.6112599204715394,408.8297729492188,18.239999771118164,1.95,0.06566040386440657,0.04209267720580101
2021-08-02,0,-0.4310757913554537,407.9719848632813,19.459999084472656,1.95,0.09086205292989134,0.07502078264951706
2021-08-03,0,-0.5112143697906394,411.29107666015625,18.040000915527344,1.97,0.0641813392661723,0.04158085957169533
2021-08-04,0,-0.4884668956623678,409.2679443359375,17.969999313354492,1.96,0.06733673478897498,0.04209267720580101
2021-08-05,0,-0.5785976521258839,411.8597717285156,17.280000686645508,1.95,0.05422351386681684,0.04096493870019913
2021-08-06,0,-0.783462067366492,412.5403747558594,16.149999618530273,1.94,0.04058818820471465,0.04814482107758522
2021-08-09,0,-0.5911981863775423,412.2047119140625,16.719999313354492,1.95,0.05305529892977812,0.05376683548092842
2021-08-10,0,-0.5553552353662031,412.7174377441406,16.790000915527344,1.95,0.04915180980915873,0.05376683548092842
2021-08-11,0,-0.617358090826143,413.7429504394531,16.170000076293945,1.99,0.054317684607187604,0.0410461388528347
2021-08-12,0,-0.6716559279310982,414.9830017089844,15.59000015258789,1.99,0.044807814773526224,0.041369881480932236
2021-08-13,0,-0.7519259024861144,415.73822021484375,15.449999809265137,1.98,0.04308104617683454,0.041369881480932236
2021-08-16,0,-0.8361335949642275,416.7170715332031,16.1200008392334,1.97,0.0431524021744239,0.043620020151138306
2021-08-17,0,-0.7971996255265951,413.98541259765625,17.90999984741211,1.98,0.07328934836216376,0.04215691238641739
2021-08-18,0,-0.2475019452258011,409.4544067382813,21.56999969482422,1.97,0.1942530020163503,0.142075315117836
2021-08-19,0,-0.1495034966136794,410.0882873535156,21.670000076293945,1.98,0.20016954545872379,0.12416442483663559
2021-08-20,0,-0.4570499521804327,413.3514709472656,18.559999465942383,1.96,0.0785067368107651,0.08218198269605637
2021-08-23,0,-0.5215079450387935,416.9874572753906,17.149999618530273,1.97,0.053374108238149684,0.04717659950256348
2021-08-24,0,-0.5280051924984851,417.6494445800781,17.219999313354492,1.95,0.050732243062009214,0.047971613705158234
2021-08-25,0,-0.6601116232285261,418.5258483886719,16.790000915527344,1.93,0.04627897605052325,0.05307875573635101
2021-08-26,0,-0.4624693530738784,416.05517578125,18.84000015258789,1.92,0.08071230977822694,0.08027851581573486
2021-08-27,0,-0.6869305464303768,419.7750854492188,16.389999389648438,1.92,0.041553557468717826,0.05449749156832695
2021-08-30,0,-0.8119621092497796,421.62109375,16.190000534057617,1.92,0.03500562774799892,0.04258058965206146
2021-08-31,0,-0.7729503243653936,420.9963989257813,16.479999542236328,1.94,0.04225298749043622,0.04406777769327164
2021-09-01,0,-0.7256317512671989,421.2201843261719,16.110000610351562,1.92,0.03803569477104293,0.046432867646217346
2021-09-02,0,-0.8031494575300459,422.51611328125,16.40999984741211,1.92,0.044580160200198414,0.049966681748628616
2021-09-03,0,-0.7305251718061897,422.4135437011719,16.40999984741211,1.91,0.0412682571215322,0.039053089916706085
2021-09-07,0,-0.5426460524483845,420.9031677246094,18.13999938964844,1.91,0.067059994349898,0.06127747520804405
2021-09-08,0,-0.5460786824481629,420.3904113769531,17.959999084472656,1.91,0.06498513168165351,0.0625845268368721
2021-09-09,0,-0.425457826114508,418.5911254882813,18.799999237060547,1.9,0.09116477948466807,0.09290143847465515
2021-09-10,0,-0.1670822689230159,415.2906494140625,20.950000762939453,1.88,0.15665133659377134,0.1335846334695816
2021-09-13,0,-0.2813281831624425,416.35345458984375,19.3700008392334,1.87,0.10379415428959146,0.13019195199012756
2021-09-14,0,-0.1800620897234547,414.1066589355469,19.459999084472656,1.87,0.11750208205520753,0.1453973799943924
2021-09-15,0,-0.3678040218357014,417.5655212402344,18.18000030517578,1.85,0.08119415118372589,0.08085265010595322
2021-09-16,0,-0.404083212569793,416.903564453125,18.690000534057617,1.84,0.08892134589459909,0.0853312537074089
2021-09-17,0,-0.2789840176709269,412.8424987792969,20.809999465942383,1.83,0.1891599097447588,0.1696826070547104
2021-09-20,0,0.3142250876333236,405.9586791992188,25.709999084472656,1.84,0.5774844604626914,0.5809903740882874
2021-09-21,0,0.3173427405114613,405.57513427734375,24.36000061035156,1.83,0.47406168263437265,0.5515065789222717
2021-09-22,0,0.0641907125796506,409.5315246582031,20.8700008392334,1.83,0.23008891991992939,0.16352862119674683
2021-09-23,0,-0.2474128698687757,414.50726318359375,18.6299991607666,1.8100000000000005,0.12363666186629978,0.08232291787862778
2021-09-24,0,-0.3057447503889809,415.1901245117188,17.75,1.8,0.09864070659355187,0.05437937751412392
2021-09-27,0,-0.2874335402877318,414.0023193359375,18.76000022888184,1.7799999999999998,0.1296551263066702,0.10605276376008987
2021-09-28,0,0.4496639921397327,405.6593627929688,23.25,1.7999999999999998,0.4616066610710702,0.374921977519989
2021-09-29,0,0.4512358052599439,406.3421630859375,22.559999465942383,1.81,0.4062548519439314,0.35578635334968567
2021-09-30,0,0.6934306541659718,401.3757629394531,23.13999938964844,1.85,0.4811682301526068,0.4322936534881592
2021-10-01,0,0.4016697112930953,406.1456909179688,21.100000381469727,1.85,0.33991709332339626,0.21244846284389496
2021-10-04,0,0.7419747569821803,400.9080505371094,22.959999084472656,1.85,0.49313119495132507,0.4590321183204651
2021-10-05,0,0.4813215763239296,405.0794067382813,21.299999237060547,1.84,0.3873033865459783,0.21815094351768494
2021-10-06,0,0.3542556720603864,406.7630004882813,21.0,1.84,0.32817036786848586,0.21815094351768494
2021-10-07,0,0.1360343677242542,410.2798461914063,19.540000915527344,1.85,0.24745989378276656,0.18216337263584137
2021-10-08,0,0.0279579288445373,409.5315246582031,18.770000457763672,1.84,0.16680959232623077,0.154851496219635
2021-10-11,0,0.1073386464814036,406.5665893554688,20.0,1.84,0.27564745098991605,0.2026532143354416
2021-10-12,0,0.123264958081567,405.56585693359375,19.850000381469727,1.82,0.23552487565643834,0.19319067895412445
2021-10-13,0,-0.1317173580396332,407.0248718261719,18.63999938964844,1.79,0.1407551236125175,0.12663976848125458
2021-10-14,0,-0.3393761845762186,413.8712768554688,16.860000610351562,1.81,0.07351077784794069,0.08634251356124878
2021-10-15,0,-0.5783647617943296,417.0232849121094,16.299999237060547,1.76,0.046799068253388434,0.047397781163454056
2021-10-18,0,-0.8049781060333081,418.2579345703125,16.309999465942383,1.72,0.03733732450110119,0.05148187652230263
2021-10-19,0,-1.166977087458732,421.4846801757813,15.699999809265137,1.7200000000000002,0.0337937631557982,0.053512558341026306
2021-10-20,0,-1.1929231598258905,423.1401977539063,15.489999771118164,1.75,0.03699178268102792,0.049275729805231094
2021-10-21,0,-1.1506787699217786,424.2438049316406,15.010000228881836,1.74,0.02169385294126596,0.04780472815036774
2021-10-22,0,-0.9794358753864624,423.8042297363281,15.43000030517578,1.72,0.023562620621783263,0.05192197859287262
2021-10-25,0,-1.0240437090317498,426.0769653320313,15.239999771118164,1.7300000000000002,0.024032850667783563,0.04780472815036774
2021-10-26,0,-1.0517043937112,426.4605102539063,15.979999542236328,1.71,0.020338125192535757,0.0357680469751358
2021-10-27,0,-1.2216142234947431,424.5711669921875,16.979999542236328,1.69,0.0250537406342188,0.0357680469751358
2021-10-28,0,-1.3603823790727654,428.6677856445313,16.530000686645508,1.6899999999999995,0.01994180380141464,0.03220978006720543
2021-10-29,0,-1.581545811730957,429.53759765625,16.260000228881836,1.6900000000000002,0.018329246217049747,0.03220978006720543
2021-11-01,0,-1.430928383827007,430.2765197753906,16.40999984741211,1.69,0.0158027439679763,0.03372712805867195
2021-11-02,0,-1.6662798697105965,432.0161743164063,16.030000686645508,1.71,0.015229123309420329,0.026881888508796692
2021-11-03,0,-1.7111493788524204,434.65374755859375,15.100000381469728,1.6999999999999995,0.011328218287172913,0.026881888508796692
2021-11-04,0,-1.6324101285801569,436.7021484375,15.4399995803833,1.7299999999999998,0.012418716842248155,0.03422708436846733
2021-11-05,0,-1.45777182598075,438.21728515625,16.479999542236328,1.7300000000000002,0.01867449508814719,0.03927040472626686
2021-11-08,0,-1.5321628663822493,438.5913391113281,17.219999313354492,1.6700000000000002,0.017706488262700867,0.05921752005815506
2021-11-09,0,-1.5221271974200594,437.14166259765625,17.780000686645508,1.67,0.023119678384234704,0.07586710155010223
2021-11-10,0,-1.363440325484186,433.6248779296875,18.729999542236328,1.66,0.04216732816393482,0.1415710300207138
2021-11-11,0,-1.4128949745105943,433.7652587890625,17.65999984741211,1.66,0.023834059098338245,0.08570363372564316
2021-11-12,0,-1.3567041244524078,437.0387268066406,16.290000915527344,1.69,0.014787226746673734,0.03230049088597298
2021-11-15,0,-1.216067709488189,437.1883850097656,16.489999771118164,1.7000000000000002,0.02031042810960894,0.03199930861592293
2021-11-16,1,-1.1949561939033115,438.9187316894531,16.3700008392334,1.7200000000000002,0.023164726737949132,0.036585237830877304
2021-11-17,1,-0.9477883223267068,437.8525085449219,17.110000610351562,1.7399999999999998,0.04358022353613721,0.049618951976299286
2021-11-18,1,-0.912107211533706,439.3396301269531,17.59000015258789,1.7299999999999998,0.05488146342129844,0.06777109950780869
2021-11-19,1,-0.8205951374648919,438.5539855957031,17.90999984741211,1.73,0.056472058160677255,0.07015717774629593
2021-11-22,1,-0.7117032725431952,437.3193054199219,19.170000076293945,1.71,0.08867825615932577,0.08329501748085022
2021-11-23,1,-0.5940625481930714,437.8992919921875,19.3799991607666,1.73,0.09821135806425955,0.08329501748085022
2021-11-24,1,-0.7114608899648346,439.068359375,18.57999992370605,1.72,0.067568238575524,0.08955499529838562
2021-11-26,1,0.7110234485820088,429.27581787109375,28.6200008392334,1.82,0.9254460726099628,0.7089670896530151
2021-11-29,1,0.0955558282174287,434.54150390625,22.959999084472656,1.81,0.5099761621169557,0.4434792697429657
2021-11-30,1,0.7802465168069389,426.0863952636719,27.190000534057617,1.8100000000000005,0.8979085264136748,0.8582625985145569
2021-12-01,0,1.3133378738463335,421.3536987304688,31.1200008392334,1.8100000000000005,0.977687328185855,0.9063355922698975
2021-12-02,0,0.8317951534067501,427.8073120117188,27.950000762939453,1.8000000000000005,0.9053815121470362,0.9143948554992676
2021-12-03,0,1.2969495987990287,424.0848083496094,30.670000076293945,1.81,0.9557240445437228,0.9063355922698975
2021-12-06,0,0.8224878421897867,429.1074523925781,27.18000030517578,1.7900000000000005,0.8143340574318452,0.894218385219574
2021-12-07,0,0.0214564440661183,437.98345947265625,21.88999938964844,1.75,0.3418836507095592,0.4330066442489624
2021-12-08,0,-0.0971317787788668,439.1431579589844,19.89999961853028,1.79,0.23294257655188622,0.15848587453365326
2021-12-09,0,0.14561367253555,436.1782836914063,21.57999992370605,1.81,0.38438335539029134,0.44525039196014404
2021-12-10,0,-0.3128262394819723,440.28424072265625,18.690000534057617,1.83,0.19202639048136583,0.16092975437641144
2021-12-13,0,-0.057737281030856,436.3840637207031,20.309999465942383,1.8200000000000005,0.30924191052336586,0.2154289335012436
2021-12-14,0,0.2843622230709944,433.3816528320313,21.88999938964844,1.82,0.5592245399064769,0.4327295124530792
2021-12-15,0,-0.1364325391118483,440.15338134765625,19.290000915527344,1.83,0.30607714550923587,0.2550669312477112
2021-12-16,0,0.2433879336824025,436.2718811035156,20.56999969482422,1.87,0.492807620838521,0.2597598731517792
2021-12-17,0,0.4460076408133126,431.6286315917969,21.56999969482422,1.87,0.5922278593910767,0.37568482756614685
2021-12-20,0,0.7927669187949323,427.0389404296875,22.8700008392334,1.89,0.7734585186260796,0.6208752393722534
2021-12-21,0,0.3386456582778163,434.6227111816406,21.01000022888184,1.88,0.6229830392852598,0.31327566504478455
2021-12-22,0,-0.0935974791059045,438.9683837890625,18.6299991607666,1.86,0.2880101507116372,0.19958166778087616
2021-12-23,0,-0.2188624938235712,441.69970703125,17.959999084472656,1.86,0.2275326914274763,0.21576246619224548
2021-12-27,0,-0.3968029803390866,447.9507446289063,17.68000030517578,1.86,0.2037751785595412,0.17886441946029663
2021-12-28,0,-0.7063448464967337,447.584716796875,17.540000915527344,1.86,0.20607466397021046,0.17886441946029663
2021-12-29,0,-0.6275354500763647,448.1571350097656,16.950000762939453,1.85,0.12871593824904917,0.11572570353746414
2021-12-30,0,-0.822832537606046,446.9182739257813,17.329999923706055,1.85,0.14915453867347714,0.17222458124160767
2021-12-31,0,-0.9488465731797548,445.7918701171875,17.219999313354492,1.85,0.14295975489617663,0.11643390357494354
2022-01-03,0,-0.9358444112287516,448.3730773925781,16.600000381469727,1.8200000000000005,0.08160818182034231,0.09500165283679962
2022-01-04,0,-0.9711044302164588,448.2228393554688,16.90999984741211,1.84,0.10678495645951294,0.13900969922542572
2022-01-05,0,-0.3661123824187255,439.6160888671875,19.729999542236328,1.7999999999999998,0.2512698341797225,0.21365030109882355
2022-01-06,1,-0.133766223292354,439.2030334472656,19.61000061035156,1.7799999999999998,0.23930014243568568,0.16053372621536255
2022-01-07,1,-0.1248075944130286,437.4666442871094,18.76000022888184,1.78,0.1934746583073648,0.13738545775413513
2022-01-10,1,-0.1843246758746792,436.92230224609375,19.39999961853028,1.76,0.21970498390357854,0.17833955585956573
2022-01-11,1,-0.2704370995071236,440.9019165039063,18.40999984741211,1.7599999999999998,0.14604678057287596,0.14594845473766327
2022-01-12,1,-0.4720633822897149,442.0938415527344,17.6200008392334,1.7699999999999998,0.15383868179636911,0.10779720544815063
2022-01-13,1,-0.0507603074941956,436.00244140625,20.309999465942383,1.8,0.4201609998867326,0.3290618062019348
2022-01-14,1,0.0203606011748741,436.1807861328125,19.190000534057617,1.7899999999999998,0.3362395438472388,0.1932028830051422
2022-01-18,1,0.4563510576493268,428.4562683105469,22.790000915527344,1.7799999999999998,0.7168282724271473,0.5659162998199463
2022-01-19,1,0.5280556682255558,424.0072937011719,23.850000381469727,1.77,0.7801957065549372,0.6278557777404785
2022-01-20,1,0.7429471854168347,419.31439208984375,25.59000015258789,1.79,0.8840443458547118,0.8538366556167603
2022-01-21,1,1.6324882576764663,411.08294677734375,28.850000381469727,1.84,0.9787740348278678,0.8779762387275696
2022-01-24,1,1.888872917069649,412.8286743164063,29.89999961853028,1.89,0.9894382254434607,0.9455287456512451
2022-01-25,1,2.2344160964047006,407.7885437011719,31.15999984741211,1.91,0.9939361359335174,0.9451584219932556
2022-01-26,1,2.267717980771643,406.7654724121094,31.959999084472656,1.84,0.9928260010791775,0.8799194097518921
2022-01-27,1,2.208379087056185,404.7569274902344,30.489999771118164,1.86,0.9887557430737269,0.9410019516944885
2022-01-28,1,1.7791498262836545,414.8091735839844,27.65999984741211,1.91,0.9800165146660255,0.9622802734375
2022-01-31,1,1.3402789905188672,422.28033447265625,24.82999992370605,1.93,0.9264500518890532,0.9141611456871033
2022-02-01,1,0.9431817524834704,425.1336669921875,21.959999084472656,1.92,0.7837466624927129,0.5976791977882385
2022-02-02,1,0.8848048963495015,429.2633972167969,22.09000015258789,1.91,0.7947457727234526,0.5862627625465393
2022-02-03,1,1.365499201259568,419.173583984375,24.350000381469727,1.92,0.9166797576970256,0.85185706615448
2022-02-04,1,0.9941779308555104,421.1446228027344,23.21999931335449,1.92,0.8155345408641493,0.8175094127655029
2022-02-07,1,1.0031333201498889,419.79302978515625,22.86000061035156,1.93,0.7406692342973673,0.6954818367958069
2022-02-08,1,0.684359202302037,423.2470397949219,21.440000534057617,1.91,0.5666407261665287,0.3917465806007385
2022-02-09,1,0.4034267998909992,429.4417724609375,19.959999084472656,1.92,0.353633543108621,0.20699246227741241
2022-02-10,1,1.0343775939057511,421.7265625,23.90999984741211,1.91,0.7776698600273795,0.7811997532844543
2022-02-11,1,1.8211753325127449,413.41064453125,27.36000061035156,2.0,0.9645854104552091,0.9461548328399658
2022-02-14,1,1.7878238442305845,412.0590515136719,28.32999992370605,2.0,0.9784692380216617,0.9518900513648987
2022-02-15,1,1.343847637365169,418.7043762207031,25.700000762939453,1.99,0.9211233934000074,0.7753583192825317
2022-02-16,1,1.1791082789394896,419.173583984375,24.290000915527344,2.0500000000000003,0.871329593601957,0.881557822227478
2022-02-17,1,1.8319828344247648,410.2194213867188,28.11000061035156,2.12,0.9861577375497774,0.9756388068199158
2022-02-18,1,1.767254141541289,407.5632934570313,27.75,2.13,0.9859380639937022,0.9707018136978149
2022-02-22,1,1.7642800511692742,403.189453125,28.809999465942383,2.1300000000000003,0.9916414668612954,0.9770550727844238
2022-02-23,1,2.090266795198394,396.037353515625,31.020000457763672,2.1,0.9954994880569218,0.9778802394866943
2022-02-24,1,2.1266753798888605,401.9974670410156,30.31999969482422,2.24,0.997238668867778,0.9826614260673523
2022-02-25,1,1.5164828258796663,410.8670959472656,27.59000015258789,2.2,0.9894128461758009,0.972791850566864
2022-02-28,1,2.0947248071891944,409.81585693359375,30.14999961853028,2.34,0.9979954708443209,0.9848310947418213
2022-03-01,1,2.491914156433136,403.5741882324219,33.31999969482422,2.25,0.9989188775240301,0.9838918447494507
2022-03-02,1,2.203445704655181,410.9984436035156,30.739999771118164,2.24,0.9974176817155326,0.9870060682296753
2022-03-03,1,2.276667041866179,408.9523010253906,30.479999542236328,2.24,0.9934926069604183,0.9881943464279175
2022-03-04,1,2.7422741820414385,405.6297607421875,31.979999542236328,2.31,0.9966955235135635,0.9864539504051208
2022-03-07,1,3.1522183469427554,393.6720886230469,36.45000076293945,2.3199999999999994,0.9991805113340356,0.9899002909660339
2022-03-08,1,3.171043932526917,390.68743896484375,35.130001068115234,2.35,0.9992053723508533,0.9899002909660339
2022-03-09,1,2.548617103071221,401.16204833984375,32.45000076293945,2.32,0.9963729193573823,0.9885196089744568
2022-03-10,1,2.6097748274083035,399.3505859375,30.229999542236328,2.3800000000000003,0.9927812567369961,0.9894395470619202
2022-03-11,1,2.783216235683201,394.2728271484375,30.75,2.35,0.9917850601052275,0.9890483021736145
2022-03-14,1,2.6730587794133887,391.3913269042969,31.770000457763672,2.33,0.9949184563877884,0.9875273108482361
2022-03-15,1,2.1892863675241987,399.9982604980469,29.82999992370605,2.36,0.9916968294614696,0.9785665273666382
2022-03-16,0,1.3900568867005645,408.8678283691406,26.670000076293945,2.23,0.9189259729566899,0.9060053825378418
2022-03-17,0,1.2030839076836648,413.9831848144531,25.670000076293945,2.17,0.8145243562941868,0.22643610835075378
2022-03-18,0,0.9068029857429368,418.5174255371094,23.8700008392334,2.14,0.6800612947860338,0.3475038707256317
2022-03-21,0,0.5118970955625676,418.3950805664063,23.530000686645508,2.07,0.5853886493227299,0.2569996416568756
2022-03-22,0,0.2452815296846236,423.2908325195313,22.940000534057617,2.05,0.3964702822513883,0.3551211655139923
2022-03-23,0,0.2664763467110244,417.8395385742188,23.56999969482422,2.03,0.42396068625613736,0.23994530737400055
2022-03-24,0,-0.2419585288302662,424.13818359375,21.670000076293945,2.01,0.2728269161708257,0.13039664924144745
2022-03-25,0,-0.3166613707391453,426.2095336914063,20.809999465942383,1.9600000000000004,0.15026000759220845,0.09780193120241165
2022-03-28,0,-0.302873185398412,429.2411804199219,19.6299991607666,1.9400000000000004,0.11356730811124902,0.08558987081050873
2022-03-29,0,-0.5713861240930782,434.5511779785156,18.89999961853028,1.91,0.06277118811024608,0.057081159204244614
2022-03-30,0,-0.5778413623162745,431.8679809570313,19.32999992370605,1.93,0.10655159806793434,0.05667198449373245
2022-03-31,0,-0.1558568957215327,425.2209777832031,20.559999465942383,1.93,0.17062659197917485,0.07210616022348404
2022-04-01,0,-0.588449010037671,426.4259948730469,19.6299991607666,1.81,0.08539500218283333,0.0831134244799614
2022-04-04,0,-0.8310596528634714,430.0791015625,18.56999969482422,1.8100000000000005,0.0478284847626024,0.08064460009336472
2022-04-05,0,-0.9181951806773536,424.6466674804688,21.030000686645508,1.7699999999999996,0.08733494711730909,0.12368813902139664
2022-04-06,0,-0.812951002890956,420.4004211425781,22.100000381469727,1.77,0.14425026152796724,0.14503902196884155
2022-04-07,0,-0.614229510856965,422.5188598632813,21.549999237060547,1.7800000000000002,0.1778357305236866,0.10390973836183548
2022-04-08,0,-0.6603870679737597,421.3890380859375,21.15999984741211,1.7799999999999998,0.20385871107253706,0.12516777217388153
2022-04-11,1,-0.286165756690555,414.1865234375,24.3700008392334,1.8200000000000005,0.531476974458605,0.17749087512493134
2022-04-12,1,-0.092270217345678,412.6518859863281,24.26000022888184,1.92,0.7441051109039178,0.21218465268611908
2022-04-13,1,-0.1225643606949107,417.378173828125,21.81999969482422,1.9399999999999995,0.6332668463972464,0.08244836330413818
2022-04-14,1,0.2430308804567785,412.1811218261719,22.700000762939453,1.93,0.6796785466992841,0.14405685663223267
2022-04-18,1,0.3370875073529378,412.3505554199219,22.170000076293945,1.94,0.6824523406349516,0.13431715965270996
2022-04-19,1,0.1566381634967822,419.0070190429688,21.3700008392334,1.91,0.599053756753457,0.11602383852005005
2022-04-20,1,0.0823337477221799,418.69635009765625,20.31999969482422,1.91,0.43782674099608515,0.09482678771018982
2022-04-21,1,0.5485908554439961,412.435302734375,22.68000030517578,1.93,0.6400698264985095,0.16624760627746582
2022-04-22,1,1.1569164143997512,401.1184692382813,28.209999084472656,1.9600000000000004,0.950959564151666,0.9013606309890747
2022-04-25,1,1.311905364149372,403.4440307617188,27.020000457763672,2.03,0.9530438505267677,0.9296677708625793
2022-04-26,1,2.1487495699623618,391.7598876953125,33.52000045776367,2.06,0.9944353742573188,0.9778559803962708
2022-04-27,1,1.9914522087952629,392.8614807128906,31.600000381469727,2.0500000000000003,0.9875497260265207,0.9773463606834412
2022-04-28,1,1.766583108086467,402.7849426269531,29.989999771118164,2.06,0.9803363370364775,0.9688483476638794
2022-04-29,1,2.2287239340503096,387.8997497558594,33.400001525878906,2.0500000000000003,0.9939667453385311,0.9766844511032104
2022-05-02,1,2.011322304019838,390.2346496582031,32.34000015258789,2.08,0.9917703668844496,0.9791562557220459
2022-05-03,1,1.6870840303016703,392.0235290527344,29.25,2.0499999999999994,0.9742678739314112,0.9337103962898254
2022-05-04,1,1.3001146876808247,403.9618225097656,25.420000076293945,2.08,0.9300932605239973,0.8103781938552856
2022-05-05,1,1.923493278018718,389.6037902832031,31.200000762939453,2.1000000000000005,0.9825998117367708,0.973808228969574
2022-05-06,1,1.77555728584446,387.2783508300781,30.190000534057617,2.09,0.9859537811263128,0.9708104133605957
2022-05-09,1,2.5451645344777982,374.8787231445313,34.75,2.17,0.9977416086947184,0.9825057983398438
2022-05-10,1,2.321940295365556,375.7449035644531,32.9900016784668,2.16,0.995933460088868,0.9825057983398438
2022-05-11,1,2.2728236325853475,369.77581787109375,32.560001373291016,2.17,0.9927356469793179,0.9825057983398438
2022-05-12,1,2.243563856699753,369.3898010253906,31.770000457763672,2.2,0.9942661420911508,0.9818049073219299
2022-05-13,1,2.029020219543135,378.2210693359375,28.8700008392334,2.24,0.9890003587542671,0.9685026407241821
2022-05-16,1,1.9660230194326829,376.6864318847656,27.46999931335449,2.29,0.9891992793408643,0.953010082244873
2022-05-17,1,1.6617384642311623,384.4350280761719,26.100000381469727,2.27,0.9774695834869301,0.8712766766548157
2022-05-18,1,2.4568117074795524,368.9378662109375,30.959999084472656,2.31,0.9965310149661658,0.9731026291847229
2022-05-19,1,2.48432694262372,366.67822265625,29.350000381469727,2.37,0.9962042064221563,0.9590634703636169
2022-05-20,1,2.3187307336158582,366.8383483886719,29.43000030517578,2.36,0.9924409058717488,0.9545161724090576
2022-05-23,1,1.8382672307366343,373.7018127441406,28.479999542236328,2.3300000000000005,0.9834622006668515,0.942958414554596
2022-05-24,1,1.9918374300210893,370.84906005859375,29.450000762939453,2.34,0.9775436325859829,0.9430363178253174
2022-05-25,0,1.527029631983541,374.1255798339844,28.3700008392334,2.29,0.9701307983094563,0.9309258460998535
2022-05-26,0,1.2524295576174616,381.6011352539063,27.5,2.25,0.9283931777739551,0.872668981552124
2022-05-27,0,1.1555437515600508,390.9690551757813,25.71999931335449,2.26,0.8278410310327818,0.2928619384765625
2022-05-31,0,0.7762574263993737,388.77532958984375,26.190000534057617,2.18,0.6924583013597564,0.07921675592660904
2022-06-01,0,0.642741612150175,385.6307678222656,25.690000534057617,2.08,0.5660545094172706,0.07564476877450943
2022-06-02,1,0.5123621617583909,392.9743957519531,24.71999931335449,2.1,0.46717814165883775,0.058606021106243134
2022-06-03,1,0.8340435013329297,386.525146484375,24.790000915527344,2.09,0.3577738618883025,0.0522988960146904
2022-06-06,1,0.5401536457162189,387.70208740234375,25.06999969482422,2.08,0.294558790238404,0.0476561039686203
2022-06-07,1,0.3347655015931216,391.4209289550781,24.020000457763672,2.07,0.23371580228382,0.04003636911511421
2022-06-08,1,0.1638762399989099,387.1654357910156,23.959999084472656,2.07,0.35524586888639387,0.04939720407128334
2022-06-09,1,0.4960433152143633,377.95745849609375,26.09000015258789,2.0700000000000003,0.5196145391387342,0.07158666849136353
2022-06-10,1,0.6366783216587075,366.9984130859375,27.75,2.0400000000000005,0.7806125094743956,0.2389366775751114
2022-06-13,1,1.179319759292085,353.0640869140625,34.02000045776367,1.98,0.9570949593738898,0.6849374175071716
2022-06-14,1,1.2911858391074666,352.0001525878906,32.689998626708984,1.99,0.9408087868716669,0.6210211515426636
2022-06-15,1,1.1800998089635455,357.0184020996094,29.6200008392334,2.1,0.9270872930225791,0.3006535768508911
2022-06-16,1,1.8057950595026075,345.2025451660156,32.95000076293945,2.1300000000000003,0.9805505942670175,0.8937364220619202
2022-06-17,1,1.380261358217582,345.9466857910156,31.1299991607666,2.13,0.9826574755870798,0.8644704818725586
2022-06-21,1,1.094321000860548,354.65545654296875,30.190000534057617,2.1300000000000003,0.9867055465904072,0.8275561332702637
2022-06-22,1,1.1051057217711684,354.0124816894531,28.950000762939453,2.17,0.9805889772900082,0.8621885180473328
2022-06-23,1,1.223105955384746,357.482666015625,29.049999237060547,2.2,0.9712619033502519,0.8936771750450134
2022-06-24,1,0.8636786850349264,368.8484497070313,27.229999542236328,2.22,0.9640524606229991,0.6698983311653137
2022-06-27,1,0.8711494014553308,367.43951416015625,26.950000762939453,2.1899999999999995,0.9351176807220283,0.6856524348258972
2022-06-28,1,1.2925253502542693,359.9316711425781,28.36000061035156,2.22,0.9429241099977388,0.9302775859832764
2022-06-29,1,1.4785850817348087,359.6385498046875,28.15999984741211,2.24,0.9425900444970053,0.9042423367500305
2022-06-30,1,1.6489671652684657,356.7167358398437,28.709999084472656,2.31,0.9536253703081623,0.9430456757545471
2022-07-01,1,1.5931282760851682,360.4895324707031,26.700000762939453,2.42,0.9124830083183474,0.8164041638374329
2022-07-05,1,1.716822387956493,361.1703796386719,27.540000915527344,2.4100000000000006,0.9144938996990779,0.8483823537826538
2022-07-06,0,1.4744719543129283,362.3902282714844,26.729999542236328,2.39,0.880877403161713,0.8215475678443909
2022-07-07,0,1.226276054131837,367.8177490234375,26.07999992370605,2.33,0.7516173476086264,0.4851745665073395
2022-07-08,0,1.1586537820898106,367.5152282714844,24.63999938964844,2.3100000000000005,0.5672037449428674,0.2665238082408905
2022-07-11,0,1.2622461565396403,363.3169250488281,26.170000076293945,2.3199999999999994,0.558914092369066,0.6136686205863953
2022-07-12,0,1.197338300474282,360.1018981933594,27.290000915527344,2.31,0.5951612408647347,0.6737267374992371
2022-07-13,0,1.0075875282710396,358.21075439453125,26.81999969482422,2.3200000000000003,0.5335629885395161,0.6148381233215332
2022-07-14,0,0.6945724823827387,357.3408203125,26.39999961853028,2.31,0.5037246000173707,0.4680936932563782
2022-07-15,0,0.3724895611514877,364.1678466796875,24.229999542236328,2.3000000000000003,0.35083528757749777,0.17789191007614136
2022-07-18,0,0.5610734245076926,361.1609802246094,25.299999237060547,2.28,0.37248672385887754,0.41537222266197205
2022-07-19,0,0.0180720434365516,370.9192504882813,24.5,2.26,0.3249567782696203,0.1942451298236847
2022-07-20,0,-0.1557073756851905,373.2831726074219,23.8799991607666,2.2,0.20041806797206432,0.09943049401044846
2022-07-21,0,-0.0392776035310125,377.0842895507813,23.11000061035156,2.2299999999999995,0.21035968832948435,0.08293838798999786
2022-07-22,0,0.0954352353456078,373.5857238769531,23.030000686645508,2.28,0.2516328231223114,0.09820082783699036
2022-07-25,0,0.2260406697296697,374.0396423339844,23.36000061035156,2.31,0.3070599280324623,0.1425095945596695
2022-07-26,0,0.5802262942729827,369.6143493652344,24.690000534057617,2.29,0.319541049654308,0.4136742949485779
2022-07-27,0,0.2868853102339176,379.2118225097656,23.239999771118164,2.3000000000000003,0.24469038458383727,0.09259817749261856
2022-07-28,0,0.1796470442092383,383.9681396484375,22.32999992370605,2.4199999999999995,0.24275224210665847,0.08718851208686829
2022-07-29,0,-0.106736062057083,389.56585693359375,21.32999992370605,2.3600000000000003,0.11472171810264169,0.10414550453424454
2022-08-01,0,-0.0216697102702651,388.4123229980469,22.84000015258789,2.3800000000000003,0.18720881033222272,0.10475374013185501
2022-08-02,0,0.0255230339946124,385.8498229980469,23.93000030517578,2.29,0.2280480940987461,0.11780336499214172
2022-08-03,0,-0.2024076229183552,391.8919982910156,21.950000762939453,2.29,0.11654049478309715,0.08941823244094849
2022-08-04,0,-0.1551306203252385,391.6272583007813,21.440000534057617,2.32,0.0803620422424525,0.08426982909440994
2022-08-05,0,-0.1014858003916308,390.96533203125,21.14999961853028,2.29,0.07132466180079101,0.08426982909440994
2022-08-08,0,-0.1410334598251492,390.5114440917969,21.290000915527344,2.26,0.06817531204248913,0.07807843387126923
2022-08-09,0,-0.1678334320309189,388.9607238769531,21.770000457763672,2.26,0.12417598376459284,0.0835394486784935
2022-08-10,0,-0.4682724921069972,397.1304321289063,19.739999771118164,2.2900000000000005,0.072638427834335,0.08988697081804276
2022-08-11,0,-0.4741892411701738,397.1304321289063,20.200000762939453,2.29,0.07640892273731378,0.08091869205236435
2022-08-12,0,-0.6870190609589596,403.85345458984375,19.530000686645508,2.2700000000000005,0.0647444390614185,0.07957281172275543
2022-08-15,0,-0.5415332924563118,405.51763916015625,19.950000762939453,2.27,0.08301339118308826,0.07601979374885559
2022-08-16,0,-0.6280622845898949,406.3119201660156,19.690000534057617,2.27,0.07943396423821333,0.07529225200414658
2022-08-17,0,-0.4155024980027955,403.4279174804688,19.89999961853028,2.24,0.06509153408192722,0.043742191046476364
2022-08-18,0,-0.4134052432993265,404.6004943847656,19.559999465942383,2.24,0.07277923539928932,0.043742191046476364
2022-08-19,0,-0.1672478276089144,399.1634216308594,20.600000381469727,2.2500000000000004,0.11030789131394264,0.07980618625879288
2022-08-22,0,0.1017074119263741,390.8518676757813,23.799999237060547,2.24,0.3105838299718761,0.18799647688865662
2022-08-23,0,0.1429527662437107,389.9063415527344,24.11000061035156,2.24,0.3601767273058784,0.21426862478256226
2022-08-24,0,-0.0595736238524878,391.1544189453125,22.81999969482422,2.23,0.302897553987462,0.15462449193000793
2022-08-25,0,-0.0831824504976141,396.6766052246094,21.780000686645508,2.2100000000000004,0.20659454432772226,0.09523573517799377
2022-08-26,0,0.4313017029353707,383.24951171875,25.559999465942383,2.1900000000000004,0.5675794729984602,0.4414692521095276
2022-08-29,0,0.6009035479702916,380.7154235839844,26.209999084472656,2.1899999999999995,0.7319768675865932,0.4718289375305176
2022-08-30,0,0.6145598247920974,376.5359802246094,26.209999084472656,2.1700000000000004,0.7417851644742108,0.3280046582221985
2022-08-31,0,0.6085355902343529,373.6708679199219,25.8700008392334,2.18,0.7489738510733207,0.4666886031627655
2022-09-01,0,0.7193705109630777,374.8433532714844,25.559999465942383,2.2200000000000006,0.741514069062057,0.5723065137863159
2022-09-02,0,0.7973155631491755,370.890869140625,25.46999931335449,2.24,0.834996478770428,0.5642046928405762
2022-09-06,0,0.9444425948962916,369.4914245605469,26.90999984741211,2.27,0.9069342288609507,0.7716664671897888
2022-09-07,0,0.6259335700383667,376.1293029785156,24.63999938964844,2.24,0.8262005247776815,0.44686800241470337
2022-09-08,0,0.5027728871979537,378.58782958984375,23.61000061035156,2.25,0.7668604477573691,0.4212788939476013
2022-09-09,0,0.3991390313757794,384.46923828125,22.790000915527344,2.2,0.5721501975132347,0.29264333844184875
2022-09-12,0,0.401965418776895,388.6014099121094,23.8700008392334,2.2,0.5937708677107097,0.3225776255130768
2022-09-13,0,0.9614978299839994,371.70404052734375,27.270000457763672,2.18,0.8476054917315224,0.4637332558631897
2022-09-14,0,0.8352976336518187,373.1223754882813,26.15999984741211,2.1499999999999995,0.7732683043325538,0.3421430289745331
2022-09-15,0,0.8663653600439382,368.8862609863281,26.270000457763672,2.12,0.7206967670303049,0.44144755601882935
2022-09-16,0,0.9540001241134072,366.0721130371094,26.299999237060547,2.18,0.7810665945584848,0.5065737962722778
2022-09-19,0,0.8360450368741881,368.9109497070313,25.76000022888184,2.1499999999999995,0.6250398397415807,0.4266265630722046
2022-09-20,0,0.8816178509603468,364.6763916015625,27.15999984741211,2.1300000000000003,0.7982133146680246,0.5889894366264343
2022-09-21,0,0.8971799277873499,358.3150329589844,27.989999771118164,2.12,0.8527291868286342,0.599416971206665
2022-09-22,0,0.820315407885456,355.3052062988281,27.350000381469727,2.08,0.8462762761086071,0.7093991637229919
2022-09-23,0,1.111799130173902,349.3521423339844,29.920000076293945,2.0900000000000003,0.9159361102896916,0.8286542892456055
2022-09-26,0,1.2637475353652603,345.8960876464844,32.2599983215332,2.01,0.9056362085154197,0.8664094805717468
2022-09-27,1,1.2090636271203514,345.0130920410156,32.599998474121094,2.08,0.948389868728701,0.8226433992385864
2022-09-28,1,1.1535935591636977,351.8016967773437,30.18000030517578,2.25,0.9587502691117973,0.9306538105010986
2022-09-29,1,1.3422677987751122,344.4530334472656,31.84000015258789,2.2700000000000005,0.9767905295304764,0.9335994720458984
2022-09-30,1,1.3140153511572823,339.1264953613281,31.6200008392334,2.24,0.9784209154556982,0.8964767456054688
2022-10-03,1,1.1564930530974609,348.0798645019531,30.100000381469727,2.29,0.9816516314551187,0.9508187770843506
2022-10-04,1,0.8211218471069842,358.8656616210937,29.06999969482422,2.27,0.9464656185497918,0.7812135219573975
2022-10-05,1,0.6976456158879651,358.0301513671875,28.549999237060547,2.2200000000000006,0.7816658251011602,0.48154914379119873
2022-10-06,1,0.8898644650029491,354.3367919921875,30.520000457763672,2.16,0.8541354389166594,0.8133386373519897
2022-10-07,1,1.1435164387465675,344.4530334472656,31.36000061035156,2.1699999999999995,0.9333552992655092,0.8027592897415161
2022-10-10,1,1.32720855340873,341.8229675292969,32.45000076293945,2.1699999999999995,0.9170333897996341,0.7830451130867004
2022-10-11,1,1.5712550517862691,339.6582336425781,33.630001068115234,2.23,0.9000630459967885,0.9264333844184875
2022-10-12,0,1.400359800171317,338.53778076171875,33.56999969482422,2.27,0.9198480756257053,0.9260357618331909
2022-10-13,0,1.1802255670445196,347.47222900390625,31.940000534057617,2.28,0.8865295383717077,0.9061591625213623
2022-10-14,0,1.2383145925632786,339.5538330078125,32.02000045776367,2.28,0.9105089258897049,0.9057834148406982
2022-10-17,0,1.0102193709794456,348.2792663574219,31.3700008392334,2.28,0.8958764999297489,0.9100764393806458
2022-10-18,0,0.92515863011672,352.3714294433594,30.5,2.28,0.8012327952921048,0.7966650128364563
2022-10-19,0,0.8650898121670201,349.8743591308594,30.76000022888184,2.25,0.744599376262355,0.6650552749633789
2022-10-20,0,0.7417012325497617,346.94049072265625,29.979999542236328,2.24,0.6398576414916052,0.5351941585540771
2022-10-21,0,0.7196040264684957,355.3717346191406,29.690000534057617,2.3600000000000003,0.8125213939955626,0.40822339057922363
2022-10-24,0,0.5235699165226827,359.7202453613281,29.850000381469727,2.34,0.6308748743225804,0.28734707832336426
2022-10-25,0,0.3188407246712674,365.4643859863281,28.459999084472656,2.37,0.5103817580477733,0.33165648579597473
2022-10-26,0,0.2040502735912535,362.71099853515625,27.280000686645508,2.33,0.420088268649337,0.14678455889225006
2022-10-27,0,0.3703707190502709,360.7741394042969,27.38999938964844,2.34,0.5316968842192279,0.16080434620380402
2022-10-28,0,-0.0758370567932561,369.357177734375,25.75,2.3000000000000007,0.18249087918062337,0.09139514714479446
2022-10-31,0,-0.1530232223112,366.6891174316406,25.8799991607666,2.28,0.1584145306172923,0.08518242835998535
2022-11-01,0,-0.0709000477585981,365.0845947265625,25.809999465942383,2.22,0.08666913237404597,0.054448433220386505
2022-11-02,0,0.190114584574529,355.92236328125,25.86000061035156,2.1800000000000006,0.14079231206003542,0.07463734596967697
2022-11-03,0,0.2062140441464263,352.25750732421875,25.299999237060547,2.1900000000000004,0.1856480476005413,0.06077372655272484
2022-11-04,0,0.0535696389118112,357.3275451660156,24.549999237060547,2.22,0.13014562891660783,0.04112417623400688
2022-11-07,0,-0.1923510234886226,360.7456665039063,24.350000381469727,2.2200000000000006,0.1217685717992189,0.04320058599114418
2022-11-08,0,-0.1772678198178919,362.6920166015625,25.540000915527344,2.2300000000000004,0.20157078453900296,0.05165428668260574
2022-11-09,0,0.1083184217843464,355.2197265625,26.09000015258789,2.33,0.5660761662077952,0.1533464938402176
2022-11-10,0,-0.3875406387947251,374.7406005859375,23.530000686645508,2.36,0.4191103825029949,0.09312473237514496
2022-11-11,0,-0.3559547089105586,378.3674926757813,22.520000457763672,2.36,0.18776590810196217,0.09717150032520294
2022-11-14,0,-0.5116899584706304,375.14886474609375,23.729999542236328,2.2700000000000005,0.15095965197309485,0.06600503623485565
2022-11-15,0,-0.4132605873774415,378.3485412597656,24.540000915527344,2.2300000000000004,0.15542904192311333,0.04722245782613754
2022-11-16,0,-0.3109706937129348,375.4621887207031,24.11000061035156,2.24,0.1743041051306759,0.05695612356066704
2022-11-17,0,-0.4543953223404002,374.3133544921875,23.93000030517578,2.18,0.064026830901553,0.046799320727586746
2022-11-18,0,-0.6823535573137632,376.0128173828125,23.1200008392334,2.1300000000000003,0.03689068079966255,0.04320511966943741
2022-11-21,0,-0.6589762577971893,374.6456604003906,22.36000061035156,2.08,0.04001942739223108,0.07575241476297379
2022-11-22,0,-0.7683629130034896,379.6872863769531,21.290000915527344,2.0700000000000003,0.027018586415358113,0.055133186280727386
2022-11-23,0,-0.8726924509960995,382.0798950195313,20.350000381469727,2.0200000000000005,0.015168143263915938,0.053695205599069595
2022-11-25,0,-0.8380215030916759,381.9943542480469,20.5,2.06,0.028943473926732494,0.05708293244242668
2022-11-28,0,-0.6659564274674582,375.8988952636719,22.209999084472656,2.0500000000000003,0.05708487846560522,0.07971732318401337
2022-11-29,0,-0.5250260105562029,375.2533264160156,21.88999938964844,2.06,0.07881103460569276,0.054499298334121704
2022-11-30,0,-0.689127967807965,387.0740051269531,20.57999992370605,2.15,0.06799318573500754,0.02666618674993515
2022-12-01,0,-0.8710381519316984,386.78912353515625,19.84000015258789,2.0900000000000003,0.02977047202737359,0.03369273990392685
2022-12-02,0,-1.1798630273540598,386.3429565429688,19.059999465942383,2.03,0.018505296674830467,0.053695205599069595
2022-12-05,0,-1.0709424646399863,379.3929138183594,20.75,1.99,0.051280875791783725,0.05231253057718277
2022-12-06,0,-0.8255196986102084,373.924072265625,22.170000076293945,1.9700000000000009,0.10289266102989895,0.10018392652273178
2022-12-07,0,-0.7578345013108643,373.2879028320313,22.68000030517578,1.95,0.06912107006678747,0.1554984599351883
2022-12-08,0,-0.8773784136068506,376.2121887207031,22.290000915527344,1.91,0.05318543585702954,0.16020913422107697
2022-12-09,0,-0.9345513075722904,373.4018859863281,22.82999992370605,1.9,0.04277092302947378,0.2195338010787964
2022-12-12,0,-0.5849249032610264,378.7853393554688,25.0,1.8800000000000003,0.08793915615353101,0.2511996328830719
2022-12-13,0,-0.7068744476656853,381.6526184082031,22.549999237060547,1.91,0.05585942081829415,0.20367206633090973
2022-12-14,0,-0.7543875855447514,379.2124938964844,21.13999938964844,1.95,0.052843035391937625,0.060711950063705444
2022-12-15,0,-0.4071725254444391,369.9363098144531,22.82999992370605,1.97,0.13908065816089132,0.12273217737674713
2022-12-16,0,-0.3861688213069885,365.56878662109375,22.6200008392334,1.98,0.1903182926362191,0.13117152452468872
2022-12-19,0,-0.3751697662570772,362.4689025878906,22.420000076293945,1.98,0.17440081813035657,0.13442261517047882
2022-12-20,0,-0.4136417424581772,362.9649353027344,21.479999542236328,1.99,0.12560648842358996,0.08769387751817703
2022-12-21,0,-0.5837487293457148,368.3921203613281,20.06999969482422,2.01,0.07893399348197355,0.05920790508389473
2022-12-22,0,-0.3292089543701221,363.1365966796875,21.96999931335449,1.99,0.14957334555614904,0.12689319252967834
2022-12-23,0,-0.3964695643934532,365.2254943847656,20.8700008392334,2.0,0.13267288118679038,0.08272150903940201
2022-12-27,0,-0.2840883534526611,363.7852478027344,21.64999961853028,2.0200000000000005,0.18099000334534077,0.10082368552684784
2022-12-28,0,-0.2903957314075876,359.2641296386719,22.13999938964844,2.01,0.20268359752034218,0.12406070530414581
2022-12-29,0,-0.4555460354518599,365.73095703125,21.440000534057617,2.01,0.09917136856858999,0.08691468834877014
2022-12-30,0,-0.3046159973260218,364.7676086425781,21.670000076293945,1.99,0.09616773083291744,0.10685431212186813
2023-01-03,0,-0.1196782293143976,363.2320251464844,22.89999961853028,2.03,0.14838548732640308,0.17664779722690582
2023-01-04,0,-0.1662639984645614,366.0362854003906,22.01000022888184,2.07,0.11649022552346353,0.1330067217350006
2023-01-05,0,-0.2522818254303851,361.8583984375,22.459999084472656,2.03,0.11834643262201724,0.13689394295215607
2023-01-06,0,-0.489309376161374,370.1566467285156,21.1299991607666,2.0700000000000003,0.07811217661553753,0.08280040323734283
2023-01-09,0,-0.5317175448700616,369.9468078613281,21.96999931335449,2.02,0.0645972957647273,0.07737267762422562
2023-01-10,0,-0.6448323876434675,372.5411987304688,20.57999992370605,2.02,0.03856506324144174,0.05420837551355362
2023-01-11,0,-0.7808978151255154,377.2530822753906,21.09000015258789,1.99,0.02508385491763929,0.05523312836885452
2023-01-12,0,-0.950564374416042,378.6265563964844,18.82999992370605,1.97,0.013214918282079569,0.06813850998878479
2023-01-13,0,-1.015081846954983,380.095458984375,18.350000381469727,1.95,0.006175978535531356,0.05363834649324417
2023-01-17,0,-1.0464904345525534,379.3991088867188,19.36000061035156,1.9100000000000008,0.006270978840270109,0.06129608675837517
2023-01-18,0,-0.915033065556424,373.4091796875,20.34000015258789,1.96,0.014739067767994248,0.06502173095941544
2023-01-19,0,-0.8680052694789561,370.6907958984375,20.520000457763672,1.99,0.020363263780581096,0.05921079218387604
2023-01-20,0,-1.0992641514797787,377.596435546875,19.850000381469727,1.98,0.014932978244013722,0.05372751131653786
2023-01-23,0,-1.2060648787901485,382.1270751953125,19.809999465942383,1.9600000000000004,0.010748940386455009,0.06043460965156555
2023-01-24,0,-1.2038438585344304,381.7169189453125,19.200000762939453,1.9400000000000004,0.008481953608400688,0.058830130845308304
2023-01-25,0,-1.2512900765439552,381.8600158691406,19.07999992370605,1.96,0.011704185569591003,0.05617629736661911
2023-01-26,0,-1.4109376805717702,386.0567321777344,18.729999542236328,1.91,0.007488850287292477,0.06038264185190201
2023-01-27,0,-1.5217349122817554,386.9438171386719,18.51000022888184,1.8800000000000003,0.00453032018877322,0.06385648995637894
2023-01-30,0,-1.4218911087679234,382.0888977050781,19.940000534057617,1.87,0.008005942023866631,0.07659203559160233
2023-01-31,0,-1.3749635559035278,387.7068786621094,19.39999961853028,1.9,0.00980783392779609,0.07161100953817368
2023-02-01,0,-1.5454231108374212,391.8274536132813,17.8700008392334,1.91,0.005418762034631797,0.06300102919340134
2023-02-02,0,-1.6432939329741256,397.5312194824219,18.729999542236328,1.8800000000000003,0.005469802948797859,0.06864728033542633
2023-02-03,0,-1.6627734550758129,393.3058166503906,18.32999992370605,1.8300000000000003,0.004437108159241006,0.09779126942157745
2023-02-06,0,-1.7261781964328635,390.902099609375,19.43000030517578,1.7700000000000005,0.0067386638984627935,0.15171778202056885
2023-02-07,0,-1.6938903131969305,396.0146179199219,18.65999984741211,1.7800000000000002,0.0047770440395567566,0.12654441595077515
2023-02-08,0,-1.43924914008965,391.684326171875,19.6299991607666,1.83,0.011522311588680133,0.1340959668159485
2023-02-09,0,-1.2363264812453223,388.2886962890625,20.709999084472656,1.84,0.01807330884048936,0.13311974704265594
2023-02-10,0,-1.1669258166529446,389.1947937011719,20.530000686645508,1.85,0.026744428146116894,0.10256782174110413
2023-02-13,0,-1.244813476915288,393.7635803222656,20.34000015258789,1.84,0.02827658728551241,0.14459030330181122
2023-02-14,0,-1.387383357559914,393.5824279785156,18.90999984741211,1.81,0.012507781669804919,0.10417938977479935
2023-02-15,0,-1.4352463799127937,394.8605346679688,18.229999542236328,1.82,0.011077384093543469,0.09470001608133316
2023-02-16,0,-1.244072582170534,389.4237060546875,20.170000076293945,1.8400000000000003,0.03242276551519063,0.16232642531394958
2023-02-17,0,-1.171601061526638,388.4508666992188,20.020000457763672,1.89,0.043547420284706866,0.10891899466514587
2023-02-21,0,-0.7714489784988476,380.6582336425781,22.8700008392334,1.87,0.09973478564785535,0.28290894627571106
2023-02-22,0,-0.7769764993820153,380.1336059570313,22.290000915527344,1.85,0.09654701612372499,0.23838651180267334
2023-02-23,0,-0.8715122168586218,382.1556701660156,21.13999938964844,1.8600000000000003,0.07097003472297195,0.12474100291728973
2023-02-24,0,-0.7631628422253479,378.0733337402344,21.670000076293945,1.86,0.09948084598015464,0.171678364276886
2023-02-27,0,-0.7504098765983404,379.3610229492188,20.950000762939453,1.87,0.07945101031283569,0.11695758998394012
2023-02-28,0,-0.6706406383508566,377.95892333984375,20.700000762939453,1.9000000000000004,0.12196131497014456,0.12114302814006805
2023-03-01,0,-0.8402713494688574,376.5090942382813,20.57999992370605,1.84,0.08575025377759993,0.19223617017269135
2023-03-02,0,-0.9118971599741896,379.4373168945313,19.59000015258789,1.8200000000000005,0.05125942889297133,0.15098892152309418
2023-03-03,0,-1.0752201103382328,385.5226440429688,18.489999771118164,1.7899999999999996,0.02973031116100743,0.10872320085763931
2023-03-06,0,-0.9809136814593072,385.7897033691406,18.61000061035156,1.7899999999999996,0.025788978975737557,0.09106625616550446
2023-03-07,0,-0.8688962103594551,379.8760681152344,19.59000015258789,1.7899999999999996,0.03981849888835452,0.11402453482151031
2023-03-08,0,-0.93663529610116,380.49609375,19.11000061035156,1.7899999999999996,0.04302286437243743,0.11890801042318344
2023-03-09,0,-0.3750594097144139,373.4759826660156,22.61000061035156,1.85,0.1786526740123213,0.33491602540016174
2023-03-10,0,0.034720339767997,368.0868835449219,24.799999237060547,1.96,0.46040823011360793,0.4669148325920105
2023-03-13,0,0.4856120575014087,367.5623168945313,26.520000457763672,2.140000000000001,0.7989979651820636,0.6158775091171265
2023-03-14,0,0.1360052080836031,373.6380920410156,23.729999542236328,2.11,0.5154063271641939,0.3558810353279114
2023-03-15,0,0.6416451415533113,371.3013305664063,26.13999938964844,2.2200000000000006,0.8196736982279126,0.5848131775856018
2023-03-16,0,0.1826513390743588,377.8157958984375,22.989999771118164,2.16,0.47027332725685367,0.3551633954048157
2023-03-17,0,0.565868886154082,373.3981323242188,25.51000022888184,2.2099999999999995,0.7104840442122592,0.5544605851173401
2023-03-20,0,0.2935641394182769,376.9885864257813,24.14999961853028,2.19,0.4053727203646348,0.33311963081359863
2023-03-21,0,-0.1700544293268779,381.9386291503906,21.3799991607666,2.1100000000000003,0.10506961569864715,0.1675301194190979
2023-03-22,0,-0.0165508675803049,375.427978515625,22.26000022888184,2.16,0.1849246009725037,0.2730726897716522
2023-03-23,0,0.1848510702899604,376.44281005859375,22.61000061035156,2.26,0.3226314855845164,0.41250476241111755
2023-03-24,0,0.0659079364438553,378.9130554199219,21.739999771118164,2.24,0.1940786518066538,0.15925100445747375
2023-03-27,0,-0.1946468291215793,379.6215515136719,20.600000381469727,2.19,0.10235319416946993,0.07963010668754578
2023-03-28,0,-0.2166679568397468,378.7694396972656,19.96999931335449,2.1900000000000004,0.10523573978930396,0.06648670136928558
2023-03-29,0,-0.4663588436901518,384.2748107910156,19.1200008392334,2.15,0.06583675871534317,0.04256646707653999
2023-03-30,0,-0.6092033834842417,386.5248718261719,19.020000457763672,2.1100000000000003,0.03304635774857089,0.029851306229829788
2023-03-31,0,-0.6731413144361268,391.9728088378906,18.700000762939453,2.11,0.025632051836940263,0.029851306229829788
2023-04-03,0,-0.6185776894755523,393.4663696289063,18.549999237060547,2.11,0.02589261237865033,0.029815135523676872
2023-04-04,0,-0.5671657353991506,391.283447265625,19.0,2.1,0.030842801608232058,0.03189702332019806
2023-04-05,0,-0.5563119139048853,390.2589416503906,19.07999992370605,2.140000000000001,0.043260821159040584,0.02646816335618496
2023-04-06,0,-0.6875746491026837,391.78131103515625,18.39999961853028,2.1100000000000003,0.026043689430799148,0.021855436265468597
2023-04-10,0,-0.7984880484884685,392.183349609375,18.96999931335449,2.09,0.022606996033761064,0.024999380111694336
2023-04-11,0,-0.9590694400707,392.2886962890625,19.100000381469727,2.0500000000000003,0.01924619552386514,0.03587818890810013
2023-04-12,0,-0.8833841559588137,390.6897888183594,19.09000015258789,2.08,0.030377744501303792,0.030920952558517456
2023-04-13,0,-0.988808464836768,395.8792419433594,17.799999237060547,2.0699999999999994,0.016427469751223094,0.030604442581534386
2023-04-14,0,-1.1085449196323027,394.912109375,17.06999969482422,2.0500000000000003,0.012544676897104916,0.0356096513569355
2023-04-17,0,-1.095006969403105,396.3291931152344,16.950000762939453,2.02,0.010661090195313819,0.026985138654708862
2023-04-18,0,-1.194449073711806,396.5876770019531,16.829999923706055,2.01,0.01237564520492117,0.027342582121491432
2023-04-19,0,-1.1598844705020477,396.5206604003906,16.459999084472656,2.01,0.011635188675888392,0.028638677671551704
2023-04-20,0,-0.907802490473634,394.3568420410156,17.170000076293945,2.05,0.01568550955705226,0.02733921818435192
2023-04-21,0,-1.0603035268937775,394.6632385253906,16.770000457763672,2.0400000000000005,0.015591386694814443,0.025413693860173225
2023-04-24,0,-1.03797236755341,395.074951171875,16.889999389648438,2.04,0.018304228147944118,0.026330633088946342
2023-04-25,0,-0.6550979400055351,388.8035583496094,18.76000022888184,2.0900000000000003,0.06264445145750538,0.04149496555328369
2023-04-26,0,-0.5683657426991374,387.15673828125,18.84000015258789,2.11,0.08306814960773927,0.04113847017288208
2023-04-27,0,-0.9117006512566542,394.8642578125,17.030000686645508,2.07,0.03448358301655618,0.04565471410751343
2023-04-28,0,-0.9464724445370606,398.2344970703125,15.779999732971191,2.08,0.024159739682432686,0.031088711693882942
2023-05-01,0,-0.9197085482621064,397.8324279785156,16.079999923706055,2.0600000000000005,0.022262227664522093,0.032457754015922546
2023-05-02,0,-0.4272093366176235,393.3611145019531,17.780000686645508,2.16,0.08785179391299526,0.04928350821137428
2023-05-03,0,-0.2361991150189171,390.66107177734375,18.34000015258789,2.2,0.13071204814839985,0.055541761219501495
2023-05-04,0,-0.005363533524222,387.89404296875,20.09000015258789,2.24,0.23639105181994965,0.06550054997205734
2023-05-05,0,-0.4286914110021451,395.074951171875,17.190000534057617,2.2,0.07381355657248646,0.09585779905319214
2023-05-08,0,-0.4189255727839692,395.1802368164063,16.979999542236328,2.2,0.07477987940716471,0.04802196845412254
2023-05-09,0,-0.3062817835821782,393.4472351074219,17.709999084472656,2.2100000000000004,0.09047100541608055,0.057989027351140976
2023-05-10,0,-0.2797563103704307,395.28558349609375,16.940000534057617,2.26,0.09551789297221627,0.09150777012109756
2023-05-11,0,-0.3128223928284044,394.5961608886719,16.93000030517578,2.25,0.0794917881591079,0.05664307251572609
2023-05-12,0,-0.3023256979801871,394.07916259765625,17.030000686645508,2.21,0.06075401375897687,0.05152638256549835
2023-05-15,0,-0.1974710850862775,395.4387817382813,17.1200008392334,2.27,0.0925237140904211,0.09393556416034698
2023-05-16,0,-0.044075207954471,392.7962036132813,17.989999771118164,2.28,0.12698163155480546,0.14046445488929749
2023-05-17,0,-0.2355691337628712,397.5642700195313,16.8700008392334,2.26,0.06790000508261994,0.07731200754642487
2023-05-18,0,-0.4772583003472333,401.3941345214844,16.049999237060547,2.2,0.03578978816978132,0.03208582103252411
2023-05-19,0,-0.4766271631192783,400.8100891113281,16.809999465942383,2.18,0.04954827063812174,0.03587091341614723
2023-05-22,0,-0.4148754086418735,400.9728393554688,17.209999084472656,2.19,0.0506860725393261,0.043268024921417236
2023-05-23,0,-0.2289667049031415,396.4728088378906,18.530000686645508,2.1899999999999995,0.08462482391964565,0.05594543367624283
2023-05-24,0,-0.1800107017434225,393.6004333496094,20.030000686645508,2.18,0.13049308027422493,0.09086833149194717
2023-05-25,0,-0.4959478548983936,397.0089721679688,19.13999938964844,2.1,0.05941217539865616,0.03848119452595711
2023-05-26,0,-0.5397057848648941,402.1504821777344,17.950000762939453,2.1000000000000005,0.04340329161891118,0.04320453107357025
2023-05-30,0,-0.4347254218025009,402.3037109375,17.459999084472656,2.14,0.04532473994327117,0.029597481712698936
2023-05-31,0,-0.3201848888974842,400.0728454589844,17.940000534057617,2.16,0.06884393294590248,0.02920719049870968
2023-06-01,0,-0.6451059500666617,403.8739318847656,15.649999618530272,2.15,0.037164846602984386,0.02666448801755905
2023-06-02,0,-0.9422543576739594,409.7144165039063,14.600000381469728,2.11,0.022199900321659163,0.024407371878623962
2023-06-05,0,-0.9784065280327152,408.9292907714844,14.729999542236328,2.1,0.018643243170858286,0.02020876295864582
2023-06-06,0,-0.9679337722674294,409.81976318359375,13.960000038146973,2.08,0.013078119033049626,0.02561614103615284
2023-06-07,0,-0.9787129873301988,408.4026794433594,13.9399995803833,2.06,0.013578819947402843,0.029260069131851196
2023-06-08,0,-1.0358763597941076,410.8729248046875,13.649999618530272,2.07,0.013534379516179315,0.02561614103615284
2023-06-09,0,-1.0377548176659332,411.6101684570313,13.829999923706056,2.05,0.011866573963344198,0.027442678809165955
2023-06-12,0,-0.9025196181687024,415.34423828125,15.010000228881836,2.1,0.02484476829184507,0.020476166158914566
2023-06-13,0,-1.1929211531535835,418.0825805664063,14.609999656677246,2.0,0.011298804650858873,0.027584439143538475
2023-06-14,0,-1.3532744999890265,418.5804748535156,13.880000114440918,1.9399999999999995,0.008209009357177239,0.03835567831993103
2023-06-15,0,-1.2528974501205057,423.7698974609375,14.5,2.02,0.015028381162151145,0.028332237154245377
2023-06-16,0,-1.3468479922137695,422.326416015625,13.539999961853027,1.9600000000000004,0.008074039515991097,0.03588748350739479
2023-06-20,0,-1.2367871334718472,420.1353149414063,13.880000114440918,1.95,0.008301640005137029,0.03545217216014862
2023-06-21,0,-1.2346406611204064,417.9826049804688,13.199999809265137,1.9599999999999995,0.01128697453752619,0.04588310793042183
2023-06-22,0,-1.3101742107000296,419.4913940429688,12.90999984741211,1.9400000000000004,0.011023119017143406,0.03958712890744209
2023-06-23,0,-1.240785911562858,416.3200988769531,13.4399995803833,1.96,0.011419985318219533,0.04151878505945206
2023-06-26,0,-1.1478690531046818,414.6191101074219,14.25,1.98,0.025490842355115024,0.027772206813097
2023-06-27,0,-1.2766421412154405,419.1647033691406,13.739999771118164,1.94,0.018056842762946758,0.04711560532450676
2023-06-28,0,-1.1652423175970208,419.3761291503906,13.43000030517578,1.96,0.021478293748157105,0.041164398193359375
2023-06-29,0,-1.2546475871450802,421.029052734375,13.539999961853027,1.92,0.017536087107965937,0.04827405512332916
2023-06-30,0,-1.4377923490519493,425.9974670410156,13.59000015258789,1.8800000000000003,0.014668523865980514,0.045300357043743134
2023-07-03,0,-1.4353719049784546,426.4876403808594,13.56999969482422,1.85,0.01181650477040759,0.05080627650022507
2023-07-05,0,-1.3168073762190673,425.8533325195313,14.18000030517578,1.83,0.013584905793249167,0.08494833111763
2023-07-06,0,-1.2390109566829466,422.51861572265625,15.4399995803833,1.7999999999999998,0.018920513849357324,0.09914455562829971
2023-07-07,0,-1.2203374259054327,421.4518737792969,14.829999923706056,1.8100000000000005,0.02136630931663736,0.08668086677789688
2023-07-10,0,-1.1247857565040127,422.51861572265625,15.06999969482422,1.8600000000000003,0.0307299265640116,0.06022438406944275
2023-07-11,0,-1.1755758612922882,425.2095031738281,14.84000015258789,1.84,0.026058736918452268,0.09088598191738129
2023-07-12,0,-1.2144410297017252,428.6306457519531,13.539999961853027,1.8800000000000003,0.024079811983027815,0.043597109615802765
2023-07-13,0,-1.1271238701154862,432.0325927734375,13.609999656677246,1.91,0.03258997297248475,0.043318524956703186
2023-07-14,0,-1.1729388119895914,431.7635803222656,13.34000015258789,1.87,0.02430882477926936,0.0408991314470768
2023-07-17,0,-1.1038355766900407,433.2627258300781,13.479999542236328,1.9,0.025527825802927697,0.04643120989203453
2023-07-18,0,-1.0958961141221415,436.4821166992188,13.300000190734863,1.8900000000000008,0.020744574744467885,0.04378150403499603
2023-07-19,0,-1.1338779820825424,437.4527893066406,13.760000228881836,1.87,0.016470210695314482,0.053160157054662704
2023-07-20,0,-1.1405464596525412,434.5504150390625,13.989999771118164,1.85,0.015003910620482763,0.05546475946903229
2023-07-21,0,-1.1941149147145882,434.5504150390625,13.600000381469728,1.8500000000000003,0.019037513400563363,0.05069040134549141
2023-07-24,0,-1.190732919494087,436.4917297363281,13.90999984741211,1.8400000000000003,0.016796718248508948,0.07412993162870407
2023-07-25,0,-1.317905176725058,437.6834106445313,13.859999656677246,1.81,0.01363886823304186,0.07323039323091507
2023-07-26,0,-1.3414097354986794,437.7506103515625,13.1899995803833,1.8300000000000003,0.014575064071572453,0.06167073920369148
2023-07-27,0,-1.2326006704804549,434.8484191894531,14.40999984741211,1.7800000000000002,0.021166412406559258,0.06501426547765732
2023-07-28,0,-1.3160474667123503,439.1057434082031,13.329999923706056,1.7999999999999998,0.020537512975175365,0.06109617277979851
2023-07-31,0,-1.3329738269958276,439.94183349609375,13.630000114440918,1.77,0.01688078643805123,0.057271700352430344
2023-08-01,0,-1.2067989108108983,438.682861328125,13.93000030517578,1.7700000000000005,0.022218988554100694,0.060477063059806824
2023-08-02,0,-0.8483767934877942,432.5804443359375,16.09000015258789,1.8200000000000005,0.06876028062175613,0.10279358923435211
2023-08-03,0,-0.8054238043010695,431.3407287597656,15.920000076293944,1.84,0.0964396065601506,0.10279358923435211
2023-08-04,0,-0.6178661289430799,429.3898315429688,17.100000381469727,1.9000000000000004,0.160997571111329,0.12079081684350967
2023-08-07,0,-0.7805325028914565,433.13775634765625,15.770000457763672,1.9000000000000004,0.11894289838804967,0.07163067162036896
2023-08-08,0,-0.6536932420875065,431.2542114257813,15.989999771118164,1.9300000000000008,0.15945082233433533,0.06219601258635521
2023-08-09,0,-0.5864196596757626,428.3711853027344,15.960000038146973,1.92,0.16645338085993125,0.06219601258635521
2023-08-10,0,-0.602950979869248,428.5249633789063,15.850000381469728,1.8900000000000008,0.14158860281547886,0.08119352906942368
2023-08-11,0,-0.653462669518387,428.2750549316406,14.84000015258789,1.87,0.09461475426729239,0.06979619711637497
2023-08-14,0,-0.7550044674319257,430.63916015625,14.81999969482422,1.84,0.07255386263033091,0.09167247265577316
2023-08-15,0,-0.4989584751378458,425.6226806640625,16.459999084472656,1.8600000000000003,0.12837330216247497,0.08507836610078812
2023-08-16,0,-0.419551960331147,422.49945068359375,16.780000686645508,1.84,0.14857833585169786,0.18400739133358002
2023-08-17,0,-0.2148383003349852,419.280029296875,17.889999389648438,1.87,0.2506210904031604,0.23828305304050446
2023-08-18,0,-0.2571695172778074,419.4818115234375,17.299999237060547,1.8900000000000008,0.2553067200612278,0.1905272752046585
2023-08-21,0,-0.3315869606071963,422.2111206054688,17.1299991607666,1.88,0.2179952696788776,0.14306142926216125
2023-08-22,0,-0.4189366809109111,421.0675354003906,16.969999313354492,1.8200000000000005,0.16102681328502214,0.18561750650405884
2023-08-23,0,-0.516827132554872,425.7572326660156,15.979999542236328,1.8299999999999992,0.1604286714131283,0.1233765259385109
2023-08-24,0,-0.4003573629446255,419.8566589355469,17.200000762939453,1.7999999999999998,0.1884641499196275,0.19247372448444366
2023-08-25,0,-0.6727239612741615,422.8164978027344,15.68000030517578,1.7599999999999998,0.10226287984294956,0.0994931310415268
2023-08-28,0,-0.557752488759416,425.4977722167969,15.079999923706056,1.82,0.10991025290504224,0.0911206379532814
2023-08-29,0,-0.6373186673253305,431.6482238769531,14.449999809265137,1.84,0.1098050448254851,0.08656561374664307
2023-08-30,0,-0.7579864213428543,433.4261169433594,13.880000114440918,1.8200000000000005,0.057718706744823774,0.04857876896858215
2023-08-31,0,-0.8361526549557793,432.7918701171875,13.56999969482422,1.83,0.07768816761241032,0.057580601423978806
2023-09-01,0,-0.9131121513569532,433.5990905761719,13.09000015258789,1.8200000000000005,0.06807142864026863,0.056711357086896896
2023-09-05,0,-0.8034812159355895,431.72509765625,14.010000228881836,1.8400000000000007,0.07684403825444018,0.05688159912824631
2023-09-06,0,-0.7627537894459507,428.8229064941406,14.449999809265137,1.79,0.05344610038667118,0.055490728467702866
2023-09-07,0,-0.7245908338470516,427.5063171386719,14.399999618530272,1.8100000000000005,0.06746992875333045,0.06730608642101288
2023-09-08,0,-0.8519023623061882,428.150146484375,13.84000015258789,1.79,0.052599221365074195,0.045741647481918335
2023-09-11,0,-0.868664072957896,430.9659118652344,13.800000190734863,1.7999999999999998,0.0544664431329714,0.05250716581940651
2023-09-12,0,-0.8182862754909492,428.6018371582031,14.229999542236328,1.79,0.05862741594336426,0.06175563484430313
2023-09-13,0,-0.7873187181472568,429.1015319824219,13.479999542236328,1.81,0.06872158156229842,0.060076434165239334
2023-09-14,0,-0.9869279433738816,432.8014526367188,12.81999969482422,1.7999999999999998,0.05082586354994402,0.05785653740167618
2023-09-15,0,-0.920443842449259,427.58697509765625,13.789999961853027,1.7800000000000002,0.07036510983972877,0.05495980754494667
2023-09-18,0,-0.9766996899966784,427.8377380371094,14.0,1.7699999999999996,0.06967123773540776,0.05475158616900444
2023-09-19,0,-0.9811152250599032,426.950439453125,14.109999656677246,1.75,0.07536017371101003,0.05475158616900444
2023-09-20,0,-0.827863949317908,423.0252685546875,15.140000343322754,1.7300000000000004,0.09575854170697275,0.07135182619094849
2023-09-21,0,-0.6983978938155481,416.0333557128906,17.540000915527344,1.66,0.1348427451561789,0.3459659218788147
2023-09-22,0,-0.4680606372519453,415.0979614257813,17.200000762939453,1.7299999999999995,0.23001676655812478,0.24986405670642853
2023-09-25,0,-0.5696311784805549,416.8434753417969,16.899999618530273,1.75,0.2193349782456954,0.21561209857463837
2023-09-26,0,-0.2221036112269808,410.7195739746094,18.940000534057617,1.7700000000000005,0.3965970210830239,0.3744997978210449
2023-09-27,0,-0.2132278560069066,410.8834228515625,18.21999931335449,1.7699999999999996,0.3672284544183118,0.34940001368522644
2023-09-28,0,-0.1335246182272076,413.2655334472656,17.34000015258789,1.7999999999999998,0.4330187382624205,0.32640916109085083
2023-09-29,0,-0.0996174800866818,412.2625732421875,17.520000457763672,1.7800000000000002,0.34839786420924573,0.3546745181083679
2023-10-02,0,-0.0926610650890481,412.0986328125,17.610000610351562,1.7799999999999994,0.3179665507139119,0.3546745181083679
2023-10-03,0,0.2638569786178036,406.582275390625,19.780000686645508,1.8200000000000005,0.5669349356871851,0.36875808238983154
2023-10-04,0,0.121800542699259,409.54296875,18.57999992370605,1.8299999999999992,0.4773730501814088,0.3744997978210449
2023-10-05,0,0.1136933760905201,409.388671875,18.489999771118164,1.8500000000000003,0.4344663234726856,0.2739655077457428
2023-10-06,0,-0.0928467830481414,414.249267578125,17.450000762939453,1.84,0.34482050762891475,0.36895042657852173
2023-10-09,0,-0.1078957163314074,416.9013671875,17.700000762939453,1.84,0.32107528709084,0.34998181462287903
2023-10-10,0,-0.1595242030753062,419.0712890625,17.030000686645508,1.83,0.2532048450345401,0.2886509895324707
2023-10-11,0,-0.3162126619851694,420.7879333496094,16.09000015258789,1.8200000000000005,0.1664430456564885,0.15674810111522675
2023-10-12,0,-0.1799878243844505,418.2225646972656,16.690000534057617,1.83,0.19223143426276076,0.27687984704971313
2023-10-13,0,0.1319940073905995,416.1394653320313,19.31999969482422,1.8200000000000005,0.29903147173655703,0.40908393263816833
2023-10-16,0,-0.1913305387109835,420.5178527832031,17.209999084472656,1.83,0.16324494023259298,0.2899581789970398
2023-10-17,0,-0.1831761160045451,420.49853515625,17.8799991607666,1.7999999999999998,0.1531767383104874,0.33887138962745667
2023-10-18,0,-0.0042191849998652,414.8953552246094,19.21999931335449,1.7800000000000002,0.22688292116844536,0.4148763120174408
2023-10-19,0,0.2684109233234396,411.25,21.39999961853028,1.82,0.47552224487716316,0.6282232999801636
2023-10-20,0,0.391238166625133,406.1964721679688,21.709999084472656,1.88,0.6478588215402125,0.6694744229316711
2023-10-23,0,0.2186792086776143,405.4924621582031,20.3700008392334,1.85,0.4652199330607038,0.4745791554450989
2023-10-24,0,0.0526254440187985,408.549560546875,18.96999931335449,1.84,0.33585539697378547,0.3098059296607971
2023-10-25,0,0.1456735955124643,402.6860656738281,20.190000534057617,1.83,0.5364715539040208,0.4997389018535614
2023-10-26,0,0.2829855189857381,397.8639831542969,20.68000030517578,1.82,0.6193648884858982,0.66209477186203
2023-10-27,0,0.5563788233593189,396.0605773925781,21.270000457763672,1.88,0.7634740089920745,0.6768026351928711
2023-10-30,0,0.2498538660901646,400.79583740234375,19.75,1.8600000000000003,0.6146909489401795,0.4937137961387634
2023-10-31,0,0.0187384714367715,403.31292724609375,18.13999938964844,1.8500000000000003,0.3939351515046522,0.2572861611843109
2023-11-01,0,-0.1827263734574758,407.6141662597656,16.8700008392334,1.91,0.39613878698584665,0.2489755004644394
2023-11-02,0,-0.5572781886326016,415.42584228515625,15.65999984741211,1.84,0.20740310518191177,0.08729750663042068
2023-11-03,0,-0.670793653526964,419.2159729003906,14.90999984741211,1.86,0.14624425906683228,0.050766658037900925
2023-11-06,0,-0.6264435028555617,420.1803894042969,14.890000343322754,1.84,0.10991589166112319,0.0533265583217144
2023-11-07,0,-0.6198119846208355,421.3761596679688,14.8100004196167,1.83,0.0964815663891893,0.04747551679611206
2023-11-08,0,-0.5902050766680378,421.684814453125,14.449999809265137,1.84,0.0664562377903397,0.04747551679611206
2023-11-09,0,-0.4178395051993222,418.3961791992188,15.289999961853027,1.83,0.08886127718476343,0.05945650488138199
2023-11-10,0,-0.7914863938274478,424.9251403808594,14.170000076293944,1.7999999999999998,0.03836137801983692,0.048475202172994614
2023-11-13,0,-0.7880687591144867,424.5201416015625,14.760000228881836,1.79,0.044662845979339276,0.05071049556136131
2023-11-14,0,-0.8412298499161351,432.7561645507813,14.15999984741211,1.8299999999999992,0.040101143771942856,0.0451195165514946
2023-11-15,0,-0.9284262838883236,433.6723327636719,14.18000030517578,1.7999999999999998,0.026374964036079963,0.05616343766450882
2023-11-16,0,-1.0307606366799928,434.2027587890625,14.31999969482422,1.81,0.036733225493422825,0.05303467437624931
2023-11-17,0,-1.2537736737982492,434.7427978515625,13.800000190734863,1.7799999999999994,0.02208831897846021,0.04888270050287247
2023-11-20,0,-1.5369470566856824,438.08929443359375,13.40999984741211,1.7599999999999998,0.018635765840508623,0.050745073705911636
2023-11-21,0,-1.507929321228324,437.1344604492188,13.350000381469728,1.7699999999999996,0.014926875095675113,0.05296648293733597
2023-11-22,0,-1.6612811487344783,438.82220458984375,12.850000381469728,1.71,0.008867430713017814,0.05350423976778984
2023-11-24,0,-1.8173567970892008,439.09222412109375,12.460000038146973,1.7200000000000006,0.008548798099824109,0.04608526453375816
2023-11-27,0,-1.903008190418421,438.3014221191406,12.6899995803833,1.71,0.011686834414543039,0.04344012960791588
2023-11-28,0,-1.8437528272316008,438.7353820800781,12.6899995803833,1.75,0.017334027905060112,0.04117738455533981
2023-11-29,0,-1.738626865351838,438.42681884765625,12.979999542236328,1.7200000000000006,0.018884822349880336,0.044013433158397675
2023-11-30,0,-1.822105804220265,440.1531066894531,12.920000076293944,1.67,0.017702838045357952,0.044013433158397675
2023-12-01,0,-1.6948929149945922,442.7569885253906,12.630000114440918,1.71,0.019242353853597443,0.04698849469423294
2023-12-04,0,-1.4981593077927895,440.4328002929688,13.079999923706056,1.67,0.021377269447472574,0.058926258236169815
2023-12-05,0,-1.4715582060337895,440.345947265625,12.850000381469728,1.6500000000000004,0.018064783883183357,0.06421609967947006
2023-12-06,0,-1.437015652271924,438.5714721679688,12.970000267028809,1.63,0.022505293012277352,0.07627078890800476
2023-12-07,0,-1.4612480285537697,441.9179382324219,13.0600004196167,1.63,0.027542725720695858,0.07005525380373001
2023-12-08,0,-1.601177149001248,443.8178405761719,12.350000381469728,1.6099999999999994,0.014163147452430799,0.10872820764780045
2023-12-11,0,-1.6670761985379177,445.5440673828125,12.630000114440918,1.6099999999999994,0.01935456325140936,0.14095193147659302
2023-12-12,0,-1.630225024985835,447.5789489746094,12.06999969482422,1.5999999999999996,0.01595760545157744,0.1339130848646164
2023-12-13,0,-1.7194341684435006,453.751220703125,12.1899995803833,1.6100000000000003,0.01602910812517977,0.12485204637050629
2023-12-14,0,-1.6127663788865876,455.2073974609375,12.479999542236328,1.5700000000000005,0.011898386883131204,0.26353931427001953
2023-12-15,0,-1.5822923866730434,454.4579162597656,12.279999732971191,1.5700000000000005,0.013284360855438779,0.2517874240875244
2023-12-18,0,-1.554760628180843,457.0143127441406,12.5600004196167,1.58,0.015555562288416078,0.1408272385597229
2023-12-19,0,-1.6077102293965904,459.7933044433594,12.529999732971191,1.5699999999999998,0.013366611801511809,0.2470349669456482
2023-12-20,0,-1.14757366912151,453.4218444824219,13.670000076293944,1.6300000000000003,0.03400148330998549,0.07973189651966095
2023-12-21,0,-1.2240923475574457,457.72113037109375,13.649999618530272,1.64,0.039155785390058116,0.07379704713821411
2023-12-22,0,-1.2408772696878028,458.64105224609375,13.029999732971191,1.65,0.033192721925950214,0.07504507899284363
2023-12-26,0,-1.287672761729188,460.57763671875,12.989999771118164,1.64,0.02820281090438624,0.08140486478805542
2023-12-27,0,-1.3691880222482908,461.410400390625,12.43000030517578,1.6399999999999997,0.022521301847791917,0.07238031178712845
2023-12-28,0,-1.387917276161703,461.5846862792969,12.470000267028809,1.62,0.02353999868912535,0.07698583602905273
2023-12-29,0,-1.3775132301822106,460.2484130859375,12.449999809265137,1.6100000000000003,0.022147264238949017,0.14277778565883636
2024-01-02,0,-1.1769060167001737,457.6726989746094,13.199999809265137,1.62,0.03678957009253867,0.08547844737768173
2024-01-03,0,-0.8668025085375676,453.93505859375,14.039999961853027,1.66,0.07516605863229096,0.0914076417684555
2024-01-04,0,-0.8869088100012998,452.4728698730469,14.130000114440918,1.6499999999999997,0.08139489510933337,0.08941854536533356
2024-01-05,0,-0.9757289088795594,453.0926208496094,13.350000381469728,1.6500000000000004,0.06824216910144695,0.08579473942518234
2024-01-08,0,-1.1684012602228273,459.5609436035156,13.079999923706056,1.6500000000000004,0.06470518452142679,0.07676711678504944
2024-01-09,0,-1.145817976637869,458.8638000488281,12.760000228881836,1.6300000000000008,0.05430162602784017,0.0880901888012886
2024-01-10,0,-1.2352713590813338,461.4588623046875,12.6899995803833,1.59,0.04531730841494713,0.14409621059894562
2024-01-11,0,-1.131165723874484,461.2554931640625,12.4399995803833,1.6300000000000003,0.060276271443186744,0.08821748197078705
2024-01-12,0,-1.0365578487344151,461.5750122070313,12.699999809265137,1.6399999999999997,0.06657512735133385,0.09406644850969315
2024-01-16,0,-0.7218286464345619,459.8804626464844,13.84000015258789,1.6499999999999997,0.09804529659620635,0.09994611144065857
2024-01-17,0,-0.569519327994697,457.3241271972656,14.789999961853027,1.6300000000000008,0.15286714412644953,0.20355141162872314
2024-01-18,0,-0.7512806297031354,461.3910217285156,14.130000114440918,1.62,0.12222096792966565,0.16537918150424957
2024-01-19,0,-0.9548704248002274,467.1427612304688,13.300000190734863,1.59,0.06029053393161046,0.10655330866575241
2024-01-22,0,-0.9203816142387294,468.1305236816406,13.1899995803833,1.59,0.048557746358564594,0.11259331554174423
2024-01-23,0,-1.083477164735246,469.4957275390625,12.550000190734863,1.62,0.04486559679265242,0.07165627926588058
2024-01-24,0,-0.9513196985439696,470.0090942382813,13.140000343322754,1.6100000000000003,0.06367859538399677,0.12879878282546997
2024-01-25,0,-0.9624773675049392,472.5653991699219,13.449999809265137,1.6000000000000003,0.06169647642363172,0.15585662424564362
2024-01-26,0,-0.9609969277666388,471.9649963378906,13.260000228881836,1.58,0.05022953827029528,0.14393191039562225
2024-01-29,0,-0.9373759531841628,475.7026977539063,13.600000381469728,1.5999999999999996,0.06230281394375656,0.1625312715768814
2024-01-30,0,-0.9888784340077406,475.3347778320313,13.3100004196167,1.58,0.04420678961877016,0.1478525698184967
2024-01-31,0,-0.6859686482939783,467.5785217285156,14.350000381469728,1.6099999999999994,0.11460104509480425,0.27183350920677185
2024-02-01,0,-0.8738167860602344,473.6982727050781,13.880000114440918,1.63,0.10001601962509787,0.10873983055353165
2024-02-02,0,-1.1285045728035266,478.68505859375,13.850000381469728,1.59,0.07704958313591302,0.2070324867963791
2024-02-05,0,-1.193468931547436,476.9421081542969,13.670000076293944,1.5600000000000005,0.0587407815675923,0.24188461899757385
2024-02-06,0,-1.2343792421835569,478.3268737792969,13.0600004196167,1.58,0.05849876250215439,0.1289665400981903
2024-02-07,0,-1.159114445003672,482.3162536621094,12.829999923706056,1.6000000000000003,0.06528667238250127,0.10558661073446274
2024-02-08,0,-1.179627025739316,482.529296875,12.789999961853027,1.5999999999999996,0.052323236599879,0.10655573755502701
2024-02-09,0,-1.1791418898531176,485.3180236816406,12.93000030517578,1.59,0.05156628260489093,0.10655573755502701
2024-02-12,0,-1.0831027942840417,485.10498046875,13.93000030517578,1.58,0.09494888386853664,0.235251784324646
2024-02-13,0,-0.7943596902881843,478.423583984375,15.850000381469728,1.54,0.19351400745963604,0.4824976623058319
2024-02-14,0,-1.0375176657584666,482.7713928222656,14.380000114440918,1.5600000000000005,0.1141464078909253,0.413264662027359
2024-02-15,0,-1.178306650476766,486.1023864746094,14.010000228881836,1.5699999999999994,0.09897679505259235,0.28714826703071594
2024-02-16,0,-1.0758593630719309,483.681640625,14.239999771118164,1.5300000000000002,0.09061727406417168,0.3490961790084839
2024-02-20,0,-0.7105698521419628,481.0187377929688,15.420000076293944,1.5600000000000005,0.19868492219270747,0.4520190358161926
2024-02-21,0,-0.7363094568971693,481.4544677734375,15.34000015258789,1.54,0.23569821237127217,0.46885743737220764
2024-02-22,0,-1.0773455625749098,491.41845703125,14.539999961853027,1.4900000000000002,0.11521922376206341,0.4619058668613434
2024-02-23,0,-1.1498343121042016,491.75732421875,13.75,1.4900000000000002,0.0744208068147769,0.3708527386188507
2024-02-26,0,-0.9822884923879456,489.956298828125,13.739999771118164,1.5299999999999994,0.12169613783679616,0.30216488242149353
2024-02-27,0,-1.0392567770629264,490.8664245605469,13.43000030517578,1.5300000000000002,0.10801472661735277,0.4007166028022766
2024-02-28,0,-0.8597637663608565,490.2176818847656,13.84000015258789,1.5500000000000007,0.15480154936612747,0.3703972101211548
2024-02-29,0,-0.9444731178468588,491.9800109863281,13.399999618530272,1.5499999999999998,0.10311772236569847,0.43298161029815674
2024-03-01,0,-1.1942121706326003,496.5989074707031,13.109999656677246,1.5699999999999994,0.0929113702086193,0.12119882553815842
2024-03-04,0,-0.999748841363798,496.0662841796875,13.489999771118164,1.5700000000000005,0.10135104680484809,0.2307557463645935
2024-03-05,0,-0.6444546713858177,491.1085510253906,14.460000038146973,1.59,0.1918853303141778,0.32729196548461914
2024-03-06,0,-0.7528590223517195,493.5970764160156,14.5,1.5699999999999994,0.18109582740969618,0.42192167043685913
2024-03-07,0,-0.7900284241422272,498.4967346191406,14.4399995803833,1.59,0.17472021261670956,0.41153210401535034
2024-03-08,0,-0.6057836765675039,495.5047302246094,14.739999771118164,1.59,0.17370521553819085,0.4064536690711975
2024-03-11,0,-0.5312375232699433,495.0785827636719,15.220000267028809,1.5900000000000007,0.22679632510797193,0.4387071132659912
2024-03-12,0,-0.7986961656455233,500.40435791015625,13.84000015258789,1.5499999999999998,0.11814924328723996,0.41740572452545166
2024-03-13,0,-0.7902896680264538,499.6199645996094,13.75,1.5499999999999998,0.10977937617231742,0.38531753420829773
2024-03-14,0,-0.8603654639624577,498.6322937011719,14.399999618530272,1.5300000000000002,0.11960603418194625,0.3651461601257324
2024-03-15,0,-0.7495510012649532,495.2084045410156,14.40999984741211,1.4900000000000002,0.12793200494422519,0.3586202561855316
2024-03-18,0,-0.7416609532857237,498.1515197753906,14.329999923706056,1.4900000000000002,0.13224914168490215,0.325919508934021
2024-03-19,0,-0.894679407046826,500.9198303222656,13.81999969482422,1.5,0.10422526555798106,0.2902255654335022
2024-03-20,0,-1.0573815887205626,505.5529479980469,13.039999961853027,1.5600000000000005,0.0881626224659923,0.22847314178943634
2024-03-21,0,-1.1455314662224272,507.2236633300781,12.920000076293944,1.5300000000000002,0.06115447064137472,0.2125691920518875
2024-03-22,0,-0.8752562692952349,506.2621154785156,13.0600004196167,1.5300000000000002,0.09079196156779512,0.2802322506904602
2024-03-25,0,-0.8141679838767018,504.86334228515625,13.1899995803833,1.5300000000000002,0.09752139836812244,0.281748503446579
2024-03-26,0,-0.8228239642018065,503.9308776855469,13.239999771118164,1.5299999999999994,0.09940387828669354,0.25858956575393677
2024-03-27,0,-0.9401227899362438,508.1658630371094,12.779999732971191,1.54,0.05968274749143664,0.20117777585983276
2024-03-28,0,-0.9784018392716448,508.0686340332031,13.010000228881836,1.5,0.059893586313455836,0.2368640899658203
2024-04-01,0,-0.8343924431339796,507.1847229003906,13.649999618530272,1.4900000000000002,0.09237565181938534,0.2646477520465851
2024-04-02,0,-0.4812438779707742,503.9600830078125,14.609999656677246,1.5099999999999998,0.19605871293874683,0.32782378792762756
2024-04-03,0,-0.5741230765877504,504.51361083984375,14.329999923706056,1.489999999999999,0.15704119221418453,0.26504433155059814
2024-04-04,0,-0.2043425628501901,498.35552978515625,16.350000381469727,1.510000000000001,0.4477446665354975,0.5494334101676941
2024-04-05,0,-0.33753235964482,503.561767578125,16.030000686645508,1.4900000000000002,0.3938448893013536,0.4849759042263031
2024-04-08,0,-0.4093466933893084,503.8434753417969,15.1899995803833,1.46,0.25024275152181935,0.34159138798713684
2024-04-09,0,-0.5449880044796019,504.4263000488281,14.979999542236328,1.4399999999999995,0.22502240023107312,0.3520837426185608
2024-04-10,0,-0.3783168920210193,499.3753967285156,15.800000190734863,1.4000000000000004,0.3268648124690212,0.5272219181060791
2024-04-11,0,-0.4597640519741497,503.1441345214844,14.90999984741211,1.41,0.25448024488852294,0.34997498989105225
2024-04-12,0,0.1206728850201143,496.1991271972656,17.309999465942383,1.4500000000000002,0.6768847938593859,0.742453932762146
2024-04-15,0,0.5572826695371765,489.9827575683594,19.229999542236328,1.46,0.9100369929072459,0.8109235167503357
2024-04-16,0,0.3710447613013024,489.0890808105469,18.39999961853028,1.46,0.8666234363295987,0.772302508354187
2024-04-17,0,0.4959298782398657,486.1946105957031,18.209999084472656,1.4800000000000004,0.895484275197478,0.8362699747085571
2024-04-18,0,0.522283916756766,485.1941528320313,18.0,1.4700000000000006,0.8535598451781676,0.839576005935669
2024-04-19,0,0.7957162902317938,480.9591369628906,18.709999084472656,1.46,0.903922851008879,0.8441525101661682
2024-04-22,0,0.4523355382108182,485.3883972167969,16.940000534057617,1.46,0.7655965892286227,0.7073042988777161
2024-04-23,0,0.1176007304280994,491.1483154296875,15.6899995803833,1.46,0.5696705178783139,0.45256122946739197
2024-04-24,0,0.1705515438730371,490.9151611328125,15.970000267028809,1.4799999999999995,0.6189932223829981,0.5239940881729126
2024-04-25,0,0.0803928735451882,489.05023193359375,15.369999885559082,1.4699999999999998,0.5121206110715928,0.3857657015323639
2024-04-26,0,-0.0142535046264008,493.6834716796875,15.029999732971191,1.4500000000000002,0.4692304293109079,0.2643221318721771
2024-04-29,0,-0.1060502443589909,495.4318237304688,14.670000076293944,1.4500000000000002,0.3629309209691961,0.24314433336257935
2024-04-30,0,0.1742322249358963,487.5835266113281,15.649999618530272,1.4399999999999995,0.5036506564376836,0.5010944604873657
2024-05-01,0,0.084420493473618,486.0003356933594,15.390000343322754,1.4299999999999995,0.4561974339823804,0.4066852033138275
2024-05-02,0,-0.044205549731108,490.5460815429688,14.68000030517578,1.4699999999999998,0.3852722882029033,0.27150100469589233
2024-05-03,0,-0.4416644660257111,496.6265258789063,13.489999771118164,1.4900000000000002,0.18728944995292163,0.17290429770946503
2024-05-06,0,-0.4686241668790887,501.7550964355469,13.489999771118164,1.4699999999999998,0.14199474957502983,0.16364531219005585
2024-05-07,0,-0.545280285795758,502.3088073730469,13.229999542236328,1.4500000000000002,0.13500344926618302,0.18011248111724854
2024-05-08,0,-0.5353164064197354,502.3573913574219,13.0,1.4699999999999998,0.1382103169923155,0.18011248111724854
2024-05-09,0,-0.7237292814898061,505.2517700195313,12.6899995803833,1.4799999999999995,0.09176926262544927,0.14989128708839417
2024-05-10,0,-0.678811044682755,505.9026794433594,12.550000190734863,1.4800000000000004,0.06099255862455833,0.12474674731492996
2024-05-13,0,-0.6475345947066088,505.9705810546875,13.600000381469728,1.4799999999999995,0.10188758763959639,0.1438870131969452
2024-05-14,0,-0.8503200649954424,508.2920227050781,13.420000076293944,1.4799999999999995,0.09590075095156873,0.1392953097820282
2024-05-15,0,-1.1330420713761082,514.5862426757812,12.449999809265137,1.489999999999999,0.04639464209495424,0.10677902400493622
2024-05-16,0,-1.207703260070214,513.5274658203125,12.420000076293944,1.4699999999999998,0.039007741932559195,0.10999786853790283
2024-05-17,0,-1.2913150348413185,514.2656860351562,11.989999771118164,1.4800000000000004,0.034890549030615066,0.08440032601356506
2024-05-20,0,-1.3813610953616977,514.8582153320312,12.149999618530272,1.4699999999999998,0.03912724226823168,0.08770814538002014
2024-05-21,0,-1.3301819758787303,516.1209716796875,11.859999656677246,1.4799999999999995,0.033407272882722945,0.08770814538002014
2024-05-22,0,-1.1356002380299408,514.6348266601562,12.289999961853027,1.46,0.036442903822349174,0.08090747147798538
2024-05-23,0,-1.0002980684171223,510.8758239746094,12.770000457763672,1.4500000000000002,0.06372299943041913,0.14233680069446564
2024-05-24,0,-1.2208386131265108,514.2560424804688,11.93000030517578,1.46,0.04006715506872831,0.10278856754302979
2024-05-28,0,-0.9840090760058324,514.6154174804688,12.920000076293944,1.4500000000000002,0.07349687723357493,0.1475120335817337
2024-05-29,0,-0.6097177370602033,511.0119018554688,14.279999732971191,1.4699999999999998,0.17224206704048084,0.20175790786743164
2024-05-30,0,-0.6877132410079195,507.6219482421875,14.470000267028809,1.46,0.23415710630020253,0.21240615844726562
2024-05-31,0,-1.0682092318023728,512.2454223632812,12.920000076293944,1.46,0.11424627387009179,0.18648724257946014
2024-06-03,0,-0.9244144995963928,512.6630859375,13.109999656677246,1.4699999999999998,0.11836584506335734,0.13918432593345642
2024-06-04,0,-0.7593697005537215,513.2361450195312,13.15999984741211,1.4900000000000002,0.13237329797699535,0.14790865778923035
2024-06-05,0,-0.7830962620363779,519.3359375,12.630000114440918,1.5300000000000002,0.1137459945406352,0.18544788658618927
2024-06-06,0,-0.8371028778296652,519.3262939453125,12.579999923706056,1.5,0.1044620215960848,0.19640186429023743
2024-06-07,0,-0.9607222127808652,518.6950073242188,12.220000267028809,1.46,0.06746211564846051,0.15313060581684113
2024-06-10,0,-0.843568300716233,520.297607421875,12.739999771118164,1.46,0.09556642789025174,0.2078741490840912
2024-06-11,0,-0.7941841348847376,521.5505981445312,12.850000381469728,1.4800000000000004,0.1052220824380527,0.2078741490840912
2024-06-12,0,-1.0078861811827422,525.834228515625,12.039999961853027,1.4800000000000004,0.044768226442542046,0.13991235196590424
2024-06-13,0,-0.932853960167304,526.8928833007812,11.9399995803833,1.5099999999999998,0.05033804715770845,0.15000177919864655
2024-06-14,0,-0.6499606167642159,527.2135009765625,12.65999984741211,1.5300000000000002,0.10186402180784533,0.1615682989358902
2024-06-17,0,-0.7559353782327598,531.4095458984375,12.75,1.5199999999999996,0.0910897482457468,0.13063892722129822
2024-06-18,0,-0.8401349030189179,532.7595825195312,12.300000190734863,1.5200000000000005,0.06209899197727081,0.07784505188465118
2024-06-20,0,-0.5956092682060823,531.3124389648438,13.279999732971191,1.54,0.12356263207615559,0.13444150984287262
2024-06-21,0,-0.5464931481646463,530.60009765625,13.199999809265137,1.5499999999999998,0.11776887954049647,0.11311888694763184
2024-06-24,0,-0.5626768129479317,528.8753051757812,13.329999923706056,1.5300000000000002,0.11386285705322252,0.12193424999713898
2024-06-25,0,-0.7147950694912186,530.9119262695312,12.84000015258789,1.5499999999999998,0.09160832271736805,0.1282428354024887
2024-06-26,0,-0.7044972377763221,531.5745849609375,12.550000190734863,1.5499999999999998,0.07620429112720556,0.11087954789400101
2024-06-27,0,-0.7615284240090578,532.41259765625,12.239999771118164,1.5499999999999998,0.06152908534651753,0.09882449358701706
2024-06-28,0,-0.7585071835329876,530.3175048828125,12.4399995803833,1.5499999999999998,0.07556579033077483,0.15024732053279877
2024-07-01,0,-0.8829046541894708,531.408935546875,12.220000267028809,1.5499999999999998,0.07866046194714589,0.12136560678482056
2024-07-02,0,-0.8630630577074293,534.9852294921875,12.029999732971191,1.5600000000000005,0.06770825481226361,0.09574173390865326
2024-07-03,0,-0.9556035624828012,537.3726196289062,12.09000015258789,1.5299999999999994,0.05723170821906156,0.10096859186887741
2024-07-05,0,-0.8718399080726077,540.4713134765625,12.479999542236328,1.5599999999999996,0.07901446556058447,0.1330098807811737
2024-07-08,0,-0.8165380103951191,541.0950927734375,12.369999885559082,1.54,0.07051508431571166,0.15402057766914368
2024-07-09,0,-0.7548847061385114,541.6211547851562,12.510000228881836,1.5600000000000005,0.09130436404741298,0.14497092366218567
2024-07-10,0,-0.8126653439577235,546.980712890625,12.850000381469728,1.5599999999999996,0.09929440146443991,0.15245290100574493
2024-07-11,0,-0.6276990341559965,542.2642211914062,12.920000076293944,1.58,0.143692221355616,0.10657300800085068
2024-07-12,0,-0.7383663516912388,545.6845092773438,12.460000038146973,1.58,0.09737966696615709,0.09238074719905853
2024-07-15,0,-0.5724261460374168,547.1853637695312,13.119999885559082,1.5799999999999992,0.1506520471365002,0.1715075969696045
2024-07-16,0,-0.6449175448229979,550.4302368164062,13.1899995803833,1.5600000000000005,0.12877757920999106,0.1528017669916153
2024-07-17,0,-0.2825682308116759,542.7125854492188,14.479999542236328,1.5599999999999996,0.2842137712156939,0.24086137115955353
2024-07-18,0,0.1337013180375524,538.5418090820312,15.93000030517578,1.5699999999999994,0.5948258253928954,0.6615111231803894
2024-07-19,1,0.3208625742112935,534.9656982421875,16.520000457763672,1.5700000000000005,0.6924467473120836,0.6432042717933655
2024-07-22,1,-0.046218279660377,540.4810791015625,14.90999984741211,1.58,0.44242938968895984,0.44452565908432007
2024-07-23,1,-0.0503620628267113,539.63330078125,14.720000267028809,1.59,0.41930866384918464,0.3662862479686737
2024-07-24,1,0.8182033395866161,527.4038696289062,18.040000915527344,1.6499999999999997,0.944148781858813,0.8956406712532043
2024-07-25,1,0.8997950985241503,524.6558837890625,18.459999084472656,1.62,0.9548077486544472,0.9208850264549255
2024-07-26,1,0.5369652250472551,530.531982421875,16.389999389648438,1.6499999999999997,0.8823079518537493,0.7778244614601135
2024-07-29,1,0.6009882572674535,530.84375,16.600000381469727,1.66,0.8774398652586575,0.8195445537567139
2024-07-30,1,0.757728805389826,528.1541748046875,17.690000534057617,1.6499999999999997,0.933887634092796,0.8936470746994019
2024-07-31,1,0.4730174052953916,536.7392578125,16.360000610351562,1.6799999999999995,0.8843767416393603,0.7611691355705261
2024-08-01,1,1.101779991863726,529.138427734375,18.59000015258789,1.71,0.9795279464477956,0.9229031205177307
2024-08-02,1,2.2806917262513005,519.2867431640625,23.38999938964844,1.7999999999999998,0.9994189953791527,0.9687646627426147
2024-08-05,1,4.969565409574997,504.1631164550781,38.56999969482422,1.85,0.9999999638810855,0.9838371872901917
2024-08-06,1,2.727731458542758,508.8113708496094,27.709999084472656,1.7799999999999998,0.9997752256800667,0.9814667105674744
2024-08-07,1,2.7805540477678754,505.410400390625,27.850000381469727,1.7999999999999998,0.9996954619746078,0.9834010004997253
2024-08-08,1,2.0705209241510816,517.0941772460938,23.790000915527344,1.7799999999999994,0.9967478661310054,0.9814543128013611
2024-08-09,1,1.5161330545104723,519.3743896484375,20.3700008392334,1.77,0.9770593852783828,0.968936026096344
2024-08-12,0,1.6231386382004402,519.6472778320312,20.709999084472656,1.7799999999999998,0.9807192058801476,0.9721843004226685
2024-08-13,0,1.2517602408125594,528.1931762695312,18.1200008392334,1.8000000000000005,0.9511458288953799,0.9446585178375244
2024-08-14,0,0.9145574005384584,529.8595581054688,16.190000534057617,1.7400000000000002,0.824463687268501,0.567137598991394
2024-08-15,0,0.373474772921037,538.9413452148438,15.229999542236328,1.6799999999999995,0.600792814519101,0.31444504857063293
2024-08-16,0,0.2605274397768508,540.149658203125,14.800000190734863,1.69,0.5636758961046525,0.24531464278697968
2024-08-19,0,0.0693905522637514,545.3142700195312,14.649999618530272,1.6800000000000002,0.48761950141233523,0.26895469427108765
2024-08-20,0,0.3510354579084512,544.427734375,15.880000114440918,1.69,0.5730106455208854,0.48458385467529297
2024-08-21,0,0.351855862400883,546.2985229492188,16.270000457763672,1.6900000000000004,0.6184105999389596,0.48600682616233826
2024-08-22,0,0.3772628587071541,542.0108642578125,17.549999237060547,1.6999999999999995,0.7682188683643187,0.6126837730407715
2024-08-23,0,0.0358173260579425,547.7698974609375,15.859999656677246,1.6999999999999995,0.588509651347222,0.4261687994003296
2024-08-26,0,0.2074097916269916,546.46435546875,16.149999618530273,1.6999999999999995,0.6036846930766073,0.4749304950237274
2024-08-27,0,0.1492398151517799,547.2145385742188,15.43000030517578,1.71,0.5522443450407979,0.372718870639801
2024-08-28,0,0.3459515304290697,544.0379028320312,17.110000610351562,1.71,0.7221745721379151,0.6263659000396729
2024-08-29,0,0.2954982570949314,544.0864868164062,15.649999618530272,1.6899999999999995,0.5561397774474984,0.4456786513328552
2024-08-30,0,-0.0120574218273871,549.2803955078125,15.0,1.6899999999999995,0.4265311015681509,0.28477248549461365
2024-09-03,0,0.7490939304059635,537.9767456054688,20.71999931335449,1.7300000000000004,0.9329863206347522,0.9073945879936218
2024-09-04,0,0.5276860251385785,536.8756103515625,21.31999969482422,1.73,0.9517223525857645,0.9196288585662842
2024-09-05,0,0.4888690771707968,535.56982421875,19.89999961853028,1.73,0.9232750782658871,0.8753809928894043
2024-09-06,0,0.8626228646599797,526.5560913085938,22.3799991607666,1.73,0.9791085425527755,0.9379940032958984
2024-09-09,0,0.6566836704995304,532.4514770507812,19.450000762939453,1.7299999999999995,0.9206283154014437,0.8855002522468567
2024-09-10,0,0.6427123696743887,534.7708129882812,19.07999992370605,1.7399999999999998,0.9171461549297376,0.8875951170921326
2024-09-11,0,0.4212708586697926,540.2569580078125,17.690000534057617,1.7500000000000004,0.8486863080670421,0.8199949264526367
2024-09-12,0,0.4096532733591432,544.8076171875,17.06999969482422,1.7399999999999998,0.7930001314042044,0.7324451804161072
2024-09-13,0,0.2827162101493417,547.653076171875,16.559999465942383,1.7199999999999998,0.7414874076721804,0.5934395790100098
2024-09-16,0,0.4492283866928581,548.4619140625,17.139999389648438,1.7000000000000002,0.7376321588465198,0.7225645780563354
2024-09-17,0,0.4644450146004411,548.6859741210938,17.610000610351562,1.6800000000000002,0.7280904689917458,0.7476097345352173
2024-09-18,0,0.6269686350222518,547.0586547851562,18.229999542236328,1.67,0.7361893839012987,0.7515859007835388
2024-09-19,0,0.2396195174606639,556.3938598632812,16.329999923706055,1.6700000000000004,0.504386446830996,0.4825380742549896
2024-09-20,0,0.2722394040835965,555.4320678710938,16.149999618530273,1.6700000000000004,0.4630741998793057,0.3863374590873718
2024-09-23,0,0.0883363605671874,556.8201293945312,15.890000343322754,1.6500000000000004,0.4023678467416144,0.4455718696117401
2024-09-24,0,0.1415881142923606,558.4132690429688,15.390000343322754,1.66,0.37879032175223837,0.33594799041748047
2024-09-25,0,0.1186276047803679,557.181640625,15.40999984741211,1.6500000000000004,0.3885815108124505,0.3293237090110779
2024-09-26,0,0.091284211920593,559.3907470703125,15.369999885559082,1.6500000000000004,0.33407004809111396,0.27139124274253845
2024-09-27,0,0.2486827501958052,558.5794677734375,16.959999084472656,1.66,0.5351696856432855,0.6224148869514465
2024-09-30,0,0.107579834625392,560.8177490234375,16.729999542236328,1.6300000000000003,0.4533557480160455,0.5668577551841736
2024-10-01,0,0.6263055402893342,555.7937622070312,19.26000022888184,1.6499999999999997,0.7250355379122584,0.6981250047683716
2024-10-02,0,0.3444877052405226,556.0283203125,18.89999961853028,1.6399999999999997,0.7072084316419539,0.7039927244186401
2024-10-03,0,0.459873396966675,555.0118408203125,20.489999771118164,1.6199999999999997,0.8094060688368252,0.7223021984100342
2024-10-04,0,0.0667043539972424,560.055419921875,19.209999084472656,1.5699999999999998,0.5857022691103407,0.7157081365585327
2024-10-07,0,0.2652727643312246,554.9923095703125,22.63999938964844,1.54,0.8610743799315558,0.7062389254570007
2024-10-08,0,0.1782937441407434,560.2410888671875,21.420000076293945,1.5499999999999998,0.8091533133293202,0.7581698894500732
2024-10-09,0,0.0614271010963466,564.12158203125,20.86000061035156,1.54,0.7356498478891851,0.7233318090438843
2024-10-10,0,0.2016555218843888,563.1343383789062,20.93000030517578,1.54,0.7578438098244327,0.7359890937805176
2024-10-11,0,0.1788055710601419,566.5065307617188,20.459999084472656,1.54,0.7209105269981497,0.7306764721870422
2024-10-14,0,0.0672162704540933,571.1396484375,19.700000762939453,1.54,0.6691437906063498,0.7130832076072693
2024-10-15,0,0.2396853687308623,566.7019653320312,20.63999938964844,1.5299999999999994,0.7304343641763171,0.6760030388832092
2024-10-16,0,0.0321757063588321,569.1651611328125,19.57999992370605,1.510000000000001,0.6009138449222771,0.6230892539024353
2024-10-17,0,0.0091682487510665,569.214111328125,19.11000061035156,1.5300000000000002,0.5697339657544606,0.6127158999443054
2024-10-18,0,0.0493523215970155,571.403564453125,18.030000686645508,1.5300000000000002,0.43681059001052774,0.48628777265548706
2024-10-21,0,0.117536412426207,570.4651489257812,18.3700008392334,1.54,0.4790036004888516,0.5308414697647095
2024-10-22,0,0.1709933182866215,570.1621704101562,18.200000762939453,1.5499999999999998,0.5273471244312218,0.6647998690605164
2024-10-23,0,0.3923481759235049,564.952392578125,19.239999771118164,1.54,0.6588745293162144,0.6042203903198242
2024-10-24,0,0.272136277988075,566.1741333007812,19.07999992370605,1.5200000000000005,0.6172782521852263,0.5387447476387024
2024-10-25,0,0.4240118854602469,565.9786376953125,20.32999992370605,1.5099999999999998,0.71587178371304,0.5683402419090271
2024-10-28,0,0.321166561968257,567.7283935546875,19.799999237060547,1.5099999999999998,0.6741259193869268,0.5661042332649231
2024-10-29,0,0.2458320455775071,568.6470947265625,19.34000015258789,1.489999999999999,0.6016601502374022,0.609217643737793
2024-10-30,0,0.1339921429487007,566.9268188476562,20.350000381469727,1.4400000000000004,0.6642778664912404,0.6535837054252625
2024-10-31,0,0.7272703562381758,555.8134155273438,23.15999984741211,1.46,0.9228751314734218,0.7398160696029663
2024-11-01,0,0.5183198125441166,558.1590576171875,21.8799991607666,1.46,0.8803707848851653,0.6572410464286804
2024-11-04,0,0.6505242843420057,556.9568481445312,21.979999542236328,1.46,0.8731952232987455,0.6592419147491455
2024-11-05,0,0.2137068892947971,563.6915283203125,20.489999771118164,1.4500000000000002,0.762538134306268,0.6058965921401978
2024-11-06,0,-0.5574286688425977,577.7080078125,16.270000457763672,1.4000000000000004,0.2855198893912806,0.40976718068122864
2024-11-07,0,-0.5412339697414854,582.1748657226562,15.199999809265137,1.4400000000000004,0.2762820285814795,0.2003840208053589
2024-11-08,0,-0.8354178014303519,584.6967163085938,14.9399995803833,1.38,0.1577076863133649,0.23020030558109283
2024-11-11,0,-0.7680712911288499,585.25390625,14.970000267028809,1.38,0.1718120744489528,0.23020030558109283
2024-11-12,0,-0.7213638643564022,583.4359130859375,14.710000038146973,1.3600000000000003,0.12875167118768288,0.19020740687847137
2024-11-13,0,-0.7174611159821861,583.7192993164062,14.020000457763672,1.4099999999999993,0.13789826086277682,0.173834428191185
2024-11-14,0,-0.6224668007175168,579.9659423828125,14.3100004196167,1.3900000000000006,0.1178877972119433,0.22099272906780243
2024-11-15,0,-0.216982081635173,572.5374145507812,16.139999389648438,1.41,0.3098057609636928,0.322604238986969
2024-11-18,0,-0.2421682160119532,574.8832397460938,15.579999923706056,1.42,0.28514921562256573,0.23341618478298187
2024-11-19,0,-0.2271024925516904,576.984619140625,16.350000381469727,1.42,0.3578615109243351,0.3445875346660614
2024-11-20,0,-0.1218074267036534,577.1802368164062,17.15999984741211,1.4299999999999995,0.41223357806960337,0.42758381366729736
2024-11-21,0,-0.3247280654924098,580.2786865234375,16.8700008392334,1.4300000000000006,0.41104637427204505,0.37415751814842224
2024-11-22,0,-0.5013177417567367,582.0772705078125,15.239999771118164,1.4299999999999995,0.2893065917130549,0.1848101019859314
2024-11-25,0,-0.6449614269848952,584.0516357421875,14.600000381469728,1.4200000000000008,0.21488435391333727,0.2141840159893036
2024-11-26,0,-0.6877561316338626,587.1012573242188,14.100000381469728,1.4300000000000006,0.19263880622992235,0.20899558067321777
2024-11-27,0,-0.631219354642227,585.322265625,14.100000381469728,1.4299999999999995,0.1940468432594328,0.18860022723674774
2024-11-29,0,-0.7765684196934473,588.9584350585938,13.510000228881836,1.4400000000000004,0.13964876092377446,0.14803902804851532
2024-12-02,0,-1.1822479041975604,590.0140380859375,13.34000015258789,1.4099999999999993,0.11034394021358626,0.13941895961761475
2024-12-03,0,-1.171265430091538,590.2876586914062,13.300000190734863,1.3999999999999997,0.112027268765919,0.1456984430551529
2024-12-04,0,-1.303056954338243,593.953125,13.449999809265137,1.3899999999999997,0.09747698584947452,0.13357038795948029
2024-12-05,0,-1.0694372182802585,592.9756469726562,13.539999961853027,1.4000000000000004,0.09211552136162895,0.1600525826215744
2024-12-06,0,-0.7753606342202491,594.0997314453125,12.770000457763672,1.42,0.07517129144991715,0.10649360716342926
2024-12-09,0,-0.4610671042443593,591.0404052734375,14.1899995803833,1.42,0.1381274433122375,0.18965467810630798
2024-12-10,0,-0.3982654817145039,589.2027587890625,14.18000030517578,1.41,0.14046922061706535,0.18168725073337555
2024-12-11,0,-0.510518038655729,593.7576904296875,13.579999923706056,1.42,0.11543074810207662,0.17050296068191528
2024-12-12,0,-0.3805634198711203,590.6982421875,13.920000076293944,1.4399999999999995,0.1583531918237044,0.17374788224697113
2024-12-13,0,-0.4496968819617032,590.5810546875,13.8100004196167,1.42,0.12891462799619102,0.15515772998332977
2024-12-16,0,-0.4991306603131424,593.1027221679688,14.6899995803833,1.42,0.15948600749654251,0.3450734317302704
2024-12-17,0,-0.59347705732669,590.6590576171875,15.869999885559082,1.3899999999999997,0.20937987790656518,0.3126915991306305
2024-12-18,0,0.995178504925164,573.055419921875,27.6200008392334,1.37,0.9776607771064474,0.4440666437149048
2024-12-19,0,0.7590512948296722,572.8794555664062,24.09000015258789,1.3999999999999997,0.9380561741443731,0.5791596174240112
2024-12-20,0,0.1297844487757072,579.7603149414062,18.36000061035156,1.4300000000000006,0.6789633144510123,0.6128734946250916
2024-12-23,0,-0.0671093161163479,583.2319946289062,16.780000686645508,1.42,0.46423632630178985,0.43168142437934875
2024-12-24,0,-0.5157944462192615,589.7147216796875,14.270000457763672,1.3900000000000006,0.20818110793572986,0.1885056495666504
2024-12-26,0,-0.3915743338210693,589.75390625,14.729999542236328,1.4000000000000004,0.3030483500148805,0.22081013023853302
2024-12-27,0,-0.0643539159943423,583.5459594726562,15.949999809265137,1.3999999999999997,0.44413349347145453,0.3243715465068817
2024-12-30,0,0.2845005510079858,576.8866577148438,17.399999618530273,1.4300000000000006,0.6548294779129027,0.4956818222999573
2024-12-31,0,0.3691000177709862,574.7880249023438,17.350000381469727,1.42,0.631574039259793,0.4407774806022644
2025-01-02,0,0.5719915811655013,573.375732421875,17.93000030517578,1.4499999999999993,0.733043365658077,0.514464259147644
2025-01-03,0,0.2044793535027934,580.544921875,16.1299991607666,1.4400000000000004,0.5076696818724412,0.2804001271724701
2025-01-06,0,0.1987770958770522,583.8890380859375,16.040000915527344,1.4399999999999995,0.49553525403121035,0.26378849148750305
2025-01-07,0,0.5903492460243275,577.2888793945312,17.81999969482422,1.4699999999999998,0.7420732729946403,0.5383172631263733
2025-01-08,0,0.6096276682335645,578.1322021484375,17.700000762939453,1.4800000000000004,0.7576744781654123,0.5776439905166626
2025-01-10,0,0.715889815128457,569.3056030273438,19.540000915527344,1.4200000000000008,0.8029094292355968,0.6291959881782532
2025-01-13,0,0.6800182295489742,570.1883544921875,19.190000534057617,1.4400000000000004,0.7963446352393873,0.6266440153121948
2025-01-14,0,0.6994563433376076,570.9729614257812,18.709999084472656,1.4399999999999995,0.727523413040416,0.5808669328689575
2025-01-15,0,0.1566891487651846,581.35888671875,16.1200008392334,1.4399999999999995,0.47060497537954854,0.16045865416526794
2025-01-16,0,0.2871325195811379,580.2408447265625,16.600000381469727,1.46,0.5181675400220599,0.2409723550081253
2025-01-17,0,0.1538306687390229,586.06640625,15.970000267028809,1.46,0.5099348776003936,0.14401227235794067
2025-01-21,0,-0.096371725690662,591.4310302734375,15.0600004196167,1.46,0.3021172055555441,0.12610909342765808
2025-01-22,0,-0.6317101628293273,594.7557373046875,15.100000381469728,1.4300000000000006,0.24124134940218625,0.16522939503192902
2025-01-23,0,-0.7093976909025584,598.0018920898438,15.020000457763672,1.4299999999999995,0.18691051689332594,0.16228707134723663
2025-01-24,0,-0.5366515322858463,596.2562255859375,14.850000381469728,1.4299999999999995,0.18077709095871236,0.1494913250207901
2025-01-27,0,0.0823247908831989,587.8218383789062,17.899999618530273,1.4500000000000002,0.472467213644601,0.42681992053985596
2025-01-28,0,-0.0366291637779122,592.8727416992188,16.40999984741211,1.4500000000000002,0.305831176866868,0.16993068158626556
2025-01-29,0,0.0333553440281964,590.21484375,16.559999465942383,1.4500000000000002,0.3162412013583202,0.2213830202817917
2025-01-30,0,-0.2335733457595664,593.3826293945312,15.84000015258789,1.4500000000000002,0.2435191466302399,0.15164755284786224
2025-01-31,0,-0.249711848556955,590.2247314453125,16.43000030517578,1.4500000000000002,0.317218564120699,0.16423381865024567
2025-02-03,0,0.0406686470993711,586.252685546875,18.6200008392334,1.46,0.5986639411200593,0.49620866775512695
2025-02-04,0,-0.2137230456669394,590.1854858398438,17.209999084472656,1.4600000000000009,0.42836589511630635,0.30524396896362305
2025-02-05,0,-0.2858614141316556,592.578369140625,15.770000457763672,1.4500000000000002,0.300889789351841,0.18019111454486847
2025-02-06,0,-0.3173958059678448,594.637939453125,15.5,1.4399999999999995,0.23854603851134318,0.11994016915559769
2025-02-07,0,-0.2084453278105827,589.1949462890625,16.540000915527344,1.4500000000000002,0.39535024154911896,0.21528616547584534
2025-02-10,0,-0.3493645236579461,593.1962890625,15.8100004196167,1.4500000000000002,0.31464287562395754,0.1476603001356125
2025-02-11,0,-0.5011984663700592,593.6474609375,16.020000457763672,1.46,0.3419633353203235,0.14497651159763336
2025-02-12,0,-0.4857475042144047,591.7349243164062,15.890000343322754,1.4500000000000002,0.3347202359986709,0.14985094964504242
2025-02-13,0,-0.7148389196471346,597.9822387695312,15.100000381469728,1.4400000000000004,0.22366603174467514,0.13955456018447876
2025-02-14,1,-0.4526829763543534,597.9529418945312,14.770000457763672,1.46,0.2535700797457634,0.1345684677362442
2025-02-18,1,-0.5183100061806918,599.7083740234375,15.350000381469728,1.4400000000000004,0.23540344946914854,0.14405962824821472
2025-02-19,1,-0.3654143562158888,601.1205444335938,15.270000457763672,1.46,0.2465772642866983,0.15467125177383423
2025-02-20,1,-0.127795362744384,598.6196899414062,15.65999984741211,1.4699999999999998,0.3073624030002693,0.10026361048221588
2025-02-21,1,0.4766721049199445,588.3809204101562,18.209999084472656,1.4900000000000002,0.628532413958933,0.5218278169631958
2025-02-24,1,0.6414930384043699,585.7035522460938,18.979999542236328,1.4799999999999995,0.6851372905203169,0.4730271100997925
2025-02-25,1,0.7701343971980489,582.7906494140625,19.43000030517578,1.5,0.7517761445499694,0.47288647294044495
2025-02-26,1,0.5826782195167999,583.0850219726562,19.100000381469727,1.5099999999999998,0.7127568553046374,0.5284430384635925
2025-02-27,1,1.1111957417916811,573.77783203125,21.1299991607666,1.5199999999999996,0.8811375242074189,0.5026113986968994
2025-02-28,1,0.8693097398217646,582.73193359375,19.6299991607666,1.5699999999999994,0.8733585821789682,0.8980029225349426
2025-03-03,1,1.5811076420035886,572.5223388671875,22.780000686645508,1.6099999999999994,0.9740091200155254,0.9509283900260925
2025-03-04,1,1.7136869812277844,565.7456665039062,23.51000022888184,1.6100000000000003,0.9824364266980125,0.9617633819580078
2025-03-05,1,1.2069050825073704,571.8261108398438,21.93000030517578,1.5699999999999994,0.9495773269244694,0.9386995434761047
2025-03-06,1,1.8359337070707047,561.6755981445312,24.8700008392334,1.59,0.9889066193974686,0.9711941480636597
2025-03-07,1,1.710551514216805,564.8236694335938,23.3700008392334,1.6099999999999994,0.9749990449919688,0.9615029096603394
2025-03-10,1,2.5576158700552107,549.7792358398438,27.86000061035156,1.6400000000000006,0.9971382389897139,0.9763017296791077
2025-03-11,1,2.530451628160016,545.208984375,26.920000076293945,1.6799999999999995,0.9973968975114937,0.9782803058624268
2025-03-12,1,2.1538723716883084,548.102294921875,24.229999542236328,1.6499999999999997,0.9891245041243003,0.9783086180686951
2025-03-13,1,2.461623263696072,540.7957763671875,24.65999984741211,1.7000000000000002,0.9946737048585466,0.9804968237876892
2025-03-14,1,1.7562429421331618,551.9663696289062,21.770000457763672,1.6500000000000004,0.9675617411277335,0.9525646567344666
2025-03-17,1,1.5849655364227837,556.2227172851562,20.51000022888184,1.6300000000000008,0.9401722217285875,0.9244215488433838
2025-03-18,1,1.7785512457586077,550.2108154296875,21.700000762939453,1.63,0.9580359999359993,0.9336989521980286
2025-03-19,1,1.5439975826705716,556.203125,19.89999961853028,1.6399999999999997,0.9273852331397021,0.89185631275177
2025-03-20,1,1.5641083784248777,554.5946655273438,19.799999237060547,1.6399999999999997,0.9158258882035948,0.8643056750297546
2025-03-21,1,1.576507831990947,554.777587890625,19.280000686645508,1.6799999999999995,0.9153057666168593,0.8806707262992859
2025-03-24,1,0.9370780487193304,564.712890625,17.479999542236328,1.6400000000000006,0.7494346974676342,0.6086060404777527
2025-03-25,1,0.8939096844093634,566.0703125,17.149999618530273,1.66,0.7623903960312589,0.637435793876648
2025-03-26,1,1.0610436467623456,559.3124389648438,18.32999992370605,1.66,0.8120405526968129,0.7796647548675537
2025-03-27,1,1.1762800303896963,557.8270874023438,18.690000534057617,1.6799999999999995,0.8559015668841312,0.7864534258842468
2025-03-28,1,1.6283024443695362,546.5933837890625,21.64999961853028,1.7300000000000004,0.9623988727601938,0.963265061378479
2025-03-31,1,1.8431432858606005,550.2625732421875,22.280000686645508,1.7599999999999998,0.9674051101368153,0.9587953686714172
2025-04-01,1,1.4935431138240656,551.8167114257812,21.770000457763672,1.7300000000000004,0.9336391428523643,0.9446649551391602
2025-04-02,1,1.2821807369292346,555.308837890625,21.51000022888184,1.7299999999999995,0.9276875515267222,0.9390048980712891
2025-04-03,1,3.087220514130842,527.9427490234375,30.020000457763672,1.8900000000000008,0.9994798776377851,0.9889127016067505
2025-04-04,1,4.880180653455258,497.0354614257813,45.310001373291016,1.9400000000000004,0.999998957376799,0.9874795079231262
2025-04-07,1,4.987456238235729,496.1501159667969,46.97999954223633,2.02,0.9999988047669883,0.9874795079231262
2025-04-08,1,4.923770522252888,488.3790588378906,52.33000183105469,2.0,0.999999065518693,0.9874795079231262
2025-04-09,1,2.506980758016262,539.6683349609375,33.619998931884766,2.0200000000000005,0.9997339471010931,0.9785287380218506
2025-04-10,1,3.2006333296858087,516.0205688476562,40.720001220703125,1.97,0.9999263250998729,0.984650731086731
2025-04-11,1,2.4633677562936374,525.227783203125,37.560001373291016,1.9,0.9997695599497405,0.9855441451072693
2025-04-14,1,2.1001071309418697,530.3233032226562,30.88999938964844,1.9000000000000004,0.9982928432199484,0.9851647615432739
2025-04-15,1,2.113230324058717,528.837890625,30.1200008392334,1.9000000000000004,0.9980957648782427,0.9829744696617126
2025-04-16,1,2.3798032649096315,517.0828247070312,32.63999938964844,1.92,0.9973042825640779,0.9874795079231262
2025-04-17,1,2.247388833634884,517.8206176757812,29.64999961853028,1.92,0.9969503300011343,0.9801210165023804
2025-04-21,1,2.72404792849048,505.4951477050781,33.81999969482422,1.96,0.9991340304048594,0.9874795079231262
2025-04-22,1,2.2171468517122555,518.64697265625,30.56999969482422,1.93,0.9968566695257033,0.9779304265975952
2025-04-23,1,1.924037666474808,526.6837158203125,28.450000762939453,1.86,0.9876842305876326,0.9474912285804749
2025-04-24,1,1.6466942550648245,537.769775390625,26.46999931335449,1.86,0.9789153910857517,0.8278852105140686
2025-04-25,1,1.3380699678500747,541.6553955078125,24.84000015258789,1.84,0.9575032343967779,0.6090471744537354
2025-04-28,1,1.3883714107692426,541.8618774414062,25.14999961853028,1.8699999999999992,0.9697916936391484,0.7074602246284485
2025-04-29,1,1.1196371518358124,545.2752685546875,24.170000076293945,1.88,0.9490933873185315,0.6096923351287842
2025-04-30,0,1.372398936021409,545.49169921875,24.700000762939453,1.96,0.9712928572722885,0.6510719656944275
2025-05-01,0,1.2909404723005231,549.357421875,24.600000381469727,1.95,0.9473807498036196,0.6116981506347656
2025-05-02,0,0.9865330965616208,557.5122680664062,22.68000030517578,1.9000000000000004,0.8347137238903238,0.2664691209793091
2025-05-05,0,0.6540680252002687,554.3153076171875,23.63999938964844,1.91,0.8214731446531628,0.4034251570701599
2025-05-06,0,0.3098987546983572,549.6821899414062,24.76000022888184,1.95,0.9059873852284737,0.40482237935066223
2025-05-07,0,0.1857441699200883,551.993896484375,23.549999237060547,1.95,0.8651934972445184,0.3463251292705536
2025-05-08,0,-0.2137798011715093,555.8399047851562,22.479999542236328,1.89,0.3908966734222465,0.32923462986946106
2025-05-09,0,0.675047334801356,555.1318359375,21.89999961853028,1.89,0.26902780073455557,0.29312238097190857
2025-05-12,0,-0.3545884150152116,573.4774780273438,18.38999938964844,1.82,0.0893426371440387,0.12143808603286743
2025-05-13,0,-0.2553659708003582,577.2647094726562,18.21999931335449,1.82,0.0842359455981403,0.11694242060184479
2025-05-14,0,-0.1968934208791617,578.00244140625,18.6200008392334,1.7999999999999998,0.08338098348152471,0.13176953792572021
2025-05-15,0,-0.2429194922544885,580.8255615234375,17.829999923706055,1.83,0.0880418292922379,0.09773401916027069
2025-05-16,0,-0.547551957059784,584.5045166015625,17.239999771118164,1.8200000000000005,0.08185475276169239,0.10178107023239136
2025-05-19,0,-0.4412125832738381,585.1439208984375,18.13999938964844,1.84,0.08210668638738347,0.09708110988140106
2025-05-20,0,-0.6584579865333051,583.176513671875,18.09000015258789,1.82,0.07579637188930782,0.09320157766342163
2025-05-21,0,-0.0595125270647693,573.3495483398438,20.8700008392334,1.85,0.22902790983609253,0.20052579045295715
2025-05-22,0,0.0712325489498264,573.5758056640625,20.280000686645508,1.87,0.22759424514091392,0.21570459008216858
2025-05-23,0,0.4211717186078114,569.6607666015625,22.290000915527344,1.88,0.34916243010633885,0.46658122539520264
2025-05-27,0,0.038874606457393,581.5043334960938,18.959999084472656,1.84,0.15361277682808222,0.11631914228200912
2025-05-28,0,0.083869442122089,578.14013671875,19.309999465942383,1.83,0.19084006019104946,0.155621737241745
2025-05-29,0,0.0511819381128888,580.4223022460938,19.18000030517578,1.8100000000000005,0.20088102527238566,0.16788271069526672
2025-05-30,0,0.0849307187509017,579.7730102539062,18.56999969482422,1.84,0.229850576889484,0.19791461527347565
2025-06-02,0,0.0802341926807304,583.0388793945312,18.36000061035156,1.84,0.2227698470695756,0.17007476091384888
2025-06-03,0,0.0498429610563146,586.36376953125,17.690000534057617,1.81,0.1432649428441636,0.10733602941036224
2025-06-04,0,-0.0211075173424978,586.206298828125,17.610000610351562,1.7999999999999998,0.15866000531106744,0.16888698935508728
2025-06-05,0,-0.063582146214433,583.373291015625,18.479999542236328,1.7699999999999996,0.18060980840670016,0.1719367951154709
2025-06-06,0,-0.2905717834014385,589.364013671875,16.770000457763672,1.7300000000000004,0.10667430196308779,0.12377849221229553
2025-06-09,0,-0.2416582056657878,589.8950805664062,17.15999984741211,1.7199999999999998,0.10834277300023108,0.13710623979568481
2025-06-10,0,-0.3292445345577608,593.2396850585938,16.950000762939453,1.71,0.07422626302387274,0.10996062308549881
2025-06-11,0,0.0203782912068654,591.5476684570312,17.260000228881836,1.7400000000000002,0.10327894733923079,0.12411721795797348
2025-06-12,0,0.0602381261250173,593.8987426757812,18.020000457763672,1.7299999999999995,0.12127779808393126,0.12387056648731232
2025-06-13,0,0.3514383861308692,587.2588500976562,20.81999969482422,1.75,0.24827031213107717,0.34399905800819397
2025-06-16,0,0.1946505192070363,592.84619140625,19.11000061035156,1.7400000000000002,0.17137321219574667,0.18126699328422546
2025-06-17,0,0.4449240928935232,587.7802124023438,21.600000381469727,1.7400000000000002,0.264287855479402,0.3820383548736572
2025-06-18,0,0.4250522196243848,587.6917114257812,20.13999938964844,1.7700000000000005,0.25175419051565423,0.4023747146129608
2025-06-20,0,0.4210122891842978,586.3114624023438,20.6200008392334,1.7599999999999998,0.22849648759720614,0.3190625011920929
2025-06-23,0,0.1892755750108654,592.1027221679688,19.82999992370605,1.7700000000000005,0.20049251746825775,0.16239774227142334
2025-06-24,0,-0.0125071428287285,598.6438598632812,17.479999542236328,1.7800000000000002,0.11643833344400878,0.10549867153167725
2025-06-25,0,-0.0947101514955401,598.9793090820312,16.760000228881836,1.79,0.10410949163774422,0.09478718787431717
2025-06-26,0,0.0109375462547119,603.66552734375,16.59000015258789,1.7999999999999998,0.09600750173202095,0.08585521578788757
2025-06-27,0,-0.1104612272966875,606.664794921875,16.31999969482422,1.79,0.08451698290681488,0.07689759880304337
2025-06-30,0,-0.1749760241450019,609.5654296875,16.729999542236328,1.75,0.05965394515173607,0.0990152433514595
2025-07-01,0,-0.2367940315584762,609.3681030273438,16.829999923706055,1.7200000000000006,0.054024539647987715,0.0848359540104866
2025-07-02,0,-0.2811044306311864,612.130615234375,16.639999389648438,1.7000000000000002,0.055837655982033385,0.0848359540104866
2025-07-03,0,-0.3743184082023159,616.9549560546875,16.3799991607666,1.67,0.036579504237606926,0.0795271098613739
2025-07-07,0,-0.158540206638003,612.357421875,17.790000915527344,1.71,0.07297673133528608,0.08033433556556702
2025-07-08,0,-0.2524515706985658,612.0220336914062,16.809999465942383,1.71,0.11871110420840732,0.13053418695926666
2025-07-09,0,-0.2351126276309926,615.6921997070312,15.9399995803833,1.7300000000000004,0.14461818375853197,0.0986015573143959
2025-07-10,0,-0.3216366871546176,617.4285278320312,15.779999732971191,1.7000000000000002,0.11503968856392464,0.07459551095962524
2025-07-11,0,-0.1773420119252396,615.2579956054688,16.399999618530273,1.7200000000000006,0.15717034971105442,0.13565035164356232
2025-07-14,0,-0.1487604951523694,616.43212890625,17.200000762939453,1.7300000000000004,0.1949867510523935,0.22365832328796387
2025-07-15,0,-0.1377141714540392,613.7979125976562,17.3799991607666,1.7000000000000002,0.1840816492710081,0.1725768744945526
2025-07-16,0,-0.2056975370749411,615.8499755859375,17.15999984741211,1.7300000000000004,0.19980534850524925,0.21968980133533478
2025-07-17,0,-0.2605941152248069,619.6187133789062,16.520000457763672,1.71,0.1547372469131934,0.16642290353775024
2025-07-18,0,-0.290186482564349,619.1649169921875,16.40999984741211,1.7299999999999995,0.19189680555440133,0.18907283246517181
2025-07-21,0,-0.2934887918433043,620.3389892578125,16.649999618530273,1.7300000000000004,0.1963317322635309,0.21138663589954376
2025-07-22,0,-0.3227039961720771,620.427734375,16.5,1.7300000000000004,0.22767229128212665,0.220758318901062
2025-07-23,0,-0.4197511288358684,625.7060546875,15.369999885559082,1.71,0.14121174166766523,0.16492310166358948
2025-07-24,0,-0.3946220345440463,625.9131469726562,15.390000343322754,1.6800000000000006,0.12104091675392455,0.12346318364143372
2025-07-25,0,-0.4305927313120806,628.5572509765625,14.93000030517578,1.6899999999999995,0.11686172931733332,0.15602950751781464
2025-07-28,0,-0.3629976136957623,628.3994140625,15.029999732971191,1.6900000000000004,0.11955333655017789,0.16840477287769318
2025-07-29,0,-0.2263899433892702,626.7420043945312,15.979999542236328,1.7000000000000002,0.16476261389232189,0.3339550793170929
2025-07-30,0,-0.2299067289509111,625.95263671875,15.479999542236328,1.6900000000000004,0.14655013631041633,0.18411290645599365
2025-07-31,0,-0.1677828814295053,623.6046142578125,16.719999313354492,1.67,0.19074628297984278,0.31980955600738525
2025-08-01,0,0.3669927172866842,613.383544921875,20.3799991607666,1.75,0.5447043751293162,0.4370224177837372
2025-08-04,0,0.1197352077631612,622.7067260742188,17.520000457763672,1.7400000000000002,0.3500753807762137,0.30966731905937195
2025-08-05,0,0.0818738679289492,619.5496826171875,17.850000381469727,1.7200000000000006,0.34445200877128335,0.3292468786239624
2025-08-06,0,0.0157326530079873,624.2952270507812,16.770000457763672,1.75,0.34965801324710527,0.25765877962112427
2025-08-07,0,0.0379709547548005,623.7722778320312,16.56999969482422,1.739999999999999,0.3666645079256855,0.26731643080711365
2025-08-08,0,-0.0821934449560825,628.6361694335938,15.149999618530272,1.7400000000000002,0.29100049882227674,0.1477634161710739
2025-08-11,0,-0.0599419399189561,627.39306640625,16.25,1.7200000000000006,0.2874447151901119,0.2634264826774597
2025-08-12,0,-0.196278842053932,634.0723266601562,14.729999542236328,1.7299999999999995,0.24544095406873898,0.07359614223241806
2025-08-13,0,-0.3054082638005982,636.2428588867188,14.489999771118164,1.71,0.1781060627837056,0.058479584753513336
2025-08-14,0,-0.254687128719362,636.302001953125,14.829999923706056,1.71,0.2043830437798029,0.09952110052108765
2025-08-15,0,-0.2085483635445718,634.8123168945312,15.09000015258789,1.6899999999999995,0.19126762171173117,0.10801347345113754
2025-08-18,0,-0.1952492899326572,634.674072265625,14.989999771118164,1.7000000000000002,0.232444741424288,0.12409201264381409
2025-08-19,0,-0.0802115769559155,631.23095703125,15.56999969482422,1.71,0.2614403287205044,0.1705033928155899
2025-08-20,0,-0.0111799341616069,629.5537109375,15.6899995803833,1.7299999999999995,0.3073707599254268,0.22419683635234833
2025-08-21,0,0.1204837560256727,627.0281372070312,16.600000381469727,1.7199999999999998,0.3541828209567639,0.26887229084968567
2025-08-22,0,-0.1235930922262332,636.6571655273438,14.220000267028809,1.7300000000000004,0.25870999311819254,0.13932114839553833
2025-08-25,0,-0.0809995244202214,633.8552856445312,14.789999961853027,1.7000000000000002,0.23931189901729952,0.161779522895813
2025-08-26,0,-0.0258531083006745,636.5091552734375,14.619999885559082,1.75,0.31539298465749255,0.1327924281358719
2025-08-27,0,-0.0094462031201874,637.9595336914062,14.850000381469728,1.7699999999999996,0.3357556033437751,0.2068551778793335
2025-08-28,0,-0.1133968960103926,640.21875,14.43000030517578,1.75,0.28682001691483094,0.09872503578662872
2025-08-29,0,0.0605444137237649,636.4006958007812,15.359999656677246,1.7999999999999998,0.35885588359946696,0.1533338725566864
2025-09-02,0,0.1211786061828703,631.6847534179688,17.170000076293945,1.81,0.51119916003199,0.38412347435951233
2025-09-03,0,0.0844520885130252,635.1082763671875,16.350000381469727,1.7800000000000002,0.37035873552543785,0.2955836057662964
2025-09-04,0,-0.0465941464156788,640.4160766601562,15.300000190734863,1.7999999999999998,0.318192271389074,0.21711918711662292
2025-09-05,0,-0.0132764000854323,638.561279296875,15.18000030517578,1.7800000000000002,0.2885224325380034,0.2065497487783432
2025-09-08,0,-0.0818947490670551,640.1299438476562,15.109999656677246,1.7599999999999998,0.25687861236226656,0.21106098592281342
2025-09-09,0,-0.0635908924180187,641.60986328125,15.039999961853027,1.75,0.2530530244555718,0.17845793068408966
2025-09-10,0,-0.081879995597541,643.4646606445312,15.350000381469728,1.75,0.2590953332873441,0.1632721722126007
2025-09-11,0,-0.1223063542435836,648.8120727539062,14.710000038146973,1.7400000000000002,0.18295947495003487,0.1436099112033844
2025-09-12,0,-0.1674623109904619,648.5948486328125,14.760000228881836,1.7000000000000002,0.16282368531650898,0.12144727259874344
2025-09-15,0,-0.1881452923745543,652.0479736328125,15.6899995803833,1.6800000000000006,0.17325077111287213,0.1713041514158249
2025-09-16,0,-0.1337673567031122,651.1502075195312,16.360000610351562,1.6900000000000004,0.2131967381847662,0.21172566711902618
2025-09-17,0,-0.145295710791675,650.3411865234375,15.720000267028809,1.7000000000000002,0.20232683662608458,0.18443229794502258
2025-09-18,0,-0.2647711441860101,653.3798828125,15.699999809265137,1.6799999999999995,0.16819797013285478,0.19416771829128265
2025-09-19,0,-0.3390383474907442,656.6160278320312,15.449999809265137,1.6800000000000006,0.16966689790164644,0.134416401386261
2025-09-22,0,-0.3863270367478864,659.7224731445312,16.100000381469727,1.67,0.14933525784875895,0.18015405535697937
2025-09-23,0,-0.1477679784243644,656.1312866210938,16.639999389648438,1.6899999999999995,0.20120910170645062,0.214727520942688
2025-09-24,0,-0.2054243999225224,654.043701171875,16.18000030517578,1.6799999999999995,0.19671955661145413,0.17547407746315002
2025-09-25,0,-0.1215478400894257,651.0263061523438,16.739999771118164,1.67,0.22904573063036385,0.29360872507095337
2025-09-26,0,-0.2778006546557622,654.7560424804688,15.289999961853027,1.6499999999999997,0.15327934391742434,0.15893453359603882
2025-09-29,0,-0.2401391269840756,656.5962524414062,16.1200008392334,1.6399999999999997,0.15681377994419735,0.2313152253627777
2025-09-30,0,-0.2472589479498198,659.0695190429688,16.280000686645508,1.67,0.1867231754592518,0.3137601912021637
2025-10-01,0,-0.2927752484028043,661.3153686523438,16.290000915527344,1.6899999999999995,0.21470745111165182,0.35768550634384155
2025-10-02,0,-0.257008968294828,662.0770263671875,16.6299991607666,1.6800000000000006,0.22620878331437078,0.4657648801803589
2025-10-03,0,-0.2295504279152986,662.0672607421875,16.649999618530273,1.66,0.21070455708144514,0.4649414122104645
2025-10-06,0,-0.3160382042868112,664.4415283203125,16.3700008392334,1.6500000000000004,0.19173117054011188,0.36938825249671936
2025-10-07,0,-0.1736907612802352,661.9781494140625,17.239999771118164,1.67,0.24720907740880357,0.42645972967147827
2025-10-08,0,-0.2402122386953417,665.925537109375,16.299999237060547,1.6799999999999995,0.20576969291646097,0.39604684710502625
2025-10-09,0,-0.1675888845358185,663.996337890625,16.43000030517578,1.6900000000000004,0.22749182089441258,0.4305135905742645
2025-10-10,0,0.4881782873052718,646.0499877929688,21.65999984741211,1.7199999999999998,0.7040063593710445,0.5516908764839172
2025-10-13,0,0.2042485579646592,655.9630126953125,19.030000686645508,1.7199999999999998,0.561588866605699,0.33126193284988403
2025-10-14,0,0.3424833350659839,655.1616821289062,20.809999465942383,1.71,0.6225565204467467,0.5097809433937073
2025-10-15,0,0.2261326304692763,658.0703125,20.63999938964844,1.6800000000000006,0.5342910748826764,0.4609529376029968
2025-10-16,0,0.6149666009867217,653.588623046875,25.309999465942383,1.71,0.8137974094824466,0.8334366083145142
2025-10-17,0,0.3033153577007907,657.2986450195312,20.780000686645508,1.7000000000000002,0.643933552583858,0.5546466708183289
2025-10-20,0,0.0630090957724942,664.1348876953125,18.229999542236328,1.6799999999999995,0.4126916229263907,0.3527751564979553
2025-10-21,0,0.0557425653250626,664.1249389648438,17.8700008392334,1.6700000000000004,0.3692556898919763,0.3233276605606079
2025-10-22,0,0.1366670986349013,660.6722412109375,18.600000381469727,1.69,0.46768883855662224,0.3238592743873596
2025-10-23,0,-0.0748706695947855,664.5899658203125,17.299999237060547,1.66,0.3270620425290624,0.3677743673324585
2025-10-24,0,-0.2524306476769394,670.0213623046875,16.3700008392334,1.6500000000000004,0.26394420344871106,0.21093715727329254
2025-10-27,0,-0.3751977237503929,677.9261474609375,15.789999961853027,1.63,0.18880643198604188,0.10450731217861176
2025-10-28,0,-0.2945254736066605,679.7266235351562,16.420000076293945,1.6499999999999997,0.23827023025966837,0.1705375462770462
2025-10-29,0,-0.3169494045144868,680.0531616210938,16.920000076293945,1.6100000000000003,0.2145415778150367,0.20153234899044037
2025-10-30,0,-0.1446589422202359,672.5738525390625,16.90999984741211,1.6399999999999997,0.3082257653589308,0.22000613808631897
2025-10-31,0,-0.0293339626335665,674.780029296875,17.440000534057617,1.6899999999999995,0.39890600338349935,0.2324938327074051
2025-11-03,0,-0.0215945926882418,676.0463256835938,17.170000076293945,1.71,0.3726869208616261,0.1962493658065796
2025-11-04,0,0.2295965508206517,668.0327758789062,19.0,1.7200000000000006,0.5050098667025114,0.31848323345184326
2025-11-05,0,0.0729117338495884,670.3478393554688,18.010000228881836,1.7000000000000002,0.44369622316955387,0.26950711011886597
2025-11-06,0,0.3323122549285337,663.1554565429688,19.5,1.7199999999999998,0.6250039497802846,0.40054410696029663
2025-11-07,0,0.3361677376807952,663.808349609375,19.07999992370605,1.75,0.5462766253631984,0.2915484309196472
2025-11-10,0,-0.1309390086363619,674.1666259765625,17.600000381469727,1.7300000000000004,0.36464908906281135,0.2275046557188034
2025-11-11,0,-0.0505133908298805,675.7100219726562,17.280000686645508,1.7300000000000004,0.3651239698139848,0.23636001348495483
2025-11-12,0,-0.0121340864849457,676.0859985351562,17.510000228881836,1.75,0.4198457387293214,0.23286232352256775
2025-11-13,0,0.3441645172759542,664.8670043945312,20.0,1.7699999999999996,0.6725229909314333,0.46845999360084534
2025-11-14,0,0.2782930427402988,664.758056640625,19.82999992370605,1.7700000000000005,0.6650342316124869,0.4546450078487396
2025-11-17,0,0.5483983635171558,658.56494140625,22.3799991607666,1.7700000000000005,0.768228998251373,0.7102590799331665
2025-11-18,0,0.8701287358626913,653.0346069335938,24.690000534057617,1.79,0.873840616063286,0.8915952444076538
2025-11-19,0,0.7709730284038759,655.5574340820312,23.65999984741211,1.79,0.819480743583963,0.8332421779632568
2025-11-20,0,1.033350866742945,645.5652465820312,26.420000076293945,1.8000000000000007,0.92318829252974,0.9250014424324036
2025-11-21,0,0.8534685789805958,651.995849609375,23.43000030517578,1.8200000000000005,0.8693488260312523,0.8573555946350098
2025-11-24,0,0.5782322587211057,661.59228515625,20.520000457763672,1.7999999999999998,0.7196626486735672,0.6330780982971191
2025-11-25,0,0.4500900027826691,667.8152465820312,18.559999465942383,1.79,0.5784977317699158,0.34532690048217773
2025-11-26,0,0.3089171144658544,672.4254760742188,17.190000534057617,1.7800000000000002,0.4458728837906507,0.2645496726036072
2025-11-28,0,0.215978018586384,676.0958251953125,16.350000381469727,1.7800000000000002,0.40810108076727886,0.15878649055957794
2025-12-01,0,0.2182468558326889,673.0091552734375,17.239999771118164,1.7800000000000002,0.4280074822074214,0.23003999888896942
2025-12-02,0,0.1420410789041739,674.2556762695312,16.59000015258789,1.7599999999999998,0.33169333803477347,0.2206583023071289
2025-12-03,0,0.1162951917443092,676.5905151367188,16.079999923706055,1.7700000000000005,0.28880237342560405,0.14391952753067017
2025-12-04,0,-0.0244258172497089,677.0851440429688,15.779999732971191,1.7599999999999998,0.24684242733338888,0.15231092274188995
2025-12-05,0,-0.083202934364693,678.3712768554688,15.40999984741211,1.7400000000000002,0.19122996809838347,0.07607750594615936
2025-12-08,0,-0.0917214826387083,676.333251953125,16.65999984741211,1.7300000000000004,0.24744010495577376,0.16714507341384888
2025-12-09,0,-0.0653614388737403,675.7495727539062,16.93000030517578,1.7300000000000004,0.2557966882605831,0.16112160682678223
2025-12-10,0,-0.0069177352600226,680.2312622070312,15.770000457763672,1.7599999999999998,0.22449063648240195,0.14176544547080994
2025-12-11,0,-0.135335539253399,681.8141479492188,14.850000381469728,1.7300000000000004,0.1508496003175567,0.0719812884926796
2025-12-12,0,0.0721450792250598,674.4832763671875,15.739999771118164,1.7599999999999998,0.2325946619065134,0.115910604596138
2025-12-15,0,0.0224025969603472,673.4642333984375,16.5,1.7700000000000005,0.29820395915295933,0.14769132435321808
2025-12-16,0,0.0606555977428538,671.6240844726562,16.479999542236328,1.7799999999999994,0.31561396250081514,0.15552902221679688
2025-12-17,0,0.1424291316998533,664.2338256835938,17.6200008392334,1.7800000000000002,0.38197667278936165,0.24088126420974731
2025-12-18,0,-0.0319441692551719,669.2496948242188,16.8700008392334,1.7800000000000002,0.3545582295036893,0.23465226590633392
2025-12-19,0,-0.2447519942069092,675.3153686523438,14.90999984741211,1.7599999999999998,0.2027476843541179,0.0629916712641716
2025-12-22,0,-0.4704173759866015,679.5225219726562,14.079999923706056,1.7599999999999998,0.1670561321289587,0.054806508123874664
2025-12-23,0,-0.4773032812757198,682.628173828125,14.0,1.7400000000000002,0.13457693140999916,0.051122989505529404
2025-12-24,0,-0.4443218165337246,685.0294799804688,13.470000267028809,1.7299999999999995,0.12660736132199588,0.03858664259314537
2025-12-26,0,-0.313319865579732,684.9600219726562,13.600000381469728,1.75,0.13728955840381873,0.05876116827130318
2025-12-29,0,-0.1704319143019641,682.51904296875,14.199999809265137,1.7599999999999998,0.16202697825968845,0.06338165700435638
2025-12-30,0,-0.1372444252408599,681.6856079101562,14.329999923706056,1.75,0.14824300805575946,0.06605880707502365
2025-12-31,0,-0.1520769599546594,676.635009765625,14.949999809265137,1.7200000000000006,0.15451044205426498,0.09564182907342911
2026-01-02,0,-0.1319864985822557,677.8753051757812,14.510000228881836,1.739999999999999,0.1673996613247136,0.07246586680412292
2026-01-05,0,-0.1075619986197092,682.3900146484375,14.899999618530272,1.75,0.16804914725497927,0.10235518962144852
2026-01-06,0,-0.1827372715928085,686.4483642578125,14.75,1.7400000000000002,0.14101003391331832,0.08391419053077698
2026-01-07,0,-0.1289294664864896,684.2356567382812,15.380000114440918,1.7299999999999995,0.1695431923950313,0.10284498333930969
2026-01-08,0,-0.148444540172495,684.1661987304688,15.449999809265137,1.7299999999999995,0.2087811124563228,0.15326444804668427
2026-01-09,0,-0.3455305033378446,688.6908569335938,14.489999771118164,1.7000000000000002,0.13018503629078113,0.06599714607000351
2026-01-12,0,-0.2668237829017361,689.7723999023438,15.119999885559082,1.6999999999999993,0.12866969626440286,0.0826433002948761
2026-01-13,0,-0.2059748076275919,688.3931884765625,15.979999542236328,1.6900000000000004,0.12801063535597232,0.1514544039964676
2026-01-14,0,-0.2312354178770627,685.0096435546875,16.75,1.6799999999999995,0.16163660085636236,0.22128558158874512
2026-01-15,0,-0.4027490673764862,686.8750610351562,15.84000015258789,1.6500000000000004,0.11737399409259701,0.20529460906982422
2026-01-16,0,-0.471753630312213,686.2994995117188,15.859999656677246,1.63,0.10024031749127116,0.1491919308900833
2026-01-20,0,-0.08134889755585,672.32861328125,20.09000015258789,1.6500000000000004,0.33385659327304745,0.37965595722198486
2026-01-21,0,-0.3972605755732781,680.0880737304688,16.899999618530273,1.62,0.170396966767375,0.26566416025161743
2026-01-22,0,-0.5319408672284996,683.6403198242188,15.640000343322754,1.59,0.11291168640809973,0.15668074786663055
2026-01-23,0,-0.4059851314320664,683.8883056640625,16.09000015258789,1.6099999999999994,0.14881884290962027,0.17705246806144714
2026-01-26,0,-0.4124381298256099,687.3612060546875,16.149999618530273,1.6100000000000003,0.14558066504863876,0.17274387180805206
2026-01-27,0,-0.4101640864236656,690.0997924804688,16.350000381469727,1.6099999999999994,0.16326614144561255,0.24006959795951843
2026-01-28,0,-0.3878777466458005,690.0303344726562,16.350000381469727,1.62,0.1682465050461755,0.20705650746822357
2026-01-29,0,-0.3424023256221259,688.6610717773438,16.8799991607666,1.63,0.2048983990302908,0.2666739821434021
2026-01-30,0,-0.3274475195605666,686.6071166992188,17.440000534057617,1.62,0.20402265149972518,0.2453881949186325
2026-02-02,0,-0.5285526730352634,690.0205078125,16.34000015258789,1.6100000000000003,0.15009037378467094,0.20427978038787842
2026-02-03,0,-0.2886267850942082,684.18603515625,18.0,1.63,0.2383646146656695,0.2563508152961731
2026-02-04,0,-0.1344747373088679,680.8719482421875,18.63999938964844,1.6399999999999997,0.2910512387875883,0.2814919948577881
2026-02-05,0,0.2897130528049017,672.3683471679688,21.770000457763672,1.67,0.547643610678784,0.6018863320350647
2026-02-06,0,-0.0381641814124568,685.267578125,20.3700008392334,1.6500000000000004,0.42135355896693605,0.4050554633140564
2026-02-09,0,-0.303006555964496,688.5718383789062,17.360000610351562,1.6400000000000006,0.2315680683979293,0.2769850790500641
2026-02-10,0,-0.1478641741928071,686.7559204101562,17.790000915527344,1.66,0.2966988817378552,0.2730454206466675
2026-02-11,0,-0.1171645351393545,686.5972290039062,17.649999618530273,1.67,0.3191019020003731,0.2605997622013092
2026-02-12,0,0.211489996390472,675.9901123046875,20.81999969482422,1.6799999999999995,0.5635167716499893,0.5513211488723755
2026-02-13,0,0.2780295117626155,676.46630859375,20.600000381469727,1.7199999999999998,0.5910956021983823,0.5601639747619629
2026-02-17,0,0.1936799970031094,677.5578002929688,20.290000915527344,1.7000000000000002,0.5144383039792146,0.5500093102455139
2026-02-18,0,-0.0034360751241125,680.9711303710938,19.6200008392334,1.67,0.35465114353365923,0.27310872077941895
2026-02-19,0,-0.0783727261716025,679.1751098632812,20.229999542236328,1.6799999999999995,0.4086010436956611,0.38152486085891724
2026-02-20,0,-0.0899591502059935,684.0868530273438,19.09000015258789,1.6899999999999995,0.386339261655069,0.30235469341278076
2026-02-23,0,0.2864030395906189,677.1013793945312,21.01000022888184,1.7299999999999995,0.5784070799121703,0.5499517321586609
2026-02-24,0,0.1352775892244312,682.0228881835938,19.549999237060547,1.7299999999999995,0.48577576566027303,0.3335397243499756
2026-02-25,0,0.0034792089102905,687.7780151367188,17.93000030517578,1.7300000000000004,0.3714898931086844,0.2621559202671051
2026-02-26,0,0.1932561138102742,683.957763671875,18.6299991607666,1.75,0.4607772956078145,0.3130332827568054
2026-02-27,0,0.4940150639560626,680.6734619140625,19.86000061035156,1.7999999999999994,0.6268927244197651,0.31103506684303284
2026-03-02,0,0.4954896023345247,681.0604858398438,21.440000534057617,1.7800000000000002,0.645222741608914,0.48660963773727417
2026-03-03,0,0.6737058398083087,675.057373046875,23.56999969482422,1.7800000000000002,0.7445392427166622,0.7086131572723389
2026-03-04,0,0.3456012715604294,679.8201293945312,21.14999961853028,1.7400000000000002,0.4992499779922579,0.4873032569885254
2026-03-05,0,0.5649331232464067,676.02978515625,23.75,1.7599999999999998,0.697977592167178,0.765609085559845
2026-03-06,0,0.9505295018045208,667.1689453125,29.489999771118164,1.75,0.8798766764816275,0.8922101259231567
2026-03-09,0,0.6462913209186122,673.0133666992188,25.5,1.7800000000000002,0.7707015984717913,0.8379107713699341
2026-03-10,0,0.7308303169859931,671.9317626953125,24.93000030517578,1.7699999999999996,0.7317674246276342,0.8240798711776733
2026-03-11,0,1.0140862016630876,671.08837890625,24.229999542236328,1.84,0.8316128884112921,0.8909775614738464
2026-03-12,0,1.3060048824800543,660.89794921875,27.290000915527344,1.8400000000000007,0.9145374119729409,0.9336069822311401
2026-03-13,1,1.3015332091180072,657.1571655273438,27.190000534057617,1.83,0.9114667494992317,0.9036545753479004
2026-03-16,1,0.950590951997188,663.844970703125,23.51000022888184,1.85,0.8285708498434777,0.8519033789634705
2026-03-17,1,0.8662170263894504,665.5912475585938,22.3700008392334,1.85,0.7843056151797096,0.8198305368423462
2026-03-18,1,1.0009235973469686,656.3037719726562,25.09000015258789,1.8100000000000005,0.8181216240841791,0.8246062994003296
2026-03-19,1,0.995638941680779,654.6864624023438,24.059999465942383,1.81,0.8218990692392627,0.7712132930755615
2026-03-20,1,1.1795141561577067,645.301025390625,26.780000686645508,1.79,0.8947654489443315,0.874664843082428
2026-03-23,1,1.1123159601167074,652.07666015625,26.14999961853028,1.79,0.8556420027628275,0.8412635326385498
2026-03-24,1,0.9435063613771284,649.8877563476562,26.950000762939453,1.75,0.7874464867205565,0.7528148293495178
2026-03-25,1,0.8969413519328172,653.5093994140625,25.32999992370605,1.7599999999999998,0.767487641138135,0.7210353016853333
2026-03-26,1,1.1103065302870143,641.8385620117188,27.440000534057617,1.7300000000000004,0.8238086193013555,0.7589823007583618
2026-03-27,1,1.6148456533282591,630.8939819335938,31.049999237060547,1.7799999999999994,0.9610542734261762,0.9153771996498108
2026-03-30,0,1.600059110699774,628.78466796875,30.61000061035156,1.79,0.9507611204829015,0.91628497838974
2026-03-31,0,1.044383999810911,647.0620727539062,25.25,1.79,0.8532248185332942,0.8232678771018982
2026-04-01,0,0.705548258872026,651.9373779296875,24.540000915527344,1.75,0.6954768514078352,0.6813233494758606
2026-04-02,0,0.6747016766229942,652.5244140625,23.8700008392334,1.7400000000000002,0.6943626767853643,0.6139147281646729
2026-04-06,0,0.4451313879688112,655.6088256835938,24.170000076293945,1.7000000000000002,0.5957882899508958,0.5724464654922485
2026-04-07,0,0.6345357874692545,655.8972778320312,25.780000686645508,1.75,0.7609176761857159,0.7205254435539246
2026-04-08,0,0.1406647324328793,672.6027221679688,21.040000915527344,1.7299999999999995,0.354903541104286,0.3153431713581085
2026-04-09,0,-0.0001203130946554,676.4829711914062,19.489999771118164,1.7299999999999995,0.26026854784988074,0.18450234830379486
2026-04-10,0,-0.0481371338123315,676.0353393554688,19.229999542236328,1.7200000000000006,0.23173824773620394,0.15688350796699524
2026-04-13,0,-0.2671816472026689,682.641845703125,19.1200008392334,1.7199999999999998,0.22216085354656354,0.14570848643779755
2026-04-14,0,-0.5715670420483021,690.959716796875,18.36000061035156,1.7000000000000002,0.12098717031344242,0.1596883237361908
2026-04-15,0,-0.6029200037048931,696.412109375,18.170000076293945,1.6900000000000004,0.07810207353779465,0.1596883237361908
2026-04-16,0,-0.5206707591362563,698.1234130859375,17.940000534057617,1.71,0.08485757555580913,0.16235032677650452
2026-04-17,0,-0.7568780808290541,706.5607299804688,17.479999542236328,1.7200000000000006,0.07765258210065534,0.150187149643898
2026-04-20,0,-0.6352493012491602,705.1477661132812,18.8700008392334,1.7200000000000006,0.10129597137339705,0.16712252795696259
2026-04-21,0,-0.7422620572977614,700.53125,19.5,1.7000000000000002,0.11814564933504287,0.20066024363040924
2026-04-22,0,-0.8285026211620018,707.6253051757812,18.920000076293945,1.6900000000000004,0.08765534080856,0.16592521965503693
2026-04-23,0,-0.8300309318368163,704.8792114257812,19.309999465942383,1.6799999999999995,0.09980156230812307,0.18012762069702148
2026-04-24,0,-0.8003401091527635,710.341552734375,18.709999084472656,1.7000000000000002,0.07949781214368795,0.16781866550445557
2026-04-27,0,-1.0603846404988158,711.5653076171875,18.020000457763672,1.7000000000000002,0.061731873583080604,0.16768011450767517
2026-04-28,0,-1.1929940270413202,708.1028442382812,17.829999923706055,1.6999999999999993,0.08937772949639994,0.1406630277633667
2026-04-29,0,-1.16150440534592,707.993408203125,18.809999465942383,1.6900000000000004,0.10189335845208058,0.16958141326904297
2026-04-30,0,-1.0851162108831998,715.0377197265625,16.889999389648438,1.6999999999999993,0.0671839703663954,0.11930595338344574
2026-05-01,0,-1.0645165062403126,717.0177001953125,16.989999771118164,1.6900000000000004,0.05853119610321986,0.12183130532503128
2026-05-04,0,-0.8809378433614806,714.3909912109375,18.290000915527344,1.6899999999999995,0.11346613898939241,0.15184807777404785
2026-05-05,0,-1.2059232145173595,720.1220092773438,17.3799991607666,1.6500000000000004,0.06345287075874703,0.18274544179439545
2026-05-06,0,-1.2716122277272646,730.1312866210938,17.389999389648438,1.6599999999999993,0.05511869708682342,0.1652662456035614
2026-05-07,0,-1.073551489154976,727.8926391601562,17.079999923706055,1.6499999999999997,0.04498982528381935,0.1304284781217575
2026-05-08,0,-1.0905406910677258,733.9021606445312,17.190000534057617,1.6500000000000004,0.047100982579661665,0.15191008150577545
2026-05-11,0,-1.004827286451356,735.5736694335938,18.3799991607666,1.6500000000000004,0.07744341741496703,0.19156275689601898
2026-05-12,0,-0.8844474705748192,734.4593505859375,17.989999771118164,1.66,0.08429080041579665,0.16717220842838287
2026-05-13,0,-0.8289853775544431,738.5685424804688,17.8700008392334,1.66,0.06622905343453184,0.17456719279289246
2026-05-14,0,-1.127543340750192,744.3989868164062,17.260000228881836,1.62,0.03437798930559283,0.15898683667182922
2026-05-15,0,-0.8660236325578508,735.4443969726562,18.43000030517578,1.62,0.06495456996506553,0.1857725977897644
2026-05-18,0,-0.9782129240470844,734.927001953125,17.81999969482422,1.59,0.04109900481275977,0.3288012444972992
2026-05-19,0,-1.0198146084899238,730.0317993164062,18.059999465942383,1.5700000000000005,0.04531323637159519,0.3126969635486603
2026-05-20,0,-1.1228954245315412,737.5138549804688,17.440000534057617,1.59,0.04244368516721439,0.2751587927341461
2026-05-21,0,-1.1109734912605072,738.9764404296875,16.760000228881836,1.59,0.03224920626514151,0.24257346987724304
2026-05-22,0,-1.311848740308876,741.8817749023438,16.700000762939453,1.5700000000000005,0.029471233788293784,0.1887214481830597
2026-05-26,0,-1.319947818992958,746.8068237304688,17.010000228881836,1.5599999999999996,0.031869322951892466,0.2810772955417633
2026-05-27,0,-1.3097765794715222,746.677490234375,16.290000915527344,1.5699999999999994,0.034112719803614244,0.1724797487258911
2026-05-28,0,-1.4681175595364455,750.7965698242188,15.739999771118164,1.5699999999999994,0.024011715111657648,0.08476407080888748
2026-05-29,0,-1.529094310688776,752.6671142578125,15.31999969482422,1.5699999999999994,0.021034500691970756,0.062172647565603256
2026-06-01,0,-1.5372408781391336,754.7167358398438,16.049999237060547,1.54,0.0200692929595057,0.14575809240341187
2026-06-02,0,-1.5319769560760867,755.7415771484375,15.770000457763672,1.54,0.018826194042922264,0.1145399957895279
2026-06-03,0,-1.4519836989904953,750.4384155273438,16.059999465942383,1.54,0.02702788950409178,0.15197892487049103
2026-06-04,0,-1.460570512543003,753.2740478515625,15.399999618530272,1.54,0.020016114620632398,0.10478589683771133
2026-06-05,0,-0.578626367925683,733.83251953125,21.51000022888184,1.5099999999999998,0.20909701877154085,0.692116379737854
2026-06-08,0,-0.8201720481026538,735.4940795898438,18.920000076293945,1.5200000000000005,0.12191940867362025,0.4066922664642334
2026-06-09,0,-0.5391421152088339,733.3350219726562,19.8700008392334,1.5299999999999994,0.1901678158372987,0.5367612838745117
2026-06-10,0,-0.1054260199127063,721.7736206054688,22.21999931335449,1.5300000000000002,0.45620084547510525,0.5785796642303467
2026-06-11,0,-0.4553514253489574,734.04150390625,19.440000534057617,1.5499999999999998,0.2512675582805014,0.5763429999351501
2026-06-12,0,-0.7222980157511086,738.0113525390625,17.68000030517578,1.5299999999999994,0.14286904480849213,0.35891586542129517
2026-06-15,0,-0.9542509019636104,751.0254516601562,16.200000762939453,1.5300000000000002,0.07361733514721126,0.28996044397354126
2026-06-16,0,-0.8818818899429187,746.5481567382812,16.40999984741211,1.5500000000000007,0.10525902997277038,0.3383716642856598
2026-06-17,0,-0.7871349149564209,737.225341796875,18.440000534057617,1.5,0.18568201373960738,0.37492913007736206
2026-06-18,0,-1.097889828437422,744.8902587890625,16.399999618530273,1.5099999999999998,0.08818327906532507,0.25654998421669006
2026-06-22,0,-0.8524322318752073,742.546142578125,17.280000686645508,1.5099999999999998,0.12166626285604956,0.34712859988212585
2026-06-23,0,-0.444314898778063,731.7628784179688,19.489999771118164,1.5099999999999998,0.25461420139577695,0.5358293652534485
2026-06-24,0,-0.4261439635222062,731.4237060546875,18.6299991607666,1.5199999999999996,0.24159027383249768,0.40235117077827454
2026-06-25,0,-0.2466705423875526,732.4810791015625,18.88999938964844,1.54,0.3498633145582816,0.4301644563674927
2026-06-26,0,-0.129812325235856,727.1842651367188,18.40999984741211,1.5600000000000005,0.35241446541752963,0.2852344512939453
2026-06-29,0,-0.3561536424162088,739.1644897460938,17.649999618530273,1.5499999999999998,0.2402336165733895,0.2552173435688019
2026-06-30,0,-0.6151880032663886,744.9202270507812,16.450000762939453,1.5299999999999994,0.13806696132602145,0.2458016276359558
2026-07-01,0,-0.5090621840866706,743.9127197265625,16.59000015258789,1.5399999999999991,0.15622729275961342,0.16763634979724884
2026-07-02,0,-0.5210179024989996,742.9351806640625,16.149999618530273,1.54,0.12748525761595306,0.1465512365102768
2026-07-06,0,-0.6417518057866528,749.4190673828125,15.56999969482422,1.5599999999999996,0.12900374488968952,0.08872339874505997
2026-07-07,0,-0.538947638716274,745.85791015625,16.1299991607666,1.5499999999999998,0.09826327250299292,0.1423632800579071
2026-07-08,0,-0.6449739086711525,743.5536499023438,16.899999618530273,1.5600000000000005,0.14613448209010713,0.2158827930688858
2026-07-09,0,-0.8097784092545591,749.8480224609375,15.84000015258789,1.5599999999999996,0.0971053940203553,0.09840116649866104
2026-07-10,0,-0.875324164080962,753.0799560546875,15.029999732971191,1.58,0.08053333304163293,0.05706842243671417
2026-07-13,0,-0.8266176447767991,747.3142700195312,17.15999984741211,1.5599999999999996,0.12488770536788857,0.23135988414287567
2026-07-14,0,-0.5818638650463414,749.9677124023438,16.5,1.5999999999999996,0.15750449671717792,0.17419315874576569
2026-07-15,0,-0.6486339659390761,752.9403076171875,15.670000076293944,1.6000000000000003,0.10304811954396799,0.10949467867612839
2026-07-16,0,-0.3480439851359314,748.8604125976562,16.729999542236328,1.59,0.12863472736878048,0.19488100707530975
2026-07-17,0,-0.1006431466044941,741.4487915039062,18.770000457763672,1.59,0.2493164757116798,0.3162018954753876
2026-07-20,0,-0.1384216053076544,740.2518310546875,18.64999961853028,1.6100000000000003,0.3109130228326989,0.24862365424633026
2026-07-21,0,-0.3211317838853355,746.426513671875,17.049999237060547,1.6000000000000003,0.15292697719668522,0.21986690163612366
2026-07-22,0,-0.4653910083281323,745.55859375,16.639999389648438,1.58,0.10071874309243509,0.20521460473537445
2026-07-23,0,-0.277819721804082,736.3515014648438,18.700000762939453,1.58,0.2592778783445063,0.2641158103942871
2026-07-24,0,-0.2623719961309425,737.099609375,18.57999992370605,1.59,0.3003468037608676,0.2737789452075958
2026-07-27,0,-0.1577410343275009,737.25927734375,18.670000076293945,1.6099999999999994,0.340109523006911,0.26386207342147827
2026-07-28,0,-0.2635657985163724,739.0248413085938,18.209999084472656,1.62,0.27578584627032504,0.21525807678699493
2026-07-29,0,0.2270548530452304,727.6531372070312,20.65999984741211,1.5999999999999996,0.5114109446965686,0.5923132300376892
2026-07-30,0,-0.0625367912618533,739.852783203125,17.09000015258789,1.6400000000000006,0.31383407102903865,0.22689075767993927
2026-07-31,0,-0.3034468984028318,745.1796264648438,15.989999771118164,1.63,0.1790316553526529,0.07901722192764282
2026-08-03,0,-0.5584344727894989,755.793212890625,15.859999656677246,1.6099999999999994,0.11893309077880805,0.11140325665473938
2026-08-04,0,-0.4643960623320442,769.4193725585938,16.5,1.6399999999999997,0.1385240656738648,0.1351752132177353
2026-08-05,0,-0.6415353910787421,767.8831787109375,15.8100004196167,1.62,0.11113401655517162,0.06356561928987503
2026-08-06,0,-0.7615083769946424,766.65625,15.149999618530272,1.6099999999999994,0.07102219439893989,0.04877893254160881
2026-08-07,0,-0.6346645383613515,771.3446044921875,14.899999618530272,1.6399999999999997,0.07913831369983822,0.03899610787630081
2026-08-10,0,-0.6086346056687565,771.1151733398438,15.460000038146973,1.62,0.06577190341671373,0.04019291326403618
2026-08-11,0,-0.588597420513647,768.6513061523438,15.279999732971191,1.6399999999999997,0.06137818108559702,0.04115824028849602
2026-08-12,0,-0.567420864192807,770.5764770507812,14.550000190734863,1.66,0.06402319669675538,0.04182484745979309
2026-08-13,0,-0.5471624163014014,775.9531860351562,14.630000114440918,1.67,0.06850312595494006,0.03706415742635727
2026-08-14,0,-0.5385366613340363,774.4169921875,14.25,1.6900000000000004,0.06337030098364839,0.03618404269218445
2026-08-17,0,-0.4983848478722415,770.7560424804688,15.1899995803833,1.6900000000000004,0.10434293776332103,0.05378216877579689
2026-08-18,0,-0.4188838602832557,765.5490112304688,15.84000015258789,1.6799999999999995,0.14159882274693922,0.07881227880716324
2026-08-19,0,-0.6138343578101803,767.1549682617188,14.890000343322754,1.6399999999999997,0.07341863222255855,0.04623258113861084
2026-08-20,0,-0.4236062214153073,760.7109985351562,16.010000228881836,1.6399999999999997,0.11158850877658372,0.1403050273656845
2026-08-21,0,-0.7256289209499864,763.8232421875,15.130000114440918,1.63,0.07938691599759243,0.06044460088014603
2026-08-24,0,-0.608097999631755,761.5787963867188,15.850000381469728,1.63,0.11455390700338752,0.07780526578426361
2026-08-25,0,-0.7176372261738653,764.0127563476562,15.449999809265137,1.62,0.10462887134541804,0.0545872263610363
2026-08-26,0,-0.7581917083747234,764.182373046875,15.210000038146973,1.6099999999999994,0.08907283085156086,0.045019444078207016
2026-08-27,0,-1.1016526803228313,769.18994140625,14.510000228881836,1.5999999999999996,0.06477334734500946,0.04136386513710022
2026-08-28,0,-1.1493350853323967,767.4442749023438,14.43000030517578,1.5399999999999991,0.038413648766898574,0.05542265251278877
2026-08-31,0,-0.782353277413098,765.1499633789062,14.920000076293944,1.59,0.0799684383546405,0.056053776293992996
2026-09-01,0,-0.4604403177885806,759.89306640625,16.34000015258789,1.58,0.10972833010071216,0.1295582801103592
2026-09-02,0,-0.4380930225327581,763.2646484375,15.199999809265137,1.58,0.07562303296875084,0.0563037283718586
2026-09-03,0,-0.691212700999352,771.2548217773438,14.31999969482422,1.5700000000000005,0.04367881582260331,0.047968775033950806
2026-09-04,0,-0.6836960538942346,768.2822265625,14.529999732971191,1.5599999999999996,0.052432518451564394,0.05130605772137642
2026-09-08,0,-0.402892670538979,764.0626831054688,15.720000267028809,1.5700000000000005,0.09118775646961536,0.07009187340736389
2026-09-09,0,-0.3654391106335803,760.5115356445312,16.459999084472656,1.5499999999999998,0.11358973679588794,0.12719246745109558
2026-09-10,0,-0.3603026583936446,755.9528198242188,17.84000015258789,1.5099999999999998,0.1372117379494389,0.23557651042938232
2026-09-11,0,-0.6581016366629076,762.3967895507812,15.84000015258789,1.5,0.055368961437498115,0.09806772321462631
2026-09-14,0,-0.5322622425689356,758.9952392578125,17.100000381469727,1.4700000000000006,0.07204270590032039,0.2922680675983429
2026-09-15,0,-0.4479239824733348,755.513916015625,17.200000762939453,1.4800000000000004,0.09275590950816338,0.2922680675983429
2026-09-16,0,-0.5906217895605288,752.1821899414062,17.709999084472656,1.4300000000000006,0.0814532544264761,0.29653990268707275
