Date,SPY,VIX,BAA_Treasury_Spread,MSI
2000-08-02,90.82262420654295,20.0,2.299999999999999,-0.0810441013220476
2000-08-03,91.45077514648438,19.989999771118164,2.31,-0.23415733911168735
2000-08-04,91.94146728515624,18.6200008392334,2.33,-0.3523665597381768
2000-08-07,93.04069519042967,19.030000686645508,2.29,-0.3160697700218745
2000-08-08,93.39403533935548,18.790000915527344,2.3100000000000005,-0.35358112861063057
2000-08-09,92.60889434814452,19.18000030517578,2.4400000000000004,-0.08885349291220683
2000-08-10,92.15740203857422,19.190000534057617,2.4700000000000006,0.024045815824689083
2000-08-11,92.58922576904295,18.549999237060547,2.45,-0.07108777017024508
2000-08-14,93.76692962646484,17.8799991607666,2.45,-0.16241383924423428
2000-08-15,93.68843841552734,17.979999542236328,2.4300000000000006,-0.17309150001812212
2000-08-16,93.3547821044922,18.020000457763672,2.42,-0.20565025551536664
2000-08-17,94.33619689941406,17.479999542236328,2.46,-0.34251371863379587
2000-08-18,94.0221176147461,17.049999237060547,2.46,-0.26488721433717677
2000-08-21,94.53246307373048,17.350000381469727,2.47,-0.3871458349124984
2000-08-22,94.37541198730467,17.469999313354492,2.509999999999999,-0.3513952806915713
2000-08-23,94.7484130859375,17.3799991607666,2.53,-0.3384042518796084
2000-08-24,95.0428695678711,17.040000915527344,2.49,-0.5061118668280062
2000-08-25,95.0036163330078,16.530000686645508,2.5,-0.5631166913264612
2000-08-28,95.32744598388672,16.540000915527344,2.49,-0.7569064442067145
2000-08-29,95.34708404541016,16.889999389648438,2.490000000000001,-0.6632931722975631
2000-08-30,94.43431854248048,17.690000534057617,2.490000000000001,-0.45655103137883124
2000-08-31,95.69059753417967,16.84000015258789,2.51,-0.5768020542432261
2000-09-01,95.7887954711914,17.530000686645508,2.540000000000001,-0.42256131545444403
2000-09-05,95.02325439453124,19.81999969482422,2.53,-0.09977990923224866
2000-09-06,93.94364166259766,20.790000915527344,2.54,0.1763073692628853
2000-09-07,94.7484130859375,19.420000076293945,2.51,-0.03170370960797442
2000-09-08,94.10065460205078,18.459999084472656,2.52,-0.1295451440775428
2000-09-11,93.96330261230467,18.39999961853028,2.52,-0.1589728187162569
2000-09-12,93.2762451171875,18.59000015258789,2.56,-0.0076047130999687225
2000-09-13,93.52159118652344,18.31999969482422,2.58,0.05883464817907602
2000-09-14,93.99272918701172,18.26000022888184,2.579999999999999,0.011046876758721588
2000-09-15,91.93635559082033,18.520000457763672,2.6,0.1916515525959476
2000-09-18,91.09021759033205,20.25,2.6100000000000003,0.5136855114539901
2000-09-19,91.9166488647461,19.540000915527344,2.5699999999999994,0.3077635559267445
2000-09-20,91.23777770996094,19.93000030517578,2.5500000000000007,0.4126928177407552
2000-09-21,89.85043334960938,20.18000030517578,2.55,0.5293048444911771
2000-09-22,91.48374938964844,20.739999771118164,2.5500000000000007,0.4848573820750825
2000-09-25,90.83438110351562,21.40999984741211,2.53,0.5982309410370891
2000-09-26,89.67334747314453,21.8799991607666,2.5200000000000005,0.7159138675582885
2000-09-27,90.1456527709961,21.670000076293945,2.539999999999999,0.6985808700606859
2000-09-28,91.30664825439452,19.46999931335449,2.5,0.33914001374636976
2000-09-29,90.44084167480467,20.56999969482422,2.54,0.4927762073542641
2000-10-02,90.57857513427734,21.229999542236328,2.58,0.6805681295159243
2000-10-03,89.73235321044922,21.850000381469727,2.54,0.7650015913788383
2000-10-04,90.48018646240234,21.540000915527344,2.51,0.5845087339045992
2000-10-05,90.79505157470705,21.030000686645508,2.5200000000000005,0.43777163230933097
2000-10-06,88.8271713256836,22.709999084472656,2.53,0.8260070548827976
2000-10-09,88.15813446044922,24.020000457763672,2.53,0.9605757722493933
2000-10-10,86.70198059082031,24.86000061035156,2.54,1.152379309238058
2000-10-11,85.9738540649414,26.56999969482422,2.610000000000001,1.4051095696855593
2000-10-12,83.82892608642578,30.51000022888184,2.639999999999999,2.0121937248817177
2000-10-13,86.62322998046875,27.600000381469727,2.639999999999999,1.5094345429582077
2000-10-16,87.01678466796875,26.790000915527344,2.629999999999999,1.2313808329363614
2000-10-17,84.85221862792969,27.84000015258789,2.640000000000001,1.444079553737109
2000-10-18,84.53734588623047,28.71999931335449,2.68,1.6461694986513027
2000-10-19,87.72517395019531,25.09000015258789,2.66,0.9575999914694545
2000-10-20,88.09912872314453,24.239999771118164,2.6499999999999995,0.7261314972316066
2000-10-23,88.49264526367188,24.690000534057617,2.68,0.8908551515513489
2000-10-24,87.90235137939453,24.280000686645508,2.66,0.8200626864472405
2000-10-25,85.83612823486328,26.64999961853028,2.6500000000000004,1.1175612848294012
2000-10-26,86.072265625,28.6200008392334,2.5999999999999988,1.273102817654439
2000-10-27,87.70553588867188,26.46999931335449,2.580000000000001,0.9858646202469571
2000-10-30,88.49264526367188,25.459999084472656,2.5600000000000005,0.7346515237352175
2000-10-31,90.01771545410156,23.6299991607666,2.5600000000000005,0.44159235780792655
2000-11-01,89.71270751953125,24.280000686645508,2.5700000000000003,0.47503544594001235
2000-11-02,89.86030578613281,23.920000076293945,2.539999999999999,0.4502395954384876
2000-11-03,89.90948486328125,23.670000076293945,2.52,0.4218280144430335
2000-11-06,90.53916931152344,24.520000457763672,2.499999999999999,0.2830104771018191
2000-11-07,90.51951599121094,24.90999984741211,2.499999999999999,0.2692924464281721
2000-11-08,88.51235961914062,25.65999984741211,2.4799999999999995,0.3643367076765831
2000-11-09,88.17782592773438,27.200000762939453,2.5,0.5082202177757599
2000-11-10,86.03290557861328,28.530000686645508,2.5,0.635725325414041
2000-11-13,85.36383819580078,29.059999465942383,2.52,0.9924835959009215
2000-11-14,87.60714721679688,26.809999465942383,2.52,0.6080451016130383
2000-11-15,87.88264465332031,26.14999961853028,2.5200000000000005,0.3343924682187966
2000-11-16,86.50515747070312,25.049999237060547,2.540000000000001,0.33213849495466985
2000-11-17,86.04270935058594,24.809999465942383,2.579999999999999,0.6511018946152141
2000-11-20,84.81285095214844,27.43000030517578,2.6099999999999994,1.0742921925648867
2000-11-21,85.24578094482422,26.6200008392334,2.640000000000001,1.0155816343438486
2000-11-22,83.20909118652344,27.709999084472656,2.6100000000000003,1.2063628931086496
2000-11-24,84.91123962402344,26.0,2.63,0.7468712884498135
2000-11-27,85.65901947021484,26.93000030517578,2.6499999999999995,0.8162530768520938
2000-11-28,84.18316650390625,27.63999938964844,2.6,1.0812132948679465
2000-11-29,84.0257339477539,27.489999771118164,2.63,1.1670157296710724
2000-11-30,83.29766845703125,29.64999961853028,2.639999999999999,1.5600722884473344
2000-12-01,83.25827026367188,27.479999542236328,2.66,1.334109692867404
2000-12-04,83.96670532226562,27.780000686645508,2.66,1.3102815500246459
2000-12-05,86.72167205810547,24.989999771118164,2.6899999999999995,0.8456584015292496
2000-12-06,85.33429718017578,25.06999969482422,2.7300000000000004,1.0495846965370494
2000-12-07,84.1634521484375,25.34000015258789,2.719999999999999,1.1501606399203192
2000-12-08,84.36026763916016,22.40999984741211,2.74,0.7094403675569962
2000-12-11,87.29232788085938,23.51000022888184,2.71,0.5217033901301052
2000-12-12,86.91840362548828,24.8799991607666,2.72,0.5223265985354385
2000-12-13,85.72789001464844,23.6299991607666,2.74,0.4591100070699243
2000-12-14,84.6357421875,24.86000061035156,2.77,0.8834150931177893
2000-12-15,82.72412109375,26.549999237060547,2.77,1.2250041718381153
2000-12-18,83.82945251464844,27.700000762939453,2.8100000000000005,1.1785692811223865
2000-12-19,82.12205505371094,27.170000076293945,2.81,1.2229101028163905
2000-12-20,79.74358367919922,31.739999771118164,2.87,1.83774260338115
2000-12-21,80.29631805419922,29.65999984741211,2.89,1.6213070172241242
2000-12-22,82.70440673828125,27.549999237060547,2.9000000000000004,1.0411264211047542
2000-12-26,83.59260559082031,28.729999542236328,2.89,1.20654962545057
2000-12-27,84.20449829101562,28.13999938964844,2.8599999999999994,1.1189692997673344
2000-12-28,84.4610824584961,26.56999969482422,2.83,0.781874642954263
2000-12-29,82.86229705810547,26.850000381469727,2.88,0.9796979255726193
2001-01-02,81.36216735839844,29.989999771118164,2.99,1.4616995320809758
2001-01-03,85.2704086303711,26.600000381469727,2.83,0.6131677333011147
2001-01-04,84.35256958007812,26.96999931335449,2.91,0.8712152351264839
2001-01-05,81.59903717041016,28.670000076293945,2.99,1.5760742226020836
2001-01-08,82.23062896728516,29.84000015258789,2.9399999999999995,1.463093534544657
2001-01-09,82.0135498046875,27.989999771118164,2.92,1.1746144728306869
2001-01-10,83.4544448852539,26.799999237060547,2.83,0.851678706761188
2001-01-11,83.53339385986328,25.790000915527344,2.8500000000000005,1.0064863925223568
2001-01-12,83.37547302246094,24.559999465942383,2.8000000000000007,0.8149872293066566
2001-01-16,83.90846252441406,25.280000686645508,2.7299999999999995,0.6628260078933551
2001-01-17,84.29335021972656,24.93000030517578,2.72,0.48947110127449084
2001-01-18,85.13219451904297,23.3700008392334,2.72,0.09513293103426072
2001-01-19,84.64860534667969,23.239999771118164,2.7,0.2009397646463188
2001-01-22,85.21117401123047,23.25,2.71,0.007227341800014608
2001-01-23,85.88226318359375,21.56999969482422,2.67,-0.48713525956335557
2001-01-24,86.13883209228516,22.030000686645508,2.6100000000000003,-0.47453365489879057
2001-01-25,85.9217758178711,22.63999938964844,2.63,-0.1441562614176741
2001-01-26,85.82305908203125,22.56999969482422,2.6500000000000004,-0.03880380072151649
2001-01-29,86.28099822998047,22.61000061035156,2.6499999999999995,-0.019755866333795852
2001-01-30,87.0389404296875,22.56999969482422,2.6499999999999995,-0.06519157225283771
2001-01-31,86.54627990722656,22.020000457763672,2.619999999999999,-0.2550068529002823
2001-02-01,87.12104034423828,21.65999984741211,2.630000000000001,-0.46830661804935714
2001-02-02,85.14407348632812,21.950000762939453,2.63,0.08900050886467688
2001-02-05,85.76936340332031,22.190000534057617,2.59,-0.0727486542843843
2001-02-06,85.5167007446289,21.979999542236328,2.58,-0.3339545629548358
2001-02-07,85.07459259033203,21.670000076293945,2.7700000000000005,-0.017976855937175795
2001-02-08,84.08290100097656,21.459999084472656,2.78,0.046671022917229056
2001-02-09,83.27444458007812,22.030000686645508,2.79,0.3163175472105406
2001-02-12,84.22822570800781,21.920000076293945,2.8200000000000003,0.2727862347475596
2001-02-13,83.53971862792969,21.3700008392334,2.8199999999999994,0.2691683141024866
2001-02-14,83.41339111328125,21.520000457763672,2.7700000000000005,0.27337106923236637
2001-02-15,84.22187042236328,20.270000457763672,2.77,0.11938424437212813
2001-02-16,82.36487579345703,22.1200008392334,2.81,0.5880660602043689
2001-02-20,81.09530639648438,24.690000534057617,2.81,0.9056884241377356
2001-02-21,79.34565734863281,25.75,2.8200000000000003,1.2208252567302103
2001-02-22,79.46564483642578,26.76000022888184,2.84,1.3897915199221835
2001-02-23,78.92878723144531,27.209999084472656,2.8600000000000003,1.523844309784167
2001-02-26,80.60894012451172,25.43000030517578,2.890000000000001,1.2359008248431183
2001-02-27,79.86360931396484,26.489999771118164,2.8600000000000003,1.3417060257637115
2001-02-28,78.29084777832031,28.350000381469727,2.88,1.7102469866079535
2001-03-01,78.70140075683594,28.07999992370605,2.88,1.6954870142608887
2001-03-02,78.07610321044922,27.43000030517578,2.87,1.6201868208616423
2001-03-05,78.78983306884766,27.1200008392334,2.829999999999999,1.499860044843829
2001-03-06,79.63622283935547,25.88999938964844,2.85,1.1890683370389898
2001-03-07,80.20468139648438,24.1200008392334,2.85,1.0200916946696152
2001-03-08,80.2931137084961,24.290000915527344,2.87,1.0408293850200707
2001-03-09,77.91817474365234,25.6200008392334,2.8199999999999994,1.2409366535682895
2001-03-12,74.58314514160156,30.31999969482422,2.8600000000000003,1.9428447111092175
2001-03-13,75.80853271484375,27.549999237060547,2.85,1.486467853896584
2001-03-14,74.31155395507812,29.61000061035156,2.9800000000000004,2.0776201075425926
2001-03-15,74.33049011230469,28.559999465942383,3.03,1.9906055161089944
2001-03-16,72.83966827392578,29.90999984741211,3.03,2.2029796511795947
2001-03-19,74.32164764404297,29.780000686645508,3.02,2.085593752589691
2001-03-20,72.32667541503906,30.959999084472656,3.06,2.265169711525161
2001-03-21,71.09799194335938,31.93000030517578,3.0600000000000005,2.33510053891379
2001-03-22,70.37593841552734,32.84000015258789,3.0699999999999994,2.3396861770080744
2001-03-23,72.50395965576172,30.450000762939453,3.04,1.8835191674684715
2001-03-26,73.42864990234375,29.040000915527344,3.0500000000000007,1.6398642672247494
2001-03-27,74.92964935302734,27.040000915527344,2.9800000000000004,1.345050586244163
2001-03-28,72.8586654663086,28.57999992370605,3.03,1.6755238385028337
2001-03-29,73.13728332519531,29.170000076293945,3.02,1.5493737162531265
2001-03-30,73.90362548828125,28.63999938964844,3.04,1.489357563015534
2001-04-02,72.32667541503906,31.209999084472656,3.0,1.7247539175600188
2001-04-03,69.91360473632812,34.720001220703125,3.03,2.3360590741117844
2001-04-04,70.2049560546875,34.06999969482422,3.04,2.3048445193802096
2001-04-05,72.86498260498047,29.940000534057617,3.03,1.7227124035106325
2001-04-06,71.75665283203125,31.690000534057617,3.0600000000000005,2.009056674984826
2001-04-09,72.55465698242188,31.90999984741211,3.04,1.7121916963264343
2001-04-10,73.87830352783203,29.440000534057617,2.99,0.9865461832967618
2001-04-11,73.92896270751953,28.459999084472656,2.96,0.9578797306945503
2001-04-12,75.2716293334961,26.1200008392334,2.92,0.41858791183161514
2001-04-16,74.47996520996094,26.32999992370605,2.8999999999999995,0.47919846258481263
2001-04-17,75.53132629394531,25.61000061035156,2.9300000000000006,0.20344814230558295
2001-04-18,78.53333282470703,24.1299991607666,2.95,-0.033061380954713414
2001-04-19,79.57828521728516,24.15999984741211,2.91,-0.4079228166993845
2001-04-20,78.8499755859375,25.3799991607666,2.87,-0.4168978021139513
2001-04-23,77.41862487792969,28.15999984741211,2.8999999999999995,-0.058294508512652644
2001-04-24,77.00065612792969,28.489999771118164,2.8500000000000005,0.17167075207714055
2001-04-25,78.00764465332031,27.39999961853028,2.8500000000000005,0.07932740952542712
2001-04-26,78.35599517822266,25.959999084472656,2.829999999999999,0.04621565570109398
2001-04-27,79.66064453125,24.020000457763672,2.76,-0.5520218376842446
2001-04-30,80.21797180175781,25.479999542236328,2.7300000000000004,-0.4881196048367143
2001-05-01,80.46497344970703,24.200000762939453,2.750000000000001,-0.5011365111643169
2001-05-02,80.3193130493164,24.229999542236328,2.7,-0.7135232237141663
2001-05-03,79.29962158203125,25.780000686645508,2.7,-0.7274793590186638
2001-05-04,80.64864349365234,23.90999984741211,2.7300000000000004,-0.9153957254249785
2001-05-07,79.95198059082031,24.86000061035156,2.75,-0.4453728375511911
2001-05-08,79.9139633178711,24.440000534057617,2.76,-0.5628581034245214
2001-05-09,79.57828521728516,24.350000381469727,2.76,-0.4517520692196458
2001-05-10,79.81263732910156,24.0,2.740000000000001,-0.4006949254886958
2001-05-11,79.2616195678711,23.540000915527344,2.67,-0.4909663652134883
2001-05-14,79.41998291015625,24.26000022888184,2.6800000000000006,-0.3011334793115543
2001-05-15,79.78730773925781,23.709999084472656,2.6899999999999995,-0.431797125077572
2001-05-16,81.66834259033203,21.88999938964844,2.66,-0.6951682202234851
2001-05-17,81.79499816894531,21.46999931335449,2.6100000000000003,-0.5609144579701115
2001-05-18,82.16863250732422,21.229999542236328,2.619999999999999,-0.509449994046148
2001-05-21,83.37830352783203,20.76000022888184,2.6099999999999994,-0.7184705309757189
2001-05-22,83.27066040039062,21.350000381469727,2.630000000000001,-0.7446612740162869
2001-05-23,81.8582763671875,22.07999992370605,2.6899999999999995,-0.5056343524725063
2001-05-24,82.09899139404297,20.56999969482422,2.6500000000000004,-0.6285886497410678
2001-05-25,81.12999725341797,20.600000381469727,2.6500000000000004,-0.5174127164767154
2001-05-29,80.48394775390625,22.13999938964844,2.64,-0.24275131484171017
2001-05-30,79.35663604736328,22.76000022888184,2.63,-0.07342461526524084
2001-05-31,79.76829528808594,22.63999938964844,2.6500000000000004,-0.06604001514565293
2001-06-01,80.2623062133789,21.59000015258789,2.63,-0.23652814980614675
2001-06-04,80.64864349365234,21.3799991607666,2.6500000000000004,-0.3334906857139069
2001-06-05,81.57330322265625,19.57999992370605,2.66,-0.44101352768732377
2001-06-06,80.89562225341797,20.38999938964844,2.6900000000000004,-0.32698909243157376
2001-06-07,81.1869888305664,19.670000076293945,2.68,-0.43055965991308504
2001-06-08,80.43329620361328,19.920000076293945,2.6499999999999995,-0.42464908411702623
2001-06-11,79.8633041381836,20.700000762939453,2.66,-0.2806697925544525
2001-06-12,79.7239761352539,20.700000762939453,2.6800000000000006,-0.28431376508691886
2001-06-13,79.04000091552734,21.450000762939453,2.67,-0.17159259096188728
2001-06-14,77.26667785644531,23.1200008392334,2.67,0.13536843670679818
2001-06-15,77.39112854003906,22.809999465942383,2.710000000000001,0.29827139547032133
2001-06-18,77.01636505126953,23.170000076293945,2.7300000000000004,0.3941676918691958
2001-06-19,77.35301971435547,22.34000015258789,2.7300000000000004,0.31910065146732935
2001-06-20,77.75950622558594,21.709999084472656,2.74,0.3306391664862072
2001-06-21,78.64234924316406,19.3799991607666,2.74,0.05205636123882296
2001-06-22,78.0262451171875,20.020000457763672,2.75,0.06524823416986701
2001-06-25,77.30858612060547,20.670000076293945,2.75,0.1899367292559905
2001-06-26,77.2005844116211,21.200000762939453,2.72,0.1209231014420988
2001-06-27,77.15614318847656,20.8799991607666,2.6800000000000006,-0.019621604417699317
2001-06-28,77.58168029785156,20.01000022888184,2.66,-0.24909525069379046
2001-06-29,77.86748504638672,19.059999465942383,2.6500000000000004,-0.3402799229155055
2001-07-02,78.8392333984375,18.76000022888184,2.669999999999999,-0.373054138562292
2001-07-03,78.82015991210938,18.920000076293945,2.67,-0.3300189549116927
2001-07-05,77.2831802368164,20.09000015258789,2.669999999999999,-0.04426313395704281
2001-07-06,75.61276245117188,21.6299991607666,2.6899999999999995,0.197574144584304
2001-07-09,76.02558135986328,22.479999542236328,2.6900000000000004,0.25473968938439145
2001-07-10,75.11100006103516,23.25,2.709999999999999,0.36490246219412
2001-07-11,75.18722534179688,24.01000022888184,2.740000000000001,0.4278403697044703
2001-07-12,76.9719467163086,22.09000015258789,2.74,0.1084039627205464
2001-07-13,77.6388168334961,21.13999938964844,2.710000000000001,-0.1339848241050434
2001-07-16,76.66706085205078,22.90999984741211,2.74,0.004149892527611147
2001-07-17,77.3847885131836,22.61000061035156,2.7300000000000004,-0.09173503354663154
2001-07-18,76.85762023925781,23.600000381469727,2.78,0.09031233041463806
2001-07-19,77.53085327148438,22.51000022888184,2.78,-0.03510559195987487
2001-07-20,77.06718444824219,22.34000015258789,2.77,-0.0011311460124645012
2001-07-23,75.54923248291016,23.739999771118164,2.7700000000000005,0.3064328800814267
2001-07-24,74.8188247680664,25.239999771118164,2.74,0.3879811598232599
2001-07-25,75.64453887939453,24.0,2.74,0.15194057075757691
2001-07-26,76.43841552734375,23.01000022888184,2.76,0.025145968648431088
2001-07-27,76.73060607910156,22.0,2.7700000000000005,-0.07540030760444444
2001-07-30,76.75599670410156,22.690000534057617,2.76,-0.005546681975360179
2001-07-31,77.07356262207031,21.6200008392334,2.78,-0.06595792301491755
2001-08-01,77.55626678466797,20.559999465942383,2.76,-0.1637095910556671
2001-08-02,77.87384033203125,20.09000015258789,2.74,-0.2747514490842396
2001-08-03,77.44830322265625,19.88999938964844,2.72,-0.42432092677806516
2001-08-06,76.40669250488281,21.88999938964844,2.75,-0.24143863724116868
2001-08-07,76.70516204833984,21.01000022888184,2.74,-0.3344334438939778
2001-08-08,75.28250885009766,22.31999969482422,2.88,0.11625677871206548
2001-08-09,75.5047607421875,21.75,2.84,-0.035033231371165686
2001-08-10,75.76519012451172,20.549999237060547,2.87,0.04386654609049804
2001-08-13,75.78424835205078,20.420000076293945,2.890000000000001,0.1234469463165937
2001-08-14,75.7524642944336,20.479999542236328,2.890000000000001,0.0499403333147023
2001-08-15,75.0982666015625,20.90999984741211,2.8600000000000003,0.12898144413388538
2001-08-16,75.35871887207031,21.540000915527344,2.89,0.18401391319422963
2001-08-17,74.15193176269531,23.84000015258789,2.97,0.7141550997762951
2001-08-20,74.83789825439453,22.8700008392334,2.93,0.4383346190243858
2001-08-21,73.56123352050781,24.39999961853028,2.9799999999999995,0.6663215084257689
2001-08-22,74.32344818115234,22.440000534057617,2.9399999999999995,0.2660462838389389
2001-08-23,74.05667114257812,22.229999542236328,2.92,0.28515899793822935
2001-08-24,75.59371948242188,19.709999084472656,2.91,-0.042218542112099446
2001-08-27,75.14273834228516,20.559999465942383,2.91,0.09127154083948992
2001-08-28,74.04398345947266,22.0,2.95,0.4003772697841055
2001-08-29,73.3834457397461,23.030000686645508,2.97,0.6132767652945977
2001-08-30,71.97341918945312,25.40999984741211,2.97,0.9863234184505217
2001-08-31,72.5005874633789,24.920000076293945,2.9000000000000004,0.7553224464411867
2001-09-04,72.03695678710938,25.850000381469727,2.88,0.7996549693990674
2001-09-05,72.21476745605469,26.350000381469727,2.9000000000000004,0.7910395932518955
2001-09-06,70.35382843017578,28.61000061035156,2.9399999999999995,1.275495940553425
2001-09-07,69.05183410644531,30.989999771118164,2.99,1.6121193464832893
2001-09-10,69.89653778076172,31.84000015258789,2.99,1.627426651547956
2001-09-17,66.24452209472656,41.7599983215332,3.45,3.941252958206709
2001-09-18,66.08575439453125,38.869998931884766,3.4799999999999995,3.5945604456851696
2001-09-19,64.75193786621094,40.560001373291016,3.5200000000000005,3.8218000075043475
2001-09-20,62.694129943847656,43.7400016784668,3.52,4.09286461983671
2001-09-21,62.017704010009766,42.65999984741211,3.53,3.9346047109572253
2001-09-24,64.19801330566406,37.75,3.4800000000000004,3.0461115328647765
2001-09-25,64.8674087524414,35.810001373291016,3.4799999999999995,2.8092532971583277
2001-09-26,64.6379165649414,35.2599983215332,3.459999999999999,2.599295472015269
2001-09-27,65.19893646240234,34.0,3.4700000000000006,2.4751558590921103
2001-09-28,66.58232879638672,31.93000030517578,3.42,2.055518718067462
2001-10-01,66.47396850585938,32.31999969482422,3.4400000000000004,2.2016056458730175
2001-10-02,67.30908203125,31.18000030517578,3.42,1.950630917643262
2001-10-03,68.43748474121094,31.34000015258789,3.43,1.7870453114232123
2001-10-04,68.494873046875,31.96999931335449,3.38,1.6789025650489904
2001-10-05,68.36103057861328,33.38999938964844,3.4000000000000004,1.705196829858273
2001-10-08,67.9147720336914,35.119998931884766,3.4000000000000004,1.8904528959367397
2001-10-09,67.55140686035156,34.83000183105469,3.3600000000000003,1.7746902417896984
2001-10-10,69.05590057373047,31.600000381469727,3.34,1.3700483258195792
2001-10-11,70.12693786621094,31.5,3.3,1.0547369429060176
2001-10-12,69.80818939208984,35.27000045776367,3.33,1.291515390703409
2001-10-15,69.68065643310547,35.310001373291016,3.34,1.3716500533034661
2001-10-16,70.12055969238281,32.880001068115234,3.33,0.8027281234100886
2001-10-17,68.62877655029297,35.08000183105469,3.3100000000000005,1.0413351376254376
2001-10-18,68.48213195800781,34.95000076293945,3.31,0.9075877117867593
2001-10-19,68.43748474121094,34.11000061035156,3.29,0.6119097230336797
2001-10-22,69.78902435302734,32.25,3.28,0.26442851472322676
2001-10-23,69.43204498291016,32.0,3.28,0.49665078856771233
2001-10-24,69.24714660644531,30.950000762939453,3.28,0.4960224363044674
2001-10-25,70.49028778076172,29.459999084472656,3.3000000000000007,0.2840665482977929
2001-10-26,70.33094787597656,28.420000076293945,3.31,0.28701995927408636
2001-10-29,68.50126647949219,31.63999938964844,3.3200000000000003,0.8045847946084083
2001-10-30,67.67884826660156,33.459999084472656,3.35,1.0259988805013214
2001-10-31,67.4493637084961,33.560001373291016,3.38,1.1500860207673063
2001-11-01,69.17704010009766,32.310001373291016,3.37,0.9864144992286287
2001-11-02,69.6488037109375,30.709999084472656,3.37,0.83022679095989
2001-11-05,70.5604476928711,30.5,3.3400000000000007,0.68183328317764
2001-11-06,71.65697479248047,28.799999237060547,3.3600000000000003,0.4549869238313205
2001-11-07,71.56134796142578,29.1299991607666,3.3500000000000005,0.4351701316236807
2001-11-08,71.78449249267578,28.6200008392334,3.28,0.40989810679378297
2001-11-09,71.86097717285156,27.440000534057617,3.2700000000000005,0.39006024430070196
2001-11-12,71.42109680175781,29.350000381469727,3.2700000000000005,0.5288915973705973
2001-11-13,73.02764129638672,26.46999931335449,3.24,0.14492163087865786
2001-11-14,73.09776306152344,26.559999465942383,3.1900000000000004,0.11268305333714719
2001-11-15,73.23165130615234,25.559999465942383,3.1,-0.21306426402607512
2001-11-16,72.906494140625,25.06999969482422,3.0700000000000003,-0.27347823898737583
2001-11-19,73.8053970336914,24.459999084472656,3.08,-0.3774120041566667
2001-11-20,73.18701171875,24.1200008392334,3.08,-0.23713183341828817
2001-11-21,72.70250701904297,24.190000534057617,3.01,-0.3171422365976799
2001-11-23,73.74803161621094,23.25,2.97,-0.5344094937016083
2001-11-26,73.90742492675781,23.790000915527344,2.96,-0.42040111292967786
2001-11-27,73.58863067626953,24.0,3.01,-0.3256385017427574
2001-11-28,72.25623321533203,25.89999961853028,3.01,-0.23608184453923853
2001-11-29,73.23165130615234,25.18000030517578,3.0700000000000003,-0.3493274559098465
2001-11-30,72.70890045166016,23.84000015258789,3.1,-0.37743959817875455
2001-12-03,72.27537536621094,25.770000457763672,3.14,-0.008949574994867445
2001-12-04,73.49940490722656,24.07999992370605,3.1499999999999995,-0.17023415959851665
2001-12-05,74.84455871582031,23.020000457763672,3.0700000000000003,-0.38155122621814236
2001-12-06,74.8062744140625,23.709999084472656,3.03,-0.29704086645636507
2001-12-07,74.3090591430664,23.489999771118164,2.96,-0.3771531965537154
2001-12-10,72.91923522949219,25.6200008392334,3.0,-0.05153588210745278
2001-12-11,72.7726058959961,25.299999237060547,3.0100000000000007,-0.04324907384161114
2001-12-12,72.85550689697266,24.8700008392334,3.040000000000001,-0.07177719485667662
2001-12-13,71.4402084350586,25.90999984741211,2.9799999999999995,0.13941014771445462
2001-12-14,72.12238311767578,24.6299991607666,2.91,-0.09211131465682877
2001-12-17,72.86825561523438,24.26000022888184,2.9700000000000006,-0.08041923746068293
2001-12-18,73.30177307128906,23.290000915527344,2.9399999999999995,-0.24670958449803093
2001-12-19,73.8181381225586,22.57999992370605,2.9399999999999995,-0.2695923867079963
2001-12-20,73.09140014648438,23.670000076293945,2.92,-0.21368142092107548
2001-12-21,73.53469848632812,22.5,2.87,-0.4327620831229204
2001-12-24,73.39397430419922,22.6200008392334,2.87,-0.3360640599223072
2001-12-26,73.7970199584961,22.290000915527344,2.8199999999999994,-0.44461620961210874
2001-12-27,74.24478912353516,21.59000015258789,2.88,-0.46293210641729493
2001-12-28,74.2063980102539,21.39999961853028,2.869999999999999,-0.5825305279151368
2001-12-31,73.1189193725586,23.799999237060547,2.85,-0.28613570388506265
2002-01-02,73.90572357177734,22.709999084472656,2.8199999999999994,-0.49858653594676966
2002-01-03,74.74375915527344,21.34000015258789,2.8200000000000003,-0.6858500226644307
2002-01-04,75.24272155761719,20.450000762939453,2.78,-0.7446704603635945
2002-01-07,74.71174621582031,21.940000534057617,2.8,-0.4740004106290798
2002-01-08,74.53903198242188,21.82999992370605,2.8000000000000007,-0.46971064434868076
2002-01-09,73.93132781982422,22.1299991607666,2.78,-0.46483931401456546
2002-01-10,74.25759887695312,22.36000061035156,2.8200000000000003,-0.5164492687506064
2002-01-11,73.52827453613281,22.600000381469727,2.8600000000000003,-0.39954341797164705
2002-01-14,73.06771850585938,23.57999992370605,2.88,-0.26000647482255784
2002-01-15,73.66265106201172,22.700000762939453,2.8600000000000003,-0.49637491883497314
2002-01-16,72.17211151123047,23.450000762939453,2.87,-0.2653872589755015
2002-01-17,72.71588897705078,22.25,2.8199999999999994,-0.4028107256077476
2002-01-18,72.38322448730469,22.520000457763672,2.8599999999999994,-0.2707404972477155
2002-01-22,71.88424682617188,23.61000061035156,2.85,-0.13506127161948664
2002-01-23,72.43441009521484,21.8799991607666,2.87,-0.31962740464746947
2002-01-24,72.65830993652344,21.14999961853028,2.85,-0.382587706091777
2002-01-25,72.63909912109375,21.01000022888184,2.8100000000000005,-0.45747300511808336
2002-01-28,72.83743286132812,21.13999938964844,2.78,-0.4760827215260777
2002-01-29,70.54728698730469,24.350000381469727,2.8400000000000007,0.025589139963414553
2002-01-30,71.56437683105469,23.21999931335449,2.890000000000001,-0.06278212386349744
2002-01-31,72.40239715576172,21.09000015258789,2.85,-0.40916702019862283
2002-02-01,72.06336975097656,21.1200008392334,2.8600000000000003,-0.3136747507357347
2002-02-04,70.272216796875,24.8700008392334,2.93,0.2306256716504094
2002-02-05,69.83716583251953,25.450000762939453,2.9800000000000004,0.4019411734689571
2002-02-06,69.53650665283203,26.09000015258789,3.01,0.47018096509459517
2002-02-07,69.10151672363281,25.11000061035156,3.0500000000000007,0.4734143971985701
2002-02-08,70.42569732666016,23.26000022888184,3.03,0.1736957252259955
2002-02-11,71.28929901123047,21.780000686645508,3.02,0.013010394716637083
2002-02-12,71.06538391113281,21.6200008392334,2.99,-0.07901538663706445
2002-02-13,71.82028198242188,20.850000381469727,2.9300000000000006,-0.3109497898915944
2002-02-14,71.6859359741211,21.770000457763672,2.95,-0.16711423234550035
2002-02-15,70.9374771118164,22.3700008392334,2.9799999999999995,-0.13642995534845193
2002-02-19,69.57492065429688,24.43000030517578,2.99,0.16024564068230926
2002-02-20,70.74556732177734,22.65999984741211,3.01,-0.04750593137762978
2002-02-21,69.2806167602539,23.799999237060547,2.97,0.04493194631400538
2002-02-22,70.13787841796875,22.86000061035156,2.9800000000000004,-0.032958122011609796
2002-02-25,71.29570007324219,21.84000015258789,2.9799999999999995,-0.17678129330221792
2002-02-26,71.14862060546875,21.68000030517578,2.96,-0.20810038471192452
2002-02-27,71.42363739013672,21.489999771118164,3.0,-0.16827734486643905
2002-02-28,71.10380554199219,21.59000015258789,2.9800000000000004,-0.33590566274644856
2002-03-01,72.76065826416016,19.959999084472656,2.97,-0.5090714168654069
2002-03-04,74.04647827148438,20.5,2.9400000000000004,-0.5436410524077491
2002-03-05,73.8097915649414,20.299999237060547,2.9000000000000004,-0.6206089911979106
2002-03-06,74.68617248535156,19.940000534057617,2.91,-0.8360227279639183
2002-03-07,74.52625274658203,20.040000915527344,2.830000000000001,-0.9633970685784744
2002-03-08,74.83971405029297,19.270000457763672,2.789999999999999,-1.1178388505418517
2002-03-11,74.99962615966797,19.84000015258789,2.78,-1.134919266746511
2002-03-12,74.95489501953125,19.59000015258789,2.78,-1.0303572433391575
2002-03-13,74.23197937011719,19.459999084472656,2.8199999999999994,-0.8496498199223185
2002-03-14,74.1296615600586,19.200000762939453,2.789999999999999,-0.9162776519355353
2002-03-15,74.8359603881836,18.420000076293945,2.8100000000000005,-0.9286727948091736
2002-03-18,74.84881591796875,18.93000030517578,2.799999999999999,-0.9142603068249248
2002-03-19,75.34918212890625,18.15999984741211,2.83,-1.0152943072585632
2002-03-20,73.93141174316406,18.459999084472656,2.8100000000000005,-1.0193051509497513
2002-03-21,73.96346282958984,18.14999961853028,2.78,-0.9824364567194056
2002-03-22,73.80309295654297,17.770000457763672,2.78,-1.109216522849349
2002-03-25,72.88571166992188,18.479999542236328,2.74,-0.9669581819764516
2002-03-26,73.30909729003906,18.1299991607666,2.76,-0.8927223649457234
2002-03-27,73.50155639648438,17.700000762939453,2.8100000000000005,-0.8685361496552781
2002-03-28,73.4695053100586,17.399999618530273,2.8100000000000005,-0.8562270187559454
2002-04-01,73.50155639648438,18.729999542236328,2.78,-0.8324677984934437
2002-04-02,73.09738159179688,19.15999984741211,2.81,-0.5869728674181832
2002-04-03,72.58413696289062,20.200000762939453,2.830000000000001,-0.34276050945263065
2002-04-04,72.28265380859375,19.780000686645508,2.839999999999999,-0.3463552048800768
2002-04-05,72.29545593261719,19.1299991607666,2.8500000000000005,-0.304084555513957
2002-04-08,72.44944763183594,19.61000061035156,2.85,-0.29108993355165996
2002-04-09,71.94265747070312,19.46999931335449,2.8500000000000005,-0.2327683596095785
2002-04-10,72.75737762451172,18.190000534057617,2.84,-0.37892763008363417
2002-04-11,70.9482421875,20.299999237060547,2.830000000000001,-0.10760642008268018
2002-04-12,71.48070526123047,19.420000076293945,2.8599999999999994,-0.21331121670885933
2002-04-15,70.93535614013672,19.81999969482422,2.84,-0.17366495562867545
2002-04-16,72.62262725830078,18.11000061035156,2.81,-0.4065604480516061
2002-04-17,72.46868896484375,18.43000030517578,2.789999999999999,-0.39477933906716894
2002-04-18,72.15434265136719,19.290000915527344,2.8200000000000003,-0.22612316859175705
2002-04-19,72.4173812866211,18.299999237060547,2.8,-0.44996847900594233
2002-04-22,71.21127319335938,19.770000457763672,2.77,-0.2912005349902736
2002-04-23,70.90331268310547,20.280000686645508,2.78,-0.22810447861198932
2002-04-24,70.19116973876953,20.770000457763672,2.81,-0.16485219519626373
2002-04-25,70.22969055175781,20.950000762939453,2.83,-0.09387152051840597
2002-04-26,68.89527893066406,22.13999938964844,2.83,0.10954117092923965
2002-04-29,68.55526733398438,24.049999237060547,2.8200000000000003,0.24795205349313068
2002-04-30,69.19680786132812,21.90999984741211,2.84,0.08149723158039264
2002-05-01,70.04365539550781,20.059999465942383,2.8600000000000003,-0.11713413664701651
2002-05-02,69.77421569824219,20.06999969482422,2.84,-0.16394736387239908
2002-05-03,69.0171890258789,20.190000534057617,2.89,-0.04479502694902892
2002-05-06,67.66356658935547,22.559999465942383,2.8600000000000003,0.18500572898457637
2002-05-07,67.4261474609375,21.940000534057617,2.8600000000000003,0.17318815533931853
2002-05-08,69.93457794189453,20.38999938964844,2.8599999999999994,-0.18827612700182259
2002-05-09,69.12622833251953,21.559999465942383,2.89,0.0680492754289707
2002-05-10,67.82391357421875,22.40999984741211,2.93,0.14503429905420792
2002-05-13,69.2032241821289,20.71999931335449,2.9000000000000004,-0.09126625918004898
2002-05-14,70.71086120605469,19.350000381469727,2.890000000000001,-0.383788020819365
2002-05-15,70.43497467041016,19.190000534057617,2.91,-0.19254288672222
2002-05-16,70.80068969726562,18.5,2.96,-0.21349501410930352
2002-05-17,71.14710235595703,17.700000762939453,2.9400000000000013,-0.3567405576281957
2002-05-20,70.37723541259766,19.239999771118164,2.96,-0.13188314281007288
2002-05-21,69.73570251464844,20.049999237060547,2.950000000000001,-0.14376719633471202
2002-05-22,69.88966369628906,19.57999992370605,2.9799999999999995,-0.17600615457347998
2002-05-23,70.6338882446289,18.229999542236328,2.9700000000000006,-0.4216502275874749
2002-05-24,69.72930908203125,18.89999961853028,2.959999999999999,-0.303235965347386
2002-05-28,69.35079193115234,20.309999465942383,2.95,-0.3194859655930776
2002-05-29,68.83757781982422,20.38999938964844,2.97,-0.2710367309845649
2002-05-30,68.64508819580078,20.61000061035156,3.000000000000001,-0.1333546800716581
2002-05-31,68.78620147705078,19.979999542236328,2.9800000000000004,-0.13986221373085697
2002-06-03,66.95784759521484,23.3700008392334,3.000000000000001,0.26412368704818306
2002-06-04,67.12464904785156,23.88999938964844,3.0100000000000007,0.22030658995019411
2002-06-05,67.75332641601562,22.61000061035156,2.99,-0.09519836206769527
2002-06-06,66.37401580810547,24.15999984741211,2.99,0.12178803085234487
2002-06-07,66.29703521728516,23.51000022888184,2.960000000000001,0.28057662165998615
2002-06-10,66.55364227294922,23.71999931335449,2.95,0.1734403123644825
2002-06-11,65.41169738769531,24.450000762939453,2.95,0.2064415490602325
2002-06-12,65.80944061279297,24.14999961853028,3.0,0.35204115642577266
2002-06-13,65.1487045288086,25.020000457763672,3.0,0.6081228577080435
2002-06-14,65.05243682861328,25.959999084472656,3.02,0.6792415747086574
2002-06-17,66.79743957519531,24.63999938964844,2.9700000000000006,0.37120641196314047
2002-06-18,67.34276580810547,24.239999771118164,3.0200000000000005,0.3973583661534062
2002-06-19,65.77098846435547,26.059999465942383,3.0600000000000005,0.6579925925967567
2002-06-20,64.9305648803711,27.479999542236328,3.0500000000000007,0.7544518892887213
2002-06-21,63.91529846191406,27.229999542236328,3.05,0.8449143029354326
2002-06-24,64.25006103515625,26.979999542236328,3.03,0.8241629467200969
2002-06-25,62.80796813964844,27.84000015258789,3.03,0.9356187453467445
2002-06-26,62.91100692749024,28.420000076293945,3.12,1.0678371071883008
2002-06-27,64.0118637084961,26.290000915527344,3.140000000000001,0.800676868507224
2002-06-28,63.70930099487305,25.39999961853028,3.13,0.7330978537087732
2002-07-01,62.466796875,27.11000061035156,3.140000000000001,0.9905988708094925
2002-07-02,61.140586853027344,28.959999084472656,3.1800000000000006,1.1377586916531837
2002-07-03,61.48824691772461,29.420000076293945,3.17,1.1253351282783453
2002-07-05,63.93462371826172,27.11000061035156,3.1500000000000004,0.7506627974629777
2002-07-08,63.136329650878906,28.25,3.1899999999999995,0.8354274001785313
2002-07-09,61.54613876342773,30.21999931335449,3.1899999999999995,1.1109467930299806
2002-07-10,59.30580139160156,34.099998474121094,3.21,1.6365803646154304
2002-07-11,59.78862762451172,33.849998474121094,3.21,1.4541009473826898
2002-07-12,59.13196563720703,32.939998626708984,3.24,1.5323842628000992
2002-07-15,59.44741439819336,35.029998779296875,3.26,1.598815317691843
2002-07-16,58.30147933959961,36.650001525878906,3.24,1.762135226749508
2002-07-17,58.417362213134766,35.45000076293945,3.2700000000000005,1.855958360473459
2002-07-18,56.52462005615234,35.119998931884766,3.3,2.0895028730720226
2002-07-19,54.53529357910156,38.16999816894531,3.25,2.2347389555594828
2002-07-22,52.91938781738281,41.869998931884766,3.3,2.596717331578797
2002-07-23,51.47089385986328,44.91999816894531,3.33,2.8371810515997384
2002-07-24,54.5417366027832,39.86000061035156,3.35,2.2423687625500364
2002-07-25,54.078216552734375,39.27000045776367,3.3500000000000005,2.1029088187925584
2002-07-26,55.1082763671875,35.5099983215332,3.34,1.7533323633915536
2002-07-29,57.79286956787109,31.32999992370605,3.25,1.1935959435108172
2002-07-30,58.54610824584961,31.920000076293945,3.21,1.0611467863320208
2002-07-31,58.68772506713867,32.029998779296875,3.25,1.0066045753357127
2002-08-01,57.1555290222168,36.95000076293945,3.2700000000000005,1.3394446422302313
2002-08-02,55.87438583374024,41.290000915527344,3.34,1.8356462874718371
2002-08-05,53.93016052246094,45.08000183105469,3.3600000000000003,2.429607780780501
2002-08-06,55.74562454223633,42.02999877929688,3.3,1.8975973982359946
2002-08-07,56.71774291992188,38.72999954223633,3.3500000000000005,1.555918512407809
2002-08-08,58.55255126953125,36.33000183105469,3.33,1.0076307442875088
2002-08-09,58.771427154541016,35.33000183105469,3.3600000000000003,1.0170893668666403
2002-08-12,58.340110778808594,37.04999923706055,3.33,1.0298360984580566
2002-08-13,57.27782440185547,35.81999969482422,3.39,1.181043197407255
2002-08-14,59.37016677856445,32.36000061035156,3.37,0.6454958483771202
2002-08-15,60.19419479370117,29.43000030517578,3.35,0.38432448827284516
2002-08-16,60.01395797729492,28.809999465942383,3.3199999999999994,0.12189754859615128
2002-08-19,61.41741180419922,28.61000061035156,3.3200000000000003,-0.253288327098727
2002-08-20,60.76716995239258,29.59000015258789,3.3600000000000003,-0.2529198836389516
2002-08-21,61.64272689819336,28.229999542236328,3.3199999999999994,-0.645599652960105
2002-08-22,62.24145126342773,27.75,3.28,-0.4030013229024061
2002-08-23,60.902381896972656,29.31999969482422,3.27,-0.2466056137803981
2002-08-26,61.3272705078125,29.88999938964844,3.29,-0.10793528067134413
2002-08-27,60.61910629272461,30.11000061035156,3.28,0.22286365409311595
2002-08-28,59.29292678833008,33.31999969482422,3.3,0.6077818284594697
2002-08-29,59.31864547729492,33.66999816894531,3.33,0.677775763379089
2002-08-30,59.086891174316406,32.63999938964844,3.3200000000000003,0.4833672305662315
2002-09-03,56.83365631103516,39.970001220703125,3.39,1.0566803356298469
2002-09-04,57.64480209350586,37.43999862670898,3.4000000000000004,0.6610965352721673
2002-09-05,57.1555290222168,38.86000061035156,3.47,1.058469414629993
2002-09-06,57.94095993041992,36.33000183105469,3.42,0.8577284344150021
2002-09-09,58.36588668823242,36.45000076293945,3.41,0.9673803499192707
2002-09-10,59.03538513183594,35.08000183105469,3.43,0.8802394438837408
2002-09-11,58.668418884277344,34.810001373291016,3.42,0.8381650799584864
2002-09-12,57.586856842041016,37.5,3.45,1.0134839798702344
2002-09-13,57.72846984863281,35.81999969482422,3.4400000000000004,1.0753921122397334
2002-09-16,57.8701171875,36.7400016784668,3.47,1.216321655019958
2002-09-17,56.543907165527344,38.0099983215332,3.51,1.4303903055552318
2002-09-18,55.97740173339844,37.52000045776367,3.51,1.5698938974763612
2002-09-19,54.52886199951172,40.650001525878906,3.55,1.8621398450041984
2002-09-20,54.546993255615234,38.97999954223633,3.59,1.9046250957680069
2002-09-23,54.10079574584961,39.68000030517578,3.63,2.088563732674819
2002-09-24,53.22775268554688,40.52000045776367,3.65,2.1396704776803595
2002-09-25,54.546993255615234,37.33000183105469,3.67,1.917077962166888
2002-09-26,55.43937683105469,34.599998474121094,3.64,1.5954816371877076
2002-09-27,53.51230239868164,36.970001220703125,3.71,1.8765744094602772
2002-09-30,52.8914909362793,39.68999862670898,3.76,2.1334738277283143
2002-10-01,55.43290710449219,34.119998931884766,3.74,1.5572776860277795
2002-10-02,53.77097702026367,36.83000183105469,3.73,1.6262951488746975
2002-10-03,53.22775268554688,37.310001373291016,3.76,1.8019862965402165
2002-10-04,52.25128173828125,39.459999084472656,3.78,1.969850336462411
2002-10-07,51.17129898071289,42.63999938964844,3.86,2.3812343419966715
2002-10-08,51.973243713378906,41.02000045776367,3.89,2.270812299958769
2002-10-09,50.50526428222656,42.130001068115234,3.9,2.4966081113179874
2002-10-10,52.141361236572266,37.54999923706055,3.9,2.0647678893430466
2002-10-11,54.42413711547852,35.70000076293945,3.88,1.6261801452305826
2002-10-14,54.7280502319336,36.040000915527344,3.88,1.6054022472546585
2002-10-15,57.36000061035156,34.02000045776367,3.7399999999999993,1.090957578950756
2002-10-16,55.96966552734375,36.0,3.770000000000001,1.2206122949183134
2002-10-17,57.08195114135742,34.099998474121094,3.73,0.9103317321215267
2002-10-18,57.32123565673828,33.529998779296875,3.7600000000000007,0.7432019466666832
2002-10-21,58.31062316894531,33.11000061035156,3.7,0.548993408981715
2002-10-22,57.8902473449707,34.09000015258789,3.710000000000001,0.593727513397669
2002-10-23,58.330039978027344,33.20000076293945,3.73,0.42392622597830226
2002-10-24,57.14014434814453,34.029998779296875,3.77,0.7601733184041528
2002-10-25,58.330039978027344,30.0,3.78,0.542887671674093
2002-10-28,57.94847869873047,31.06999969482422,3.810000000000001,0.4515435974641266
2002-10-29,57.27594375610352,32.27000045776367,3.85,0.543278502918965
2002-10-30,57.83206558227539,31.229999542236328,3.83,0.6749607591893682
2002-10-31,57.24359130859375,31.13999938964844,3.82,0.5380714260107337
2002-11-01,58.37529373168945,29.299999237060547,3.76,0.20895236419612587
2002-11-04,58.93140411376953,30.81999969482422,3.72,0.07379400454879903
2002-11-05,59.39702987670898,31.229999542236328,3.7200000000000006,-0.07451003836994345
2002-11-06,60.16658401489258,30.729999542236328,3.72,-0.07287703171271809
2002-11-07,58.69215774536133,31.420000076293945,3.73,-0.04527130266690649
2002-11-08,57.974365234375,29.40999984741211,3.66,0.04484903776456132
2002-11-11,57.075477600097656,31.299999237060547,3.66,0.4524287968856764
2002-11-12,57.52815246582031,30.57999992370605,3.68,0.42207273164604286
2002-11-13,57.58634948730469,31.239999771118164,3.67,0.6753646425351545
2002-11-14,58.67277145385742,28.670000076293945,3.58,0.2313074934977952
2002-11-15,59.10603713989258,26.64999961853028,3.54,0.15470153085574123
2002-11-18,58.5111083984375,27.65999984741211,3.5200000000000005,0.25198223404551
2002-11-19,58.4334831237793,27.40999984741211,3.5,0.30887428441322756
2002-11-20,59.73330307006836,25.31999969482422,3.4799999999999995,0.03378225990910699
2002-11-21,60.845611572265625,23.809999465942383,3.46,-0.11873539278690133
2002-11-22,60.41231918334961,23.15999984741211,3.4300000000000006,-0.25391965083533186
2002-11-25,60.45109176635742,24.06999969482422,3.42,-0.11733084008053296
2002-11-26,59.30002975463867,25.96999931335449,3.45,0.06725965226169199
2002-11-27,60.968448638916016,27.25,3.390000000000001,-0.14360701060198064
2002-11-29,60.774452209472656,27.5,3.38,-0.07447032816527317
2002-12-02,60.871429443359375,27.459999084472656,3.37,-0.15307794324553226
2002-12-03,60.0566520690918,28.32999992370605,3.35,0.0412118669423297
2002-12-04,59.78505325317383,28.920000076293945,3.38,0.17043483441117924
2002-12-05,59.12542724609375,30.100000381469727,3.38,0.3207661760063581
2002-12-06,59.513431549072266,28.8799991607666,3.42,0.3305114214092609
2002-12-09,57.87734603881836,30.780000686645508,3.420000000000001,0.4330384002226663
2002-12-10,58.65336227416992,28.76000022888184,3.4000000000000004,0.18086972144915223
2002-12-11,58.70513534545898,27.76000022888184,3.4000000000000004,0.044401467543716766
2002-12-12,58.69863128662109,27.290000915527344,3.42,0.08225002425387136
2002-12-13,57.77388381958008,28.18000030517578,3.42,0.21010724496082203
2002-12-16,59.267696380615234,26.239999771118164,3.369999999999999,0.030154085663618768
2002-12-17,58.7503662109375,26.65999984741211,3.37,0.13136067997931297
2002-12-18,58.07135772705078,28.290000915527344,3.4000000000000004,0.24510417195012005
2002-12-19,57.657493591308594,30.209999084472656,3.4400000000000004,0.40370144518415946
2002-12-20,58.48019409179688,26.709999084472656,3.4199999999999995,0.25150878342472743
2002-12-23,58.49964904785156,26.200000762939453,3.44,0.3340712602280503
2002-12-24,58.06429672241211,26.489999771118164,3.4399999999999995,0.34570564521224784
2002-12-26,58.09029006958008,27.3700008392334,3.45,0.3953813564279837
2002-12-27,56.78410339355469,29.549999237060547,3.49,0.5537373671403804
2002-12-30,57.25848388671875,29.6200008392334,3.48,0.6364154593808555
2002-12-31,57.33647155761719,28.6200008392334,3.4799999999999995,0.5607473564949085
2003-01-02,59.18203353881836,25.38999938964844,3.37,0.14260217053780966
2003-01-03,59.36398315429688,24.68000030517578,3.390000000000001,0.0422724066664526
2003-01-06,60.4102668762207,24.90999984741211,3.38,-0.07292969935994664
2003-01-07,60.26074600219727,25.1299991607666,3.39,-0.10024534956259146
2003-01-08,59.38996505737305,25.530000686645508,3.35,-0.014692150751251113
2003-01-09,60.312782287597656,24.25,3.29,-0.36642009224106636
2003-01-10,60.47524642944336,24.31999969482422,3.31,-0.2871907631194472
2003-01-13,60.455753326416016,24.89999961853028,3.29,-0.27495570999144064
2003-01-14,60.65071487426758,24.56999969482422,3.3100000000000005,-0.2895678302775517
2003-01-15,60.04635620117188,25.51000022888184,3.29,-0.2963271797652012
2003-01-16,59.79940032958984,25.01000022888184,3.29,-0.16781670089682912
2003-01-17,58.915618896484375,25.700000762939453,3.29,-0.10455012651052738
2003-01-21,57.99931716918945,27.59000015258789,3.3100000000000005,0.026573377554292215
2003-01-22,57.2974739074707,29.01000022888184,3.33,0.13973254066764101
2003-01-23,57.64837265014648,27.530000686645508,3.33,0.10584100009095558
2003-01-24,56.13422393798828,31.51000022888184,3.33,0.43108605792117133
2003-01-27,55.36738586425781,34.689998626708984,3.27,0.5504802518921139
2003-01-28,55.77680587768555,31.93000030517578,3.2300000000000004,0.33448691598887764
2003-01-29,56.19923400878906,31.26000022888184,3.1800000000000006,0.09440416787691826
2003-01-30,54.86700439453125,31.31999969482422,3.1900000000000004,0.26601207273678545
2003-01-31,55.9262924194336,31.170000076293945,3.16,0.13644064483111637
2003-02-03,56.036746978759766,31.020000457763672,3.140000000000001,0.24970583119094095
2003-02-04,55.48439407348633,32.7599983215332,3.12,0.3721729382945973
2003-02-05,55.13996124267578,33.040000915527344,3.1100000000000003,0.48375412321062866
2003-02-06,54.8800048828125,33.349998474121094,3.12,0.5170029269220672
2003-02-07,54.21064376831055,34.0099983215332,3.1100000000000003,0.5249491576589377
2003-02-10,54.59408950805664,33.9900016784668,3.1099999999999994,0.5595667846623059
2003-02-11,54.21714401245117,33.68000030517578,3.1300000000000003,0.605072473541317
2003-02-12,53.35285949707031,34.33000183105469,3.16,0.7341567597799302
2003-02-13,53.51533126831055,33.70000076293945,3.1699999999999995,0.7076745788648838
2003-02-14,54.685020446777344,32.619998931884766,3.16,0.49461411216149703
2003-02-18,55.64684677124024,31.11000061035156,3.16,0.3166650232494193
2003-02-19,55.35440826416016,31.309999465942383,3.16,0.27788248191286313
2003-02-20,54.802032470703125,31.15999984741211,3.18,0.2629858062994666
2003-02-21,55.35440826416016,30.25,3.16,0.08808607652418222
2003-02-24,54.45760726928711,31.979999542236328,3.1700000000000004,0.2884889742134475
2003-02-25,54.89299392700195,31.739999771118164,3.18,0.11898598508619822
2003-02-26,54.09369659423828,31.940000534057617,3.18,0.1305365440556566
2003-02-27,54.80850982666016,30.530000686645508,3.2,0.05179520302064077
2003-02-28,55.17245101928711,29.6299991607666,3.21,0.02030108070158726
2003-03-03,54.64605331420898,30.43000030517578,3.23,0.007701147383401744
2003-03-04,53.77526092529297,31.82999992370605,3.2500000000000004,0.267055937182412
2003-03-05,54.23017120361328,30.3799991607666,3.25,0.15961042800132938
2003-03-06,53.77526092529297,31.3700008392334,3.24,0.18657098651924306
2003-03-07,54.14567565917969,31.07999992370605,3.26,0.12512726533485977
2003-03-10,52.84597396850586,33.310001373291016,3.29,0.36016718871015035
2003-03-11,52.32609176635742,33.61000061035156,3.28,0.3465981178276956
2003-03-12,52.6770133972168,33.5099983215332,3.26,0.3148421582786946
2003-03-13,54.49660873413086,31.76000022888184,3.21,-0.04019076689404406
2003-03-14,54.67207336425781,30.979999542236328,3.22,-0.17300904229447375
2003-03-17,56.394161224365234,31.75,3.1700000000000004,-0.34289611960048566
2003-03-18,56.72559356689453,30.43000030517578,3.1099999999999994,-0.3982028255613049
2003-03-19,57.16098403930664,31.540000915527344,3.04,-0.3737023119848353
2003-03-20,57.28447723388672,30.440000534057617,3.05,-0.46336174664030777
2003-03-21,58.50719451904297,28.670000076293945,2.99,-0.7968155993648102
2003-03-24,56.56280517578125,30.38999938964844,3.03,-0.43041270866687337
2003-03-25,57.10438537597656,28.75,3.04,-0.6482721457196107
2003-03-26,56.81727981567383,28.229999542236328,3.01,-0.6461087116261189
2003-03-27,56.86295700073242,27.959999084472656,3.0,-0.7594911281933013
2003-03-28,56.57586669921875,27.75,3.01,-0.6661307635995101
2003-03-31,55.29050827026367,29.14999961853028,3.04,-0.40619149155414863
2003-04-01,56.13872909545898,28.36000061035156,3.0200000000000005,-0.6070837797616132
2003-04-02,57.49585723876953,28.020000457763672,2.98,-0.8907613087624102
2003-04-03,57.2218017578125,28.209999084472656,3.01,-0.7734654280679697
2003-04-04,57.561134338378906,29.1299991607666,2.99,-0.8252139530603625
2003-04-07,57.450225830078125,28.450000762939453,2.95,-0.8634660421347867
2003-04-08,57.54154968261719,27.1299991607666,2.97,-1.0539592804554176
2003-04-09,56.78467178344727,27.11000061035156,2.97,-1.0352420326077814
2003-04-10,57.09785461425781,25.600000381469727,2.96,-1.1259434887234958
2003-04-11,56.86295700073242,24.440000534057617,2.93,-1.0256216872304804
2003-04-14,58.03741836547852,23.40999984741211,2.92,-1.18774331306126
2003-04-15,58.5789680480957,22.559999465942383,2.9200000000000004,-1.1235646589539268
2003-04-16,57.58069610595703,22.520000457763672,2.9000000000000004,-1.0360452813295675
2003-04-17,58.43544387817383,21.5,2.86,-1.182809294191629
2003-04-21,58.49415588378906,21.950000762939453,2.84,-1.1762797711846753
2003-04-22,59.5968132019043,20.700000762939453,2.83,-1.2513960420789854
2003-04-23,60.144901275634766,20.799999237060547,2.79,-1.5156715620508665
2003-04-24,59.60986328125,20.32999992370605,2.8000000000000003,-1.4327320844876397
2003-04-25,58.872589111328125,20.799999237060547,2.8200000000000003,-1.340557488622588
2003-04-28,59.89042663574219,20.84000015258789,2.79,-1.4565586453546704
2003-04-29,60.099212646484375,20.76000022888184,2.7700000000000005,-1.5254917515035809
2003-04-30,59.968727111816406,21.209999084472656,2.76,-1.614558658328581
2003-05-01,59.962215423583984,21.59000015258789,2.7700000000000005,-1.49325923656876
2003-05-02,60.81693649291992,20.6299991607666,2.73,-1.5432760845623144
2003-05-05,60.69948196411133,21.1299991607666,2.71,-1.5485758145291666
2003-05-06,61.27367401123047,20.799999237060547,2.74,-1.5437762382779325
2003-05-07,60.93439483642578,21.0,2.78,-1.4587449673340718
2003-05-08,60.32107925415039,21.239999771118164,2.67,-1.5118542089530231
2003-05-09,61.1562385559082,19.690000534057617,2.81,-1.5677748469563841
2003-05-12,61.906551361083984,19.520000457763672,2.83,-1.582144049500464
2003-05-13,61.79568099975586,19.90999984741211,2.83,-1.5638173602893035
2003-05-14,61.6651496887207,20.0,2.8300000000000005,-1.4368714614202773
2003-05-15,62.0566291809082,19.239999771118164,2.8300000000000005,-1.4634005867531004
2003-05-16,61.90010070800781,18.39999961853028,2.84,-1.5711629175207573
2003-05-19,60.4515495300293,20.51000022888184,2.8600000000000003,-1.2284754305836245
2003-05-20,60.32760620117188,21.290000915527344,2.8600000000000003,-1.1686833852316785
2003-05-21,60.4515495300293,21.209999084472656,2.86,-1.0916971654218024
2003-05-22,61.05183410644531,19.780000686645508,2.8500000000000005,-1.189067668364823
2003-05-23,61.17582702636719,19.170000076293945,2.8100000000000005,-1.3223306944857205
2003-05-27,62.24588394165039,19.989999771118164,2.83,-1.396563269305691
2003-05-28,62.422019958496094,20.030000686645508,2.83,-1.3205407405480878
2003-05-29,62.25889587402344,20.43000030517578,2.87,-1.2179516100047654
2003-05-30,63.25719451904297,19.46999931335449,2.85,-1.3844645934674824
2003-06-02,63.51818084716797,20.850000381469727,2.85,-1.3206029629823621
2003-06-03,63.77913284301758,20.84000015258789,2.88,-1.2336840030330516
2003-06-04,64.69918060302734,20.6200008392334,2.87,-1.3338045809928225
2003-06-05,65.01889038085938,20.82999992370605,2.87,-1.2928608999689581
2003-06-06,64.76445770263672,21.25,2.83,-1.318195745393619
2003-06-09,64.10540771484375,22.14999961853028,2.87,-1.2139091720846664
2003-06-10,64.75790405273438,20.63999938964844,2.89,-1.2557887593249752
2003-06-11,65.44297790527344,20.209999084472656,2.87,-1.290107245837307
2003-06-12,65.64523315429688,20.40999984741211,2.8799999999999994,-1.2853729636149855
2003-06-13,64.96012115478516,20.65999984741211,2.88,-1.223531924254389
2003-06-16,66.3303451538086,20.21999931335449,2.87,-1.3255946579429345
2003-06-17,66.3303451538086,20.01000022888184,2.85,-1.3647965861524913
2003-06-18,66.2716293334961,19.76000022888184,2.83,-1.5092773231634335
2003-06-19,65.26025390625,19.799999237060547,2.87,-1.384995375421422
2003-06-20,65.1162338256836,19.13999938964844,2.86,-1.4027080854914635
2003-06-23,64.44831848144531,20.57999992370605,2.8800000000000003,-1.190147258876736
2003-06-24,64.51382446289062,20.75,2.87,-1.1795271132117202
2003-06-25,63.865501403808594,20.809999465942383,2.8500000000000005,-1.058666676793965
2003-06-26,64.69715118408203,19.39999961853028,2.8,-1.233317480571139
2003-06-27,63.95064163208008,19.15999984741211,2.8,-1.192600753975901
2003-06-30,63.930946350097656,19.520000457763672,2.81,-1.0748094005522366
2003-07-01,64.52033233642578,19.459999084472656,2.81,-1.093779634485339
2003-07-02,65.33230590820312,19.030000686645508,2.75,-1.2137563187565823
2003-07-03,64.65785217285156,19.38999938964844,2.72,-1.0972127320476146
2003-07-07,65.94129943847656,20.059999465942383,2.7,-1.1417939291010022
2003-07-08,66.23599243164062,19.479999542236328,2.68,-1.2244122138456375
2003-07-09,65.86268615722656,18.93000030517578,2.68,-1.2640646585328639
2003-07-10,65.0245361328125,19.190000534057617,2.71,-1.0945943041002804
2003-07-11,65.64005279541016,18.46999931335449,2.7299999999999995,-1.0933972685042344
2003-07-14,65.9609603881836,19.59000015258789,2.72,-1.0419636074898826
2003-07-15,65.81690216064453,19.549999237060547,2.66,-1.1356734989024868
2003-07-16,65.43051147460938,19.76000022888184,2.62,-1.0240623400844726
2003-07-17,64.50067138671875,20.21999931335449,2.61,-0.9288772132654204
2003-07-18,65.16207885742188,19.11000061035156,2.6100000000000003,-1.0253036531599273
2003-07-21,64.35660552978516,19.780000686645508,2.5699999999999994,-1.0297715972770043
2003-07-22,64.93941497802734,19.170000076293945,2.5600000000000005,-1.1112629747321614
2003-07-23,64.98526763916016,18.63999938964844,2.59,-1.1498589513435846
2003-07-24,64.49417877197266,18.600000381469727,2.55,-1.1340087842157287
2003-07-25,65.63351440429688,17.75,2.5700000000000003,-1.2913797269143066
2003-07-28,65.39126586914062,18.36000061035156,2.58,-1.1447823937959776
2003-07-29,65.09000396728516,18.670000076293945,2.55,-1.1814709216093766
2003-07-30,64.93290710449219,18.850000381469727,2.55,-1.146257462007099
2003-07-31,65.08348083496094,19.489999771118164,2.58,-1.0329479478408201
2003-08-01,64.50724792480469,20.75,2.5699999999999994,-0.8486997792116783
2003-08-04,64.50724792480469,21.270000457763672,2.62,-0.8200604642202122
2003-08-05,63.138648986816406,22.68000030517578,2.62,-0.5150800373936638
2003-08-06,63.50531005859375,21.5,2.64,-0.5525708731312624
2003-08-07,64.17327117919922,20.26000022888184,2.640000000000001,-0.696010477940463
2003-08-08,64.35660552978516,19.59000015258789,2.6900000000000004,-0.7629986310744082
2003-08-11,64.59891510009766,19.75,2.6100000000000003,-0.7895161753679968
2003-08-12,65.1882553100586,17.940000534057617,2.63,-0.8828368114377771
2003-08-13,64.85428619384766,18.770000457763672,2.56,-0.8773524443135085
2003-08-14,65.03112030029297,18.46999931335449,2.59,-0.9040291590744308
2003-08-15,65.23408508300781,18.270000457763672,2.55,-1.0411814246426039
2003-08-18,65.79725646972656,18.18000030517578,2.6,-0.9818588658325877
2003-08-19,66.04610443115234,17.860000610351562,2.6100000000000003,-1.0755962360252787
2003-08-20,65.77761840820312,17.81999969482422,2.56,-1.0400419497318765
2003-08-21,65.98715209960938,17.84000015258789,2.51,-1.091423668637554
2003-08-22,65.33230590820312,18.549999237060547,2.49,-1.0521128573844711
2003-08-25,65.43710327148438,19.530000686645508,2.5,-0.8901225257573592
2003-08-26,65.55494689941406,19.489999771118164,2.49,-0.927431545527592
2003-08-27,65.57461547851562,19.1299991607666,2.47,-0.9866594098123264
2003-08-28,65.9805908203125,18.479999542236328,2.49,-1.0470276444020303
2003-08-29,66.42591094970703,18.6299991607666,2.46,-1.0827852079112266
2003-09-02,67.31646728515625,19.020000457763672,2.39,-1.2517123275743425
2003-09-03,67.6831283569336,19.440000534057617,2.4000000000000004,-1.244880652253727
2003-09-04,67.71588134765625,18.709999084472656,2.460000000000001,-1.362698978185878
2003-09-05,67.33611297607422,18.170000076293945,2.5200000000000005,-1.2575818609675105
2003-09-08,67.89271545410156,18.26000022888184,2.4799999999999995,-1.2634978414454354
2003-09-09,67.44744110107422,18.850000381469727,2.53,-1.1211466431867054
2003-09-10,66.766357421875,20.01000022888184,2.55,-0.9476890217559225
2003-09-11,66.96284484863281,19.25,2.4800000000000004,-0.9999744590155082
2003-09-12,67.0872573852539,18.68000030517578,2.5600000000000005,-0.9986831250171142
2003-09-15,66.85152435302734,19.280000686645508,2.55,-0.9292905123261376
2003-09-16,67.82725524902344,18.030000686645508,2.5700000000000003,-1.041794947157265
2003-09-17,67.69623565673828,18.14999961853028,2.56,-0.9695573343573206
2003-09-18,68.4951400756836,17.56999969482422,2.54,-1.0585937159910268
2003-09-19,68.14676666259766,17.540000915527344,2.5200000000000005,-1.0613593981283138
2003-09-22,67.41053009033203,19.64999961853028,2.5200000000000005,-0.8516677794076548
2003-09-23,67.66690063476562,19.46999931335449,2.5,-0.9574501464204092
2003-09-24,66.46393585205078,21.21999931335449,2.5,-0.7280701425597461
2003-09-25,65.9183578491211,22.26000022888184,2.52,-0.5807330681426247
2003-09-26,65.70146942138672,22.229999542236328,2.55,-0.5253554076655035
2003-09-29,66.34561920166016,21.670000076293945,2.5600000000000005,-0.563676596197495
2003-09-30,65.70146942138672,22.71999931335449,2.5700000000000003,-0.3801160948640408
2003-10-01,67.10157775878906,21.06999969482422,2.56,-0.5239086891764155
2003-10-02,67.34480285644531,20.799999237060547,2.54,-0.5366823715028992
2003-10-03,67.96269989013672,19.5,2.5200000000000005,-0.6791187670105452
2003-10-06,68.2716293334961,19.51000022888184,2.51,-0.7487430272893091
2003-10-07,68.53462219238281,19.40999984741211,2.49,-0.7341447428907304
2003-10-08,68.36366271972656,19.18000030517578,2.5100000000000007,-0.7532976369100742
2003-10-09,68.5477294921875,18.81999969482422,2.5,-0.8693203363117897
2003-10-10,68.73834991455078,18.450000762939453,2.4799999999999995,-0.9030653219520054
2003-10-13,68.9552993774414,17.549999237060547,2.4799999999999995,-0.9618666693956208
2003-10-14,69.19853210449219,17.3700008392334,2.4799999999999995,-1.0200377074199534
2003-10-15,69.01445007324219,17.690000534057617,2.4400000000000004,-0.8984841906860904
2003-10-16,69.29053497314453,17.190000534057617,2.4000000000000004,-1.002528909862596
2003-10-17,68.53462219238281,17.6200008392334,2.38,-0.816723089079194
2003-10-20,69.04732513427734,17.040000915527344,2.3599999999999994,-0.958723092226578
2003-10-21,68.92900085449219,16.549999237060547,2.39,-1.0270859205888312
2003-10-22,68.0613021850586,17.670000076293945,2.43,-0.7918405237544484
2003-10-23,67.9364013671875,17.68000030517578,2.41,-0.9265142458795782
2003-10-24,68.08761596679688,17.709999084472656,2.42,-0.9930234419729969
2003-10-27,68.12045288085938,18.049999237060547,2.390000000000001,-1.0228362715979928
2003-10-28,69.04732513427734,16.81999969482422,2.41,-1.1080596258549809
2003-10-29,69.13933563232422,16.43000030517578,2.390000000000001,-1.2344314151141471
2003-10-30,69.28398132324219,16.329999923706055,2.3599999999999994,-1.1150733764146443
2003-10-31,69.21822357177734,16.100000381469727,2.3600000000000003,-1.0889572018017717
2003-11-03,69.67179107666016,16.549999237060547,2.3199999999999994,-1.0719782870894548
2003-11-04,69.52062225341797,16.549999237060547,2.3600000000000003,-0.9790211598099163
2003-11-05,69.57317352294922,16.860000610351562,2.3500000000000005,-0.9414489373031211
2003-11-06,69.9413070678711,16.739999771118164,2.34,-1.0191233636711396
2003-11-07,69.42201232910156,16.93000030517578,2.3199999999999994,-0.9418698247676064
2003-11-10,69.13933563232422,17.6200008392334,2.33,-0.8296672793150406
2003-11-11,69.1196060180664,17.540000915527344,2.33,-0.8026336702710403
2003-11-12,69.8952865600586,16.75,2.329999999999999,-0.9135119530721417
2003-11-13,69.9150161743164,16.469999313354492,2.3500000000000005,-0.9330235630144926
2003-11-14,69.32337951660156,16.940000534057617,2.37,-0.7724954226143348
2003-11-17,68.97496032714844,18.600000381469727,2.390000000000001,-0.6920475191812642
2003-11-18,68.25849914550781,19.11000061035156,2.38,-0.5149550074984109
2003-11-19,68.83695983886719,18.799999237060547,2.37,-0.6252736900277377
2003-11-20,68.21904754638672,19.479999542236328,2.3999999999999995,-0.5780970895858075
2003-11-21,68.50171661376953,18.979999542236328,2.39,-0.6666161629255698
2003-11-24,69.40884399414062,17.440000534057617,2.38,-0.8645089686760704
2003-11-25,69.67179107666016,16.709999084472656,2.38,-0.935309070215769
2003-11-26,69.92157745361328,16.229999542236328,2.35,-0.9042227414750537
2003-11-28,69.97415924072266,16.31999969482422,2.33,-0.9064965148619096
2003-12-01,70.73009490966797,16.770000457763672,2.3,-0.9758859780669228
2003-12-02,70.5526123046875,16.270000457763672,2.3,-0.9878134354457062
2003-12-03,70.44087982177734,16.6299991607666,2.29,-0.8988678267798402
2003-12-04,70.73009490966797,16.299999237060547,2.29,-0.9667924348520849
2003-12-05,70.2370834350586,17.09000015258789,2.329999999999999,-0.8036927580368246
2003-12-08,70.71040344238281,16.540000915527344,2.33,-0.8441373095539458
2003-12-09,70.16480255126953,17.6299991607666,2.34,-0.7557928173800494
2003-12-10,70.15821838378906,17.8700008392334,2.3500000000000005,-0.7587984164374674
2003-12-11,70.94702911376953,16.729999542236328,2.3500000000000005,-0.9252306975338557
2003-12-12,71.08504486083984,16.40999984741211,2.34,-0.8694628488550505
2003-12-15,70.73009490966797,17.229999542236328,2.34,-0.7659184561517063
2003-12-16,71.0982437133789,15.93000030517578,2.35,-0.9513756749843711
2003-12-17,71.32170867919922,15.579999923706056,2.35,-1.0382687711572527
2003-12-18,72.12368774414062,16.15999984741211,2.3200000000000003,-1.2159875614764175
2003-12-19,71.92290496826172,16.420000076293945,2.33,-1.0805577504311281
2003-12-22,72.42483520507812,16.940000534057617,2.34,-1.1732327429125382
2003-12-23,72.4710922241211,16.489999771118164,2.31,-1.1921794088946598
2003-12-24,72.3984375,16.65999984741211,2.34,-1.0165215891220205
2003-12-26,72.45125579833984,17.450000762939453,2.33,-0.9426606980083955
2003-12-29,73.41552734375,17.09000015258789,2.33,-1.0449787405658097
2003-12-30,73.42869567871094,17.68000030517578,2.33,-0.996018345568625
2003-12-31,73.49475860595703,18.309999465942383,2.3400000000000007,-0.8509587854590727
2004-01-02,73.46176147460938,18.21999931335449,2.3200000000000003,-0.8904938308725177
2004-01-05,74.26091766357422,17.489999771118164,2.27,-1.096322620029157
2004-01-06,74.33356475830078,16.729999542236328,2.3200000000000003,-1.0560672195578544
2004-01-07,74.58451843261719,15.5,2.3000000000000007,-1.2439152922712318
2004-01-08,74.8816909790039,15.609999656677246,2.2600000000000007,-1.246353032174837
2004-01-09,74.22787475585938,16.75,2.31,-1.1027168702294288
2004-01-12,74.7760238647461,16.81999969482422,2.3199999999999994,-1.1498665072037022
2004-01-13,74.34012603759766,18.040000915527344,2.3500000000000005,-0.8784283625247481
2004-01-14,74.96094512939453,16.75,2.33,-1.0340091541768488
2004-01-15,75.14588928222656,15.5600004196167,2.33,-1.1710790768391661
2004-01-16,75.44313049316406,15.0,2.3,-1.2206150132689861
2004-01-20,75.42327117919922,15.210000038146973,2.31,-1.1570503984533385
2004-01-21,76.01769256591797,14.34000015258789,2.33,-1.1513460434117222
2004-01-22,75.81957244873047,14.710000038146973,2.33,-1.1217336908104718
2004-01-23,75.5751953125,14.84000015258789,2.3,-1.0483504211946983
2004-01-26,76.52619171142578,14.550000190734863,2.28,-1.1881459838759423
2004-01-27,75.74031066894531,15.350000381469728,2.26,-1.0695512577095252
2004-01-28,74.87511444091797,16.780000686645508,2.2300000000000004,-0.8975763375724553
2004-01-29,74.94776916503906,17.139999389648438,2.1900000000000004,-0.8038170242425265
2004-01-30,74.94776916503906,16.6299991607666,2.1899999999999995,-0.8278524629361083
2004-02-02,75.27134704589844,17.110000610351562,2.17,-0.8417961250781666
2004-02-03,75.14588928222656,17.34000015258789,2.18,-0.7965797802503974
2004-02-04,74.53166198730469,17.8700008392334,2.16,-0.6058138927849853
2004-02-05,74.7496566772461,17.709999084472656,2.13,-0.6571079534560065
2004-02-06,75.58837890625,16.0,2.16,-0.7958603049321598
2004-02-09,75.60820007324219,16.389999389648438,2.16,-0.7238238894831103
2004-02-10,75.85260772705078,15.9399995803833,2.1500000000000004,-0.8691860298937583
2004-02-11,76.6583023071289,15.390000343322754,2.1900000000000004,-0.8837145784409178
2004-02-12,76.38095092773438,15.3100004196167,2.1800000000000006,-0.9142566142008252
2004-02-13,76.03752136230469,15.579999923706056,2.2,-0.7296929192044969
2004-02-17,76.72434997558594,15.399999618530272,2.1900000000000004,-0.8115187034371522
2004-02-18,76.38753509521484,15.59000015258789,2.1900000000000004,-0.6942538480840991
2004-02-19,76.10352325439453,15.800000190734863,2.1900000000000004,-0.6283666498109336
2004-02-20,75.87237548828125,16.040000915527344,2.1800000000000006,-0.4866728741277802
2004-02-23,75.68085479736328,16.290000915527344,2.2,-0.43454662720034537
2004-02-24,75.54876708984375,15.899999618530272,2.1900000000000004,-0.48470129828673053
2004-02-25,75.86579132080078,14.93000030517578,2.210000000000001,-0.42772780401955873
2004-02-26,75.91204071044922,14.829999923706056,2.2,-0.57132597940589
2004-02-27,75.96483612060547,14.550000190734863,2.21,-0.7226585066787014
2004-03-01,76.71775817871094,14.4399995803833,2.2,-0.8460408659454485
2004-03-02,76.26864624023438,14.859999656677246,2.1900000000000004,-0.7462515893904729
2004-03-03,76.40735626220703,14.550000190734863,2.18,-0.7487980040720323
2004-03-04,76.6054916381836,14.399999618530272,2.18,-0.8084832540738661
2004-03-05,76.8630599975586,14.479999542236328,2.25,-0.8576910208131622
2004-03-08,75.92524719238281,15.789999961853027,2.3000000000000003,-0.48971562387362794
2004-03-09,75.62142181396484,16.600000381469727,2.3000000000000003,-0.22551041287967247
2004-03-10,74.35333251953125,18.670000076293945,2.31,0.18950033759286786
2004-03-11,73.38912200927734,20.670000076293945,2.3199999999999994,0.592907119315238
2004-03-12,74.35333251953125,18.299999237060547,2.31,0.3386138281185857
2004-03-15,73.44194793701172,21.1299991607666,2.31,0.7110984509274912
2004-03-16,73.83158874511719,20.34000015258789,2.34,0.5505627645577071
2004-03-17,74.65715026855469,18.11000061035156,2.33,0.2874486442466921
2004-03-18,74.6769790649414,18.530000686645508,2.3200000000000003,0.2573539098065457
2004-03-19,73.60661315917969,19.14999961853028,2.3,0.4220251239993483
2004-03-22,72.67211151123047,21.57999992370605,2.3199999999999994,0.823564194634038
2004-03-23,72.54618072509766,20.670000076293945,2.33,0.7253948770600367
2004-03-24,72.6058349609375,19.809999465942383,2.33,0.5972365440029085
2004-03-25,73.56684112548828,17.8799991607666,2.34,0.2809207309274682
2004-03-26,73.58672332763672,17.329999923706055,2.31,0.17364031798128413
2004-03-29,74.62064361572266,16.5,2.28,-0.12332058740871021
2004-03-30,74.87248229980469,16.280000686645508,2.28,-0.08052970475675181
2004-03-31,74.95868682861328,16.739999771118164,2.2900000000000005,-0.09082317069070904
2004-04-01,75.4093246459961,16.649999618530273,2.27,-0.18120807803160488
2004-04-02,75.97928619384766,15.640000343322754,2.17,-0.5189764557086707
2004-04-05,76.39680480957031,14.970000267028809,2.13,-0.6989722457713995
2004-04-06,76.1516342163086,15.31999969482422,2.16,-0.7181853252173661
2004-04-07,75.97268676757812,15.760000228881836,2.1499999999999995,-0.6935279739750563
2004-04-08,75.80037689208984,16.260000228881836,2.1500000000000004,-0.7915957613214325
2004-04-12,76.09859466552734,15.279999732971191,2.13,-1.1826861209706807
2004-04-13,75.03153991699219,17.260000228881836,2.1100000000000003,-0.5694789100610939
2004-04-14,75.15083312988281,15.619999885559082,2.08,-1.0448614933594231
2004-04-15,74.86588287353516,15.739999771118164,2.09,-0.8973349474587939
2004-04-16,75.44246673583984,14.9399995803833,2.1100000000000003,-0.9548224981154038
2004-04-19,75.44246673583984,15.420000076293944,2.12,-0.8502040345456496
2004-04-20,74.17657470703125,16.670000076293945,2.1000000000000005,-0.6343898983699513
2004-04-21,74.67366027832031,15.600000381469728,2.09,-1.0568573532058723
2004-04-22,75.72081756591797,14.609999656677246,2.1,-1.3912885652516682
2004-04-23,75.79375457763672,14.010000228881836,2.0699999999999994,-1.5286960943371295
2004-04-26,75.68767547607422,14.770000457763672,2.06,-1.224584466914532
2004-04-27,75.75398254394531,15.06999969482422,2.08,-1.1428587726894346
2004-04-28,74.77306365966797,16.290000915527344,2.06,-0.6364589777860324
2004-04-29,74.1169204711914,16.600000381469727,2.0600000000000005,-0.4348015785638524
2004-04-30,73.54034423828125,17.190000534057617,2.05,-0.23912396787172727
2004-05-03,74.32899475097656,16.6200008392334,2.05,-0.3860596237483043
2004-05-04,74.26936340332031,16.549999237060547,2.0700000000000003,-0.26640521476586854
2004-05-05,74.74658203125,15.770000457763672,2.05,-0.43522141291995126
2004-05-06,74.1036605834961,17.049999237060547,2.0600000000000005,-0.13639224134986105
2004-05-07,72.8775863647461,18.1299991607666,1.97,0.08519940575644662
2004-05-10,72.12867736816406,19.770000457763672,1.9800000000000004,0.47214563410308363
2004-05-11,72.73841094970703,18.56999969482422,1.99,0.22788938266742345
2004-05-12,73.20233917236328,18.13999938964844,2.0,-0.06511240947323886
2004-05-13,72.89745330810547,18.86000061035156,2.0200000000000005,0.15849215597836253
2004-05-14,72.93058013916016,18.46999931335449,2.03,0.057095026914961634
2004-05-17,72.3075942993164,19.959999084472656,2.08,0.5720333494520956
2004-05-18,72.67211151123047,19.32999992370605,2.05,0.3590988784616908
2004-05-19,72.42029571533203,18.93000030517578,2.03,0.10461368097403263
2004-05-20,72.65222930908203,18.670000076293945,2.05,0.1301245039072044
2004-05-21,72.77813720703125,18.489999771118164,2.03,0.20958593133529177
2004-05-24,73.08301544189453,18.07999992370605,2.02,0.08492394601531601
2004-05-25,74.13020324707031,15.960000038146973,2.02,-0.46219596861830253
2004-05-26,74.38868713378906,15.970000267028809,2.05,-0.44347329774761834
2004-05-27,74.80621337890625,15.279999732971191,2.0500000000000007,-0.7747039024978662
2004-05-28,74.79960632324219,15.5,2.03,-0.8620380133001108
2004-06-01,74.7001953125,16.299999237060547,2.05,-0.7649546890958341
2004-06-02,74.978515625,16.079999923706055,2.06,-0.7039290473725464
2004-06-03,74.28927612304688,17.030000686645508,2.08,-0.40596292887463664
2004-06-04,74.87911987304688,16.780000686645508,2.06,-0.49535616580594594
2004-06-07,76.01907348632812,15.390000343322754,2.05,-1.0386607305555218
2004-06-08,76.1250991821289,15.010000228881836,2.04,-1.3407501371406452
2004-06-09,75.41596984863281,15.390000343322754,2.03,-1.2981746103900607
2004-06-10,75.78707122802734,15.039999961853027,2.03,-1.3138855789451747
2004-06-14,75.03816986083984,16.06999969482422,2.0100000000000007,-0.9536784925937324
2004-06-15,75.56837463378906,15.050000190734863,2.06,-1.198046392819851
2004-06-16,75.55513000488281,14.789999961853027,2.04,-1.26451411906171
2004-06-17,75.44246673583984,15.149999618530272,2.03,-1.3024787068933201
2004-06-18,75.58479309082031,14.989999771118164,2.03,-1.2894120359815846
2004-06-21,75.29876708984375,15.260000228881836,2.05,-1.2074845468202182
2004-06-22,75.67789459228516,14.3100004196167,2.05,-1.4031373276003285
2004-06-23,76.32984924316406,13.979999542236328,2.06,-1.5348905980358367
2004-06-24,76.09033966064453,14.8100004196167,2.06,-1.2838431709083986
2004-06-25,75.7245101928711,15.1899995803833,2.0700000000000003,-0.9463561797478799
2004-06-28,75.465087890625,16.06999969482422,2.04,-0.7448686683517881
2004-06-29,75.77770233154297,15.470000267028809,2.06,-0.7976638294625845
2004-06-30,76.18348693847656,14.34000015258789,2.09,-1.017132276720443
2004-07-01,75.12582397460938,15.199999809265137,2.12,-0.6419413110867628
2004-07-02,75.08594512939453,15.079999923706056,2.13,-0.5879473665932167
2004-07-06,74.42740631103516,16.25,2.14,-0.3635246982301048
2004-07-07,74.64691925048828,15.8100004196167,2.13,-0.3920903133961063
2004-07-08,74.12808227539062,16.200000762939453,2.14,-0.02312762693360515
2004-07-09,74.32096099853516,15.779999732971191,2.14,-0.11384337789923245
2004-07-12,74.35421752929688,14.960000038146973,2.1500000000000004,-0.36549739361788963
2004-07-13,74.40743255615234,14.460000038146973,2.14,-0.41684384200998514
2004-07-14,74.18128967285156,13.760000228881836,2.12,-0.6591139924983653
2004-07-15,73.70234680175781,14.710000038146973,2.12,-0.3154514628239909
2004-07-16,73.64248657226562,14.34000015258789,2.1500000000000004,-0.3168009780552115
2004-07-19,73.32986450195312,15.170000076293944,2.14,-0.14900623212815767
2004-07-20,74.2611083984375,14.170000076293944,2.12,-0.49072625883886234
2004-07-21,72.89081573486328,16.40999984741211,2.12,0.09562901203950391
2004-07-22,73.09040069580078,15.75,2.13,0.025649308005150567
2004-07-23,72.47840118408203,16.5,2.13,0.3614668242081724
2004-07-26,72.33875274658203,17.299999237060547,2.1099999999999994,0.44530375022490826
2004-07-27,73.0171890258789,16.549999237060547,2.09,0.10269802698532156
2004-07-28,73.2366943359375,16.149999618530273,2.1,-0.028129333201137603
2004-07-29,73.54934692382812,15.68000030517578,2.0900000000000007,-0.13253200154217512
2004-07-30,73.72895050048828,15.31999969482422,2.1,-0.1438025380471547
2004-08-02,73.88195037841797,15.369999885559082,2.13,-0.2653812133323015
2004-08-03,73.30985260009766,16.030000686645508,2.14,-0.04079557066790277
2004-08-04,73.30328369140625,16.209999084472656,2.14,-0.1073984691516689
2004-08-05,72.10591888427734,18.31999969482422,2.140000000000001,0.5051886997281873
2004-08-06,71.07487487792969,19.34000015258789,2.22,0.9447361236658852
2004-08-09,71.17467498779297,18.88999938964844,2.1899999999999995,0.8236689216087459
2004-08-10,72.09262084960938,17.469999313354492,2.18,0.3970628200769146
2004-08-11,71.94627380371094,18.040000915527344,2.17,0.5176036029558092
2004-08-12,71.16136932373047,19.07999992370605,2.1900000000000004,0.8465616221666789
2004-08-13,71.30104064941406,17.979999542236328,2.2,0.5592864260254347
2004-08-16,72.03941345214844,17.56999969482422,2.2,0.3555898912809057
2004-08-17,72.44513702392578,17.020000457763672,2.21,0.15998501634388454
2004-08-18,73.19017028808594,16.229999542236328,2.2,0.018750194462031394
2004-08-19,72.97730255126953,16.959999084472656,2.2,-0.022742252294022696
2004-08-20,73.489501953125,16.0,2.1899999999999995,-0.27404402049117665
2004-08-23,73.30328369140625,15.880000114440918,2.1899999999999995,-0.36272947267707445
2004-08-24,73.40299224853516,15.329999923706056,2.18,-0.5238733628213584
2004-08-25,73.90190124511719,14.979999542236328,2.1800000000000006,-0.5554283489801218
2004-08-26,73.90190124511719,14.90999984741211,2.1900000000000004,-0.5063245452396822
2004-08-27,74.13470458984375,14.710000038146973,2.18,-0.5476802352781149
2004-08-30,73.52276611328125,15.4399995803833,2.1899999999999995,-0.25615623115130853
2004-08-31,73.90855407714844,15.289999961853027,2.1900000000000004,-0.3182327586419648
2004-09-01,74.0482177734375,14.90999984741211,2.2,-0.47871130696697534
2004-09-02,74.88638305664062,14.279999732971191,2.17,-0.7964763329509164
2004-09-03,74.58038330078125,13.90999984741211,2.1500000000000004,-1.0564220513238232
2004-09-07,75.07263946533203,14.06999969482422,2.13,-1.32669878911174
2004-09-08,74.88638305664062,14.0600004196167,2.1500000000000004,-1.229408465556331
2004-09-09,74.81989288330078,14.010000228881836,2.1500000000000004,-1.062700188537167
2004-09-10,75.20568084716797,13.760000228881836,2.16,-1.1705149520005644
2004-09-13,75.45178985595703,13.170000076293944,2.1499999999999995,-1.474614925126134
2004-09-14,75.60477447509766,13.5600004196167,2.1499999999999995,-1.3879832697250771
2004-09-15,75.03273010253906,14.640000343322754,2.140000000000001,-0.9760238843203535
2004-09-16,75.25887298583984,14.390000343322754,2.16,-0.9387248318275137
2004-09-17,75.5788345336914,14.029999732971191,2.13,-0.9975517279188031
2004-09-20,75.12464904785156,14.43000030517578,2.14,-0.8553836977328119
2004-09-21,75.4519271850586,13.65999984741211,2.140000000000001,-0.9615757102896305
2004-09-22,74.51009368896484,14.739999771118164,2.13,-0.6589641117012781
2004-09-23,74.10933685302734,14.800000190734863,2.130000000000001,-0.5634175418824394
2004-09-24,74.44998931884766,14.279999732971191,2.12,-0.6552652805500931
2004-09-27,73.97574615478516,14.619999885559082,2.13,-0.489043390324244
2004-09-28,74.32978820800781,13.829999923706056,2.140000000000001,-0.6339453870907246
2004-09-29,74.70382690429688,13.210000038146973,2.12,-0.9632207253822638
2004-09-30,74.650390625,13.34000015258789,2.1100000000000003,-0.8906711917294814
2004-10-01,75.91277313232422,12.75,2.09,-1.242463942249582
2004-10-04,76.03972625732422,13.40999984741211,2.1,-0.963497698306336
2004-10-05,76.07980346679688,13.949999809265137,2.1000000000000005,-0.9057658776800229
2004-10-06,76.60078430175781,13.279999732971191,2.09,-1.0669223855431877
2004-10-07,75.77921295166016,14.5,2.09,-0.7120956012983406
2004-10-08,75.15133666992188,15.050000190734863,2.1,-0.47996671603094115
2004-10-11,75.45858764648438,14.710000038146973,2.1,-0.5345562284526052
2004-10-12,75.1646728515625,15.050000190734863,2.1100000000000003,-0.34928379941200344
2004-10-13,74.50343322753906,15.420000076293944,2.12,-0.11523439491087872
2004-10-14,73.90229034423828,16.43000030517578,2.13,0.12966362623671732
2004-10-15,74.31639862060547,15.039999961853027,2.12,-0.2171798348860842
2004-10-18,74.5969467163086,14.710000038146973,2.13,-0.249058672720093
2004-10-19,73.9691162109375,15.130000114440918,2.1,-0.21823845074387685
2004-10-20,73.82209014892578,14.850000381469728,2.13,-0.11294624503556416
2004-10-21,74.30303192138672,14.539999961853027,2.12,-0.42557804795389753
2004-10-22,73.46809387207031,15.279999732971191,2.12,-0.2002480174144359
2004-10-25,73.38125610351562,16.579999923706055,2.13,0.16847619501018896
2004-10-26,74.50343322753906,16.389999389648438,2.1100000000000003,-0.18112418046279963
2004-10-27,75.39849853515625,15.720000267028809,2.08,-0.49368320385344006
2004-10-28,75.62557983398438,15.390000343322754,2.1000000000000005,-0.47546387427228304
2004-10-29,75.61221313476562,16.270000457763672,2.09,-0.3272476318847508
2004-11-01,75.81929779052734,16.270000457763672,2.09,-0.1600765928588143
2004-11-02,75.84602355957031,16.18000030517578,2.0900000000000007,-0.16241772647432923
2004-11-03,76.80115509033203,14.039999961853027,2.08,-0.7811862635608103
2004-11-04,77.8498764038086,13.970000267028809,2.0500000000000007,-0.964034953269446
2004-11-05,78.33748626708984,13.84000015258789,2.0200000000000005,-1.2845953516697322
2004-11-08,78.22393798828125,13.800000190734863,2.03,-1.3370398831703751
2004-11-09,78.07028198242188,13.609999656677246,2.03,-1.2924183584140458
2004-11-10,78.13041687011719,13.079999923706056,2.04,-1.4169653991743723
2004-11-11,78.72492218017578,13.039999961853027,2.04,-1.6152772646552445
2004-11-12,79.34607696533203,13.329999923706056,2.02,-1.8018828305554233
2004-11-15,79.5410385131836,13.380000114440918,2.01,-1.763709053491196
2004-11-16,78.97157287597656,13.210000038146973,2.0,-1.676901401729767
2004-11-17,79.4405517578125,13.210000038146973,2.0100000000000007,-1.805441957727907
2004-11-18,79.5477294921875,12.979999542236328,2.01,-1.8741400984370589
2004-11-19,78.66339874267578,13.5,1.99,-1.6029397629389492
2004-11-22,79.03858947753906,12.970000267028809,1.96,-1.9811626548238117
2004-11-23,79.15917205810547,12.670000076293944,1.96,-2.05555781650691
2004-11-24,79.34675598144531,12.720000267028809,1.95,-1.9064793823809962
2004-11-26,79.28645324707031,12.779999732971191,1.96,-1.699052455429937
2004-11-29,78.9246826171875,13.300000190734863,1.93,-1.5912777008480277
2004-11-30,78.97826385498047,13.239999771118164,1.9499999999999995,-1.5357271040141738
2004-12-01,79.87600708007812,12.970000267028809,1.95,-1.6721832390617122
2004-12-02,79.94296264648438,12.979999542236328,1.9399999999999995,-1.6914832052604598
2004-12-03,79.889404296875,12.960000038146973,1.9600000000000009,-1.4692442536891643
2004-12-06,79.86258697509766,13.1899995803833,1.96,-1.2582654623646787
2004-12-07,79.11901092529297,13.670000076293944,1.96,-0.9858809110999074
2004-12-08,79.58123016357422,13.1899995803833,1.9400000000000004,-1.2102065971985687
2004-12-09,79.86258697509766,12.880000114440918,1.9399999999999995,-1.3184196359596883
2004-12-10,79.94296264648438,12.760000228881836,1.95,-1.3015194986303158
2004-12-13,80.63973236083984,12.539999961853027,1.9399999999999995,-1.3757798918042772
2004-12-14,80.92107391357422,12.729999542236328,1.9400000000000004,-1.2807962954654561
2004-12-15,80.98136901855469,12.350000381469728,1.91,-1.4153056812685587
2004-12-16,80.93449401855469,12.270000457763672,1.92,-1.457124037381463
2004-12-17,80.39466857910156,11.949999809265137,1.92,-1.3664697113760018
2004-12-20,80.41486358642578,11.829999923706056,1.9000000000000004,-1.4254377857764513
2004-12-21,81.03409576416016,11.550000190734863,1.91,-1.637059343598634
2004-12-22,81.22930908203125,11.449999809265137,1.91,-1.613147460027563
2004-12-23,81.28987884521484,11.229999542236328,1.91,-1.6296021964565028
2004-12-27,81.1216049194336,12.140000343322754,1.9000000000000004,-1.4337443566246522
2004-12-28,81.56585693359375,12.0,1.9000000000000004,-1.5158606943946822
2004-12-29,81.68701934814453,11.619999885559082,1.89,-1.6682015963773449
2004-12-30,81.53218841552734,12.5600004196167,1.8900000000000008,-1.4617889170046336
2004-12-31,81.357177734375,13.289999961853027,1.86,-1.2657999609641222
2005-01-03,80.97354125976562,14.079999923706056,1.86,-1.0567114952975645
2005-01-04,79.98407745361328,13.979999542236328,1.85,-0.9661624880859024
2005-01-05,79.43211364746094,14.09000015258789,1.83,-0.9229282709350884
2005-01-06,79.83599090576172,13.579999923706056,1.84,-1.130445519040852
2005-01-07,79.72158813476562,13.489999771118164,1.83,-1.0843693697784074
2005-01-10,80.09851837158203,13.229999542236328,1.8200000000000005,-1.1595328880017126
2005-01-11,79.54655456542969,13.1899995803833,1.8100000000000005,-1.0943787141810166
2005-01-12,79.80912780761719,12.5600004196167,1.81,-1.1304045862462544
2005-01-13,79.16961669921875,12.84000015258789,1.7999999999999998,-0.970523135436958
2005-01-14,79.58694458007812,12.43000030517578,1.7899999999999991,-1.107483638498974
2005-01-18,80.41486358642578,12.470000267028809,1.7700000000000005,-1.2663667238546903
2005-01-19,79.57352447509766,13.18000030517578,1.7599999999999998,-1.1126336971540258
2005-01-20,79.0888671875,13.829999923706056,1.7999999999999998,-0.8025226269283596
2005-01-21,78.60423278808594,14.359999656677246,1.79,-0.5756059767145411
2005-01-24,78.44945526123047,14.649999618530272,1.7700000000000005,-0.5247811406961386
2005-01-25,78.67152404785156,14.0600004196167,1.7800000000000002,-0.612247441968807
2005-01-26,78.90711975097656,13.4399995803833,1.7599999999999998,-0.8197667920262716
2005-01-27,79.0417709350586,13.239999771118164,1.75,-0.8249445894739892
2005-01-28,79.0417709350586,13.239999771118164,1.75,-0.7934983723552214
2005-01-31,79.53311157226562,12.81999969482422,1.75,-0.9413593317958279
2005-02-01,80.03794860839844,12.029999732971191,1.739999999999999,-1.1814327855772746
2005-02-02,80.28024291992188,11.65999984741211,1.7299999999999995,-1.3389852329518923
2005-02-03,80.07157135009766,11.789999961853027,1.7000000000000002,-1.4837825310310386
2005-02-04,80.92640686035156,11.210000038146973,1.6900000000000004,-1.7867844507402264
2005-02-07,80.81871032714844,11.729999542236328,1.6499999999999997,-1.6952282308643518
2005-02-08,80.91297149658203,11.600000381469728,1.63,-1.7660083473035169
2005-02-09,80.30715942382812,12.0,1.6399999999999997,-1.502174940904407
2005-02-10,80.59658813476562,11.510000228881836,1.67,-1.609613415211238
2005-02-11,81.28987884521484,11.43000030517578,1.6500000000000004,-1.7077734131444153
2005-02-14,81.22930908203125,11.520000457763672,1.63,-1.8004096208241684
2005-02-15,81.53218841552734,11.270000457763672,1.6400000000000006,-1.7739223208618042
2005-02-16,81.58606719970703,11.100000381469728,1.62,-1.7059493168866726
2005-02-17,80.92640686035156,11.770000457763672,1.6399999999999997,-1.558076055751977
2005-02-18,81.03409576416016,11.18000030517578,1.62,-1.7606740160687
2005-02-22,79.8292465209961,13.140000343322754,1.6399999999999997,-1.2803941144003612
2005-02-23,80.4013671875,12.390000343322754,1.6400000000000006,-1.4883321660094282
2005-02-24,80.93315887451172,11.56999969482422,1.62,-1.6840824584578027
2005-02-25,81.73414611816406,11.489999771118164,1.62,-1.756663189258992
2005-02-28,81.19564056396484,12.079999923706056,1.59,-1.6048530092662556
2005-03-01,81.59951782226562,12.039999961853027,1.58,-1.6695616202046006
2005-03-02,81.55913543701172,12.5,1.6000000000000003,-1.4600821992933637
2005-03-03,81.59278106689453,12.93000030517578,1.5900000000000007,-1.3266637969317718
2005-03-04,82.609130859375,11.9399995803833,1.5699999999999994,-1.6107743775645862
2005-03-07,82.64952850341797,12.260000228881836,1.5500000000000007,-1.6168235883828903
2005-03-08,82.33993530273438,12.399999618530272,1.54,-1.4268978477990018
2005-03-09,81.42449188232422,12.699999809265137,1.5300000000000002,-1.2675497887692233
2005-03-10,81.60623931884766,12.489999771118164,1.5099999999999998,-1.3306047149962135
2005-03-11,81.03409576416016,12.800000190734863,1.4800000000000004,-1.3240594583464387
2005-03-14,81.53894805908203,12.390000343322754,1.5,-1.362396004806363
2005-03-15,80.86583709716797,13.149999618530272,1.5099999999999998,-1.0119634332022402
2005-03-16,80.17928314208984,13.489999771118164,1.5300000000000002,-0.8171942815634514
2005-03-17,80.34082794189453,13.289999961853027,1.5700000000000005,-0.7458313010878759
2005-03-18,80.10225677490234,13.140000343322754,1.59,-0.6817478858428953
2005-03-21,79.80494689941406,13.609999656677246,1.5999999999999996,-0.6291233319198545
2005-03-22,78.99406433105469,14.270000457763672,1.5600000000000005,-0.4472673967287845
2005-03-23,79.0616455078125,14.0600004196167,1.5699999999999994,-0.6339015382539968
2005-03-24,79.15621948242188,13.420000076293944,1.58,-0.6433043228099397
2005-03-28,79.2710952758789,13.75,1.58,-0.5159116889891867
2005-03-29,78.74402618408203,14.489999771118164,1.6000000000000003,-0.1537731370197609
2005-03-30,79.8590316772461,13.640000343322754,1.6100000000000003,-0.5157749239977573
2005-03-31,79.71035766601562,14.020000457763672,1.6399999999999997,-0.3116379749944275
2005-04-01,79.35223388671875,14.09000015258789,1.6500000000000004,-0.22966365646527268
2005-04-04,79.48737335205078,14.109999656677246,1.6500000000000004,-0.2359211513860935
2005-04-05,79.86577606201172,13.68000030517578,1.6599999999999993,-0.2017598323713902
2005-04-06,80.14281463623047,13.149999618530272,1.67,-0.3081501737210929
2005-04-07,80.57530212402344,12.329999923706056,1.6499999999999997,-0.5859362998988155
2005-04-08,79.73738861083984,12.619999885559082,1.6399999999999997,-0.5541381832560187
2005-04-11,79.79821014404297,11.979999542236328,1.67,-0.5928043895078616
2005-04-12,80.21041107177734,11.300000190734863,1.66,-0.8622568689877861
2005-04-13,79.26433563232422,13.3100004196167,1.6900000000000004,-0.2486036968047628
2005-04-14,78.23046112060547,14.529999732971191,1.75,0.12050228467552548
2005-04-15,77.1357650756836,17.739999771118164,1.7800000000000002,0.790427960514212
2005-04-18,77.3722915649414,16.559999465942383,1.75,0.5183505634736171
2005-04-19,77.98722076416016,14.960000038146973,1.7599999999999998,0.13334621518345177
2005-04-20,76.89927673339844,16.920000076293945,1.7800000000000002,0.6203947726698829
2005-04-21,78.39264678955078,14.40999984741211,1.7299999999999995,-0.2275843841565519
2005-04-22,78.0953369140625,15.380000114440918,1.7400000000000002,0.011539099105668823
2005-04-25,78.60890197753906,14.619999885559082,1.71,-0.22993675176398662
2005-04-26,77.84532928466797,14.90999984741211,1.7000000000000002,-0.06756873287048355
2005-04-27,78.14940643310547,14.869999885559082,1.7199999999999998,-0.1611542649411848
2005-04-28,77.1695556640625,16.860000610351562,1.75,0.5351362064647418
2005-04-29,78.21700286865234,15.3100004196167,1.7599999999999998,0.11025538687332988
2005-05-02,78.65621185302734,15.119999885559082,1.7700000000000005,-0.018173654338548378
2005-05-03,78.79135131835938,14.529999732971191,1.7700000000000005,-0.11619516896407399
2005-05-04,79.3995132446289,13.850000381469728,1.83,-0.16666442203005535
2005-05-05,79.37247467041016,13.979999542236328,1.84,-0.08007493625382285
2005-05-06,79.12245178222656,14.050000190734863,1.82,0.00013731764695967819
2005-05-09,79.61572265625,13.75,1.7800000000000002,-0.3044162788417938
2005-05-10,78.79135131835938,14.90999984741211,1.82,0.10017269571383229
2005-05-11,79.22380828857422,14.449999809265137,1.81,0.006700511910121924
2005-05-12,78.35208892822266,16.1200008392334,1.83,0.33954175152884286
2005-05-13,78.19671630859375,16.31999969482422,1.88,0.3324121182314374
2005-05-16,78.92649841308594,15.68000030517578,1.89,-0.040662443923711315
2005-05-17,79.45358276367188,14.56999969482422,1.91,-0.2510318742818281
2005-05-18,80.27119445800781,13.630000114440918,1.92,-0.4334166155814585
2005-05-19,80.6091079711914,13.31999969482422,1.91,-0.7300486155087299
2005-05-20,80.49421691894531,13.140000343322754,1.89,-0.535935320639585
2005-05-23,80.94020080566406,12.949999809265137,1.89,-0.6834793497789592
2005-05-24,80.75098419189453,12.6899995803833,1.91,-0.5886913699410745
2005-05-25,80.69017028808594,12.579999923706056,1.91,-0.7180393213454103
2005-05-26,81.12266540527344,12.239999771118164,1.91,-0.7988135998499969
2005-05-27,81.25780487060547,12.149999618530272,1.91,-0.988719548515571
2005-05-31,80.73749542236328,13.289999961853027,1.9000000000000004,-0.5179045847662374
2005-06-01,81.42668914794922,12.359999656677246,1.91,-0.7214302489567593
2005-06-02,81.60242462158203,11.84000015258789,1.89,-0.8597458933091663
2005-06-03,81.19021606445312,12.149999618530272,1.8400000000000003,-0.7165468398341491
2005-06-06,81.1158676147461,12.279999732971191,1.8200000000000005,-0.7108179671277481
2005-06-07,81.17668914794922,12.390000343322754,1.8200000000000005,-0.7306513497888688
2005-06-08,81.02804565429688,12.699999809265137,1.82,-0.5660987257092694
2005-06-09,81.41324615478516,12.079999923706056,1.83,-0.858464849823929
2005-06-10,81.2240219116211,11.960000038146973,1.84,-0.7676529482222817
2005-06-13,81.48075866699219,11.649999618530272,1.84,-1.002050964013649
2005-06-14,81.66999816894531,11.789999961853027,1.87,-0.9713595507550689
2005-06-15,81.825439453125,11.460000038146973,1.87,-0.9407517845325274
2005-06-16,82.034912109375,11.149999618530272,1.8600000000000003,-0.9632392970797375
2005-06-17,82.33885192871094,11.479999542236328,1.8500000000000003,-0.8276132299551252
2005-06-20,82.36601257324219,11.470000267028809,1.85,-0.7777618198463468
2005-06-21,82.4134750366211,11.079999923706056,1.8500000000000003,-0.8752631441933526
2005-06-22,82.4813232421875,11.050000190734863,1.89,-0.7523079858110714
2005-06-23,81.32115936279297,12.130000114440918,1.88,-0.407800886970104
2005-06-24,80.72410583496094,12.18000030517578,1.89,-0.29930818120026176
2005-06-27,80.83944702148438,12.520000457763672,1.89,-0.18264197081822545
2005-06-28,81.51789855957031,11.579999923706056,1.87,-0.4788475001250297
2005-06-29,81.30081939697266,11.770000457763672,1.87,-0.48257293644647664
2005-06-30,80.85977935791016,12.039999961853027,1.87,-0.2576103274380121
2005-07-01,81.09725952148438,11.399999618530272,1.83,-0.4547322304226507
2005-07-05,81.74861907958984,11.68000030517578,1.84,-0.5355969406920529
2005-07-06,81.06332397460938,12.270000457763672,1.85,-0.3080310268578803
2005-07-07,81.38219451904297,12.489999771118164,1.84,-0.3159399803939656
2005-07-08,82.31169891357422,11.449999809265137,1.83,-0.6920337275050855
2005-07-11,82.73237609863281,11.279999732971191,1.81,-0.7560623577014708
2005-07-12,82.94945526123047,10.949999809265137,1.7999999999999998,-0.8908252854511239
2005-07-13,83.06482696533203,10.84000015258789,1.79,-0.8982317872400835
2005-07-14,83.39049530029297,10.8100004196167,1.7799999999999994,-0.9320310232582242
2005-07-15,83.3429946899414,10.329999923706056,1.7700000000000005,-1.0010134725494049
2005-07-18,83.01055908203125,10.770000457763672,1.7999999999999998,-0.7735522281182087
2005-07-19,83.46512603759766,10.449999809265137,1.7800000000000002,-0.8810411358477942
2005-07-20,83.75006866455078,10.229999542236328,1.7700000000000005,-0.9679263903633081
2005-07-21,83.26153564453125,10.970000267028809,1.7599999999999998,-0.7552042152458235
2005-07-22,83.81790924072266,10.520000457763672,1.75,-0.9217047524631662
2005-07-25,83.58045959472656,11.100000381469728,1.7199999999999998,-0.9994561616884878
2005-07-26,83.68223571777344,10.989999771118164,1.7199999999999998,-1.125486825426978
2005-07-27,83.9875259399414,10.359999656677246,1.7100000000000009,-1.282777889191032
2005-07-28,84.51676177978516,10.520000457763672,1.6799999999999995,-1.266000977412243
2005-07-29,83.95362854003906,11.56999969482422,1.67,-1.0218733851600474
2005-08-01,83.89253234863281,12.079999923706056,1.67,-0.9800260732458081
2005-08-02,84.39461517333984,11.75,1.6799999999999995,-1.057485159670245
2005-08-03,84.6185073852539,11.829999923706056,1.7000000000000002,-0.9290531993122831
2005-08-04,83.94007110595703,12.520000457763672,1.6899999999999995,-0.8131424601764823
2005-08-05,83.37010192871094,12.479999542236328,1.67,-0.7070668173707942
2005-08-08,83.21405792236328,13.210000038146973,1.67,-0.3838307747860576
2005-08-09,83.71615600585938,12.399999618530272,1.66,-0.5673432440447504
2005-08-10,83.67544555664062,12.380000114440918,1.6799999999999995,-0.48889109784345064
2005-08-11,84.00788879394531,12.420000076293944,1.71,-0.45613106152568417
2005-08-12,83.49223327636719,12.739999771118164,1.71,-0.24768482236152137
2005-08-15,84.00788879394531,12.260000228881836,1.7100000000000009,-0.4347755598776352
2005-08-16,82.91552734375,13.520000457763672,1.71,-0.03036755844794296
2005-08-17,82.90878295898438,13.300000190734863,1.71,0.001607465282201385
2005-08-18,82.90196990966797,13.420000076293944,1.7300000000000004,0.11641334746683578
2005-08-19,83.09195709228516,13.420000076293944,1.7199999999999998,-0.005523095341209983
2005-08-22,83.09195709228516,13.420000076293944,1.7200000000000006,0.08769256148258742
2005-08-23,82.9358901977539,13.34000015258789,1.7199999999999998,0.05969834608980836
2005-08-24,82.1963882446289,14.170000076293944,1.7199999999999998,0.38874622534127906
2005-08-25,82.49488830566406,13.729999542236328,1.7000000000000002,0.250662397885222
2005-08-26,81.9317855834961,13.720000267028809,1.6899999999999995,0.40140503841083747
2005-08-29,82.56275177001953,13.520000457763672,1.6799999999999995,0.14852417426373923
2005-08-30,82.12855529785156,13.649999618530272,1.67,0.22196699773500486
2005-08-31,83.16657257080078,12.600000381469728,1.7700000000000005,0.07989432338973672
2005-09-01,83.10553741455078,13.149999618530272,1.8100000000000005,0.33126199566972125
2005-09-02,82.9562759399414,13.56999969482422,1.84,0.40737052656134504
2005-09-06,83.92646789550781,12.93000030517578,1.83,-0.00406828378890597
2005-09-07,84.06893920898438,12.520000457763672,1.83,-0.14748315292750716
2005-09-08,83.79080200195312,12.93000030517578,1.83,0.07564092969568441
2005-09-09,84.53704833984375,11.979999542236328,1.8200000000000005,-0.29219886846468873
2005-09-12,84.36746978759766,11.649999618530272,1.8200000000000005,-0.28731563625963774
2005-09-13,83.89934539794922,12.390000343322754,1.83,-0.09859091151732323
2005-09-14,83.5940170288086,12.90999984741211,1.83,0.1583821917366887
2005-09-15,83.55330657958984,12.489999771118164,1.84,-0.09039516092209217
2005-09-16,84.14744567871094,11.220000267028809,1.8500000000000003,-0.4667859195307667
2005-09-19,83.86808776855469,12.140000343322754,1.85,-0.19937162751591864
2005-09-20,83.15946960449219,12.640000343322754,1.8100000000000005,-0.011800963143526683
2005-09-21,82.38273620605469,13.789999961853027,1.84,0.4526231804044352
2005-09-22,82.67568969726562,13.329999923706056,1.84,0.27214263079336104
2005-09-23,82.74385070800781,12.960000038146973,1.83,0.03258982614991564
2005-09-26,82.83924865722656,13.039999961853027,1.83,0.0893802807316909
2005-09-27,82.81881713867188,12.760000228881836,1.84,-0.042572751338303565
2005-09-28,82.90055084228516,12.630000114440918,1.8200000000000005,-0.020363040967668
2005-09-29,83.57511138916016,12.239999771118164,1.83,-0.27409552969931283
2005-09-30,83.83404541015625,11.920000076293944,1.8100000000000005,-0.25898903337320317
2005-10-03,83.53423309326172,12.460000038146973,1.8200000000000005,-0.06640236766779324
2005-10-04,82.59395599365234,13.199999809265137,1.8100000000000005,0.22096472122666874
2005-10-05,81.51058959960938,14.550000190734863,1.81,0.8789716256692978
2005-10-06,81.21762084960938,14.960000038146973,1.8200000000000005,1.0645359095674287
2005-10-07,81.49698638916016,14.59000015258789,1.8200000000000005,0.883493305935449
2005-10-10,80.80878448486328,15.550000190734863,1.8200000000000005,1.3375255374586088
2005-10-11,80.69298553466797,15.630000114440918,1.8000000000000007,1.293929504195272
2005-10-12,80.059326171875,16.219999313354492,1.83,1.5255941518202
2005-10-13,80.0116195678711,16.469999313354492,1.86,1.6088968478943217
2005-10-14,80.85650634765625,14.869999885559082,1.8699999999999992,1.1157736424242046
2005-10-17,81.15628814697266,14.670000076293944,1.84,1.0405886613372106
2005-10-18,80.27734375,15.329999923706056,1.84,1.2905025265689176
2005-10-19,81.61278533935547,13.5,1.8600000000000003,0.5940791314187825
2005-10-20,80.17515563964844,16.110000610351562,1.8600000000000003,1.3220621720296737
2005-10-21,80.48855590820312,16.1299991607666,1.8500000000000003,1.2922014011886083
2005-10-24,81.7354736328125,14.739999771118164,1.85,0.7830525886470965
2005-10-25,81.57193756103516,14.529999732971191,1.81,0.6809240579489072
2005-10-26,81.33345794677734,14.59000015258789,1.8400000000000007,0.8138414058445059
2005-10-27,80.46815490722656,16.020000457763672,1.84,1.3055270312819123
2005-10-28,81.62644958496094,14.25,1.83,0.7780614074434298
2005-10-31,81.85130310058594,15.31999969482422,1.83,1.0450113603764504
2005-11-01,82.0965805053711,14.850000381469728,1.84,0.8828274026796876
2005-11-02,82.95508575439453,13.479999542236328,1.84,0.2839495915028824
2005-11-03,83.30939483642578,13.0,1.82,-0.10787546305232502
2005-11-04,83.20039367675781,13.170000076293944,1.8200000000000005,-0.0914474798307931
2005-11-07,83.28211212158203,13.100000381469728,1.82,-0.0739024150942182
2005-11-08,83.28211212158203,13.079999923706056,1.83,-0.1584345334485701
2005-11-09,83.39114379882812,12.800000190734863,1.8200000000000005,-0.28804853809156006
2005-11-10,84.03845977783203,11.899999618530272,1.84,-0.6535604297824096
2005-11-11,84.32459259033203,11.630000114440918,1.84,-0.769058008138435
2005-11-14,84.27691650390625,12.18000030517578,1.83,-0.515201137324885
2005-11-15,83.97029113769531,12.229999542236328,1.83,-0.4051657640665652
2005-11-16,84.14065551757812,12.260000228881836,1.84,-0.5421571154600991
2005-11-17,84.92418670654297,11.25,1.85,-0.6599958413586432
2005-11-18,85.258056640625,11.119999885559082,1.8600000000000003,-0.965121367657703
2005-11-21,85.68730163574219,10.81999969482422,1.87,-1.0144684310957715
2005-11-22,86.05525207519531,10.600000381469728,1.91,-0.7853652854873419
2005-11-23,86.55266571044922,10.960000038146973,1.91,-0.8105643637346862
2005-11-25,86.62078094482422,10.880000114440918,1.91,-0.879284933698588
2005-11-28,86.00756072998047,11.84000015258789,1.89,-0.7552051018264968
2005-11-29,85.91215515136719,11.890000343322754,1.88,-0.5462474533439042
2005-11-30,85.4488754272461,12.0600004196167,1.89,-0.3562300098270246
2005-12-01,86.32100677490234,11.239999771118164,1.87,-0.7115269003760737
2005-12-02,86.43000030517578,11.010000228881836,1.87,-0.6344528336439005
2005-12-05,86.24603271484375,11.600000381469728,1.86,-0.43286103043898394
2005-12-06,86.4095687866211,11.520000457763672,1.88,-0.42710293028792884
2005-12-07,85.90538024902344,12.18000030517578,1.8800000000000008,-0.17109608820153124
2005-12-08,85.85082244873047,12.210000038146973,1.88,-0.15143644920036436
2005-12-09,86.07572174072266,11.6899995803833,1.88,-0.28789996932003065
2005-12-12,86.15745544433594,11.470000267028809,1.8600000000000003,-0.3070128753885574
2005-12-13,86.74342346191406,11.109999656677246,1.88,-0.36890086154208174
2005-12-14,87.08403778076172,10.479999542236328,1.88,-0.5712961581831645
2005-12-15,86.83200073242188,10.729999542236328,1.87,-0.5490398577860788
2005-12-16,86.55254364013672,10.68000030517578,1.85,-0.5485034293022737
2005-12-19,86.10730743408203,11.380000114440918,1.84,-0.2208430744364025
2005-12-20,86.18948364257812,11.1899995803833,1.84,-0.2228354154186026
2005-12-21,86.32647705078125,10.8100004196167,1.84,-0.2633311276608216
2005-12-22,86.778564453125,10.289999961853027,1.8299999999999992,-0.4255564748372273
2005-12-23,86.82649993896484,10.270000457763672,1.83,-0.3574847391717659
2005-12-27,85.94290161132812,11.56999969482422,1.83,0.08758272134057284
2005-12-28,86.13468933105469,11.350000381469728,1.8200000000000005,-0.11785219841752832
2005-12-29,85.75113677978516,11.609999656677246,1.8200000000000005,-0.014493729239923056
2005-12-30,85.28535461425781,12.06999969482422,1.8200000000000005,0.09090281156175728
2006-01-03,86.78541564941406,11.140000343322754,1.84,-0.14902644033898862
2006-01-04,87.1964111328125,11.369999885559082,1.84,-0.14035204836046167
2006-01-05,87.25117492675781,11.3100004196167,1.84,-0.1877714659616341
2006-01-06,87.97726440429688,11.0,1.84,-0.3405337254795378
2006-01-09,88.20327758789062,11.130000114440918,1.84,-0.42173713050051437
2006-01-10,88.29234313964844,10.859999656677246,1.84,-0.5005011932420078
2006-01-11,88.57317352294922,10.9399995803833,1.84,-0.4853870330639735
2006-01-12,88.22383880615234,11.199999809265137,1.83,-0.3892258001827253
2006-01-13,88.1416244506836,11.229999542236328,1.82,-0.30830213751509894
2006-01-17,87.90191650390625,11.90999984741211,1.83,-0.03133860346637377
2006-01-18,87.55257415771484,12.25,1.84,0.09311061071270467
2006-01-19,87.88822937011719,11.979999542236328,1.83,-0.09481244274915883
2006-01-20,86.28541564941406,14.5600004196167,1.81,0.5914372771270916
2006-01-23,86.5936050415039,13.93000030517578,1.82,0.4493666290105689
2006-01-24,86.68267822265625,13.3100004196167,1.81,0.2883823128361758
2006-01-25,86.75798797607422,12.869999885559082,1.7999999999999998,0.2193101842759699
2006-01-26,87.23749542236328,12.420000076293944,1.7999999999999998,0.05483232380406483
2006-01-27,88.04574584960938,11.970000267028809,1.7800000000000002,-0.377006714469076
2006-01-30,87.97726440429688,12.390000343322754,1.79,-0.20555380921680463
2006-01-31,87.33338928222656,12.949999809265137,1.7799999999999994,-0.07111893694789591
2006-02-01,87.94300842285156,12.359999656677246,1.7599999999999998,-0.44189783971665725
2006-02-02,86.92240905761719,13.229999542236328,1.739999999999999,0.09430983305833618
2006-02-03,86.49088287353516,12.960000038146973,1.7199999999999998,0.09996556451743628
2006-02-06,86.7169418334961,13.039999961853027,1.6900000000000004,-0.010337956874069318
2006-02-07,85.94974517822266,13.59000015258789,1.71,0.4083014556309335
2006-02-08,86.73059844970703,12.829999923706056,1.75,0.2774626060895018
2006-02-09,86.58679962158203,13.119999885559082,1.7299999999999995,0.3064077471693288
2006-02-10,86.74429321289062,12.869999885559082,1.71,0.19697757277274427
2006-02-13,86.58679962158203,13.350000381469728,1.7199999999999998,0.30494324204941176
2006-02-14,87.504638671875,12.25,1.71,-0.1352503514576036
2006-02-15,87.81287384033203,12.3100004196167,1.6999999999999993,-0.24399583397277583
2006-02-16,88.47042083740234,11.479999542236328,1.71,-0.5574992847613948
2006-02-17,88.23069763183594,12.010000228881836,1.7000000000000002,-0.38524395515688026
2006-02-21,88.01154327392578,12.40999984741211,1.6799999999999995,-0.5840177425370777
2006-02-22,88.54578399658203,11.880000114440918,1.6799999999999995,-0.7419940465700847
2006-02-23,88.41564178466797,11.869999885559082,1.6700000000000008,-0.7431859287891415
2006-02-24,88.64167022705078,11.460000038146973,1.6399999999999997,-0.9625121855733939
2006-02-27,88.67595672607422,11.59000015258789,1.6500000000000004,-0.8291271731159725
2006-02-28,87.83341217041016,12.34000015258789,1.6500000000000004,-0.40459467016349765
2006-03-01,88.61428833007812,11.539999961853027,1.66,-0.6871902026949807
2006-03-02,88.60742950439453,11.720000267028809,1.66,-0.7510083297018358
2006-03-03,88.19644165039062,11.960000038146973,1.67,-0.504066225986197
2006-03-06,87.79232025146484,12.739999771118164,1.67,-0.4286541841949103
2006-03-07,87.65532684326172,12.65999984741211,1.67,-0.5000591503516764
2006-03-08,87.84025573730469,12.31999969482422,1.6799999999999995,-0.5412083981103254
2006-03-09,87.25117492675781,12.68000030517578,1.67,-0.5320048278331181
2006-03-10,88.08000183105469,11.850000381469728,1.67,-0.7315283864471575
2006-03-13,88.24440002441406,11.369999885559082,1.6900000000000004,-0.8227175459224428
2006-03-14,89.16909790039062,10.739999771118164,1.6799999999999995,-1.1311157722376701
2006-03-15,89.56639099121094,11.350000381469728,1.6999999999999993,-1.0116376659779027
2006-03-16,89.75130462646484,11.979999542236328,1.7199999999999998,-0.676737021720569
2006-03-17,89.82630920410156,12.119999885559082,1.7000000000000002,-0.6910655903203963
2006-03-20,89.6819076538086,11.789999961853027,1.7000000000000002,-0.6415168774981308
2006-03-21,89.11795806884766,11.619999885559082,1.7000000000000002,-0.6317122547756535
2006-03-22,89.6612548828125,11.210000038146973,1.6899999999999995,-0.8852045059896468
2006-03-23,89.47554779052734,11.170000076293944,1.6999999999999993,-0.7417995981127395
2006-03-24,89.54438018798828,11.1899995803833,1.7000000000000002,-0.7715288556085446
2006-03-27,89.41365814208984,11.460000038146973,1.7000000000000002,-0.6573667938868827
2006-03-28,88.863525390625,11.579999923706056,1.6799999999999995,-0.6274968798242708
2006-03-29,89.42054748535156,10.949999809265137,1.71,-0.8622044981647132
2006-03-30,89.2623519897461,11.56999969482422,1.6999999999999993,-0.6166718609102456
2006-03-31,89.28300476074219,11.390000343322754,1.6899999999999995,-0.7043068404198429
2006-04-03,89.2142333984375,11.56999969482422,1.6799999999999995,-0.7610701695288008
2006-04-04,89.78500366210938,11.140000343322754,1.6899999999999995,-0.9693064144396651
2006-04-05,90.09442901611328,11.130000114440918,1.7000000000000002,-0.997488790002573
2006-04-06,89.99820709228516,11.449999809265137,1.6999999999999993,-0.8762828497653955
2006-04-07,89.0835952758789,12.260000228881836,1.7000000000000002,-0.6436868294849748
2006-04-10,89.22112274169922,12.1899995803833,1.7000000000000002,-0.5444804256685486
2006-04-11,88.46467590332031,13.0,1.71,-0.16763792528671018
2006-04-12,88.62970733642578,12.760000228881836,1.71,-0.10055776876080824
2006-04-13,88.5127944946289,12.380000114440918,1.6900000000000004,-0.19060437096745422
2006-04-17,88.47838592529297,12.579999923706056,1.7000000000000002,-0.05851326044913748
2006-04-18,89.88128662109375,11.399999618530272,1.7000000000000002,-0.536378238487142
2006-04-19,90.05316925048828,11.31999969482422,1.7000000000000002,-0.6011565235983735
2006-04-20,90.17699432373048,11.640000343322754,1.7000000000000002,-0.6349538654537554
2006-04-21,90.1907730102539,11.59000015258789,1.7000000000000002,-0.5507739317701643
2006-04-24,90.0257339477539,11.75,1.67,-0.6448724898416859
2006-04-25,89.65437316894531,11.75,1.6799999999999995,-0.5198993981740415
2006-04-26,89.67496490478516,11.760000228881836,1.6399999999999997,-0.7149947939473069
2006-04-27,90.10821533203124,11.84000015258789,1.67,-0.7238677312647089
2006-04-28,90.41083526611328,11.59000015258789,1.67,-0.7349145251236827
2006-05-01,89.67496490478516,12.539999961853027,1.63,-0.5650997616774203
2006-05-02,90.34893798828124,11.989999771118164,1.6100000000000003,-0.8899122773314011
2006-05-03,90.01194763183594,11.989999771118164,1.6099999999999994,-0.8297140494155492
2006-05-04,90.33516693115234,11.859999656677246,1.5999999999999996,-0.8484982999664302
2006-05-05,91.13287353515624,11.619999885559082,1.5999999999999996,-0.9787082086207164
2006-05-08,91.02287292480467,12.0,1.59,-0.9053061176423242
2006-05-09,91.20166778564452,11.989999771118164,1.59,-1.0834878161297317
2006-05-10,91.15353393554688,11.779999732971191,1.58,-1.1304792517252422
2006-05-11,90.05316925048828,12.489999771118164,1.6100000000000003,-0.7505754390902526
2006-05-12,88.87728118896484,14.1899995803833,1.63,0.023225341510085967
2006-05-15,89.05606079101562,13.56999969482422,1.6399999999999997,-0.13780118951052667
2006-05-16,88.92539978027344,13.350000381469728,1.66,-0.08687618089747717
2006-05-17,87.23369598388672,16.260000228881836,1.66,1.2597180171318554
2006-05-18,86.79354858398438,16.989999771118164,1.66,1.5409536388498364
2006-05-19,87.40559387207031,17.18000030517578,1.6500000000000004,1.4251021492019949
2006-05-22,86.73856353759766,17.719999313354492,1.66,1.6785606022224513
2006-05-23,86.07835388183594,18.26000022888184,1.6499999999999997,1.8026971483442171
2006-05-24,86.76604461669922,17.360000610351562,1.6799999999999995,1.463609205587557
2006-05-25,87.83885955810547,15.5,1.67,0.775026092146556
2006-05-26,88.28585052490234,14.260000228881836,1.6700000000000008,0.4736571426301584
2006-05-30,86.71790313720703,18.65999984741211,1.67,1.7940437583931164
2006-05-31,87.68755340576172,16.440000534057617,1.66,0.9198396847448543
2006-06-01,88.52651977539062,14.520000457763672,1.6599999999999993,0.45260167598102896
2006-06-02,88.7122573852539,14.31999969482422,1.67,0.3593428042851279
2006-06-05,87.41935729980469,16.649999618530273,1.6700000000000008,1.1310850080893637
2006-06-06,87.20618438720703,17.34000015258789,1.6500000000000004,1.3391714715107759
2006-06-07,86.5528564453125,17.799999237060547,1.6700000000000008,1.5734775902259255
2006-06-08,86.47721099853516,18.350000381469727,1.66,1.647320531183122
2006-06-09,86.20211029052734,18.1200008392334,1.6599999999999993,1.5910892778741357
2006-06-12,85.26690673828125,20.959999084472656,1.6499999999999997,2.054794821680915
2006-06-13,84.276611328125,23.809999465942383,1.67,2.5594909500203373
2006-06-14,84.92992401123047,21.459999084472656,1.67,1.906920158636795
2006-06-15,86.73169708251953,15.899999618530272,1.67,0.6000234781794834
2006-06-16,86.09966278076172,17.25,1.67,0.659207286372376
2006-06-19,85.4227294921875,17.829999923706055,1.67,0.7840148099982446
2006-06-20,85.71282196044922,16.690000534057617,1.67,0.6328615798515641
2006-06-21,86.34832000732422,15.520000457763672,1.6799999999999995,0.26917795261346183
2006-06-22,85.9683837890625,15.880000114440918,1.6899999999999995,0.320097663106559
2006-06-23,85.9546127319336,15.890000343322754,1.6899999999999995,0.4298114901455368
2006-06-26,86.3344955444336,15.619999885559082,1.6900000000000004,0.49023409529831324
2006-06-27,85.58848571777344,16.399999618530273,1.7000000000000002,0.8378444343935209
2006-06-28,86.16873931884766,15.789999961853027,1.6900000000000004,0.36044303133010613
2006-06-29,87.90935516357422,13.029999732971191,1.6900000000000004,-0.20404558497915337
2006-06-30,87.9162826538086,13.079999923706056,1.67,-0.14639387606966023
2006-07-03,88.27546691894531,13.050000190734863,1.6799999999999995,-0.13582562061121647
2006-07-05,87.77122497558594,14.149999618530272,1.67,-0.12181978960628907
2006-07-06,88.02680969238281,13.649999618530272,1.6599999999999993,-0.3152105881640761
2006-07-07,87.45347595214844,13.970000267028809,1.66,-0.27513226872522417
2006-07-10,87.61927032470703,14.020000457763672,1.66,-0.30322085021412565
2006-07-11,88.00608825683594,13.140000343322754,1.67,-0.5081850043238807
2006-07-12,87.06665802001953,14.489999771118164,1.66,-0.33328516627830035
2006-07-13,85.65068817138672,17.790000915527344,1.66,0.26197680171597787
2006-07-14,85.31912994384766,18.049999237060547,1.6899999999999995,0.5766165910502086
2006-07-17,85.19479370117188,18.63999938964844,1.6799999999999995,0.9242794557615651
2006-07-18,85.62994384765625,17.739999771118164,1.6799999999999995,0.6008561207569899
2006-07-19,86.81800842285156,15.550000190734863,1.6900000000000004,-0.004786177070060127
2006-07-20,86.22398376464844,16.209999084472656,1.6899999999999995,0.23827039606173775
2006-07-21,85.61610412597656,17.399999618530273,1.6900000000000004,0.6172933778058449
2006-07-24,87.17717742919922,14.979999542236328,1.6900000000000004,-0.07125602122710688
2006-07-25,87.4880142211914,14.850000381469728,1.6799999999999995,-0.18444258416822437
2006-07-26,87.60542297363281,14.619999885559082,1.6799999999999995,-0.17901570413125056
2006-07-27,87.52252960205078,14.9399995803833,1.6499999999999997,-0.36082647118271555
2006-07-28,88.39978790283203,14.329999923706056,1.67,-0.4228332225554339
2006-07-31,88.30998992919922,14.949999809265137,1.6799999999999995,0.005645581261944106
2006-08-01,87.87480926513672,15.050000190734863,1.6899999999999995,0.12694398060171816
2006-08-02,88.46885681152344,14.34000015258789,1.6900000000000004,-0.024442986611487288
2006-08-03,88.7037124633789,14.460000038146973,1.6799999999999995,-0.16760253016033766
2006-08-04,88.55174255371094,14.34000015258789,1.6899999999999995,-0.08356079377516897
2006-08-07,88.34452056884766,15.229999542236328,1.67,-0.0880160034820292
2006-08-08,88.00608825683594,15.229999542236328,1.7000000000000002,0.11022697062330429
2006-08-09,87.7090072631836,15.199999809265137,1.7300000000000004,0.3326988017123167
2006-08-10,87.97843933105469,14.460000038146973,1.7300000000000004,0.018944593134184163
2006-08-11,87.72975158691406,14.300000190734863,1.7200000000000006,-0.24269160336928822
2006-08-14,87.79882049560547,14.260000228881836,1.6900000000000004,-0.43692361318180445
2006-08-15,88.84876251220703,13.420000076293944,1.7000000000000002,-0.718976428252858
2006-08-16,89.58785247802734,12.40999984741211,1.71,-0.8769809845727479
2006-08-17,89.8157958984375,12.239999771118164,1.71,-0.7337030229413443
2006-08-18,90.27165985107422,11.640000343322754,1.71,-0.9941751800215793
2006-08-21,89.8848648071289,12.220000267028809,1.7199999999999998,-0.8969657252869895
2006-08-22,89.87791442871094,12.1899995803833,1.71,-0.6751687952817251
2006-08-23,89.62928009033203,12.399999618530272,1.7199999999999998,-0.5100848458560073
2006-08-24,89.55330657958984,12.399999618530272,1.7200000000000006,-0.47690867228201456
2006-08-25,89.66384887695312,12.3100004196167,1.7400000000000002,-0.4380881860969103
2006-08-28,90.09207153320312,12.18000030517578,1.7300000000000004,-0.4228888697764734
2006-08-29,90.1956787109375,12.279999732971191,1.7400000000000002,-0.3954472896444801
2006-08-30,90.25092315673828,12.220000267028809,1.7400000000000002,-0.48113205579421475
2006-08-31,90.23713684082033,12.3100004196167,1.7299999999999995,-0.4083650027707306
2006-09-01,90.7759017944336,11.960000038146973,1.7299999999999995,-0.5059506969165103
2006-09-05,90.94857788085938,12.630000114440918,1.7299999999999995,-0.45021877926294973
2006-09-06,90.1473388671875,13.739999771118164,1.7300000000000004,-0.18385487248843826
2006-09-07,89.73289489746094,13.880000114440918,1.7199999999999998,-0.19017701707352766
2006-09-08,89.98847198486328,13.15999984741211,1.7199999999999998,-0.3868523614547363
2006-09-11,90.07826232910156,12.989999771118164,1.7199999999999998,-0.3806328369257504
2006-09-12,90.9624252319336,11.920000076293944,1.7000000000000002,-0.8026675513245117
2006-09-13,91.3284912109375,11.18000030517578,1.7000000000000002,-0.9576444540794973
2006-09-14,91.33541107177734,11.550000190734863,1.7000000000000002,-0.7276570205624543
2006-09-15,91.54981994628906,11.760000228881836,1.6900000000000004,-0.6483911958891797
2006-09-18,91.67462158203124,11.779999732971191,1.6800000000000006,-0.6663624432979594
2006-09-19,91.44569396972656,11.979999542236328,1.6899999999999995,-0.4879812491170675
2006-09-20,91.93135833740234,11.390000343322754,1.6899999999999995,-0.7089629205498497
2006-09-21,91.4873275756836,12.25,1.71,-0.42471550633195193
2006-09-22,91.20980072021484,12.59000015258789,1.7200000000000006,-0.3236190282738993
2006-09-25,91.9105453491211,12.119999885559082,1.7200000000000006,-0.5103688381596587
2006-09-26,92.67367553710938,11.529999732971191,1.71,-0.736922844974611
2006-09-27,92.78466033935548,11.579999923706056,1.71,-0.6740679740585255
2006-09-28,92.74999237060548,11.720000267028809,1.7300000000000004,-0.543720933460122
2006-09-29,92.67367553710938,11.979999542236328,1.7200000000000006,-0.5221907926696441
2006-10-02,92.32684326171876,12.56999969482422,1.7299999999999995,-0.3380639837835076
2006-10-03,92.52103424072266,12.239999771118164,1.7199999999999998,-0.37540993076710766
2006-10-04,93.60333251953124,11.859999656677246,1.739999999999999,-0.48107123518608336
2006-10-05,93.78370666503906,11.979999542236328,1.739999999999999,-0.6089196199914292
2006-10-06,93.66576385498048,11.5600004196167,1.7299999999999995,-0.7562374136583926
2006-10-09,93.72124481201172,11.68000030517578,1.7299999999999995,-0.6994378239533239
2006-10-10,93.84617614746094,11.520000457763672,1.7199999999999998,-0.7643443823044666
2006-10-11,93.73511505126952,11.619999885559082,1.7299999999999995,-0.5463367896138852
2006-10-12,94.54684448242188,11.09000015258789,1.71,-0.7727191302098989
2006-10-13,94.78968048095705,10.75,1.7200000000000006,-0.8119718311246934
2006-10-16,94.93537139892578,11.09000015258789,1.71,-0.784675253829121
2006-10-17,94.63703918457033,11.729999542236328,1.71,-0.6144291379951314
2006-10-18,94.7619171142578,11.34000015258789,1.7000000000000002,-0.7675185635956692
2006-10-19,94.91454315185548,10.899999618530272,1.7000000000000002,-0.7751856614685554
2006-10-20,94.93537139892578,10.630000114440918,1.6900000000000004,-0.9280222932850665
2006-10-23,95.3724365234375,11.079999923706056,1.66,-1.0968718618813174
2006-10-24,95.65686798095705,10.779999732971191,1.6500000000000004,-1.1093169288198295
2006-10-25,95.9829559326172,10.65999984741211,1.66,-1.0029091593156707
2006-10-26,96.28125,10.5600004196167,1.6499999999999997,-1.0828002335689586
2006-10-27,95.67772674560548,10.800000190734863,1.6500000000000004,-0.950411842853495
2006-10-30,95.60831451416016,11.199999809265137,1.6400000000000006,-0.9279073407336916
2006-10-31,95.59445190429688,11.100000381469728,1.6399999999999997,-0.9897728659674224
2006-11-01,94.94923400878906,11.510000228881836,1.6399999999999997,-0.787228089017168
2006-11-02,94.89372253417967,11.420000076293944,1.6400000000000006,-0.6139979634998887
2006-11-03,94.72724151611328,11.15999984741211,1.59,-0.8193093559208736
2006-11-06,95.79564666748048,11.15999984741211,1.59,-0.9964283062738272
2006-11-07,96.16333770751952,11.09000015258789,1.5999999999999996,-1.0035023881541756
2006-11-08,96.37146759033205,10.75,1.5900000000000007,-1.1055382791887285
2006-11-09,95.86499786376952,11.010000228881836,1.62,-0.8650176489829745
2006-11-10,95.90662384033205,10.789999961853027,1.6100000000000003,-0.8176530235720191
2006-11-13,96.14250946044922,10.859999656677246,1.5999999999999996,-0.8473077616685759
2006-11-14,96.86402130126952,10.5,1.6099999999999994,-0.9438582499361138
2006-11-15,97.14154052734376,10.3100004196167,1.6099999999999994,-1.0594275063623018
2006-11-16,97.3913116455078,10.15999984741211,1.59,-1.1850649882394462
2006-11-17,97.41903686523438,10.050000190734863,1.5999999999999996,-1.1322545508079198
2006-11-20,97.47455596923828,9.970000267028809,1.6000000000000003,-1.1458875526969905
2006-11-21,97.57170867919922,9.899999618530272,1.5999999999999996,-1.1007148065468988
2006-11-22,97.76593780517578,10.140000343322754,1.5999999999999996,-1.0496981311187124
2006-11-24,97.37055206298828,10.729999542236328,1.6000000000000003,-0.8473241703832185
2006-11-27,96.03152465820312,12.300000190734863,1.6100000000000003,-0.3066624923461599
2006-11-28,96.44776916503906,11.619999885559082,1.62,-0.5302261997699785
2006-11-29,97.4537353515625,10.829999923706056,1.62,-0.8281446545065076
2006-11-30,97.49536895751952,10.90999984741211,1.6399999999999997,-0.7315980424822873
2006-12-01,97.28030395507812,11.65999984741211,1.6500000000000004,-0.6462581566830913
2006-12-04,98.02265167236328,11.229999542236328,1.66,-0.7994906424852237
2006-12-05,98.44583129882812,11.270000457763672,1.6499999999999997,-0.9434754111685933
2006-12-06,98.36260223388672,11.329999923706056,1.6499999999999997,-0.7313147095695968
2006-12-07,97.93244934082033,12.670000076293944,1.6399999999999997,-0.4454635234549668
2006-12-08,98.11282348632812,12.06999969482422,1.6300000000000008,-0.5810629399000994
2006-12-11,98.39727783203124,10.710000038146973,1.6400000000000006,-0.868589849934663
2006-12-12,98.32097625732422,10.649999618530272,1.6499999999999997,-0.8043463438699089
2006-12-13,98.42501068115234,10.18000030517578,1.6399999999999997,-0.9016578406118252
2006-12-14,99.29225158691406,9.970000267028809,1.66,-0.846285192655874
2006-12-15,99.30130004882812,10.050000190734863,1.66,-0.7870411225009692
2006-12-18,99.02922058105467,10.600000381469728,1.6500000000000004,-0.6711803662927697
2006-12-19,99.21758270263672,10.300000190734863,1.67,-0.6299960525174259
2006-12-20,99.1617431640625,10.260000228881836,1.67,-0.613346290585901
2006-12-21,98.79901123046876,10.529999732971191,1.6800000000000006,-0.43518787139896203
2006-12-22,98.19206237792967,11.359999656677246,1.67,-0.23318072252505342
2006-12-26,98.77111053466795,11.260000228881836,1.6599999999999993,-0.4690247456170978
2006-12-27,99.419921875,10.640000343322754,1.66,-0.8998643199142542
2006-12-28,99.21055603027344,10.989999771118164,1.6499999999999997,-0.7940725143255731
2006-12-29,98.79901123046876,11.5600004196167,1.6399999999999997,-0.5250916752933029
2007-01-03,98.62459564208984,12.039999961853027,1.6100000000000003,-0.5994820216820912
2007-01-04,98.83386993408205,11.510000228881836,1.62,-0.685293511830556
2007-01-05,98.04554748535156,12.140000343322754,1.5999999999999996,-0.46060361742833456
2007-01-08,98.49899291992188,12.0,1.59,-0.5511510615240133
2007-01-09,98.41533660888672,11.90999984741211,1.59,-0.5659587307623153
2007-01-10,98.74320220947266,11.470000267028809,1.59,-0.7596075211574566
2007-01-11,99.17572784423828,10.869999885559082,1.59,-0.8926535066155296
2007-01-12,99.92918395996094,10.149999618530272,1.5900000000000007,-1.0792076374241757
2007-01-16,99.73383331298828,10.739999771118164,1.59,-0.9735695905880829
2007-01-17,99.77568817138672,10.59000015258789,1.58,-1.0541986941167647
2007-01-18,99.44084167480467,10.850000381469728,1.58,-0.8144678697015592
2007-01-19,99.63616943359376,10.399999618530272,1.5699999999999994,-0.9815734429002697
2007-01-22,99.32917785644533,10.770000457763672,1.5700000000000005,-0.9220670715319986
2007-01-23,99.62220001220705,10.34000015258789,1.5700000000000005,-1.0032891127037122
2007-01-24,100.42446899414062,9.890000343322754,1.5700000000000005,-1.2058647691805282
2007-01-25,99.24549102783205,11.220000267028809,1.5599999999999996,-0.9444682691915104
2007-01-26,99.15478515625,11.130000114440918,1.5600000000000005,-1.0397882059526886
2007-01-29,99.0989761352539,11.449999809265137,1.5499999999999998,-0.9536706663225275
2007-01-30,99.615234375,10.960000038146973,1.5600000000000005,-0.9240017053757822
2007-01-31,100.2849578857422,10.420000076293944,1.5700000000000005,-1.068953001469618
2007-02-01,100.88494873046876,10.3100004196167,1.5600000000000005,-1.3220746338548965
2007-02-02,101.02444458007812,10.079999923706056,1.5599999999999996,-1.3997018291511367
2007-02-05,101.05235290527344,10.550000190734863,1.5600000000000005,-1.29054140456025
2007-02-06,101.08026885986328,10.649999618530272,1.5500000000000007,-1.4745201774555141
2007-02-07,101.30350494384766,10.31999969482422,1.5599999999999996,-1.3921305180071275
2007-02-08,101.17095947265624,10.4399995803833,1.5499999999999998,-1.4225963805344375
2007-02-09,100.41748809814452,11.100000381469728,1.54,-1.1989309551815024
2007-02-12,100.07561492919922,11.609999656677246,1.54,-0.9799425652163795
2007-02-13,100.9198226928711,10.34000015258789,1.54,-1.1606393571156781
2007-02-14,101.5825424194336,10.229999542236328,1.5499999999999998,-1.2332368709254764
2007-02-15,101.71509552001952,10.220000267028809,1.5599999999999996,-1.166683169616963
2007-02-16,101.66625213623048,10.020000457763672,1.5499999999999998,-1.3001302068714424
2007-02-20,101.88253784179688,10.239999771118164,1.5500000000000007,-1.2570981210038135
2007-02-21,101.84070587158205,10.199999809265137,1.54,-1.362975633806118
2007-02-22,101.76396942138672,10.18000030517578,1.5399999999999991,-1.2870058882934683
2007-02-23,101.36628723144533,10.579999923706056,1.5300000000000002,-1.0781541136816635
2007-02-26,101.27557373046876,11.149999618530272,1.54,-1.1042064889561922
2007-02-27,97.31998443603516,18.309999465942383,1.59,0.8950951328544772
2007-02-28,98.3176040649414,15.420000076293944,1.6000000000000003,0.36039181120816793
2007-03-01,98.02462005615234,15.81999969482422,1.62,0.6744033990040604
2007-03-02,96.74095916748048,18.61000061035156,1.6400000000000006,1.5072527217483873
2007-03-05,95.8200912475586,19.6299991607666,1.6800000000000006,2.1206458156382895
2007-03-06,97.45952606201172,15.960000038146973,1.66,1.212901061801591
2007-03-07,97.36185455322266,15.239999771118164,1.66,1.1220412041946735
2007-03-08,98.1850814819336,14.289999961853027,1.67,0.9198114952133766
2007-03-09,98.21296691894533,14.09000015258789,1.6500000000000004,0.7876248083947973
2007-03-12,98.35948944091795,13.989999771118164,1.6500000000000004,0.7239048475481371
2007-03-13,96.4479522705078,18.1299991607666,1.7000000000000002,1.7732442121676486
2007-03-14,97.16654205322266,17.270000457763672,1.7199999999999998,1.601933793931072
2007-03-15,97.29905700683594,16.43000030517578,1.7000000000000002,1.4531841111036574
2007-03-16,97.02664184570312,16.790000915527344,1.7000000000000002,1.6223251099327227
2007-03-19,98.19630432128906,14.59000015258789,1.7000000000000002,1.1608935729587857
2007-03-20,98.73562622070312,13.270000457763672,1.71,0.9555734169362355
2007-03-21,100.36056518554688,12.1899995803833,1.7299999999999995,0.7268912660843131
2007-03-22,100.28348541259766,12.93000030517578,1.75,0.9508405222192161
2007-03-23,100.43054962158205,12.949999809265137,1.75,0.9142896503729784
2007-03-26,100.29753112792967,13.15999984741211,1.75,0.8966650974305277
2007-03-27,100.05935668945312,13.479999542236328,1.7599999999999998,1.015913271810769
2007-03-28,99.3309326171875,14.979999542236328,1.7800000000000002,0.8503874424389307
2007-03-29,99.4360122680664,15.140000343322754,1.7400000000000002,0.7536195305291854
2007-03-30,99.45706176757812,14.640000343322754,1.75,0.6959011782962524
2007-04-02,99.56907653808594,14.529999732971191,1.739999999999999,0.40143249153837557
2007-04-03,100.64070892333984,13.460000038146973,1.7300000000000004,-0.11091878586204647
2007-04-04,100.75279235839844,13.239999771118164,1.7400000000000002,0.163623716061485
2007-04-05,101.02593231201172,13.229999542236328,1.7400000000000002,0.10450585722718664
2007-04-09,101.1659927368164,13.140000343322754,1.7199999999999998,0.07614182901242277
2007-04-10,101.28509521484376,12.68000030517578,1.7199999999999998,0.0002028574215452069
2007-04-11,100.87186431884766,13.489999771118164,1.71,0.12991669583667662
2007-04-12,101.32009887695312,12.710000038146973,1.71,-0.3348224960879708
2007-04-13,101.78238677978516,12.199999809265137,1.7000000000000002,-0.4136208446264063
2007-04-16,102.7489242553711,11.979999542236328,1.6799999999999995,-0.677303317778209
2007-04-17,103.02204895019533,12.140000343322754,1.6799999999999995,-0.7287150359728135
2007-04-18,103.14816284179688,12.420000076293944,1.67,-0.5811202279341571
2007-04-19,103.12010192871094,12.539999961853027,1.67,-0.47431717892725517
2007-04-20,104.09367370605467,12.06999969482422,1.6800000000000006,-0.3718105494418363
2007-04-23,103.70145416259766,13.039999961853027,1.6799999999999995,-0.19693763876512108
2007-04-24,103.74346923828124,13.119999885559082,1.6799999999999995,-0.16939864160022347
2007-04-25,104.6960220336914,13.210000038146973,1.6799999999999995,-0.3065840376341862
2007-04-26,104.81510162353516,12.789999961853027,1.6899999999999995,-0.35058231124004374
2007-04-27,104.73104858398438,12.449999809265137,1.6799999999999995,-0.5461072916866123
2007-04-30,103.86251068115234,14.220000267028809,1.6799999999999995,-0.17078078139159084
2007-05-01,104.12872314453124,13.510000228881836,1.67,-0.3568594280992676
2007-05-02,104.73806762695312,13.079999923706056,1.6599999999999993,-0.5381880928749986
2007-05-03,105.30538940429688,13.09000015258789,1.6400000000000006,-0.5771921762524616
2007-05-04,105.70458984375,12.90999984741211,1.6399999999999997,-0.6366603520838836
2007-05-07,105.72564697265624,13.149999618530272,1.6400000000000006,-0.5664923529436665
2007-05-08,105.58555603027344,13.210000038146973,1.66,-0.3982416271648328
2007-05-09,105.87271118164062,12.880000114440918,1.6500000000000004,-0.5232960832216477
2007-05-10,104.76607513427734,13.600000381469728,1.6599999999999993,-0.27677989728866986
2007-05-11,105.66252899169922,12.949999809265137,1.66,-0.42100176174292775
2007-05-14,105.43140411376952,13.960000038146973,1.6499999999999997,-0.255084009778853
2007-05-15,105.45951080322266,14.010000228881836,1.6500000000000004,-0.12392565449068477
2007-05-16,106.180908203125,13.5,1.6399999999999997,-0.30878526662418326
2007-05-17,105.97075653076172,13.510000228881836,1.6400000000000006,-0.26247474490012435
2007-05-18,106.89527893066406,12.760000228881836,1.6300000000000008,-0.5438391995781712
2007-05-21,106.83924102783205,13.300000190734863,1.63,-0.3313634719221956
2007-05-22,106.75518798828124,13.0600004196167,1.63,-0.39953531430383404
2007-05-23,106.76920318603516,13.239999771118164,1.63,-0.3665450963957167
2007-05-24,105.80269622802734,14.079999923706056,1.63,0.004555599960550327
2007-05-25,106.24391174316406,13.34000015258789,1.62,-0.19233582453717812
2007-05-29,106.62913513183594,13.529999732971191,1.62,-0.2210497076199773
2007-05-30,107.4976577758789,12.829999923706056,1.6100000000000003,-0.6075301289980394
2007-05-31,107.38556671142578,13.050000190734863,1.5999999999999996,-0.5811987671122384
2007-06-01,107.91788482666016,12.779999732971191,1.5999999999999996,-0.5987156918453879
2007-06-04,107.9318618774414,13.289999961853027,1.58,-0.5652995560693909
2007-06-05,107.504638671875,13.630000114440918,1.5699999999999994,-0.4592808738070984
2007-06-06,106.34896850585938,14.869999885559082,1.6000000000000003,0.06042901562689185
2007-06-07,104.42986297607422,17.059999465942383,1.5999999999999996,0.618854108942373
2007-06-08,105.78865051269533,14.84000015258789,1.62,0.28524951157029543
2007-06-11,105.97075653076172,14.710000038146973,1.6100000000000003,0.038760384352454026
2007-06-12,104.81510162353516,16.670000076293945,1.6000000000000003,0.5641530549997257
2007-06-13,106.38400268554688,14.729999542236328,1.58,-0.07961037348318574
2007-06-14,107.06336975097656,13.640000343322754,1.5699999999999994,-0.3764494091933663
2007-06-15,107.6725082397461,13.9399995803833,1.5999999999999996,-0.11276421790866098
2007-06-18,107.5459213256836,13.420000076293944,1.5999999999999996,-0.1919901963103565
2007-06-19,107.81326293945312,12.850000381469728,1.6000000000000003,-0.17538800887068554
2007-06-20,106.31499481201172,14.670000076293944,1.5700000000000005,0.17407681289260468
2007-06-21,106.90581512451172,14.210000038146973,1.5999999999999996,0.18139183681297485
2007-06-22,105.8999252319336,15.75,1.6000000000000003,0.6031717622815005
2007-06-25,105.3935317993164,16.649999618530273,1.59,0.6260503466321207
2007-06-26,104.31016540527344,18.88999938964844,1.6100000000000003,1.349552054550957
2007-06-27,105.79444122314452,15.529999732971191,1.59,0.4975045764765323
2007-06-28,105.78036499023438,15.539999961853027,1.5999999999999996,0.6955134037648026
2007-06-29,105.81550598144533,16.229999542236328,1.59,0.7371285635797925
2007-07-02,106.7721710205078,15.399999618530272,1.5999999999999996,0.5928194514338058
2007-07-03,107.1590347290039,14.920000076293944,1.6000000000000003,0.4547836730769754
2007-07-05,107.0465087890625,15.479999542236328,1.58,0.3834487308936208
2007-07-06,107.6092300415039,14.720000267028809,1.59,0.05317317532870399
2007-07-09,107.69366455078124,15.15999984741211,1.58,-0.2489537173371176
2007-07-10,106.16019439697266,17.56999969482422,1.5999999999999996,0.7142172291693387
2007-07-11,106.912841796875,16.639999389648438,1.59,0.4108356512947174
2007-07-12,108.60108947753906,15.539999961853027,1.59,-0.21471153953164732
2007-07-13,108.92466735839844,15.149999618530272,1.59,-0.07525671685614414
2007-07-16,108.91053771972656,15.59000015258789,1.58,0.048108889567758606
2007-07-17,108.854248046875,15.630000114440918,1.59,0.2216919564390584
2007-07-18,108.6573486328125,16.0,1.58,0.24427527424128867
2007-07-19,109.0793685913086,15.229999542236328,1.59,0.16495146645491662
2007-07-20,107.97502136230467,16.950000762939453,1.6100000000000003,0.5060264872738686
2007-07-23,108.30564880371094,16.809999465942383,1.6100000000000003,0.5222878639721611
2007-07-24,106.4275131225586,18.549999237060547,1.6499999999999997,1.1666494215950376
2007-07-25,106.64552307128906,18.100000381469727,1.6500000000000004,0.975328689766954
2007-07-26,104.12028503417967,20.739999771118164,1.83,2.631186665141741
2007-07-27,102.0733642578125,24.170000076293945,1.87,3.881514683253704
2007-07-30,103.67009735107422,20.8700008392334,1.88,3.0499352082012954
2007-07-31,102.50236511230467,23.520000457763672,1.85,3.386454820057859
2007-08-01,103.00181579589844,23.670000076293945,1.8600000000000003,3.421444676018129
2007-08-02,103.82484436035156,21.21999931335449,1.83,2.7768416960091398
2007-08-03,101.15184783935548,25.15999984741211,1.8600000000000003,3.7725614488656696
2007-08-06,102.8470687866211,22.940000534057617,1.8900000000000008,3.3498536973965316
2007-08-07,103.94450378417967,21.559999465942383,1.83,2.6651624260289744
2007-08-08,105.3935317993164,21.450000762939453,1.87,2.3817348858113156
2007-08-09,102.27027130126952,26.479999542236328,1.91,3.6617235778290484
2007-08-10,101.79195404052734,28.299999237060547,1.8800000000000008,3.900414790642142
2007-08-13,102.1577606201172,26.56999969482422,1.91,3.7021185854108154
2007-08-14,100.59613037109376,27.68000030517578,1.9499999999999995,4.082987375760461
2007-08-15,99.21036529541016,30.670000076293945,2.03,4.748268137088964
2007-08-16,99.9560546875,30.82999992370605,2.0600000000000005,4.554058351855241
2007-08-17,101.79195404052734,29.989999771118164,2.0700000000000003,4.147350109850499
2007-08-20,101.7427215576172,26.32999992370605,2.08,3.5907819127608307
2007-08-21,101.94671630859376,25.25,2.0900000000000007,3.4329792974901494
2007-08-22,103.15657043457033,22.88999938964844,2.0700000000000003,2.7172682397750467
2007-08-23,103.0651626586914,22.6200008392334,2.04,2.563668123520618
2007-08-24,104.33836364746094,20.71999931335449,2.01,1.8168396907863062
2007-08-27,103.36758422851562,22.71999931335449,2.0,1.7849115577960688
2007-08-28,101.09557342529295,26.299999237060547,2.0699999999999994,2.7227157393086103
2007-08-29,103.07920837402344,23.809999465942383,2.05,2.0264290137612266
2007-08-30,102.80484008789062,25.059999465942383,2.0700000000000003,2.234911534118105
2007-08-31,103.81778717041016,23.3799991607666,2.05,1.9751441719162237
2007-09-04,104.8659210205078,22.780000686645508,2.04,1.4119215284866862
2007-09-05,103.95850372314452,24.57999992370605,2.06,1.8937760016317207
2007-09-06,104.19760131835938,23.989999771118164,2.0600000000000005,1.9140498974381241
2007-09-07,102.74861907958984,26.229999542236328,2.1000000000000005,2.4925549758980705
2007-09-10,102.5516128540039,27.3799991607666,2.13,2.266967229771538
2007-09-11,103.7474594116211,25.270000457763672,2.1100000000000003,1.8077656910263784
2007-09-12,104.01473999023438,24.959999084472656,2.13,1.8090168493790453
2007-09-13,104.7463150024414,24.76000022888184,2.12,1.4481277581285579
2007-09-14,104.73933410644533,24.920000076293945,2.12,1.2473710907085434
2007-09-17,104.17657470703124,26.479999542236328,2.1,1.4421158526120008
2007-09-18,107.2434539794922,20.350000381469727,2.1100000000000003,0.8719520358808529
2007-09-19,107.87654876708984,20.030000686645508,2.1099999999999994,0.7488345167620446
2007-09-20,107.11682891845705,20.450000762939453,2.04,0.7187794370645287
2007-09-21,107.40594482421876,19.0,2.03,0.700227736176267
2007-09-24,107.20802307128906,19.3700008392334,2.0200000000000005,0.7044517807525953
2007-09-25,106.99597930908205,18.600000381469727,2.0200000000000005,0.8180251695303818
2007-09-26,107.56141662597656,17.6299991607666,2.03,0.5827836328595571
2007-09-27,108.1974868774414,17.0,2.01,0.13324443854446252
2007-09-28,107.83709716796876,18.0,2.0,0.463292416428047
2007-10-01,109.05265808105467,17.84000015258789,1.99,0.25130765665741595
2007-10-02,108.90423583984376,18.489999771118164,2.0,0.45195986173532177
2007-10-03,108.68512725830078,18.799999237060547,1.99,0.5934565144693921
2007-10-04,108.85474395751952,18.440000534057617,1.97,0.39544349511093796
2007-10-05,110.14818572998048,16.90999984741211,1.9399999999999995,0.10781814396381366
2007-10-08,109.56148529052734,17.459999084472656,1.9399999999999995,0.03688075180058551
2007-10-09,110.59339141845705,16.1200008392334,1.9000000000000004,-0.2773699320199048
2007-10-10,110.40966033935548,16.670000076293945,1.91,-0.0523788017429622
2007-10-11,109.87954711914062,18.8799991607666,1.9,0.16746592709300193
2007-10-12,110.48735809326172,17.729999542236328,1.87,0.043205925975117965
2007-10-15,109.55445098876952,19.25,1.88,0.2671907733419506
2007-10-16,108.68512725830078,20.020000457763672,1.92,0.42792905984099944
2007-10-17,109.01732635498048,18.540000915527344,1.91,0.6049224818822533
2007-10-18,108.6215362548828,18.5,1.9400000000000004,0.7663510775534618
2007-10-19,105.7803726196289,22.959999084472656,1.97,1.345108942478497
2007-10-22,106.3952407836914,21.63999938964844,1.96,1.1884202485246873
2007-10-23,107.25749969482422,20.40999984741211,1.9799999999999995,1.022590269554695
2007-10-24,107.05956268310548,20.799999237060547,1.9799999999999995,1.038422534757028
2007-10-25,107.31404876708984,21.170000076293945,1.99,1.1065505066828034
2007-10-26,108.572021484375,19.559999465942383,1.9799999999999995,0.9020399943787325
2007-10-29,108.9324951171875,19.8700008392334,1.9800000000000004,0.8382031949454417
2007-10-30,108.17623138427734,21.06999969482422,1.9899999999999995,1.1388347895530948
2007-10-31,109.29998779296876,18.530000686645508,1.9899999999999995,0.8235477591368104
2007-11-01,106.74160766601562,23.209999084472656,2.01,1.4175422979147723
2007-11-02,106.86167907714844,23.01000022888184,2.04,1.4532380326390506
2007-11-05,106.04891967773438,24.309999465942383,2.0200000000000005,1.7047083556903055
2007-11-06,107.47659301757812,21.38999938964844,2.03,1.304321965269181
2007-11-07,104.53648376464844,26.489999771118164,2.1000000000000005,2.1715481764502873
2007-11-08,104.0063934326172,26.15999984741211,2.16,2.269163335108249
2007-11-09,102.57876586914062,28.5,2.18,2.5219910299478188
2007-11-12,101.5610122680664,31.09000015258789,2.18,2.8073485632188295
2007-11-13,104.65663146972656,24.100000381469727,2.1800000000000006,1.9144488491344347
2007-11-14,104.3668441772461,25.940000534057617,2.16,1.919740689294791
2007-11-15,102.8614501953125,28.059999465942383,2.22,2.3175304583914293
2007-11-16,103.03813934326172,25.489999771118164,2.26,2.138220872345832
2007-11-19,101.60347747802734,26.01000022888184,2.3,2.085263422899365
2007-11-20,102.22540283203124,24.8799991607666,2.3500000000000005,2.0669445858343636
2007-11-21,100.13338470458984,26.84000015258789,2.41,2.54226213774442
2007-11-23,101.8649673461914,25.61000061035156,2.37,2.1689229264451244
2007-11-26,99.6174545288086,28.90999984741211,2.4000000000000004,2.6269325391236653
2007-11-27,100.7624053955078,26.280000686645508,2.41,2.4365530274734097
2007-11-28,103.98522186279295,24.11000061035156,2.3999999999999995,1.980533234235061
2007-11-29,104.02053833007812,23.96999931335449,2.4600000000000004,1.9657594089107144
2007-11-30,105.06656646728516,22.8700008392334,2.47,1.8849090589318795
2007-12-03,104.37388610839844,23.61000061035156,2.52,1.8092090916293893
2007-12-04,103.44097900390624,23.790000915527344,2.53,1.8992391625288423
2007-12-05,105.17257690429688,22.530000686645508,2.58,1.626101633321526
2007-12-06,106.67797088623048,20.959999084472656,2.5900000000000007,1.5025625473916975
2007-12-07,106.65677642822266,20.850000381469727,2.6100000000000003,1.2163315664939809
2007-12-10,107.4836654663086,20.739999771118164,2.59,1.021679485703467
2007-12-11,104.53648376464844,23.59000015258789,2.6300000000000003,1.3639691568198662
2007-12-12,105.56834411621094,22.46999931335449,2.63,1.0642978516445003
2007-12-13,105.34925079345705,22.559999465942383,2.58,1.3047816915239654
2007-12-14,104.01344299316406,23.270000457763672,2.55,1.3863153876731655
2007-12-17,102.529296875,24.520000457763672,2.55,1.4397885528411614
2007-12-18,103.10171508789062,22.63999938964844,2.5200000000000005,1.229774432931009
2007-12-19,103.10171508789062,21.68000030517578,2.54,1.0375035582860985
2007-12-20,103.7519760131836,20.57999992370605,2.51,0.9161400527497867
2007-12-21,105.24752044677734,18.46999931335449,2.5,0.4021759167897261
2007-12-24,106.02915954589844,18.600000381469727,2.49,0.4886639185129182
2007-12-26,106.2564926147461,18.65999984741211,2.49,0.2274588555856388
2007-12-27,104.92073822021484,20.26000022888184,2.5200000000000005,0.6030266360033627
2007-12-28,104.65782928466795,20.739999771118164,2.51,0.9502886186731403
2007-12-31,103.8834228515625,22.5,2.52,1.1331749615112459
2008-01-02,102.97395324707033,23.170000076293945,2.54,1.3649569441700844
2008-01-03,102.9242172241211,22.489999771118164,2.5700000000000003,1.2812086316058606
2008-01-04,100.4019546508789,23.940000534057617,2.59,1.5294403259885556
2008-01-07,100.31664276123048,23.790000915527344,2.6,1.6773053569531953
2008-01-08,98.69669342041016,25.43000030517578,2.6300000000000003,2.070610115059767
2008-01-09,99.73405456542967,24.1200008392334,2.6700000000000004,1.9082635067333547
2008-01-10,100.38773345947266,23.450000762939453,2.7299999999999995,1.9151255653543622
2008-01-11,99.5777359008789,23.68000030517578,2.77,1.7680076942135858
2008-01-14,100.38063049316406,22.89999961853028,2.76,1.701753628613794
2008-01-15,98.17093658447266,23.34000015258789,2.78,1.9049950873714383
2008-01-16,97.32543182373048,24.3799991607666,2.77,1.897530209933615
2008-01-17,94.8031005859375,28.459999084472656,2.81,2.268718958801316
2008-01-18,93.8297119140625,27.18000030517578,2.87,2.348563878180324
2008-01-22,92.8776397705078,31.01000022888184,2.98,2.738050849515131
2008-01-23,95.1086196899414,29.020000457763672,2.95,2.396019802085168
2008-01-24,95.91150665283205,27.780000686645508,2.95,2.330517131195684
2008-01-25,94.5260238647461,29.07999992370605,2.95,2.5472534010661523
2008-01-28,96.08914184570312,27.780000686645508,2.97,2.332300094177342
2008-01-29,96.565185546875,27.31999969482422,2.94,2.1054503339305826
2008-01-30,95.85464477539062,27.6200008392334,2.94,2.1329660066420524
2008-01-31,97.60247802734376,26.200000762939453,2.96,1.838038031235504
2008-02-01,99.17276000976562,24.020000457763672,2.9799999999999995,1.504155891923066
2008-02-04,97.9222640991211,25.989999771118164,2.98,1.7016867294601017
2008-02-05,95.30050659179688,28.239999771118164,3.01,1.8619205696993546
2008-02-06,94.53312683105467,28.96999931335449,3.0500000000000003,1.972937788548089
2008-02-07,95.15837860107422,27.65999984741211,3.06,1.6964690873302084
2008-02-08,94.5473403930664,28.01000022888184,3.0900000000000003,1.8534785781281606
2008-02-11,95.03046417236328,27.600000381469727,3.09,1.816336640228523
2008-02-12,95.91150665283205,26.32999992370605,3.1099999999999994,1.596735964045699
2008-02-13,96.89202117919922,24.8799991607666,3.1099999999999994,1.4714911203631924
2008-02-14,96.03939819335938,25.540000915527344,3.1,1.3791068961856705
2008-02-15,96.01807403564452,25.020000457763672,3.140000000000001,1.2927670743794684
2008-02-19,96.2881317138672,25.59000015258789,3.07,1.0194008813427857
2008-02-20,96.57230377197266,24.39999961853028,3.03,0.7906731123611962
2008-02-21,95.76940155029295,25.1200008392334,3.1,0.8596332713033373
2008-02-22,96.35916137695312,24.059999465942383,3.12,0.9419379880297737
2008-02-25,97.57411193847656,23.030000686645508,3.08,0.8000637968468781
2008-02-26,98.3059310913086,21.89999961853028,3.1000000000000005,0.5462859511087738
2008-02-27,98.20647430419922,22.690000534057617,3.11,0.7387485313999016
2008-02-28,97.24727630615234,23.530000686645508,3.17,0.9464718893964941
2008-02-29,95.08023071289062,26.540000915527344,3.22,1.2824653365656666
2008-03-03,94.85284423828124,26.280000686645508,3.22,1.4143097366429698
2008-03-04,94.49049377441406,25.520000457763672,3.1900000000000004,1.4864752335899063
2008-03-05,95.08734130859376,24.600000381469727,3.26,1.3144723937083553
2008-03-06,93.11922454833984,27.549999237060547,3.35,1.4967342558956218
2008-03-07,92.16001892089844,27.489999771118164,3.39,1.5201645988001953
2008-03-10,90.94508361816406,29.3799991607666,3.43,1.8030355610415265
2008-03-11,94.21337890625,26.36000061035156,3.39,1.234130148152974
2008-03-12,93.3323745727539,27.21999931335449,3.39,1.3891730110781433
2008-03-13,93.53842163085938,27.290000915527344,3.39,1.4340087790334968
2008-03-14,92.08897399902344,31.15999984741211,3.4200000000000004,1.8796750509915734
2008-03-17,91.15823364257812,32.2400016784668,3.5,1.9844083336808716
2008-03-18,94.94525146484376,25.790000915527344,3.39,1.1744381972371385
2008-03-19,92.59343719482422,29.84000015258789,3.4400000000000004,1.6615111020818196
2008-03-20,94.30850982666016,26.6200008392334,3.42,1.3137855945660817
2008-03-24,96.19353485107422,25.729999542236328,3.3400000000000003,0.9692857561078808
2008-03-25,96.2863998413086,25.71999931335449,3.390000000000001,1.0299612979528494
2008-03-26,95.1082534790039,26.07999992370605,3.41,1.2524760877687815
2008-03-27,94.80836486816406,25.8799991607666,3.41,1.3114241993083842
2008-03-28,93.90155792236328,25.709999084472656,3.47,1.390285948848841
2008-03-31,94.22997283935548,25.61000061035156,3.45,1.2526915899987523
2008-04-01,97.54307556152344,22.68000030517578,3.43,0.5837905536720203
2008-04-02,97.6072998046875,23.43000030517578,3.4,0.5770367090565235
2008-04-03,97.85012817382812,23.209999084472656,3.3800000000000003,0.48890103058661344
2008-04-04,97.74298858642578,22.450000762939453,3.4000000000000004,0.5046137121986979
2008-04-07,97.79293823242188,22.420000076293945,3.370000000000001,0.29419451830815596
2008-04-08,97.69305419921876,22.36000061035156,3.37,0.20203004134007693
2008-04-09,96.98616790771484,22.809999465942383,3.38,0.1775547590183438
2008-04-10,97.12179565429688,21.979999542236328,3.3500000000000005,0.3907617894511575
2008-04-11,95.23675537109376,23.459999084472656,3.38,0.5772279840682586
2008-04-14,94.91546630859376,23.81999969482422,3.39,0.6414015502661282
2008-04-15,95.13681030273438,22.780000686645508,3.39,0.4155371844910869
2008-04-16,97.71441650390624,20.530000686645508,3.39,-0.055444795247657476
2008-04-17,97.85724639892578,20.3700008392334,3.34,0.23545113910254897
2008-04-18,98.87832641601562,20.1299991607666,3.26,-0.13544378739264565
2008-04-21,98.92830657958984,20.5,3.22,0.0163096053768077
2008-04-22,98.4926986694336,20.8700008392334,3.21,0.23281063579990657
2008-04-23,98.33565521240234,20.26000022888184,3.18,0.1907776246365082
2008-04-24,98.7640609741211,20.059999465942383,3.13,0.004751001359600826
2008-04-25,99.6780014038086,19.59000015258789,3.14,-0.13272152298911974
2008-04-28,99.6994171142578,19.63999938964844,3.11,-0.23540253707677503
2008-04-29,99.30670928955078,20.239999771118164,3.11,-0.13621176732474272
2008-04-30,98.7212142944336,20.790000915527344,3.1,0.2303316308426594
2008-05-01,100.7633285522461,18.8799991607666,3.0400000000000005,-0.10351561831906182
2008-05-02,101.04180908203124,18.18000030517578,2.97,-0.19760097499557938
2008-05-05,100.55626678466795,18.89999961853028,3.01,-0.10147844841652438
2008-05-06,101.42736053466795,18.209999084472656,3.01,-0.2246217941795409
2008-05-07,99.62091827392578,19.729999542236328,3.05,0.039375937680804794
2008-05-08,99.36383819580078,19.39999961853028,3.08,-0.01379073499329464
2008-05-09,99.17818450927734,19.40999984741211,3.07,0.0021655729530472754
2008-05-12,100.29207611083984,17.790000915527344,3.06,-0.387127692505941
2008-05-13,100.30633544921876,17.979999542236328,3.0400000000000005,-0.4194701539248509
2008-05-14,100.51344299316406,17.65999984741211,3.0600000000000005,-0.43261858627288124
2008-05-15,101.77008056640624,16.299999237060547,3.08,-0.39987134133189634
2008-05-16,101.86290740966795,16.469999313354492,3.06,-0.3978079552126316
2008-05-19,102.14137268066406,17.010000228881836,3.0700000000000003,-0.29273950210244265
2008-05-20,101.3131103515625,17.579999923706055,3.0800000000000005,-0.179360282867265
2008-05-21,99.5994873046875,18.59000015258789,3.08,-0.005932199909082891
2008-05-22,99.61375427246094,18.049999237060547,3.0600000000000005,-0.07742301181104046
2008-05-23,98.2785186767578,19.549999237060547,3.06,0.1741631960290199
2008-05-27,99.0068130493164,19.63999938964844,3.08,0.2007602973281216
2008-05-28,99.46380615234376,19.06999969482422,3.03,0.08910571270027749
2008-05-29,99.96360778808594,18.13999938964844,3.04,-0.055584789061872884
2008-05-30,100.21351623535156,17.829999923706055,3.0,-0.17750707007626834
2008-06-02,99.17818450927734,19.82999992370605,3.0500000000000003,0.24948552944102032
2008-06-03,98.5998306274414,20.239999771118164,3.03,0.33238489914112396
2008-06-04,98.5498504638672,20.799999237060547,3.04,0.3397673647211034
2008-06-05,100.52057647705078,18.6299991607666,3.0100000000000007,0.05581179307832999
2008-06-06,97.31456756591795,23.559999465942383,3.0400000000000005,0.5733214252337729
2008-06-09,97.55023193359376,23.1200008392334,2.9400000000000004,0.43927754445198125
2008-06-10,97.06470489501952,23.18000030517578,2.9399999999999995,0.46432476625972346
2008-06-11,95.63662719726562,24.1200008392334,2.9700000000000006,0.7570534478983042
2008-06-12,96.00079345703124,23.32999992370605,2.8999999999999995,0.620409617105892
2008-06-13,97.21461486816406,21.21999931335449,2.9000000000000004,0.360517460564366
2008-06-16,97.27175903320312,20.950000762939453,2.92,0.4358108077994638
2008-06-17,96.8004913330078,21.1299991607666,2.9399999999999995,0.4991140368624018
2008-06-18,95.85798645019533,22.239999771118164,2.95,0.6850491751169457
2008-06-19,95.97932434082033,21.57999992370605,2.92,0.5315719168742299
2008-06-20,94.4214859008789,22.8700008392334,2.95,0.6449579617100696
2008-06-23,94.32813262939452,22.63999938964844,2.93,0.6154523975203737
2008-06-24,94.14159393310548,22.420000076293945,2.9800000000000004,0.5297335112388921
2008-06-25,94.58650207519533,21.13999938964844,2.96,0.4227484724145345
2008-06-26,92.01748657226562,23.93000030517578,3.0,0.9254941100504329
2008-06-27,91.51522064208984,23.440000534057617,3.04,0.9738430180174361
2008-06-30,91.83812713623048,23.950000762939453,3.05,1.006121814226289
2008-07-01,92.12511444091795,23.64999961853028,3.0600000000000005,0.8768898325668898
2008-07-02,90.54644012451172,25.920000076293945,3.05,1.1467677053708876
2008-07-03,90.63970184326172,24.780000686645508,3.08,1.0418192113264644
2008-07-07,89.71398162841797,25.780000686645508,3.1,1.34545394065531
2008-07-08,91.30706787109376,23.14999961853028,3.1099999999999994,0.7458798119081266
2008-07-09,89.54893493652344,25.229999542236328,3.14,1.101513493632009
2008-07-10,89.9149398803711,25.59000015258789,3.17,1.0786379637579622
2008-07-11,88.86727142333984,27.489999771118164,3.1500000000000004,1.2109216975101271
2008-07-14,88.06352996826172,28.479999542236328,3.16,1.390547988294941
2008-07-15,86.82209777832031,28.540000915527344,3.22,1.6056288029058248
2008-07-16,88.95336151123047,25.100000381469727,3.24,1.1216997116152008
2008-07-17,89.84315490722656,25.01000022888184,3.2,0.9771089664075226
2008-07-18,90.40290832519533,24.049999237060547,3.17,0.7485489769845836
2008-07-21,90.45310974121094,23.049999237060547,3.18,0.6572650104182449
2008-07-22,91.47930145263672,21.18000030517578,3.13,0.24330615021882598
2008-07-23,91.9744110107422,21.309999465942383,3.14,0.2100343511815017
2008-07-24,90.06562805175781,23.440000534057617,3.1899999999999995,0.579952503635591
2008-07-25,90.04410552978516,22.90999984741211,3.17,0.5451153067665534
2008-07-28,88.72372436523438,24.229999542236328,3.16,0.5719890812306538
2008-07-29,90.61819458007812,22.030000686645508,3.13,0.1431753713968074
2008-07-30,92.2327651977539,21.209999084472656,3.17,-0.01828532420845667
2008-07-31,91.01287078857422,22.940000534057617,3.22,0.3037867631940459
2008-08-01,90.5320816040039,22.56999969482422,3.2099999999999995,0.17141839747415588
2008-08-04,89.69245910644531,23.489999771118164,3.22,0.3421355238032693
2008-08-05,92.11077880859376,21.13999938964844,3.2,-0.17708348054987724
2008-08-06,92.5198211669922,20.229999542236328,3.24,-0.13919260965903843
2008-08-07,91.14205932617188,21.14999961853028,3.25,-0.07649556564011961
2008-08-08,92.83554077148438,20.65999984741211,3.23,-0.247732779378949
2008-08-11,93.79713439941406,20.1200008392334,3.24,-0.46212241013523947
2008-08-12,92.82120513916016,21.170000076293945,3.26,-0.3310523392583313
2008-08-13,92.261474609375,21.549999237060547,3.2500000000000004,-0.360567503711803
2008-08-14,92.95753479003906,20.34000015258789,3.26,-0.3385041943940071
2008-08-15,93.40962982177734,19.57999992370605,3.2700000000000005,-0.36601144414887726
2008-08-18,92.13230895996094,20.979999542236328,3.26,-0.07835217456304792
2008-08-19,91.12767791748048,21.280000686645508,3.28,0.053672254469351456
2008-08-20,91.55104064941406,20.420000076293945,3.31,0.03747316698051691
2008-08-21,91.70891571044922,19.81999969482422,3.28,-0.01503336709653591
2008-08-22,93.03648376464844,18.809999465942383,3.27,-0.3920574758289989
2008-08-25,91.1491928100586,20.96999931335449,3.3,0.0029549073159049013
2008-08-26,91.41471099853516,20.489999771118164,3.31,-0.17575526657190266
2008-08-27,92.30457305908205,19.76000022888184,3.3000000000000003,-0.16896447185746966
2008-08-28,93.42398071289062,19.43000030517578,3.29,-0.1651558007236498
2008-08-29,92.41934204101562,20.64999961853028,3.29,-0.06138588657916325
2008-09-02,91.84529113769533,21.989999771118164,3.33,0.10751216554698535
2008-09-03,91.7663345336914,21.43000030517578,3.3200000000000003,-0.021246543926232226
2008-09-04,89.00359344482422,24.030000686645508,3.37,0.695765854073179
2008-09-05,89.283447265625,23.059999465942383,3.37,0.6039084848882421
2008-09-08,91.12767791748048,22.63999938964844,3.37,0.29873976051592754
2008-09-09,88.42236328125,25.46999931335449,3.35,0.922349160846417
2008-09-10,88.78114318847656,24.520000457763672,3.37,0.8815599721957875
2008-09-11,90.06562805175781,24.38999938964844,3.41,0.7146448901977253
2008-09-12,90.48185729980467,25.65999984741211,3.43,0.7756517963605942
2008-09-15,86.1762466430664,31.700000762939453,3.66,1.9409455162329623
2008-09-16,87.61862182617188,30.299999237060547,3.68,1.7105900237853755
2008-09-17,83.6790542602539,36.220001220703125,3.84,2.6141329300956375
2008-09-18,86.16191864013672,33.099998474121094,3.79,1.9456657701709676
2008-09-19,89.58369445800781,32.06999969482422,3.77,1.5598903170009322
2008-09-22,87.55560302734375,33.849998474121094,3.78,1.8892973862694091
2008-09-23,85.5635986328125,35.720001220703125,3.77,2.2883232636994646
2008-09-24,85.83785247802734,35.189998626708984,3.78,2.0423234759357602
2008-09-25,87.1802749633789,32.81999969482422,3.86,1.766843265763825
2008-09-26,87.22357177734375,34.7400016784668,3.88,1.9936538493021285
2008-09-29,80.38861846923828,46.720001220703125,4.01,3.7284263343582364
2008-09-30,83.71587371826172,39.38999938964844,4.0,2.6293901599875547
2008-10-01,83.76641845703125,39.810001373291016,4.1,2.633967861671243
2008-10-02,80.72782897949219,45.2599983215332,4.31,3.3841445316467786
2008-10-03,79.63797760009766,45.13999938964844,4.3500000000000005,3.186167918202447
2008-10-06,75.58175659179688,52.04999923706055,4.43,3.991647044024814
2008-10-07,72.19673919677734,53.68000030517578,4.550000000000001,4.408939377365854
2008-10-08,70.3779296875,57.52999877929688,4.49,4.392909766034365
2008-10-09,65.46279907226562,63.91999816894531,4.48,4.964239820129225
2008-10-10,63.874977111816406,69.94999694824219,4.859999999999999,5.432752422168068
2008-10-13,73.14945220947266,54.9900016784668,4.859999999999999,3.7281996570426537
2008-10-14,72.06684112548828,55.130001068115234,4.779999999999999,3.4053557440103908
2008-10-15,64.97201538085938,69.25,4.94,4.639000154845309
2008-10-16,67.67858123779297,67.61000061035156,5.09,4.045178605785314
2008-10-17,67.27437591552734,70.33000183105469,5.449999999999999,4.382812492088196
2008-10-20,71.31623077392578,52.970001220703125,5.52,3.4948485011402366
2008-10-21,69.18704986572266,53.11000061035156,5.6,3.484778419878418
2008-10-22,65.41950988769531,69.6500015258789,5.6,4.1397864111346925
2008-10-23,66.17735290527344,67.80000305175781,5.48,3.825412559629873
2008-10-24,62.82120895385742,79.12999725341797,5.540000000000001,4.387454129997484
2008-10-27,60.59100341796875,80.05999755859375,5.6000000000000005,4.40085976734446
2008-10-28,67.67138671875,66.95999908447266,5.59,3.088135524521275
2008-10-29,67.1805648803711,69.95999908447266,5.58,3.2909339051170456
2008-10-30,69.5046157836914,62.900001525878906,5.52,2.841218869543935
2008-10-31,69.88716125488281,59.88999938964844,5.529999999999999,2.5296167387112045
2008-11-03,70.08924102783203,53.68000030517578,5.53,2.2401058511331318
2008-11-04,72.47100830078125,47.72999954223633,5.559999999999999,1.674175230294044
2008-11-05,69.42523193359375,54.560001373291016,5.529999999999999,1.8074332764577454
2008-11-06,65.57830047607422,63.68000030517578,5.5,2.155083756289926
2008-11-07,67.7435531616211,56.09999847412109,5.449999999999999,1.3938250042430094
2008-11-10,66.85577392578125,59.97999954223633,5.4,1.3922506329994537
2008-11-11,64.79158020019531,61.43999862670898,5.4,2.173908790289345
2008-11-12,61.940673828125,66.45999908447266,5.41,2.4025673212181076
2008-11-13,65.80203247070312,59.83000183105469,5.540000000000001,1.5207069756971716
2008-11-14,62.5180549621582,66.30999755859375,5.559999999999999,2.08792796997259
2008-11-17,61.68801498413086,69.1500015258789,5.58,2.163384156960772
2008-11-18,62.85006332397461,67.63999938964844,5.710000000000001,2.3112099102734125
2008-11-19,58.82267379760742,74.26000213623047,5.73,2.585955980611677
2008-11-20,54.45611572265625,80.86000061035156,5.92,2.852217948329296
2008-11-21,57.39363479614258,72.66999816894531,5.88,2.4232527660090946
2008-11-24,61.3704719543457,64.69999694824219,5.860000000000001,1.681934101333156
2008-11-25,61.82514953613281,60.900001525878906,6.01,1.424093185770747
2008-11-26,64.21417236328125,54.91999816894531,6.0600000000000005,1.6173857436066577
2008-11-28,65.02249908447266,55.27999877929688,6.1,1.5266342460759066
2008-12-01,59.26295852661133,68.51000213623047,6.119999999999999,2.334697629636057
2008-12-02,61.5436897277832,62.97999954223633,6.109999999999999,2.044546162902231
2008-12-03,63.02328109741211,60.720001220703125,6.130000000000001,1.887328588941622
2008-12-04,61.56538009643555,63.63999938964844,6.160000000000001,2.162365801322061
2008-12-05,63.463565826416016,59.93000030517578,6.07,1.7239939056054439
2008-12-08,65.6793212890625,58.4900016784668,6.02,1.2511730738020852
2008-12-09,64.59673309326172,58.90999984741211,6.0600000000000005,1.4738159825259745
2008-12-10,65.03697204589844,55.72999954223633,6.01,1.2808362365316952
2008-12-11,63.47078323364258,55.77999877929688,6.07,1.2521516082014381
2008-12-12,64.2286148071289,54.27999877929688,6.08,0.9406248854067331
2008-12-15,63.3336067199707,56.7599983215332,6.100000000000001,1.3260437256641986
2008-12-16,66.31446838378906,52.369998931884766,6.11,0.7682132587522319
2008-12-17,65.67213439941406,49.84000015258789,6.0200000000000005,0.657156253378227
2008-12-18,64.44512176513672,47.34000015258789,6.029999999999999,0.7788650644771251
2008-12-19,64.16793060302734,44.93000030517578,5.94,0.3886848494450256
2008-12-22,63.34571838378906,44.560001373291016,5.93,0.041254678609810615
2008-12-23,62.690860748291016,45.02000045776367,5.94,0.3757029719393669
2008-12-24,63.05467224121094,44.209999084472656,5.9,0.6305098877145268
2008-12-26,63.41848373413086,43.380001068115234,5.9,0.609848618419969
2008-12-29,63.23659896850586,43.900001525878906,5.920000000000001,0.8011161695712333
2008-12-30,64.73546600341797,41.630001068115234,5.859999999999999,0.6778482795064944
2008-12-31,65.65947723388672,40.0,5.82,0.11751651497881421
2009-01-02,67.63861083984375,39.18999862670898,5.72,0.10962337647709257
2009-01-05,67.55857849121094,39.08000183105469,5.82,0.25669498011651154
2009-01-06,68.00968170166016,38.560001373291016,5.77,0.08238412496604945
2009-01-07,65.97240447998047,43.38999938964844,5.710000000000001,0.4486967821718548
2009-01-08,66.24160766601562,42.560001373291016,5.709999999999999,0.5631154000226578
2009-01-09,64.8227767944336,42.81999969482422,5.720000000000001,0.5879500483751667
2009-01-12,63.26566696166992,45.84000015258789,5.710000000000001,0.7754045184438684
2009-01-13,63.382083892822266,43.27000045776367,5.720000000000001,0.6058437509138422
2009-01-14,61.3884391784668,49.13999938964844,5.68,0.8950834934013058
2009-01-15,61.41028594970703,51.0,5.68,0.8650617341871514
2009-01-16,61.890506744384766,46.11000061035156,5.550000000000001,0.8801309538095584
2009-01-20,58.623512268066406,56.650001525878906,5.550000000000001,1.266137115075512
2009-01-21,61.15561294555664,46.41999816894531,5.58,0.8127731558122591
2009-01-22,60.20968627929688,47.290000915527344,5.62,0.8838141570718329
2009-01-23,60.47164916992188,47.27000045776367,5.629999999999999,0.8088638460643742
2009-01-26,60.88639831542969,45.68999862670898,5.6000000000000005,0.6899685594294359
2009-01-27,61.50484848022461,42.25,5.470000000000001,0.5602736974385581
2009-01-28,63.58581161499024,39.65999984741211,5.489999999999999,0.3902405823690151
2009-01-29,61.5194206237793,42.630001068115234,5.409999999999999,0.5551139705555234
2009-01-30,60.267913818359375,44.84000015258789,5.38,0.7722120772826102
2009-02-02,60.0860595703125,45.52000045776367,5.33,0.8366222680812122
2009-02-03,60.9300422668457,43.060001373291016,5.32,0.8416088033227954
2009-02-04,60.63174057006836,43.84999847412109,5.29,0.8579464943472285
2009-02-05,61.53394317626953,43.72999954223633,5.23,0.8005586747683404
2009-02-06,63.28749465942383,43.369998931884766,5.13,0.5200869765985755
2009-02-09,63.37481689453125,43.63999938964844,5.09,0.5215584512571495
2009-02-10,60.47164916992188,46.66999816894531,5.08,0.6808106511022345
2009-02-11,60.82818222045898,44.52999877929688,5.1,0.5137362993092349
2009-02-12,60.87184143066406,41.25,5.16,0.46612865861682273
2009-02-13,60.21697616577149,42.93000030517578,5.24,0.42878514606575013
2009-02-17,57.64126205444336,48.65999984741211,5.279999999999999,0.7370710203118227
2009-02-18,57.50299072265625,48.459999084472656,5.21,0.749269822873309
2009-02-19,56.88452911376953,47.08000183105469,5.27,0.5516546877701934
2009-02-20,56.33155822753906,49.29999923706055,5.25,0.8015032715780098
2009-02-23,54.31609725952149,52.619998931884766,5.24,0.9423542227121066
2009-02-24,56.37522506713867,45.4900016784668,5.23,0.6570401360009271
2009-02-25,55.9313850402832,44.66999816894531,5.180000000000001,0.6808749353567741
2009-02-26,55.02186965942383,44.65999984741211,5.23,0.795076605278647
2009-02-27,53.79219818115234,46.34999847412109,5.220000000000001,1.0339569575720375
2009-03-02,51.3692512512207,52.650001525878906,5.289999999999999,1.2191986478196786
2009-03-03,50.98363876342773,50.93000030517578,5.34,1.140583026190045
2009-03-04,52.19144821166992,47.560001373291016,5.3100000000000005,0.9568617289795625
2009-03-05,50.05954360961914,50.16999816894531,5.34,1.214484605400203
2009-03-06,50.14686965942383,49.33000183105469,5.35,1.1657798612754762
2009-03-09,49.55750274658203,49.68000030517578,5.399999999999999,1.269653120234634
2009-03-10,52.511627197265625,44.369998931884766,5.449999999999999,1.0620131750141188
2009-03-11,52.85358428955078,43.61000061035156,5.45,1.0198883774925291
2009-03-12,54.93453979492188,41.18000030517578,5.52,0.6689610503365747
2009-03-13,55.36382293701172,42.36000061035156,5.559999999999999,0.691266222057885
2009-03-16,55.19648361206055,43.7400016784668,5.569999999999999,0.7306032883226642
2009-03-17,56.88452911376953,40.79999923706055,5.6,0.5164520354383089
2009-03-18,58.15785217285156,40.060001373291016,5.880000000000001,0.3070419982329618
2009-03-19,57.43753433227539,43.68000030517578,5.84,0.40585386490401687
2009-03-20,56.21445083618164,45.88999938964844,5.859999999999999,0.4961102489443217
2009-03-23,60.25231552124024,43.22999954223633,5.880000000000001,0.10226625342285393
2009-03-24,59.06511688232422,42.93000030517578,5.800000000000001,-0.0031564544689569964
2009-03-25,59.68802261352539,42.25,5.789999999999999,0.09898275098885541
2009-03-26,60.90449523925781,40.36000061035156,5.76,-0.07421702057830037
2009-03-27,59.80526351928711,41.040000915527344,5.720000000000001,-0.06309975584606191
2009-03-30,57.73874282836914,45.540000915527344,5.75,0.09160543619630239
2009-03-31,58.2736701965332,44.13999938964844,5.739999999999999,-0.19011668130185133
2009-04-01,59.40221786499024,42.27999877929688,5.700000000000001,-0.36060884297203977
2009-04-02,61.13898468017578,42.040000915527344,5.690000000000001,-0.3867727217966081
2009-04-03,61.74723434448242,39.70000076293945,5.68,-0.6758830343171827
2009-04-06,61.26357650756836,40.93000030517578,5.680000000000001,-0.5855764909719455
2009-04-07,59.83456802368164,40.38999938964844,5.67,-0.5300377673699842
2009-04-08,60.47944641113281,38.84999847412109,5.640000000000001,-0.34861644312374024
2009-04-09,62.883113861083984,36.52999877929688,5.61,-0.5450539559674932
2009-04-13,62.89774703979492,37.810001373291016,5.6000000000000005,-0.3469370774732363
2009-04-14,61.813175201416016,37.66999816894531,5.6000000000000005,-0.2417643125858149
2009-04-15,62.47272109985352,36.16999816894531,5.529999999999999,-0.347283072094859
2009-04-16,63.38873291015625,35.790000915527344,5.520000000000001,-0.2926190266325691
2009-04-17,63.81378555297852,33.939998626708984,5.43,-0.29459292157479744
2009-04-20,61.13898468017578,39.18000030517578,5.3500000000000005,-0.09122457344008472
2009-04-21,62.33346176147461,37.13999938964844,5.300000000000001,-0.31184822523964617
2009-04-22,61.952423095703125,38.09999847412109,5.33,0.007265107854739106
2009-04-23,62.5606575012207,37.150001525878906,5.3,-0.13607901455700158
2009-04-24,63.50600814819336,36.81999969482422,5.25,-0.1765033050450615
2009-04-27,62.90507125854492,38.31999969482422,5.3,-0.02182795896266861
2009-04-28,62.70719909667969,37.95000076293945,5.239999999999999,-0.10681875064345696
2009-04-29,64.04093170166016,36.08000183105469,5.169999999999999,-0.38837848296911637
2009-04-30,64.06292724609375,36.5,5.08,-0.37039616694345745
2009-05-01,64.40735626220703,35.29999923706055,5.010000000000001,-0.3611966421837794
2009-05-04,66.59844207763672,34.529998779296875,4.98,-0.40560059094896145
2009-05-05,66.37132263183594,33.36000061035156,4.930000000000001,-0.3944498882734475
2009-05-06,67.52181243896484,32.45000076293945,4.91,-0.5187116095198658
2009-05-07,66.5838394165039,33.439998626708984,4.9,-0.5395367418376009
2009-05-08,68.13741302490234,32.04999923706055,4.8500000000000005,-0.6321553930328572
2009-05-11,66.8623046875,32.869998931884766,4.880000000000001,-0.38175217538654427
2009-05-12,66.66442108154297,31.799999237060547,4.859999999999999,-0.40065735208316594
2009-05-13,64.98628234863281,33.650001525878906,4.859999999999999,-0.33418670291319036
2009-05-14,65.54324340820312,31.3700008392334,4.869999999999999,-0.37638613491880496
2009-05-15,65.00827026367188,33.119998931884766,4.85,-0.264967671988853
2009-05-18,66.85498046875,30.239999771118164,4.85,-0.4094649708740192
2009-05-19,66.77436065673828,28.799999237060547,4.789999999999999,-0.6187858178634741
2009-05-20,66.32733917236328,29.030000686645508,4.74,-0.5313295285408484
2009-05-21,65.37467193603516,31.350000381469727,4.700000000000001,-0.4637908897268741
2009-05-22,65.23543548583984,32.630001068115234,4.659999999999999,-0.40621075134649787
2009-05-26,66.90628051757812,30.6200008392334,4.619999999999999,-0.503272127500023
2009-05-27,65.71178436279297,32.36000061035156,4.48,-0.4773665545986425
2009-05-28,66.62779998779297,31.670000076293945,4.380000000000001,-0.5875883705095559
2009-05-29,67.80763244628906,28.920000076293945,4.289999999999999,-0.6650465438295748
2009-06-01,69.44917297363281,30.040000915527344,4.26,-0.7396110196616298
2009-06-02,69.50777435302734,29.6299991607666,4.140000000000001,-0.7700969848568735
2009-06-03,68.62838745117188,31.020000457763672,4.1,-0.5833107664095745
2009-06-04,69.2732925415039,30.18000030517578,4.049999999999999,-0.6659824750582354
2009-06-05,69.28793334960938,29.6200008392334,3.95,-0.6506316099993119
2009-06-08,69.00212097167969,29.770000457763672,3.81,-0.728552968304542
2009-06-09,69.35389709472656,28.270000457763672,3.85,-0.6882057519403766
2009-06-10,69.17798614501953,28.459999084472656,3.77,-0.769071819285049
2009-06-11,69.48578643798828,28.11000061035156,3.79,-0.7994249229893603
2009-06-12,69.67631530761719,28.14999961853028,3.79,-0.9027628239745811
2009-06-15,68.07879638671875,30.809999465942383,3.76,-0.7371160588148783
2009-06-16,67.15542602539062,32.68000030517578,3.74,-0.6837804042682895
2009-06-17,67.08949279785156,31.540000915527344,3.67,-0.6332333574923172
2009-06-18,67.5804672241211,30.030000686645508,3.61,-0.7193122252394278
2009-06-19,67.82951354980469,27.989999771118164,3.54,-0.8271646689999163
2009-06-22,65.7955551147461,31.170000076293945,3.51,-0.709765236175396
2009-06-23,65.84712219238281,30.57999992370605,3.53,-0.7294331790956615
2009-06-24,66.41461944580078,29.049999237060547,3.52,-0.713064076872184
2009-06-25,67.85900115966797,26.36000061035156,3.640000000000001,-0.8768585431543298
2009-06-26,67.68216705322266,25.93000030517578,3.65,-0.8278214839933321
2009-06-29,68.31592559814453,25.350000381469727,3.69,-0.8010066484748624
2009-06-30,67.76322174072266,26.350000381469727,3.64,-0.686044809115443
2009-07-01,68.04327392578125,26.21999931335449,3.65,-0.6983892099295925
2009-07-02,66.18614959716797,27.950000762939453,3.63,-0.6163796624991379
2009-07-06,66.17877960205078,29.0,3.66,-0.5523631814261223
2009-07-07,64.8964614868164,30.850000381469727,3.66,-0.4467538607504841
2009-07-08,64.85223388671875,31.299999237060547,3.66,-0.44919994203810654
2009-07-09,64.97750091552734,29.780000686645508,3.71,-0.4610454491336134
2009-07-10,64.8227767944336,29.020000457763672,3.71,-0.48159767211855936
2009-07-13,66.39987182617188,26.309999465942383,3.7,-0.6146842657360962
2009-07-14,66.77568817138672,25.020000457763672,3.68,-0.6624449686342143
2009-07-15,68.72866821289062,25.88999938964844,3.63,-0.8360285500384164
2009-07-16,68.61805725097656,25.420000076293945,3.6000000000000005,-0.8989170662052551
2009-07-17,69.36978912353516,24.34000015258789,3.5600000000000005,-0.9798889142377519
2009-07-20,70.10675811767578,24.39999961853028,3.5500000000000003,-0.9933097094367014
2009-07-21,70.4310073852539,23.8700008392334,3.55,-1.0092143057170464
2009-07-22,70.41626739501953,23.46999931335449,3.53,-1.1357414508928714
2009-07-23,71.9712142944336,23.43000030517578,3.48,-1.232454213441964
2009-07-24,72.26602172851562,23.09000015258789,3.41,-1.2466387702506803
2009-07-27,72.47977447509766,24.280000686645508,3.4000000000000004,-1.151600820011261
2009-07-28,72.1407470703125,25.01000022888184,3.32,-1.153459603859976
2009-07-29,71.9638671875,25.61000061035156,3.23,-1.1265067585672706
2009-07-30,72.715576171875,25.39999961853028,3.13,-1.233122361527246
2009-07-31,72.81876373291016,25.920000076293945,3.11,-1.2170643553819531
2009-08-03,74.0199966430664,25.559999465942383,3.04,-1.4121953216790957
2009-08-04,74.21157836914062,24.88999938964844,2.99,-1.4517121348023716
2009-08-05,73.99786376953125,24.89999961853028,2.95,-1.5243526730008259
2009-08-06,73.61469268798828,25.670000076293945,2.9000000000000004,-1.5013163716876932
2009-08-07,74.58007049560547,24.76000022888184,2.85,-1.5776655303588527
2009-08-10,74.42533874511719,24.989999771118164,2.8500000000000005,-1.5673093867783985
2009-08-11,73.49675750732422,25.989999771118164,2.88,-1.3910213493820731
2009-08-12,74.28528594970703,25.450000762939453,2.97,-1.3898157314902264
2009-08-13,74.85272979736328,24.709999084472656,2.99,-1.3211967171114627
2009-08-14,74.2779312133789,24.270000457763672,3.0200000000000005,-1.2984470400352437
2009-08-17,72.45026397705078,27.88999938964844,3.08,-1.0649993543781002
2009-08-18,73.02510070800781,26.18000030517578,3.0700000000000003,-1.1008374500057376
2009-08-19,73.6662368774414,26.26000022888184,3.1,-1.1029299040905656
2009-08-20,74.42533874511719,25.09000015258789,3.09,-1.1702759094634698
2009-08-21,75.88451385498047,25.01000022888184,3.06,-1.172865922776172
2009-08-24,75.87713623046875,25.13999938964844,3.0500000000000003,-1.157794007604597
2009-08-25,76.02450561523438,24.920000076293945,3.01,-1.1730833534323866
2009-08-26,76.03186798095703,24.950000762939453,2.98,-1.197734783407033
2009-08-27,76.2013931274414,24.68000030517578,2.9599999999999995,-1.2261556254931245
2009-08-28,76.18665313720703,24.76000022888184,2.95,-1.1896895330711983
2009-08-31,75.50865173339844,26.01000022888184,2.98,-1.1129249019148428
2009-09-01,73.84310913085938,29.14999961853028,3.01,-0.8966608990912283
2009-09-02,73.56307220458984,28.89999961853028,2.99,-0.8885713736423398
2009-09-03,74.17474365234375,27.100000381469727,3.0,-0.9663162926197869
2009-09-04,75.21387481689453,25.26000022888184,3.0,-1.0734188484989617
2009-09-08,75.86237335205078,25.6200008392334,2.98,-1.0542343487128334
2009-09-09,76.44457244873047,24.31999969482422,3.01,-1.1077099579530518
2009-09-10,77.22576904296875,23.549999237060547,2.9600000000000004,-1.2174993393897455
2009-09-11,77.21102142333984,24.14999961853028,2.97,-1.1586197535622873
2009-09-14,77.58685302734375,23.86000061035156,2.9400000000000004,-1.1629987818492709
2009-09-15,77.91117095947266,23.420000076293945,2.93,-1.214097029840885
2009-09-16,79.09024810791016,23.690000534057617,2.91,-1.34727030210152
2009-09-17,78.97234344482422,23.64999961853028,2.87,-1.320272297627359
2009-09-18,79.02268981933594,23.920000076293945,2.85,-1.2825317761583512
2009-09-21,78.82276153564453,24.059999465942383,2.8599999999999994,-1.2235812398836892
2009-09-22,79.28186798095703,23.07999992370605,2.84,-1.2001917421797215
2009-09-23,78.62287902832031,23.489999771118164,2.8400000000000003,-1.1547869490774874
2009-09-24,77.75650024414062,24.950000762939453,2.86,-1.061778127019128
2009-09-25,77.34182739257812,25.61000061035156,2.83,-1.0304217687474084
2009-09-28,78.72651672363281,24.8799991607666,2.81,-1.0999292739109976
2009-09-29,78.48956298828125,25.190000534057617,2.81,-1.0758126801597965
2009-09-30,78.18597412109375,25.61000061035156,2.86,-1.0584209652091137
2009-10-01,76.24593353271484,28.270000457763672,2.9000000000000004,-0.965272050526242
2009-10-02,75.89051818847656,28.68000030517578,2.93,-0.9363916121805249
2009-10-05,77.02345275878906,26.84000015258789,2.95,-0.9886847924480925
2009-10-06,78.12672424316406,25.700000762939453,2.94,-1.0118430593160042
2009-10-07,78.34149169921875,24.68000030517578,2.92,-1.013064194955329
2009-10-08,78.94123840332031,24.18000030517578,2.9600000000000004,-1.0033241586969044
2009-10-09,79.42256927490234,23.1200008392334,2.9600000000000004,-1.0050571311764136
2009-10-12,79.73355102539062,23.01000022888184,2.9600000000000004,-1.0128530509479539
2009-10-13,79.57066345214844,22.989999771118164,2.95,-0.9828234042358558
2009-10-14,80.94048309326172,22.86000061035156,2.96,-1.019747550853811
2009-10-15,81.23670196533203,21.71999931335449,2.96,-0.9962179998558853
2009-10-16,80.62950134277344,21.43000030517578,2.93,-0.9808813576817058
2009-10-19,81.2959213256836,21.489999771118164,2.91,-1.0041697585165974
2009-10-20,80.866455078125,20.89999961853028,2.91,-0.9994644825762903
2009-10-21,80.14078521728516,22.21999931335449,2.89,-0.9064451627993372
2009-10-22,80.95532989501953,20.690000534057617,2.8800000000000003,-1.006262735229323
2009-10-23,80.02970123291016,22.270000457763672,2.8,-0.9796812306247507
2009-10-26,79.16339874267578,24.309999465942383,2.83,-0.8894001177514385
2009-10-27,78.800537109375,24.82999992370605,2.84,-0.7765753671778475
2009-10-28,77.31222534179688,27.90999984741211,2.85,-0.6201439438659233
2009-10-29,78.97085571289062,24.76000022888184,2.86,-0.7920456673739956
2009-10-30,76.68282318115234,30.690000534057617,2.8599999999999994,-0.6101579181754834
2009-11-02,77.24555206298828,29.780000686645508,2.85,-0.6783099974909677
2009-11-03,77.48992156982422,28.809999465942383,2.87,-0.640024295042631
2009-11-04,77.68984985351562,27.71999931335449,2.89,-0.6055757475698686
2009-11-05,79.11893463134766,25.43000030517578,2.86,-0.7342345643918026
2009-11-06,79.32630920410156,24.190000534057617,2.8600000000000003,-0.7386904689302053
2009-11-09,81.13301086425781,23.14999961853028,2.89,-0.8223817096337372
2009-11-10,81.1478271484375,22.84000015258789,2.92,-0.8001589488427978
2009-11-11,81.56249237060547,23.040000915527344,2.92,-0.8205838103777867
2009-11-12,80.73316192626953,24.239999771118164,2.9399999999999995,-0.6563865967075033
2009-11-13,81.17005920410156,23.36000061035156,2.93,-0.6832126492358926
2009-11-16,82.3473892211914,22.88999938964844,2.92,-0.7894397052971195
2009-11-17,82.44364166259766,22.40999984741211,2.92,-0.7656611549658735
2009-11-18,82.39183807373047,21.6299991607666,2.94,-0.7976278047535885
2009-11-19,81.3181381225586,22.6299991607666,2.9199999999999995,-0.7502248516851967
2009-11-20,81.02938079833984,22.190000534057617,2.93,-0.6946782039322087
2009-11-23,82.0586166381836,21.15999984741211,2.92,-0.8356278295593249
2009-11-24,82.18450164794922,20.46999931335449,2.93,-0.9086849256257419
2009-11-25,82.4732894897461,20.479999542236328,2.9500000000000006,-0.9368326784181654
2009-11-27,81.13301086425781,24.739999771118164,2.99,-0.8001368098059904
2009-11-30,81.40699768066406,24.51000022888184,2.99,-0.7170331144867257
2009-12-01,82.41402435302734,21.920000076293945,3.0000000000000004,-0.9898333061665566
2009-12-02,82.37703704833984,21.1200008392334,2.95,-0.9888150877361368
2009-12-03,81.7328109741211,22.459999084472656,2.93,-0.8918710824712736
2009-12-04,82.19931030273438,21.25,2.91,-0.9475146189959586
2009-12-07,82.07340240478516,22.100000381469727,2.93,-0.8121704004462149
2009-12-08,81.16265106201172,23.690000534057617,2.9200000000000004,-0.6886405043376914
2009-12-09,81.46621704101562,22.65999984741211,2.89,-0.6388726209668517
2009-12-10,81.92533111572266,22.31999969482422,2.93,-0.6609442017820273
2009-12-11,82.2733383178711,21.59000015258789,2.8600000000000003,-0.6975304092553852
2009-12-14,82.83610534667969,21.14999961853028,2.79,-0.8102820824576599
2009-12-15,82.4510498046875,21.489999771118164,2.8000000000000003,-0.7426256282029137
2009-12-16,82.57694244384766,20.540000915527344,2.77,-0.7195034643738176
2009-12-17,81.58470153808594,22.51000022888184,2.75,-0.5872235897479776
2009-12-18,82.04627990722656,21.68000030517578,2.7300000000000004,-0.6492247163147686
2009-12-21,82.88008117675781,20.489999771118164,2.69,-0.810277388419351
2009-12-22,83.17784881591797,19.540000915527344,2.6500000000000004,-0.8863487434598741
2009-12-23,83.34162902832031,19.709999084472656,2.6300000000000003,-0.8298369095877836
2009-12-24,83.7361831665039,19.46999931335449,2.65,-0.8434067964063711
2009-12-28,83.91485595703125,19.93000030517578,2.64,-0.8162650840498521
2009-12-29,83.79574584960938,20.01000022888184,2.5900000000000003,-0.894915176359033
2009-12-30,83.76596069335938,19.959999084472656,2.5600000000000005,-0.8797923631183538
2009-12-31,82.96199035644531,21.68000030517578,2.54,-0.7081549912773063
2010-01-04,84.36901092529297,20.040000915527344,2.54,-0.8483331041204499
2010-01-05,84.59230041503906,19.350000381469727,2.53,-0.9233340028152884
2010-01-06,84.6518783569336,19.15999984741211,2.49,-0.9110012775581788
2010-01-07,85.00920104980469,19.059999465942383,2.48,-0.9407890303237116
2010-01-08,85.29210662841797,18.1299991607666,2.49,-1.038235144487471
2010-01-11,85.41120910644531,17.549999237060547,2.47,-1.045412542971328
2010-01-12,84.61465454101562,18.25,2.4799999999999995,-0.9334601677546462
2010-01-13,85.32933044433594,17.850000381469727,2.5,-0.9556391422684705
2010-01-14,85.56010437011719,17.6299991607666,2.46,-0.947234800768716
2010-01-15,84.59978485107422,17.90999984741211,2.4799999999999995,-0.8909480540138196
2010-01-19,85.6568832397461,17.579999923706055,2.48,-0.951696722648104
2010-01-20,84.78588104248047,18.68000030517578,2.48,-0.9124204367251303
2010-01-21,83.15554809570312,22.270000457763672,2.51,-0.637970916114614
2010-01-22,81.30183410644531,27.309999465942383,2.53,-0.2757879740179359
2010-01-25,81.71868133544922,25.40999984741211,2.56,-0.34000413373031585
2010-01-26,81.37628173828125,24.549999237060547,2.5900000000000003,-0.32858856392410246
2010-01-27,81.76336669921875,23.13999938964844,2.5700000000000003,-0.3840076186127397
2010-01-28,80.82537841796875,23.729999542236328,2.57,-0.2908642280744875
2010-01-29,79.94692993164062,24.6200008392334,2.5700000000000003,-0.20806713884201855
2010-02-01,81.19015502929688,22.59000015258789,2.57,-0.35752064119894383
2010-02-02,82.17281341552734,21.479999542236328,2.5600000000000005,-0.5024155667697937
2010-02-03,81.76336669921875,21.600000381469727,2.58,-0.37848059765634096
2010-02-04,79.23970794677734,26.07999992370605,2.62,-0.02100411654193146
2010-02-05,79.40345001220703,26.11000061035156,2.62,-0.019066436363403882
2010-02-08,78.83023834228516,26.51000022888184,2.64,0.06327015396378628
2010-02-09,79.82035064697266,26.0,2.6500000000000004,0.005910820230949909
2010-02-10,79.66402435302734,25.39999961853028,2.66,0.004040540241970203
2010-02-11,80.49784088134766,23.959999084472656,2.7,-0.13090310217835935
2010-02-12,80.43082427978516,22.729999542236328,2.72,-0.12720385571468787
2010-02-16,81.69638061523438,22.25,2.7299999999999995,-0.20140866168169472
2010-02-17,82.08352661132812,21.71999931335449,2.7299999999999995,-0.29675016564617424
2010-02-18,82.56739807128906,20.6299991607666,2.72,-0.3086236802442532
2010-02-19,82.7386245727539,20.020000457763672,2.65,-0.41046353879485736
2010-02-22,82.75352478027344,19.940000534057617,2.6500000000000004,-0.5067765415653599
2010-02-23,81.74847412109375,21.3700008392334,2.65,-0.4923596942475548
2010-02-24,82.50039672851562,20.270000457763672,2.6499999999999995,-0.555922229611784
2010-02-25,82.38874816894531,20.100000381469727,2.64,-0.5753418699545925
2010-02-26,82.44083404541016,19.5,2.620000000000001,-0.5804611536563268
2010-03-01,83.29695892333984,19.26000022888184,2.65,-0.6898279065408387
2010-03-02,83.52775573730469,19.059999465942383,2.64,-0.76952748398277
2010-03-03,83.60221099853516,18.82999992370605,2.63,-0.6993354667311259
2010-03-04,83.85530090332031,18.71999931335449,2.620000000000001,-0.6525459706616112
2010-03-05,85.05389404296875,17.420000076293945,2.61,-0.8201630897248807
2010-03-08,85.06875610351562,17.790000915527344,2.5899999999999994,-0.9934594839591799
2010-03-09,85.2102279663086,17.920000076293945,2.6100000000000003,-0.9777051313117119
2010-03-10,85.58988189697266,18.56999969482422,2.5900000000000003,-1.0283568989727698
2010-03-11,85.94718170166016,18.059999465942383,2.56,-1.007596630271664
2010-03-12,85.95465850830078,17.579999923706055,2.55,-1.0471026611726562
2010-03-15,85.97697448730469,18.0,2.56,-0.9472659265495889
2010-03-16,86.6618881225586,17.690000534057617,2.55,-1.0221653896824114
2010-03-17,87.17556762695312,16.90999984741211,2.53,-0.9977469069173003
2010-03-18,87.13092041015625,16.6200008392334,2.52,-0.9736346087000558
2010-03-19,86.68986511230469,16.969999313354492,2.49,-0.8840409584391683
2010-03-22,87.15331268310547,16.8700008392334,2.5,-0.905699413934566
2010-03-23,87.76629638671875,16.350000381469727,2.51,-0.9768311634821155
2010-03-24,87.3402099609375,17.549999237060547,2.4800000000000004,-0.9721812613800536
2010-03-25,87.19816589355469,18.39999961853028,2.47,-0.852479603062893
2010-03-26,87.14584350585938,17.770000457763672,2.49,-0.8845021085042598
2010-03-29,87.69898986816406,17.59000015258789,2.49,-0.9332580129003043
2010-03-30,87.75881958007812,17.1299991607666,2.4800000000000004,-0.8943915876364277
2010-03-31,87.45979309082031,17.59000015258789,2.47,-0.830917320805633
2010-04-01,88.05782318115234,17.469999313354492,2.44,-0.8944833776947801
2010-04-05,88.7754135131836,17.020000457763672,2.4300000000000006,-0.9658427313589204
2010-04-06,88.98474884033203,16.229999542236328,2.4600000000000004,-0.9222725257604912
2010-04-07,88.47642517089844,16.6200008392334,2.44,-0.8680317630004627
2010-04-08,88.7829360961914,16.479999542236328,2.43,-0.9001927141001959
2010-04-09,89.365966796875,16.139999389648438,2.43,-0.9439578151862742
2010-04-12,89.5080337524414,15.579999923706056,2.3999999999999995,-0.9736961549485995
2010-04-13,89.57528686523438,16.200000762939453,2.4000000000000004,-0.9422565482089021
2010-04-14,90.5918960571289,15.59000015258789,2.4000000000000004,-1.0754530364817751
2010-04-15,90.6666259765625,15.890000343322754,2.4200000000000004,-0.9892256660291346
2010-04-16,89.22396087646484,18.36000061035156,2.43,-0.6424141313508879
2010-04-19,89.56033325195312,17.34000015258789,2.42,-0.7495033672457073
2010-04-20,90.36016845703124,15.729999542236328,2.4,-0.9810670174054353
2010-04-21,90.19573974609376,16.31999969482422,2.3800000000000003,-0.8910997702006352
2010-04-22,90.46483612060548,16.469999313354492,2.38,-0.847969210548515
2010-04-23,91.0553741455078,16.6200008392334,2.37,-0.9399025081019227
2010-04-26,90.7115478515625,17.469999313354492,2.38,-0.8590682430703996
2010-04-27,88.5661392211914,22.809999465942383,2.39,-0.28980417405396136
2010-04-28,89.23888397216797,21.07999992370605,2.38,-0.4243049463604977
2010-04-29,90.3452377319336,18.440000534057617,2.37,-0.7156213471600102
2010-04-30,88.81281280517578,22.049999237060547,2.3800000000000003,-0.33710774098497803
2010-05-03,89.96400451660156,20.190000534057617,2.37,-0.5297109305025756
2010-05-04,87.84851837158203,23.84000015258789,2.38,0.013666626650963076
2010-05-05,87.32524108886719,24.90999984741211,2.4000000000000004,0.17363617117679944
2010-05-06,84.42488098144531,32.79999923706055,2.41,1.0013443596754126
2010-05-07,83.16905212402344,40.95000076293945,2.55,1.8320455773666484
2010-05-10,86.8318862915039,28.84000015258789,2.53,0.5997366079665477
2010-05-11,86.5852279663086,28.31999969482422,2.58,0.6277644309526068
2010-05-12,87.79618835449219,25.520000457763672,2.61,0.32781630071356965
2010-05-13,86.70478820800781,26.68000030517578,2.6000000000000005,0.6030012237369285
2010-05-14,85.13502502441406,31.239999771118164,2.5900000000000003,1.0917733953774966
2010-05-17,85.17987060546875,30.84000015258789,2.5899999999999994,0.9211339205831068
2010-05-18,84.021240234375,33.54999923706055,2.6100000000000003,1.2727537892760619
2010-05-19,83.54280090332031,35.31999969482422,2.65,1.5285096718820244
2010-05-20,80.38824462890625,45.790000915527344,2.74,2.6190743391310822
2010-05-21,81.5618896484375,40.09999847412109,2.76,2.043131132724622
2010-05-24,80.51534271240234,38.31999969482422,2.79,2.032865371951087
2010-05-25,80.59758758544922,34.61000061035156,2.81,1.7195213697813723
2010-05-26,80.11168670654297,35.02000045776367,2.87,1.6462236009582452
2010-05-27,82.7952880859375,29.68000030517578,2.890000000000001,1.1062813956960922
2010-05-28,81.75621795654297,32.06999969482422,2.89,1.4363621233528232
2010-06-01,80.38079833984375,35.540000915527344,2.92,1.6843587875629211
2010-06-02,82.47386169433594,30.170000076293945,2.91,1.2108128319061848
2010-06-03,82.75790405273438,29.459999084472656,2.9199999999999995,0.983805100847298
2010-06-04,79.85005187988281,35.47999954223633,2.95,1.6169248277907917
2010-06-07,78.85585021972656,36.56999969482422,3.0,1.5822517916124275
2010-06-08,79.70057678222656,33.70000076293945,2.99,1.1991608330355705
2010-06-09,79.27446746826172,33.72999954223633,3.0,1.5245259140765137
2010-06-10,81.5917739868164,30.56999969482422,3.01,1.1106322068992074
2010-06-11,81.98796081542969,28.790000915527344,3.04,1.0779931131375673
2010-06-14,81.86090850830078,28.57999992370605,3.06,1.0109803274682618
2010-06-15,83.72222137451172,25.8700008392334,3.0500000000000003,0.5544248922861996
2010-06-16,83.69229888916016,25.920000076293945,3.07,0.5884517741402867
2010-06-17,83.82683563232422,25.049999237060547,3.04,0.40387070265274283
2010-06-18,83.91773223876953,23.950000762939453,3.04,0.2904159042442586
2010-06-21,83.67741394042969,24.8799991607666,3.0200000000000005,0.0889721163492928
2010-06-22,82.2954330444336,27.049999237060547,3.04,0.4783121178167562
2010-06-23,82.04007720947266,26.90999984741211,3.05,0.4164599618337985
2010-06-24,80.68059539794922,29.739999771118164,3.08,0.7665749210726324
2010-06-25,81.01859283447266,28.530000686645508,3.09,0.6284231095301661
2010-06-28,80.76321411132812,29.0,3.1000000000000005,0.9198716192719244
2010-06-29,78.26964569091797,34.130001068115234,3.12,1.4127136595763001
2010-06-30,77.52608489990234,34.540000915527344,3.08,1.3444350711446045
2010-07-01,77.18059539794922,32.86000061035156,3.0200000000000005,1.3603025196709024
2010-07-02,76.75997161865234,30.1200008392334,3.04,1.2554851174658521
2010-07-06,77.26322174072266,29.64999961853028,3.05,0.9661871741086606
2010-07-07,79.69669342041016,26.84000015258789,3.08,0.5316671556661603
2010-07-08,80.4853286743164,25.709999084472656,3.0700000000000003,0.462393472262673
2010-07-09,81.08617401123047,24.979999542236328,3.07,0.3368339874160114
2010-07-12,81.13874053955078,24.43000030517578,3.05,0.4838809076586721
2010-07-13,82.36299133300781,24.559999465942383,3.03,0.41086771365247193
2010-07-14,82.35552978515625,24.88999938964844,3.02,0.42121022488812615
2010-07-15,82.3780288696289,25.13999938964844,3.02,0.6016280367409269
2010-07-16,80.10979461669922,26.25,3.04,0.8943687387856504
2010-07-19,80.58296966552734,25.96999931335449,3.04,0.852563126810959
2010-07-20,81.47672271728516,23.93000030517578,2.99,0.5888122021715522
2010-07-21,80.41773223876953,25.63999938964844,2.98,0.7622129071222566
2010-07-22,82.21280670166016,24.6299991607666,2.97,0.4249026311119722
2010-07-23,82.92633819580078,23.46999931335449,2.95,0.2441124740312698
2010-07-26,83.7900619506836,22.729999542236328,2.9200000000000004,-0.03525444665997087
2010-07-27,83.78257751464844,23.190000534057617,2.9000000000000004,0.0006269286994295594
2010-07-28,83.24177551269531,24.25,2.9200000000000004,0.12869189521933447
2010-07-29,82.83616638183594,24.1299991607666,2.9200000000000004,-0.06874859205388632
2010-07-30,82.8211669921875,23.5,2.91,-0.19102299234454645
2010-08-02,84.69134521484375,22.01000022888184,2.8999999999999995,-0.5052206292792688
2010-08-03,84.2857666015625,22.6299991607666,2.9200000000000004,-0.4332927356114915
2010-08-04,84.84908294677734,22.209999084472656,2.9,-0.4929885806364591
2010-08-05,84.75897216796875,22.100000381469727,2.93,-0.21327929835579948
2010-08-06,84.41342163085938,21.739999771118164,2.94,-0.12296441216658797
2010-08-09,84.86412811279297,22.13999938964844,2.95,-0.07010018196852989
2010-08-10,84.40595245361328,22.3700008392334,3.05,0.13591948733757384
2010-08-11,82.09261322021484,25.38999938964844,3.03,0.6212219747977809
2010-08-12,81.58940887451172,25.729999542236328,3.04,0.7001411651837247
2010-08-13,81.34907531738281,26.239999771118164,3.0500000000000003,0.7700817012633977
2010-08-16,81.31151580810547,26.100000381469727,3.0,0.4735651101301954
2010-08-17,82.31043243408203,24.32999992370605,2.99,0.28948507366667925
2010-08-18,82.46064758300781,24.59000015258789,2.94,0.30434757057770734
2010-08-19,81.02611541748047,26.440000534057617,2.93,0.44766255784309283
2010-08-20,80.76321411132812,25.489999771118164,2.8999999999999995,0.5325860079059832
2010-08-23,80.45529174804688,25.65999984741211,2.94,0.6976368293968692
2010-08-24,79.26106262207031,27.459999084472656,2.95,1.0170639293288721
2010-08-25,79.56900024414062,26.700000762939453,2.9400000000000004,0.9182924125109372
2010-08-26,79.03575897216797,27.3700008392334,2.95,0.9758942025063982
2010-08-27,80.25999450683594,24.450000762939453,2.96,0.6451070191766862
2010-08-30,79.09584045410156,27.209999084472656,2.99,0.9773285728554835
2010-08-31,79.09584045410156,26.049999237060547,3.01,1.0867898409256527
2010-09-01,81.46173095703125,23.88999938964844,3.01,0.6908191035690052
2010-09-02,82.22032165527344,23.190000534057617,3.0200000000000005,0.6404751911744077
2010-09-03,83.28682708740234,21.309999465942383,2.97,0.3363103844273525
2010-09-07,82.34796905517578,23.799999237060547,2.9600000000000004,0.5414415652081873
2010-09-08,82.92633819580078,23.25,2.95,0.47644354132428046
2010-09-09,83.30935668945312,22.809999465942383,2.9600000000000004,0.3878271003052867
2010-09-10,83.72996520996094,21.989999771118164,2.94,0.054326798650006225
2010-09-13,84.66130828857422,21.209999084472656,2.97,-0.08571586597321086
2010-09-14,84.60872650146484,21.559999465942383,2.97,-0.07990169384830303
2010-09-15,84.93171691894531,22.100000381469727,3.0,-0.031174861801733417
2010-09-16,84.90916442871094,21.71999931335449,3.02,0.07114193315068722
2010-09-17,84.94087219238281,22.01000022888184,3.03,0.1132503637255348
2010-09-20,86.23965454101562,21.5,3.02,-0.20137524204890855
2010-09-21,86.06599426269531,22.350000381469727,3.0500000000000003,-0.11126542172731486
2010-09-22,85.64309692382812,22.51000022888184,3.0500000000000003,-0.09294023120241716
2010-09-23,84.94840240478516,23.8700008392334,3.04,-0.07393857280396647
2010-09-24,86.70027923583984,21.709999084472656,3.05,-0.3377710985295457
2010-09-27,86.28494262695312,22.540000915527344,3.04,-0.3086627023319295
2010-09-28,86.58699035644531,22.600000381469727,3.06,-0.17296648400178224
2010-09-29,86.43596649169922,23.25,3.06,-0.23247409497749083
2010-09-30,86.17923736572266,23.700000762939453,3.0500000000000003,-0.18962933417514893
2010-10-01,86.54168701171875,22.5,3.0700000000000003,-0.03599965827074839
2010-10-04,85.89230346679688,23.530000686645508,3.1,0.20820499480386825
2010-10-05,87.62146759033203,21.76000022888184,3.1100000000000003,0.0500248039292562
2010-10-06,87.6139144897461,21.489999771118164,3.13,-0.026386257535319313
2010-10-07,87.50820922851562,21.559999465942383,3.18,0.11499121959695742
2010-10-08,87.99901580810547,20.709999084472656,3.21,0.09181627597041893
2010-10-11,88.08207702636719,18.959999084472656,3.21,0.003778464303431613
2010-10-12,88.35395050048828,18.93000030517578,3.22,0.07501750921118815
2010-10-13,89.04105377197266,19.06999969482422,3.22,0.017359701584100124
2010-10-14,88.69371795654297,19.8799991607666,3.23,0.14192411556772644
2010-10-15,88.87493133544922,19.030000686645508,3.26,0.10644939203741033
2010-10-18,89.31290435791016,19.09000015258789,3.26,0.07152556230244748
2010-10-19,88.14252471923828,20.6299991607666,3.25,0.36880932004098305
2010-10-20,89.0033187866211,19.790000915527344,3.2300000000000004,0.19177033999306836
2010-10-21,89.19963073730469,19.270000457763672,3.2,0.057605476237285735
2010-10-22,89.36575317382812,18.780000686645508,3.18,-0.08054505391010729
2010-10-25,89.63004302978516,19.850000381469727,3.13,0.05141465973611137
2010-10-26,89.64511108398438,20.21999931335449,3.13,0.03612590219684364
2010-10-27,89.38842010498047,20.709999084472656,3.09,0.060405977883076854
2010-10-28,89.40351867675781,20.8799991607666,3.16,0.15172492914518876
2010-10-29,89.47146606445312,21.200000762939453,3.1500000000000004,0.13082315850373086
2010-11-01,89.50167083740234,21.82999992370605,3.13,0.17306595745325923
2010-11-02,90.21146392822266,21.56999969482422,3.08,-0.02722496127375762
2010-11-03,90.57389068603516,19.559999465942383,3.16,0.06658031258236023
2010-11-04,92.31819915771484,18.520000457763672,3.24,-0.040850781181811215
2010-11-05,92.6655044555664,18.26000022888184,3.27,-0.05674024873635034
2010-11-08,92.49185180664062,18.290000915527344,3.25,-0.026047396792705808
2010-11-09,91.8273696899414,19.07999992370605,3.25,0.0860695296936645
2010-11-10,92.1973648071289,18.46999931335449,3.31,0.11361649252321548
2010-11-11,91.85001373291016,18.63999938964844,3.31,0.20652285780805926
2010-11-12,90.76266479492188,20.61000061035156,3.24,0.30143024605481195
2010-11-15,90.63427734375,20.200000762939453,3.2,0.24624458442513988
2010-11-16,89.22227478027344,22.57999992370605,3.15,0.4872898523833236
2010-11-17,89.26757049560547,21.76000022888184,3.1299999999999994,0.30624130145659784
2010-11-18,90.58145904541016,18.75,3.12,0.057294660745312274
2010-11-19,90.83063507080078,18.040000915527344,3.1100000000000003,-0.006771783822434226
2010-11-22,90.75513458251952,18.3700008392334,3.140000000000001,0.07248938335106529
2010-11-23,89.44123840332031,20.6299991607666,3.1300000000000003,0.3347882746116478
2010-11-24,90.76266479492188,19.559999465942383,3.1,0.11998013388395368
2010-11-26,89.70555877685547,22.21999931335449,3.0700000000000003,0.31936029834063284
2010-11-29,89.9774169921875,21.530000686645508,3.04,0.21335351473295283
2010-11-30,89.47146606445312,23.540000915527344,3.03,0.37842951650085666
2010-12-01,91.37432098388672,21.36000061035156,3.01,0.058914925548762466
2010-12-02,92.54470825195312,19.38999938964844,2.99,-0.13292493368959715
2010-12-03,92.79389190673828,18.010000228881836,3.02,-0.17756541686357685
2010-12-06,92.69570922851562,18.020000457763672,3.02,-0.028976595060627774
2010-12-07,92.74860382080078,17.989999771118164,2.99,-0.04596027475249587
2010-12-08,93.08837127685548,17.739999771118164,2.9000000000000004,-0.21431405031087059
2010-12-09,93.45081329345705,17.25,2.86,-0.37578296278995355
2010-12-10,93.9945068359375,17.610000610351562,2.7900000000000005,-0.4497896363724736
2010-12-13,94.05489349365234,17.549999237060547,2.8,-0.4711584819609318
2010-12-14,94.1379623413086,17.610000610351562,2.75,-0.6227228508741145
2010-12-15,93.70758056640624,17.940000534057617,2.74,-0.5878837227718388
2010-12-16,94.25119018554688,17.389999389648438,2.77,-0.7466473053492729
2010-12-17,94.3521957397461,16.110000610351562,2.7299999999999995,-0.8797073837051183
2010-12-20,94.57989501953124,16.40999984741211,2.7500000000000004,-0.7373401074812351
2010-12-21,95.1795654296875,16.489999771118164,2.72,-0.7925643163319821
2010-12-22,95.47559356689452,15.449999809265137,2.73,-0.873533245742118
2010-12-23,95.33894348144533,16.469999313354492,2.7,-0.9430257867266177
2010-12-27,95.37694549560548,17.670000076293945,2.7,-0.7544591392602277
2010-12-28,95.5135498046875,17.520000457763672,2.68,-0.8868973126060942
2010-12-29,95.58185577392578,17.280000686645508,2.7,-0.8565279019672478
2010-12-30,95.43006134033205,17.520000457763672,2.6900000000000004,-0.8825547820193007
2010-12-31,95.45284271240234,17.75,2.6800000000000006,-0.72187392617711
2011-01-03,96.43962097167967,17.610000610351562,2.68,-0.7108355741561542
2011-01-04,96.38648986816406,17.3799991607666,2.7100000000000004,-0.6631156804765809
2011-01-05,96.88748931884766,17.020000457763672,2.67,-0.7825445647549195
2011-01-06,96.69767761230467,17.399999618530273,2.6700000000000004,-0.7396492267072352
2011-01-07,96.50794982910156,17.139999389648438,2.7300000000000004,-0.6392009941225992
2011-01-10,96.38648986816406,17.540000915527344,2.7500000000000004,-0.5525425762661987
2011-01-11,96.72809600830078,16.889999389648438,2.68,-0.6682252978777319
2011-01-12,97.60099029541016,16.239999771118164,2.68,-0.7714232806047748
2011-01-13,97.44158172607422,16.389999389648438,2.71,-0.7055916488493832
2011-01-14,98.14754486083984,15.460000038146973,2.74,-0.8139021026017822
2011-01-18,98.31451416015624,15.869999885559082,2.72,-0.7831063030170542
2011-01-19,97.35051727294922,17.309999465942383,2.7,-0.639001100665559
2011-01-20,97.22144317626952,17.989999771118164,2.7,-0.5705643582833302
2011-01-21,97.44158172607422,18.46999931335449,2.68,-0.5366538686688017
2011-01-24,97.99568176269533,17.649999618530273,2.6699999999999995,-0.6175369968832043
2011-01-25,98.0488510131836,17.59000015258789,2.66,-0.6462927788990597
2011-01-26,98.42838287353516,16.639999389648438,2.68,-0.7018232329318002
2011-01-27,98.67129516601562,16.149999618530273,2.67,-0.7499679195785306
2011-01-28,96.94815826416016,20.040000915527344,2.7,-0.3320321580232972
2011-01-31,97.67691802978516,19.530000686645508,2.68,-0.4543238204955113
2011-02-01,99.2406005859375,17.6299991607666,2.66,-0.7126885237603958
2011-02-02,99.05083465576172,17.299999237060547,2.64,-0.6669877243504017
2011-02-03,99.27094268798828,16.690000534057617,2.6100000000000003,-0.7621253060392821
2011-02-04,99.55181121826172,15.93000030517578,2.57,-0.8392660986880189
2011-02-07,100.17423248291016,16.280000686645508,2.53,-0.9260982646557222
2011-02-08,100.6296844482422,15.8100004196167,2.5,-1.0375943394958418
2011-02-09,100.40196990966795,15.869999885559082,2.53,-0.9798389182988152
2011-02-10,100.43993377685548,16.09000015258789,2.55,-0.9093424750238165
2011-02-11,101.03961181640624,15.6899995803833,2.56,-0.8912053930202436
2011-02-14,101.28245544433594,15.949999809265137,2.53,-0.9394170973656967
2011-02-15,100.96368408203124,16.3700008392334,2.53,-0.8270522630323874
2011-02-16,101.60126495361328,16.719999313354492,2.53,-0.8358215909367703
2011-02-17,101.90491485595705,16.59000015258789,2.56,-0.9003389362752753
2011-02-18,102.11744689941406,16.43000030517578,2.58,-0.9069876923363597
2011-02-22,100.0679702758789,20.799999237060547,2.62,-0.41121640954665306
2011-02-23,99.45311737060548,22.1299991607666,2.6,-0.2645928681626915
2011-02-24,99.38478088378906,21.31999969482422,2.59,-0.3168299540122108
2011-02-25,100.447509765625,19.21999931335449,2.6,-0.482533989511085
2011-02-28,101.06990814208984,18.350000381469727,2.5700000000000003,-0.6016947229395831
2011-03-01,99.38478088378906,21.01000022888184,2.59,-0.42070006566515317
2011-03-02,99.59733581542967,20.700000762939453,2.6,-0.3859321732271099
2011-03-03,101.31285095214844,18.600000381469727,2.55,-0.5868184387874178
2011-03-04,100.5538101196289,19.059999465942383,2.6,-0.4509839568357768
2011-03-07,99.7643051147461,20.65999984741211,2.59,-0.29117895105161207
2011-03-08,100.6372528076172,19.81999969482422,2.5900000000000003,-0.3894990675085577
2011-03-09,100.49305725097656,20.21999931335449,2.61,-0.2830303657211521
2011-03-10,98.63335418701172,21.8799991607666,2.66,0.054829211075141236
2011-03-11,99.31648254394533,20.07999992370605,2.6300000000000003,-0.1660217221575016
2011-03-14,98.71682739257812,21.1299991607666,2.65,-0.03130198791447969
2011-03-15,97.58582305908205,24.31999969482422,2.68,0.32844671480249643
2011-03-16,95.77922058105467,29.39999961853028,2.7099999999999995,0.8260434254664445
2011-03-17,97.0468978881836,26.3700008392334,2.72,0.5254406721572146
2011-03-18,97.39984130859376,24.440000534057617,2.69,0.381843979605552
2011-03-21,98.9093246459961,20.61000061035156,2.640000000000001,-0.014771277714077824
2011-03-22,98.5662612915039,20.209999084472656,2.640000000000001,-0.00304436973959199
2011-03-23,98.84835815429688,19.170000076293945,2.6300000000000003,-0.257848921978919
2011-03-24,99.7936782836914,18.0,2.59,-0.5055412188161347
2011-03-25,100.0986099243164,17.90999984741211,2.58,-0.5557646927525809
2011-03-28,99.85462951660156,19.440000534057617,2.56,-0.39032473427299186
2011-03-29,100.52555084228516,18.15999984741211,2.59,-0.4364105436569578
2011-03-30,101.21929931640624,17.709999084472656,2.5899999999999994,-0.6515342524765951
2011-03-31,101.08206939697266,17.739999771118164,2.58,-0.6378426872155478
2011-04-01,101.5089874267578,17.399999618530273,2.58,-0.5612076808261875
2011-04-04,101.59282684326172,17.5,2.58,-0.6239695195110201
2011-04-05,101.57762145996094,17.25,2.55,-0.7435047549968044
2011-04-06,101.89778137207033,16.899999618530273,2.5500000000000003,-0.7235501115345349
2011-04-07,101.63858032226562,17.110000610351562,2.5700000000000003,-0.6778988552340395
2011-04-08,101.28791046142578,17.8700008392334,2.5600000000000005,-0.7690825177564351
2011-04-11,100.98296356201172,16.59000015258789,2.55,-0.7861081236635149
2011-04-12,100.2282485961914,17.09000015258789,2.58,-0.7064963040287934
2011-04-13,100.22061157226562,16.920000076293945,2.58,-0.8130029915077532
2011-04-14,100.29681396484376,16.270000457763672,2.55,-1.055618733966835
2011-04-15,100.6627960205078,15.31999969482422,2.56,-1.0225928050819073
2011-04-18,99.53450775146484,16.959999084472656,2.5800000000000005,-0.7747676227067272
2011-04-19,100.10626220703124,15.829999923706056,2.56,-0.7990190010852111
2011-04-20,101.47087860107422,15.06999969482422,2.5500000000000003,-0.9990711040417736
2011-04-21,101.9892807006836,14.6899995803833,2.5700000000000003,-1.0146369557465293
2011-04-25,101.882568359375,15.770000457763672,2.58,-0.8517471187661272
2011-04-26,102.75927734375,15.619999885559082,2.5700000000000003,-0.9222501813656544
2011-04-27,103.43016815185548,15.350000381469728,2.57,-1.0108467364145646
2011-04-28,103.76558685302734,14.619999885559082,2.59,-0.9986552464752693
2011-04-29,104.009521484375,14.75,2.5800000000000005,-0.9697141184548917
2011-05-02,103.84944152832033,15.989999771118164,2.57,-0.9071860790157907
2011-05-03,103.47589874267578,16.700000762939453,2.57,-0.8031408392507959
2011-05-04,102.78974151611328,17.079999923706055,2.56,-0.7354882553615875
2011-05-05,101.8596420288086,18.200000762939453,2.5899999999999994,-0.5532902969412535
2011-05-06,102.30949401855467,18.39999961853028,2.6,-0.5357050925586542
2011-05-09,102.70591735839844,17.15999984741211,2.64,-0.6028260994548785
2011-05-10,103.58261108398438,15.90999984741211,2.61,-0.8191604051622773
2011-05-11,102.4924774169922,16.950000762939453,2.61,-0.6890884044340714
2011-05-12,102.98037719726562,16.030000686645508,2.64,-0.7983199282863988
2011-05-13,102.18748474121094,17.06999969482422,2.64,-0.6668830713327303
2011-05-16,101.53949737548828,18.239999771118164,2.6,-0.5910225272788548
2011-05-17,101.5242691040039,17.549999237060547,2.59,-0.6144097615630647
2011-05-18,102.43144989013672,16.229999542236328,2.5899999999999994,-0.8605886593498789
2011-05-19,102.67542266845705,15.520000457763672,2.6100000000000003,-0.8444681478120956
2011-05-20,101.8596420288086,17.43000030517578,2.6300000000000003,-0.5091736642407988
2011-05-23,100.6780242919922,18.270000457763672,2.62,-0.31924202228713033
2011-05-24,100.59417724609376,17.81999969482422,2.62,-0.34190033071485076
2011-05-25,100.92962646484376,17.06999969482422,2.64,-0.3089440465601023
2011-05-26,101.39463806152344,16.09000015258789,2.64,-0.3536048613181649
2011-05-27,101.78343963623048,15.979999542236328,2.65,-0.34311956196499976
2011-05-31,102.84312438964844,15.449999809265137,2.6500000000000004,-0.4439950090668861
2011-06-01,100.53314971923828,18.299999237060547,2.68,0.018078395148996524
2011-06-02,100.42644500732422,18.09000015258789,2.7,0.01895422234197175
2011-06-03,99.42774200439452,17.950000762939453,2.7299999999999995,0.08996018806068555
2011-06-06,98.37567901611328,18.489999771118164,2.75,0.1863282682881787
2011-06-07,98.3146743774414,18.06999969482422,2.75,0.2072113907028942
2011-06-08,97.90299987792967,18.790000915527344,2.73,0.31572377547257774
2011-06-09,98.650146484375,17.770000457763672,2.7300000000000004,0.25118715119400065
2011-06-10,97.27789306640624,18.86000061035156,2.71,0.35218027459933005
2011-06-13,97.3541259765625,19.61000061035156,2.72,0.4759598421744358
2011-06-14,98.58916473388672,18.26000022888184,2.7100000000000004,0.15510756052890698
2011-06-15,96.83568572998048,21.31999969482422,2.74,0.5765919713641677
2011-06-16,97.0491714477539,22.729999542236328,2.75,0.6910377081446236
2011-06-17,97.33879852294922,21.850000381469727,2.7900000000000005,0.7258246486321082
2011-06-20,97.83676147460938,19.989999771118164,2.76,0.48905390803189824
2011-06-21,99.1775131225586,18.86000061035156,2.75,0.16891343336794273
2011-06-22,98.57992553710938,18.520000457763672,2.74,0.0719796915839419
2011-06-23,98.29647064208984,19.290000915527344,2.76,0.19039027778155512
2011-06-24,97.15487670898438,21.100000381469727,2.83,0.5993781824859592
2011-06-27,98.02066040039062,20.559999465942383,2.87,0.5705469865701221
2011-06-28,99.30010986328124,19.170000076293945,2.8100000000000005,0.2728096739158254
2011-06-29,100.15054321289062,17.270000457763672,2.75,0.027193872827393217
2011-06-30,101.1082000732422,16.520000457763672,2.72,-0.39803983849993224
2011-07-01,102.60216522216795,15.869999885559082,2.69,-0.6610330898621404
2011-07-05,102.51790618896484,16.059999465942383,2.74,-0.6559113439106956
2011-07-06,102.64051818847656,16.34000015258789,2.7299999999999995,-0.7603379203560842
2011-07-07,103.7054214477539,15.949999809265137,2.6900000000000004,-0.9698714979459216
2011-07-08,102.9699478149414,15.949999809265137,2.73,-0.8725207960466784
2011-07-11,101.1082000732422,18.38999938964844,2.76,-0.29872721496197446
2011-07-12,100.67151641845705,19.8700008392334,2.7700000000000005,-0.22025675686975874
2011-07-13,101.00860595703124,19.90999984741211,2.76,-0.2525035386657981
2011-07-14,100.31141662597656,20.799999237060547,2.76,0.045896768628117944
2011-07-15,100.8936767578125,19.530000686645508,2.8000000000000003,-0.2666633667768239
2011-07-18,100.0662612915039,20.950000762939453,2.8400000000000003,0.06250886136820742
2011-07-19,101.69046783447266,19.209999084472656,2.78,-0.34918705848065174
2011-07-20,101.6291732788086,19.09000015258789,2.8,-0.2671232713374565
2011-07-21,103.03889465332033,17.559999465942383,2.77,-0.47919926911311855
2011-07-22,103.10784149169922,17.520000457763672,2.75,-0.5799480332636099
2011-07-25,102.53324127197266,19.350000381469727,2.77,-0.31084740556230056
2011-07-26,102.15017700195312,20.229999542236328,2.76,-0.30825249758836154
2011-07-27,100.0585708618164,22.979999542236328,2.7300000000000004,0.26735318713862805
2011-07-28,99.76746368408205,23.739999771118164,2.73,0.5172130791764157
2011-07-29,99.08560180664062,25.25,2.77,0.9035972116611203
2011-08-01,98.66419219970705,23.65999984741211,2.77,0.8563136463089888
2011-08-02,96.1436004638672,24.790000915527344,2.74,1.3295798106623327
2011-08-03,96.66458129882812,23.3799991607666,2.72,1.0722204609963086
2011-08-04,92.13666534423828,31.65999984741211,2.77,2.529388478635742
2011-08-05,91.99874114990234,32.0,2.77,2.593402717452373
2011-08-08,86.00747680664062,48.0,2.8800000000000003,4.859739290769444
2011-08-09,90.00678253173828,35.060001373291016,3.01,2.8797199971762706
2011-08-10,86.03046417236328,42.9900016784668,3.03,3.8522294120344895
2011-08-11,89.89181518554688,39.0,3.1500000000000004,3.2033856965298813
2011-08-12,90.49710845947266,36.36000061035156,3.14,2.781183702656748
2011-08-15,92.41244506835938,31.8700008392334,3.1500000000000004,2.277071154490924
2011-08-16,91.62332916259766,32.849998474121094,3.12,2.281389223144158
2011-08-17,91.6845932006836,31.57999992370605,3.1100000000000003,2.252837223468211
2011-08-18,87.73131561279297,42.66999816894531,3.12,3.374585356810209
2011-08-19,86.29861450195312,43.04999923706055,3.120000000000001,3.4873835641080557
2011-08-22,86.3675765991211,42.43999862670898,3.1300000000000003,3.334435293090793
2011-08-23,89.20999145507812,36.27000045776367,3.19,2.672529975001435
2011-08-24,90.46643829345705,35.900001525878906,3.21,2.523613995680469
2011-08-25,89.08737182617188,39.7599983215332,3.2500000000000004,2.7602120238778034
2011-08-26,90.3821792602539,35.59000015258789,3.2500000000000004,2.340650163881706
2011-08-29,92.97940826416016,32.279998779296875,3.2500000000000004,1.8766477486928332
2011-08-30,93.22457122802734,32.88999938964844,3.22,1.8115748862111054
2011-08-31,93.63826751708984,31.6200008392334,3.2500000000000004,1.5609189161237316
2011-09-01,92.6575927734375,31.81999969482422,3.23,1.6420210162366182
2011-09-02,90.29019927978516,33.91999816894531,3.18,1.5315926718804056
2011-09-06,89.63135528564453,37.0,3.2100000000000004,1.7806613668107107
2011-09-07,92.15961456298828,33.380001068115234,3.25,0.9153836021611578
2011-09-08,91.20194244384766,34.31999969482422,3.26,1.3845917970600132
2011-09-09,88.81159210205078,38.52000045776367,3.28,1.5005292144935611
2011-09-12,89.38616943359375,38.59000015258789,3.2900000000000005,1.7591215246772711
2011-09-13,90.2059555053711,36.90999984741211,3.3200000000000003,1.663096881777947
2011-09-14,91.4547882080078,34.599998474121094,3.3000000000000003,1.5377401466497826
2011-09-15,93.03301239013672,31.96999931335449,3.3100000000000005,1.2109903949136172
2011-09-16,93.5836410522461,30.979999542236328,3.31,1.1084392057250936
2011-09-19,92.65181732177734,32.72999954223633,3.3100000000000005,0.9397392832185752
2011-09-20,92.54400634765624,32.86000061035156,3.35,0.8718327728323662
2011-09-21,89.81782531738281,37.31999969482422,3.26,1.2025362265871686
2011-09-22,86.91452026367188,41.34999847412109,3.3200000000000003,1.9378903047259293
2011-09-23,87.43818664550781,41.25,3.3100000000000005,1.9443600378349426
2011-09-26,89.51748657226562,39.02000045776367,3.37,1.6089718681397613
2011-09-27,90.51862335205078,37.709999084472656,3.39,1.5702553644855157
2011-09-28,88.67037200927734,41.08000183105469,3.35,2.0068901740303713
2011-09-29,89.37117004394531,38.84000015258789,3.3,1.773241791706944
2011-09-30,87.1378402709961,42.959999084472656,3.3,2.152958278808129
2011-10-03,84.65809631347656,45.45000076293945,3.3100000000000005,2.3730724269040793
2011-10-04,86.51405334472656,40.81999969482422,3.33,1.8279129684007842
2011-10-05,88.11590576171875,37.810001373291016,3.3600000000000003,1.5294775104943572
2011-10-06,89.70999908447266,36.27000045776367,3.34,1.4905804678507495
2011-10-07,89.10931396484375,36.20000076293945,3.32,1.4238539237447145
2011-10-10,92.0896453857422,33.02000045776367,3.32,0.8387421455955297
2011-10-11,92.18204498291016,32.86000061035156,3.32,0.8657210898609575
2011-10-12,92.99066162109376,31.26000022888184,3.33,0.8052528354534408
2011-10-13,92.80583953857422,30.700000762939453,3.2900000000000005,0.8430695533179812
2011-10-14,94.39229583740234,28.239999771118164,3.26,0.696561506546062
2011-10-17,92.5902328491211,33.38999938964844,3.26,1.1000657729707617
2011-10-18,94.3999481201172,31.559999465942383,3.23,0.7624936348560493
2011-10-19,93.2833251953125,34.439998626708984,3.2099999999999995,0.9380369092669204
2011-10-20,93.69149017333984,34.779998779296875,3.2,0.6768145403879551
2011-10-21,95.4704360961914,31.31999969482422,3.18,0.09451005462281133
2011-10-24,96.6410140991211,29.26000022888184,3.16,-0.06406061089904595
2011-10-25,94.7619171142578,32.220001220703125,3.14,0.37991980830951144
2011-10-26,95.72454833984376,29.86000061035156,3.1,0.23692908590680897
2011-10-27,99.05914306640624,25.459999084472656,3.04,-0.4522916614047663
2011-10-28,99.03604888916016,24.530000686645508,2.99,-0.47747375680201626
2011-10-31,96.64871215820312,29.959999084472656,3.0200000000000005,-0.21040096557893032
2011-11-01,93.9533233642578,34.77000045776367,3.03,0.006759155144700639
2011-11-02,95.48585510253906,32.7400016784668,3.03,-0.032535157017481074
2011-11-03,97.2262954711914,30.5,3.04,-0.10650044357956663
2011-11-04,96.63329315185548,30.15999984741211,3.06,0.0887612614060392
2011-11-07,97.23397064208984,29.850000381469727,3.02,-0.06869245766740835
2011-11-08,98.4815444946289,27.479999542236328,3.0500000000000003,0.022246958488726192
2011-11-09,94.84662628173828,36.15999984741211,3.08,0.6975559711406497
2011-11-10,95.73995208740234,32.810001373291016,3.14,0.6271106238924382
2011-11-11,97.5420150756836,30.040000915527344,3.14,0.36592892621267886
2011-11-14,96.61788940429688,31.1299991607666,3.13,0.5850271841698486
2011-11-15,97.09537506103516,31.21999931335449,3.14,0.4297634538231443
2011-11-16,95.55513763427734,33.5099983215332,3.17,0.8085787597887322
2011-11-17,94.03803253173828,34.5099983215332,3.16,0.8610392473901353
2011-11-18,93.93790435791016,32.0,3.140000000000001,0.76561011809842
2011-11-21,92.1512451171875,32.90999984741211,3.1500000000000004,1.0654106867590232
2011-11-22,91.78931427001952,31.96999931335449,3.1700000000000004,1.1522696845877676
2011-11-23,89.76388549804688,33.97999954223633,3.1500000000000004,1.2201514298234544
2011-11-25,89.594482421875,34.470001220703125,3.1800000000000006,1.3471679993747114
2011-11-28,92.1897430419922,32.130001068115234,3.1900000000000004,1.292802088666901
2011-11-29,92.4516143798828,30.63999938964844,3.22,1.2433167606446311
2011-11-30,96.25592803955078,27.799999237060547,3.24,0.7316242913147885
2011-12-01,96.2405242919922,27.40999984741211,3.3000000000000003,0.5975358940164542
2011-12-02,96.15583038330078,27.520000457763672,3.24,0.6364794896771832
2011-12-05,97.20316314697266,27.84000015258789,3.25,0.7053350325721891
2011-12-06,97.23397064208984,28.1299991607666,3.26,0.6818131505280688
2011-12-07,97.59593963623048,28.670000076293945,3.26,0.7152430939693373
2011-12-08,95.4550323486328,30.59000015258789,3.26,1.0158923644531654
2011-12-09,97.07225036621094,26.3799991607666,3.28,0.5029711232875193
2011-12-12,95.65525817871094,25.670000076293945,3.27,0.6181291565638661
2011-12-13,94.7619171142578,25.40999984741211,3.29,0.8092154879896066
2011-12-14,93.75308227539062,26.040000915527344,3.24,0.7739398344143407
2011-12-15,94.0919418334961,25.11000061035156,3.2700000000000005,0.7741297474746233
2011-12-16,94.23143768310548,24.290000915527344,3.26,0.6076851295931203
2011-12-19,93.22396087646484,24.920000076293945,3.26,0.5913097847784674
2011-12-20,96.0448989868164,23.21999931335449,3.27,0.31988302373763017
2011-12-21,96.23092651367188,21.43000030517578,3.3000000000000003,0.1303670367599774
2011-12-22,97.08340454101562,21.15999984741211,3.29,0.011497025291009525
2011-12-23,97.9513702392578,20.729999542236328,3.32,-0.20142563827594726
2011-12-27,98.02888488769533,21.90999984741211,3.3000000000000003,-0.19833123388970772
2011-12-28,96.7424087524414,23.520000457763672,3.25,0.104004951873144
2011-12-29,97.74217987060548,22.64999961853028,3.28,0.04578741508010061
2011-12-30,97.26165771484376,23.39999961853028,3.2700000000000005,0.37076587426613306
2012-01-03,98.81163787841795,22.96999931335449,3.29,0.2619873147813696
2012-01-04,98.96660614013672,22.21999931335449,3.3,0.2203344877459433
2012-01-05,99.2301254272461,21.479999542236328,3.27,0.20590446367247403
2012-01-06,98.97440338134766,20.6299991607666,3.27,0.18529037180169783
2012-01-09,99.21463012695312,21.06999969482422,3.28,0.21849012920875807
2012-01-10,100.07486724853516,20.690000534057617,3.25,-0.049609073150393236
2012-01-11,100.12911224365234,21.049999237060547,3.2700000000000005,0.09796682608137086
2012-01-12,100.3693618774414,20.46999931335449,3.27,-0.049337123258571536
2012-01-13,99.85015106201172,20.90999984741211,3.24,-0.09854242470897472
2012-01-17,100.23761749267578,22.200000762939453,3.24,-0.15149250163473385
2012-01-18,101.34587097167967,20.88999938964844,3.25,-0.2502998852178538
2012-01-19,101.880615234375,19.8700008392334,3.2200000000000006,-0.35544000886404764
2012-01-20,102.26036071777344,18.280000686645508,3.24,-0.50327736881847
2012-01-23,101.9968719482422,18.670000076293945,3.24,-0.254528492877571
2012-01-24,101.880615234375,18.90999984741211,3.25,-0.21302234606302095
2012-01-25,102.7331085205078,18.309999465942383,3.3100000000000005,-0.16918201121380463
2012-01-26,102.20613098144533,18.56999969482422,3.28,-0.09804304674137458
2012-01-27,102.1596221923828,18.530000686645508,3.28,-0.09461042332041607
2012-01-30,101.81087493896484,19.39999961853028,3.25,-0.16224535074507895
2012-01-31,101.77213287353516,19.440000534057617,3.24,-0.10021433475142245
2012-02-01,102.663330078125,18.549999237060547,3.25,-0.22148688347069725
2012-02-02,102.82611846923828,17.979999542236328,3.25,-0.15065883804273125
2012-02-03,104.2675552368164,17.100000381469727,3.2600000000000007,-0.2628979161449589
2012-02-06,104.19783782958984,17.760000228881836,3.2200000000000006,-0.2590532374340638
2012-02-07,104.46134948730467,17.649999618530273,3.1900000000000004,-0.3340216035822481
2012-02-08,104.77134704589844,18.15999984741211,3.17,-0.34046364976730875
2012-02-09,104.90306854248048,18.6299991607666,3.18,-0.26156019099458366
2012-02-10,104.12806701660156,20.790000915527344,3.17,-0.13113238226307591
2012-02-13,104.90306854248048,19.040000915527344,3.1899999999999995,-0.21916035320461036
2012-02-14,104.77134704589844,19.540000915527344,3.18,-0.23874514215565934
2012-02-15,104.28307342529295,21.13999938964844,3.1900000000000004,-0.10499873836302727
2012-02-16,105.43785858154295,19.21999931335449,3.17,-0.21170830210523991
2012-02-17,105.7168197631836,17.780000686645508,3.17,-0.25752863228729334
2012-02-21,105.76334381103516,18.190000534057617,3.1500000000000004,-0.24387837832476209
2012-02-22,105.42233276367188,18.190000534057617,3.1500000000000004,-0.24266868709605782
2012-02-23,105.8873291015625,16.799999237060547,3.14,-0.3511353877887693
2012-02-24,106.1198272705078,17.309999465942383,3.12,-0.3112110257685193
2012-02-27,106.29808044433594,18.190000534057617,3.12,-0.31997938438375345
2012-02-28,106.60806274414062,17.959999084472656,3.12,-0.35325847869471955
2012-02-29,106.18960571289062,18.43000030517578,3.1,-0.35433037090883684
2012-03-01,106.73980712890624,17.260000228881836,3.1,-0.44156472432078414
2012-03-02,106.414306640625,17.290000915527344,3.09,-0.37287586928285005
2012-03-05,105.98033905029295,18.049999237060547,3.1100000000000003,-0.2809012511033562
2012-03-06,104.4303207397461,20.8700008392334,3.1,0.011693877393143112
2012-03-07,105.15882110595705,19.06999969482422,3.11,-0.1033968738064764
2012-03-08,106.20507049560548,17.950000762939453,3.11,-0.20021496589074295
2012-03-09,106.6158447265625,17.110000610351562,3.1100000000000003,-0.2422831347561262
2012-03-12,106.6235809326172,15.640000343322754,3.09,-0.3195674443757025
2012-03-13,108.54551696777344,14.800000190734863,3.08,-0.5335786833023664
2012-03-14,108.42932891845705,15.3100004196167,3.0700000000000003,-0.46570228140226244
2012-03-15,109.05707550048828,15.420000076293944,3.0700000000000003,-0.5055364024140768
2012-03-16,109.20804595947266,14.470000267028809,3.04,-0.6183703579841183
2012-03-19,109.63619232177734,15.039999961853027,3.03,-0.5552776700157778
2012-03-20,109.31702423095705,15.579999923706056,3.0200000000000005,-0.5050083903131576
2012-03-21,109.13802337646484,15.130000114440918,3.0,-0.5326591598529811
2012-03-22,108.35179901123048,15.56999969482422,3.01,-0.4743791142651996
2012-03-23,108.70211791992188,14.81999969482422,3.01,-0.49709678059543605
2012-03-26,110.22775268554688,14.260000228881836,3.01,-0.5986347347119559
2012-03-27,109.88524627685548,15.59000015258789,3.04,-0.47497921208766125
2012-03-28,109.3403778076172,15.470000267028809,3.03,-0.4398530122033089
2012-03-29,109.15360260009766,15.479999542236328,3.03,-0.4545462590870526
2012-03-30,109.60503387451172,15.5,3.07,-0.39788354967355083
2012-04-02,110.4067840576172,15.640000343322754,3.08,-0.44940281072226873
2012-04-03,109.95530700683594,15.65999984741211,3.0600000000000005,-0.47428347109235597
2012-04-04,108.86553955078124,16.440000534057617,3.08,-0.4497788269350526
2012-04-05,108.81110382080078,16.700000762939453,3.0900000000000003,-0.3778015240868026
2012-04-09,107.58899688720705,18.809999465942383,3.11,-0.1281876798833039
2012-04-10,105.78314208984376,20.38999938964844,3.140000000000001,0.10647847393985288
2012-04-11,106.63936614990234,20.020000457763672,3.16,0.06282925570223462
2012-04-12,108.0326919555664,17.200000762939453,3.1500000000000004,-0.037253962109660164
2012-04-13,106.74835205078124,19.549999237060547,3.15,0.1253018514126524
2012-04-16,106.67830657958984,19.549999237060547,3.14,0.1488041575384187
2012-04-17,108.25841522216795,18.459999084472656,3.14,0.015359746819358403
2012-04-18,107.892578125,18.63999938964844,3.1500000000000004,0.07846820974427869
2012-04-19,107.1998519897461,18.36000061035156,3.15,0.08575650871809004
2012-04-20,107.37884521484376,17.440000534057617,3.17,0.0507610087847454
2012-04-23,106.47592163085938,18.96999931335449,3.16,0.10359805130702475
2012-04-24,106.88065338134766,18.100000381469727,3.1500000000000004,0.0459335851269432
2012-04-25,108.3440170288086,16.81999969482422,3.17,0.019488553223538374
2012-04-26,109.0990753173828,16.239999771118164,3.19,-0.043681043291990886
2012-04-27,109.27811431884766,16.31999969482422,3.1900000000000004,-0.08603677325195129
2012-04-30,108.87339782714844,17.149999618530273,3.2,-0.028075312457718254
2012-05-01,109.55059051513672,16.600000381469727,3.22,-0.038824148627461495
2012-05-02,109.2236099243164,16.8799991607666,3.1900000000000004,-0.007763126371799878
2012-05-03,108.39073944091795,17.559999465942383,3.18,0.025493263946652616
2012-05-04,106.63936614990234,19.15999984741211,3.1899999999999995,0.14351049575954158
2012-05-07,106.71722412109376,18.940000534057617,3.18,0.10886781276175127
2012-05-08,106.28910064697266,19.049999237060547,3.1900000000000004,0.07955897838695919
2012-05-09,105.65862274169922,20.07999992370605,3.22,0.09439573756539144
2012-05-10,105.87655639648438,18.82999992370605,3.21,0.062259357657323745
2012-05-11,105.55741119384766,19.88999938964844,3.22,0.2198378166832202
2012-05-14,104.3897933959961,21.8700008392334,3.22,0.29266891893675434
2012-05-15,103.79049682617188,21.96999931335449,3.24,0.35594734640420117
2012-05-16,103.39349365234376,22.270000457763672,3.25,0.49519002517534466
2012-05-17,101.86005401611328,24.489999771118164,3.2299999999999995,0.6217953880617348
2012-05-18,100.98828125,25.100000381469727,3.2700000000000005,0.7184378119893093
2012-05-21,102.72406005859376,22.01000022888184,3.25,0.4573909353137154
2012-05-22,102.9031219482422,22.479999542236328,3.34,0.5578349154481451
2012-05-23,102.95759582519533,22.32999992370605,3.33,0.552112414039864
2012-05-24,103.15997314453124,21.540000915527344,3.36,0.6365215103322872
2012-05-25,102.82527160644533,21.76000022888184,3.37,0.7199843844209438
2012-05-29,104.0706787109375,21.030000686645508,3.38,0.6391976124085615
2012-05-30,102.56062316894533,24.13999938964844,3.4000000000000004,0.86593950071004
2012-05-31,102.33490753173828,24.059999465942383,3.4000000000000004,0.9068096808426231
2012-06-01,99.7583999633789,26.65999984741211,3.41,1.1599712021238162
2012-06-04,99.7117156982422,26.1200008392334,3.3999999999999995,1.0705227065894258
2012-06-05,100.4667510986328,24.68000030517578,3.3999999999999995,0.863898240545451
2012-06-06,102.72406005859376,22.15999984741211,3.41,0.6416421001782334
2012-06-07,102.7863311767578,21.71999931335449,3.43,0.6264207956465858
2012-06-08,103.60364532470705,21.229999542236328,3.44,0.536035316691181
2012-06-11,102.28820037841795,23.559999465942383,3.4599999999999995,0.7580404314833467
2012-06-12,103.46354675292967,22.09000015258789,3.43,0.551269468320036
2012-06-13,102.80194091796876,24.270000457763672,3.43,0.6139266480202632
2012-06-14,103.8916473388672,21.68000030517578,3.4000000000000004,0.34535341599873653
2012-06-15,104.95415496826172,21.11000061035156,3.4199999999999995,0.267386581588871
2012-06-18,105.15760040283205,18.31999969482422,3.42,0.03856024607240949
2012-06-19,106.1747817993164,18.3799991607666,3.41,-0.09661010647112674
2012-06-20,106.00263214111328,17.239999771118164,3.3800000000000003,-0.07735197519782903
2012-06-21,103.62406158447266,20.07999992370605,3.3500000000000005,0.1458163052065973
2012-06-22,104.4221649169922,18.11000061035156,3.36,0.03339152707014126
2012-06-25,102.74779510498048,20.3799991607666,3.3600000000000003,0.24468200211346605
2012-06-26,103.26416015625,19.71999931335449,3.34,0.12570463538384594
2012-06-27,104.19522857666016,19.450000762939453,3.35,0.15107862472653064
2012-06-28,103.89791870117188,19.709999084472656,3.37,0.1237732784579297
2012-06-29,106.48773193359376,17.079999923706055,3.39,-0.1257273408376233
2012-07-02,106.80851745605467,16.799999237060547,3.3999999999999995,-0.3083559585580676
2012-07-03,107.5127182006836,16.65999984741211,3.41,-0.34055758107307815
2012-07-05,107.02760314941406,17.5,3.43,-0.18272506756147555
2012-07-06,106.01048278808594,17.100000381469727,3.41,-0.030936562011918634
2012-07-09,105.87744903564452,17.979999542236328,3.41,0.018114983791519546
2012-07-10,104.95415496826172,18.71999931335449,3.39,0.11454367591355585
2012-07-11,104.96990203857422,17.950000762939453,3.3600000000000003,-0.06405732010896077
2012-07-12,104.46124267578124,18.32999992370605,3.37,0.07650024887108402
2012-07-13,106.2138900756836,16.739999771118164,3.37,-0.14054553323545727
2012-07-16,105.96356201171876,17.110000610351562,3.35,-0.08276733880638847
2012-07-17,106.691162109375,16.479999542236328,3.35,-0.08934298210234466
2012-07-18,107.48140716552734,16.15999984741211,3.33,-0.18180032968975227
2012-07-19,107.76310729980467,15.449999809265137,3.34,-0.14567221973082087
2012-07-20,106.77725219726562,16.270000457763672,3.31,-0.12959954167891266
2012-07-23,105.6974639892578,18.6200008392334,3.3100000000000005,-0.11105078901548326
2012-07-24,104.78986358642578,20.46999931335449,3.2900000000000005,0.023933126973153345
2012-07-25,104.8133544921875,19.34000015258789,3.3000000000000007,-0.10808674474697644
2012-07-26,106.54253387451172,17.530000686645508,3.3,-0.26039805628676926
2012-07-27,108.50638580322266,16.700000762939453,3.29,-0.3797683283046922
2012-07-30,108.50638580322266,18.030000686645508,3.26,-0.41527203725410716
2012-07-31,107.7474594116211,18.93000030517578,3.2700000000000005,-0.1453276382851116
2012-08-01,107.65349578857422,18.959999084472656,3.26,-0.14561808904705228
2012-08-02,106.91024780273438,17.56999969482422,3.24,-0.17233948251251796
2012-08-03,109.03060150146484,15.640000343322754,3.26,-0.35335317256230353
2012-08-06,109.24182891845705,15.949999809265137,3.24,-0.4705582534074617
2012-08-07,109.78953552246094,15.989999771118164,3.24,-0.5099520462684476
2012-08-08,109.92259216308594,15.31999969482422,3.2300000000000004,-0.6406720720938884
2012-08-09,110.01647186279295,15.279999732971191,3.23,-0.6454765006143172
2012-08-10,110.19641876220705,14.739999771118164,3.23,-0.7161470788350467
2012-08-13,110.14166259765624,13.699999809265137,3.24,-0.6045700859132052
2012-08-14,110.15731048583984,14.850000381469728,3.2500000000000004,-0.537640283587259
2012-08-15,110.28247833251952,14.630000114440918,3.2700000000000005,-0.43989830716349904
2012-08-16,111.09625244140624,14.289999961853027,3.26,-0.48188342942486223
2012-08-17,111.24485778808594,13.449999809265137,3.25,-0.5362789548876453
2012-08-20,111.25272369384766,14.020000457763672,3.2299999999999995,-0.6418544414451522
2012-08-21,110.91626739501952,15.020000457763672,3.2300000000000004,-0.6541474699346574
2012-08-22,110.96318817138672,15.109999656677246,3.22,-0.7572016450810026
2012-08-23,110.05558776855467,15.960000038146973,3.2,-0.7108308961354107
2012-08-24,110.72064208984376,15.18000030517578,3.21,-0.6254381356587463
2012-08-27,110.7441177368164,16.350000381469727,3.19,-0.47971137311735607
2012-08-28,110.63459014892578,16.489999771118164,3.1900000000000004,-0.4587505736884199
2012-08-29,110.72064208984376,17.059999465942383,3.1899999999999995,-0.4935970448226297
2012-08-30,109.92259216308594,17.829999923706055,3.2,-0.36750492608540136
2012-08-31,110.44676971435548,17.469999313354492,3.21,-0.44954766114438177
2012-09-04,110.34505462646484,17.979999542236328,3.18,-0.33793666048786547
2012-09-05,110.2511978149414,17.739999771118164,3.18,-0.32196022796641643
2012-09-06,112.48892974853516,15.600000381469728,3.1900000000000004,-0.516713380659748
2012-09-07,112.92707824707033,14.380000114440918,3.2,-0.5643096570284055
2012-09-10,112.28548431396484,16.280000686645508,3.2,-0.41448159176941973
2012-09-11,112.59844970703124,16.40999984741211,3.18,-0.4786741906140086
2012-09-12,112.97404479980467,15.800000190734863,3.18,-0.5372810014084193
2012-09-13,114.69532775878906,14.050000190734863,3.21,-0.6549543811863866
2012-09-14,115.20392608642578,14.510000228881836,3.1500000000000004,-0.844744447330012
2012-09-17,114.81273651123048,14.59000015258789,3.12,-0.833694381997098
2012-09-18,114.71884155273438,14.18000030517578,3.09,-0.9224498304506135
2012-09-19,114.78144073486328,13.880000114440918,3.0700000000000003,-0.9982165097349572
2012-09-20,114.78929138183594,14.06999969482422,3.04,-1.1046557085936193
2012-09-21,114.74127960205078,13.979999542236328,3.06,-1.032130542176448
2012-09-24,114.56819915771484,14.149999618530272,3.02,-1.2004421168092594
2012-09-25,113.34894561767578,15.43000030517578,3.03,-0.9476088722923645
2012-09-26,112.7118148803711,16.809999465942383,3.03,-0.8186583494477019
2012-09-27,113.77378845214844,14.84000015258789,3.05,-0.9429983497951561
2012-09-28,113.24674987792967,15.729999542236328,3.07,-0.7806367876463728
2012-10-01,113.54564666748048,16.31999969482422,3.0600000000000005,-0.8612553161951529
2012-10-02,113.66362762451172,15.710000038146973,3.04,-0.91504197279182
2012-10-03,114.12769317626952,15.43000030517578,3.03,-1.0015803098774516
2012-10-04,114.94579315185548,14.550000190734863,2.99,-1.2402403460535256
2012-10-05,114.9536361694336,14.329999923706056,2.9800000000000004,-1.0874665000597117
2012-10-08,114.56036376953124,15.109999656677246,2.9800000000000004,-0.9635328267162121
2012-10-09,113.42765045166016,16.3700008392334,2.93,-0.9867698264541224
2012-10-10,112.7039794921875,16.290000915527344,2.9000000000000004,-0.9818294882825827
2012-10-11,112.7669448852539,15.59000015258789,2.87,-1.0691648066156414
2012-10-12,112.39716339111328,16.139999389648438,2.85,-0.9078065408703293
2012-10-15,113.33324432373048,15.270000457763672,2.83,-1.02957467648911
2012-10-16,114.481689453125,15.220000267028809,2.8,-1.2104669345449695
2012-10-17,115.00080108642578,15.06999969482422,2.77,-1.319010264556192
2012-10-18,114.70195770263672,15.029999732971191,2.72,-1.3918296289784076
2012-10-19,112.79052734375,17.059999465942383,2.71,-1.0983453807635302
2012-10-22,112.80622100830078,16.6200008392334,2.68,-1.1692370029191779
2012-10-23,111.24087524414062,18.82999992370605,2.7299999999999995,-0.7532827854705175
2012-10-24,110.92626190185548,18.32999992370605,2.74,-0.8033331129479192
2012-10-25,111.24874877929688,18.1200008392334,2.7299999999999995,-0.8928806528176408
2012-10-26,111.18582916259766,17.809999465942383,2.76,-0.7324922037959278
2012-10-31,111.18582916259766,18.600000381469727,2.7300000000000004,-0.7709580203559655
2012-11-01,112.34996032714844,16.690000534057617,2.75,-0.9082811960299219
2012-11-02,111.35103607177734,17.59000015258789,2.77,-0.6946926286215286
2012-11-05,111.5791473388672,18.420000076293945,2.74,-0.6684958908966224
2012-11-06,112.45226287841795,17.579999923706055,2.74,-0.7156353151070207
2012-11-07,109.9037094116211,19.07999992370605,2.78,-0.2921939391425929
2012-11-08,108.58216857910156,18.489999771118164,2.8,-0.20191581344149276
2012-11-09,108.67659759521484,18.61000061035156,2.8199999999999994,-0.2458095258861567
2012-11-12,108.76311492919922,16.68000030517578,2.8199999999999994,-0.44741744316736504
2012-11-13,108.38555908203124,16.649999618530273,2.8500000000000005,-0.3466341177831784
2012-11-14,106.92245483398438,17.920000076293945,2.87,-0.11103223221930003
2012-11-15,106.7415771484375,17.989999771118164,2.9000000000000004,0.047734875281750355
2012-11-16,107.26856231689452,16.40999984741211,2.9000000000000004,-0.02996785669704664
2012-11-19,109.43958282470705,15.239999771118164,2.91,-0.245623040787509
2012-11-20,109.4867706298828,15.079999923706056,2.8999999999999995,-0.3076432214255736
2012-11-21,109.69129180908205,15.3100004196167,2.89,-0.48008245587696
2012-11-23,111.18582916259766,15.140000343322754,2.89,-0.6153500498780445
2012-11-26,110.9498291015625,15.5,2.8999999999999995,-0.6710975709398014
2012-11-27,110.38350677490234,15.920000076293944,2.91,-0.5867529764746794
2012-11-28,111.27239990234376,15.510000228881836,2.91,-0.6679004575095462
2012-11-29,111.79151153564452,15.0600004196167,2.95,-0.6812456338618981
2012-11-30,111.81507873535156,15.869999885559082,2.95,-0.6006247348735582
2012-12-03,111.26449584960938,16.639999389648438,2.95,-0.36661594725898633
2012-12-04,111.107177734375,17.1200008392334,2.9399999999999995,-0.40563388187520505
2012-12-05,111.3038101196289,16.459999084472656,2.97,-0.4099009919263307
2012-12-06,111.681396484375,16.579999923706055,2.96,-0.36917862206732543
2012-12-07,112.01964569091795,15.899999618530272,2.96,-0.6942683400848698
2012-12-10,112.06683349609376,16.049999237060547,2.95,-0.8191046626613646
2012-12-11,112.829833984375,15.56999969482422,2.95,-0.928231985468765
2012-12-12,112.8848648071289,15.949999809265137,2.9400000000000004,-0.8980221013386792
2012-12-13,112.19268035888672,16.559999465942383,2.92,-0.8317237248024406
2012-12-14,111.7757797241211,17.0,2.9000000000000004,-0.9107148217674305
2012-12-17,113.08939361572266,16.34000015258789,2.8999999999999995,-1.1195965833955228
2012-12-18,114.34799194335938,15.56999969482422,2.92,-1.2318097407515494
2012-12-19,113.49844360351562,17.360000610351562,2.89,-0.7728714449306434
2012-12-20,114.15129852294922,17.670000076293945,2.89,-0.7797566081479358
2012-12-21,113.11514282226562,17.84000015258789,2.86,-0.6915106295890115
2012-12-24,112.76659393310548,17.84000015258789,2.8600000000000003,-0.5162919723221251
2012-12-26,112.2912826538086,19.479999542236328,2.87,-0.26183618516496004
2012-12-27,112.14078521728516,19.46999931335449,2.84,-0.3509754887857512
2012-12-28,110.92874908447266,22.71999931335449,2.85,0.2775307399432844
2012-12-31,112.8141098022461,18.020000457763672,2.85,-0.4473213265339801
2013-01-02,115.70552825927734,14.68000030517578,2.85,-1.1326820831855986
2013-01-03,115.44416809082033,14.5600004196167,2.84,-1.188410611326769
2013-01-04,115.95115661621094,13.829999923706056,2.8100000000000005,-1.390013933722858
2013-01-07,115.63426971435548,13.789999961853027,2.8,-1.35560747125242
2013-01-08,115.3015594482422,13.619999885559082,2.8100000000000005,-1.2844269984342307
2013-01-09,115.59465789794922,13.8100004196167,2.8100000000000005,-1.2436740258405146
2013-01-10,116.51364135742188,13.489999771118164,2.8,-1.370780886530938
2013-01-11,116.50567626953124,13.359999656677246,2.8000000000000007,-1.3042936887444976
2013-01-14,116.42650604248048,13.520000457763672,2.8000000000000007,-1.261172378749045
2013-01-15,116.50567626953124,13.550000190734863,2.81,-1.3013050027952575
2013-01-16,116.48982238769533,13.420000076293944,2.84,-1.2953655376109119
2013-01-17,117.2423858642578,13.56999969482422,2.8400000000000007,-1.212558614883007
2013-01-18,117.50381469726562,12.460000038146973,2.8200000000000003,-1.2930597313521819
2013-01-22,118.13755798339844,12.43000030517578,2.8199999999999994,-1.424498030876176
2013-01-23,118.32766723632812,12.460000038146973,2.83,-1.3510935918786895
2013-01-24,118.35940551757812,12.6899995803833,2.8200000000000003,-1.4345703047574012
2013-01-25,119.02478790283205,12.890000343322754,2.82,-1.4953871135469186
2013-01-28,118.88224029541016,13.56999969482422,2.8200000000000003,-1.4329350734429813
2013-01-29,119.34957885742188,13.3100004196167,2.81,-1.5326306670134182
2013-01-30,118.88224029541016,14.31999969482422,2.8400000000000003,-1.4214460563728897
2013-01-31,118.5890884399414,14.279999732971191,2.82,-1.235596213458465
2013-02-01,119.8090591430664,12.899999618530272,2.84,-1.204703319526004
2013-02-04,118.46232604980467,14.670000076293944,2.85,-0.8616684762386008
2013-02-05,119.65856170654295,13.720000267028809,2.85,-1.0368328356807195
2013-02-06,119.74565887451172,13.40999984741211,2.8600000000000003,-1.0899506958371927
2013-02-07,119.58727264404295,13.5,2.85,-1.106675595380811
2013-02-08,120.25270080566406,13.020000457763672,2.8599999999999994,-1.1761807735522678
2013-02-11,120.22889709472656,12.9399995803833,2.84,-1.1241060003434293
2013-02-12,120.42696380615234,12.640000343322754,2.85,-1.1565972180581048
2013-02-13,120.52997589111328,12.979999542236328,2.84,-1.140794144947492
2013-02-14,120.6408462524414,12.65999984741211,2.85,-1.1589704847574946
2013-02-15,120.49822998046876,12.460000038146973,2.8500000000000005,-1.1641346661876903
2013-02-19,121.40135192871094,12.3100004196167,2.86,-1.1698468307838203
2013-02-20,119.88825225830078,14.68000030517578,2.87,-0.7000895255056311
2013-02-21,119.15950012207033,15.220000267028809,2.87,-0.5077843891190851
2013-02-22,120.32395935058594,14.170000076293944,2.87,-0.7187806034153875
2013-02-25,118.03461456298828,18.989999771118164,2.89,0.10504768693713958
2013-02-26,118.84265899658205,16.8700008392334,2.9000000000000004,-0.14619257039152783
2013-02-27,120.33983612060548,14.729999542236328,2.8999999999999995,-0.5496733359473404
2013-02-28,120.10210418701172,15.510000228881836,2.890000000000001,-0.4062379567238572
2013-03-01,120.49822998046876,15.359999656677246,2.8999999999999995,-0.48417272596987787
2013-03-04,121.13990783691406,14.010000228881836,2.9000000000000004,-0.728896150019206
2013-03-05,122.2251434326172,13.479999542236328,2.9,-0.7747277950494355
2013-03-06,122.39152526855467,13.529999732971191,2.89,-0.9212970119996616
2013-03-07,122.61338806152344,13.0600004196167,2.89,-0.8817259359996458
2013-03-08,123.13619995117188,12.59000015258789,2.8800000000000003,-0.9869766762904318
2013-03-11,123.60356903076172,11.5600004196167,2.870000000000001,-1.1744151090184387
2013-03-12,123.32635498046876,12.270000457763672,2.870000000000001,-0.9942427388736359
2013-03-13,123.5006332397461,11.829999923706056,2.85,-1.0876456474053962
2013-03-14,124.15813446044922,11.300000190734863,2.88,-1.1339253189666423
2013-03-15,123.99422454833984,11.300000190734863,2.890000000000001,-1.0852762387933865
2013-03-18,123.3098373413086,13.359999656677246,2.91,-0.7393896311835042
2013-03-19,123.02344512939452,14.390000343322754,2.9000000000000004,-0.6218322710257854
2013-03-20,123.88278198242188,12.670000076293944,2.9000000000000004,-0.8126142331700441
2013-03-21,122.82447052001952,13.989999771118164,2.8999999999999995,-0.7034072821518603
2013-03-22,123.8111572265625,13.56999969482422,2.9000000000000004,-0.9075513813854719
2013-03-25,123.2939910888672,13.739999771118164,2.91,-0.7144743615428807
2013-03-26,124.28065490722656,12.770000457763672,2.91,-1.1286014738210453
2013-03-27,124.28065490722656,13.149999618530272,2.93,-0.9711225936661846
2013-03-28,124.66260528564452,12.699999809265137,2.96,-0.8658010423023025
2013-04-01,124.16925048828124,13.579999923706056,2.91,-0.8202962441670062
2013-04-02,124.78194427490234,12.779999732971191,2.91,-0.926135571430856
2013-04-03,123.51676940917967,14.210000038146973,2.91,-0.5898949747443685
2013-04-04,124.0180206298828,13.890000343322754,2.88,-0.6178905874156634
2013-04-05,123.4610595703125,13.920000076293944,2.8200000000000003,-0.641799048571607
2013-04-08,124.29657745361328,13.1899995803833,2.8200000000000003,-0.7748569472175578
2013-04-09,124.72623443603516,12.84000015258789,2.8199999999999994,-0.8018686554505043
2013-04-10,126.2540283203125,12.359999656677246,2.83,-0.9280730164073109
2013-04-11,126.66773986816406,12.239999771118164,2.84,-0.9817109103963308
2013-04-12,126.3574447631836,12.0600004196167,2.8200000000000003,-0.9822788451413192
2013-04-15,123.42926025390624,17.270000457763672,2.8200000000000003,-0.08423996835757941
2013-04-16,125.25138854980467,13.960000038146973,2.81,-0.6358725359325684
2013-04-17,123.42134857177734,16.510000228881836,2.81,-0.2483473448708126
2013-04-18,122.6494598388672,17.559999465942383,2.8,-0.09937313372089274
2013-04-19,123.7156753540039,14.970000267028809,2.81,-0.38533475402181355
2013-04-22,124.26473236083984,14.390000343322754,2.8200000000000003,-0.5720911366942018
2013-04-23,125.54578399658205,13.479999542236328,2.8,-0.7228861624583902
2013-04-24,125.6253890991211,13.609999656677246,2.8000000000000003,-0.7551013580019887
2013-04-25,126.1346206665039,13.619999885559082,2.81,-0.6888993326544283
2013-04-26,125.91184997558594,13.609999656677246,2.81,-0.6639802099415953
2013-04-29,126.75528717041016,13.710000038146973,2.8199999999999994,-0.6717957943868096
2013-04-30,127.05763244628906,13.520000457763672,2.83,-0.7431795281180781
2013-05-01,125.94365692138672,14.489999771118164,2.8200000000000003,-0.4924314912346479
2013-05-02,127.11335754394533,13.59000015258789,2.81,-0.8205361323483261
2013-05-03,128.40235900878906,12.850000381469728,2.8199999999999994,-0.9495594685015399
2013-05-06,128.72862243652344,12.65999984741211,2.83,-1.0288897627838578
2013-05-07,129.3810577392578,12.829999923706056,2.8199999999999994,-0.9981148110926998
2013-05-08,129.9699249267578,12.65999984741211,2.8000000000000003,-1.051407770557027
2013-05-09,129.6038818359375,13.130000114440918,2.82,-0.7914943259178453
2013-05-10,130.02560424804688,12.59000015258789,2.82,-0.8434435880613611
2013-05-13,130.1290283203125,12.550000190734863,2.8100000000000005,-0.892399474626703
2013-05-14,131.47384643554688,12.770000457763672,2.81,-1.2505249029488936
2013-05-15,132.1820068359375,12.8100004196167,2.82,-1.1121450390770276
2013-05-16,131.56130981445312,13.06999969482422,2.81,-1.2062028354119356
2013-05-17,132.83441162109375,12.449999809265137,2.81,-1.4510701446928111
2013-05-20,132.82644653320312,13.020000457763672,2.8,-1.2871805886678505
2013-05-21,133.01747131347656,13.369999885559082,2.81,-1.1894504973389544
2013-05-22,132.03077697753906,13.81999969482422,2.78,-0.9727429144315686
2013-05-23,131.64881896972656,14.06999969482422,2.77,-0.9135796173966669
2013-05-24,131.53746032714844,13.989999771118164,2.75,-0.8892367333012569
2013-05-28,132.32518005371094,14.479999542236328,2.73,-0.9454349711192572
2013-05-29,131.46578979492188,14.829999923706056,2.75,-0.7126496910345059
2013-05-30,131.951171875,14.529999732971191,2.7700000000000005,-0.7267787923768063
2013-05-31,130.0574493408203,16.299999237060547,2.79,-0.41149067794347527
2013-06-03,130.77359008789062,16.280000686645508,2.8200000000000003,-0.31682266464039555
2013-06-04,130.14503479003906,16.270000457763672,2.86,-0.06945657077102724
2013-06-05,128.3227996826172,17.5,2.89,0.34237922908651064
2013-06-06,129.48451232910156,16.6299991607666,2.88,0.1921563637524006
2013-06-07,131.1316375732422,15.140000343322754,2.89,-0.0730520280268069
2013-06-10,131.1316375732422,15.4399995803833,2.89,-0.05666793456361111
2013-06-11,129.77894592285156,17.06999969482422,2.91,0.38966547518147054
2013-06-12,128.70477294921875,18.59000015258789,2.91,0.7348142785182197
2013-06-13,130.6621551513672,16.40999984741211,2.9200000000000004,0.3850325673124481
2013-06-14,129.8426055908203,17.149999618530273,2.93,0.6750443781923715
2013-06-17,130.84521484375,16.799999237060547,2.93,0.47137992106197407
2013-06-18,131.87962341308594,16.610000610351562,2.92,0.4632053791108757
2013-06-19,130.0574493408203,16.639999389648438,2.87,0.5719393930607793
2013-06-20,126.8348617553711,20.489999771118164,2.93,1.6217674553387627
2013-06-21,127.24202728271484,18.89999961853028,2.87,1.116938801689429
2013-06-24,125.63419342041016,20.11000061035156,2.86,1.4022537607583303
2013-06-25,126.842041015625,18.46999931335449,2.8800000000000003,1.034759155327728
2013-06-26,128.09793090820312,17.209999084472656,2.890000000000001,0.8054334003156646
2013-06-27,128.84982299804688,16.860000610351562,2.92,0.6491622641570126
2013-06-28,128.32186889648438,16.860000610351562,2.83,0.5887336262419206
2013-07-01,129.0738067626953,16.3700008392334,2.83,0.264323801325547
2013-07-02,128.9538116455078,16.440000534057617,2.81,0.3222422542781261
2013-07-03,129.00982666015625,16.200000762939453,2.8000000000000003,0.20377200637052958
2013-07-05,130.4016876220703,14.890000343322754,2.77,-0.37177734370511545
2013-07-08,131.1455841064453,14.779999732971191,2.7900000000000005,-0.3107271456881675
2013-07-09,132.08946228027344,14.350000381469728,2.78,-0.33050703063362447
2013-07-10,132.1374969482422,14.210000038146973,2.75,-0.4147918872828271
2013-07-11,133.937255859375,14.010000228881836,2.77,-0.7150458241958212
2013-07-12,133.99325561523438,13.84000015258789,2.77,-0.8541658621646425
2013-07-15,134.50521850585938,13.789999961853027,2.76,-0.7304768895109769
2013-07-16,134.0012664794922,14.420000076293944,2.74,-0.6964125048660158
2013-07-17,134.34521484375,13.779999732971191,2.74,-0.7319921603070876
2013-07-18,135.08116149902344,13.770000457763672,2.75,-0.6799103405795098
2013-07-19,135.3211212158203,12.539999961853027,2.74,-1.1050549674795336
2013-07-22,135.5851287841797,12.289999961853027,2.71,-1.561794382236947
2013-07-23,135.29710388183594,12.65999984741211,2.7000000000000006,-1.4392120393965036
2013-07-24,134.8011474609375,13.18000030517578,2.6700000000000004,-1.5291029592581291
2013-07-25,135.12913513183594,12.970000267028809,2.69,-1.4142434644662607
2013-07-26,135.27310180664062,12.720000267028809,2.67,-1.3757893678556972
2013-07-29,134.85720825195312,13.390000343322754,2.69,-1.0998975277058218
2013-07-30,134.85720825195312,13.390000343322754,2.68,-1.1698682970325995
2013-07-31,134.9532012939453,13.449999809265137,2.68,-1.0894597967917823
2013-08-01,136.51303100585938,12.9399995803833,2.66,-1.3754362922241772
2013-08-02,136.74496459960938,11.979999542236328,2.68,-1.501319024247347
2013-08-05,136.54493713378906,11.84000015258789,2.7,-1.315432851395843
2013-08-06,135.76905822753906,12.720000267028809,2.6900000000000004,-1.0400544623030452
2013-08-07,135.32916259765625,12.979999542236328,2.72,-0.7906044758676071
2013-08-08,135.8250732421875,12.729999542236328,2.7299999999999995,-0.8466453660740708
2013-08-09,135.43310546875,13.40999984741211,2.74,-0.5023032332607066
2013-08-12,135.27310180664062,12.8100004196167,2.72,-0.6299416677925102
2013-08-13,135.67308044433594,12.3100004196167,2.72,-0.7014759553154981
2013-08-14,134.9771270751953,13.039999961853027,2.72,-0.5594407672806755
2013-08-15,133.08941650390625,14.729999542236328,2.7,-0.12332777918922244
2013-08-16,132.6493682861328,14.369999885559082,2.7,-0.08137762834477653
2013-08-19,131.801513671875,15.100000381469728,2.7,0.13417460231542186
2013-08-20,132.44943237304688,14.90999984741211,2.72,0.11237747818636638
2013-08-21,131.63348388671875,15.9399995803833,2.71,0.3005851170365171
2013-08-22,132.83340454101562,14.760000228881836,2.68,-0.13266055015652642
2013-08-23,133.28134155273438,13.979999542236328,2.6700000000000004,-0.304879837631177
2013-08-26,132.7853546142578,14.989999771118164,2.67,-0.08220285732864678
2013-08-27,130.6497039794922,16.770000457763672,2.66,0.3379430905789597
2013-08-28,131.11358642578125,16.489999771118164,2.65,0.21632389660384463
2013-08-29,131.32159423828125,16.809999465942383,2.62,0.1695217417788184
2013-08-30,130.9055633544922,17.010000228881836,2.56,0.19749509208551977
2013-09-03,131.49752807617188,16.610000610351562,2.5800000000000005,0.1506235559764737
2013-09-04,132.5854034423828,15.880000114440918,2.5500000000000003,-0.16954462689335603
2013-09-05,132.75341796875,15.770000457763672,2.5500000000000003,-0.26590722516242066
2013-09-06,132.8174285888672,15.850000381469728,2.5900000000000003,-0.17993521931982182
2013-09-09,134.0892791748047,15.630000114440918,2.6,-0.2533320213509736
2013-09-10,135.08116149902344,14.529999732971191,2.6100000000000003,-0.5260933563834335
2013-09-11,135.50502014160156,13.81999969482422,2.61,-0.696780985862799
2013-09-12,135.14512634277344,14.289999961853027,2.6100000000000003,-0.5550150870284559
2013-09-13,135.4490966796875,14.15999984741211,2.64,-0.5730993223200278
2013-09-16,136.23300170898438,14.380000114440918,2.68,-0.6449384181262794
2013-09-17,136.84092712402344,14.529999732971191,2.6700000000000004,-0.7427237616976265
2013-09-18,138.42483520507812,13.59000015258789,2.7500000000000004,-0.8671941873038409
2013-09-19,138.1927947998047,13.15999984741211,2.7200000000000006,-0.9560458833937696
2013-09-20,137.22657775878906,13.119999885559082,2.68,-1.0813036569437466
2013-09-23,136.59161376953125,14.3100004196167,2.7,-0.6489990396836094
2013-09-24,136.2700958251953,14.079999923706056,2.68,-0.6868292127496018
2013-09-25,135.876220703125,14.010000228881836,2.7,-0.6398400980610044
2013-09-26,136.39871215820312,14.0600004196167,2.72,-0.8002438389049527
2013-09-27,135.7716827392578,15.460000038146973,2.73,-0.4301603334870903
2013-09-30,135.0482940673828,16.600000381469727,2.75,-0.08460122955944345
2013-10-01,136.11740112304688,15.539999961853027,2.76,-0.35746156737578483
2013-10-02,135.98878479003906,16.600000381469727,2.7700000000000005,-0.0764271131756637
2013-10-03,134.73483276367188,17.670000076293945,2.78,0.3462621489664555
2013-10-04,135.75567626953125,16.739999771118164,2.76,0.043826143638280114
2013-10-07,134.5820770263672,19.40999984741211,2.74,0.5272759196221486
2013-10-08,133.01463317871094,20.34000015258789,2.71,0.8056693501754545
2013-10-09,133.11114501953125,19.600000381469727,2.7099999999999995,0.7424260146528466
2013-10-10,135.98069763183594,16.479999542236328,2.68,-0.09375809676345799
2013-10-11,136.85687255859375,15.720000267028809,2.68,-0.32038239389578277
2013-10-14,137.40342712402344,16.06999969482422,2.68,-0.27920743904395806
2013-10-15,136.40673828125,18.65999984741211,2.66,0.22226663782976175
2013-10-16,138.31178283691406,14.710000038146973,2.66,-0.5238562607766769
2013-10-17,139.23617553710938,13.479999542236328,2.66,-0.6589406662465559
2013-10-18,140.17666625976562,13.039999961853027,2.66,-0.8197765974456758
2013-10-21,140.18460083007812,13.15999984741211,2.6500000000000004,-0.9123017676082418
2013-10-22,140.9965057373047,13.329999923706056,2.66,-0.9643415460961045
2013-10-23,140.32127380371094,13.420000076293944,2.67,-0.8793834375373012
2013-10-24,140.7874755859375,13.199999809265137,2.68,-0.9471023517755931
2013-10-25,141.4305877685547,13.09000015258789,2.6600000000000006,-1.0413710566893346
2013-10-28,141.65562438964844,13.3100004196167,2.66,-1.0734890802074881
2013-10-29,142.41122436523438,13.40999984741211,2.69,-1.071800615477154
2013-10-30,141.703857421875,13.649999618530272,2.6800000000000006,-0.905336170137946
2013-10-31,141.3019561767578,13.75,2.65,-0.966397438323383
2013-11-01,141.63949584960938,13.279999732971191,2.64,-1.2135117342374655
2013-11-04,142.1378936767578,12.93000030517578,2.66,-1.1416469853089442
2013-11-05,141.6878204345703,13.270000457763672,2.66,-1.1441287701744953
2013-11-06,142.41122436523438,12.670000076293944,2.7,-1.303543254452715
2013-11-07,140.61070251464844,13.90999984741211,2.7,-0.9212014734747876
2013-11-08,142.50767517089844,12.899999618530272,2.69,-1.0226163546992968
2013-11-11,142.53173828125,12.529999732971191,2.69,-1.0024632784520107
2013-11-12,142.24241638183594,12.81999969482422,2.67,-0.9417542361693906
2013-11-13,143.3837432861328,12.520000457763672,2.6900000000000004,-1.1064617883230086
2013-11-14,144.0991973876953,12.369999885559082,2.72,-0.9083218021643357
2013-11-15,144.72618103027344,12.1899995803833,2.7,-0.972721968311403
2013-11-18,144.21978759765625,13.100000381469728,2.66,-0.8175373105151449
2013-11-19,143.90625,13.390000343322754,2.66,-0.7300373917910714
2013-11-20,143.45619201660156,13.399999618530272,2.67,-0.5689014035886704
2013-11-21,144.61363220214844,12.65999984741211,2.6500000000000004,-0.9268246546680053
2013-11-22,145.33706665039062,12.260000228881836,2.6500000000000004,-1.008945519740078
2013-11-25,145.1923828125,12.789999961853027,2.6499999999999995,-0.8342211100613747
2013-11-26,145.23260498046875,12.8100004196167,2.63,-0.873895630506366
2013-11-27,145.586181640625,12.979999542236328,2.63,-0.7971443424851158
2013-11-29,145.48977661132812,13.699999809265137,2.6100000000000003,-0.7934170058268393
2013-12-02,145.1119842529297,14.229999542236328,2.6,-0.7334220610261534
2013-12-03,144.48504638671875,14.550000190734863,2.6,-0.5800235514767006
2013-12-04,144.46896362304688,14.699999809265137,2.62,-0.42867337844009024
2013-12-05,143.83396911621094,15.079999923706056,2.59,-0.44140219450179635
2013-12-06,145.44158935546875,13.789999961853027,2.58,-0.7711559574120376
2013-12-09,145.81130981445312,13.489999771118164,2.57,-1.0575309284031558
2013-12-10,145.2888641357422,13.90999984741211,2.56,-0.7760933131256508
2013-12-11,143.6571044921875,15.420000076293944,2.5500000000000003,-0.3856232748451494
2013-12-12,143.1829071044922,15.539999961853027,2.53,-0.4080212543921855
2013-12-13,143.16680908203125,15.760000228881836,2.5,-0.35225347632334997
2013-12-16,144.05905151367188,16.030000686645508,2.5,-0.30879316495289183
2013-12-17,143.60084533691406,16.209999084472656,2.5,-0.16377776192490914
2013-12-18,146.05245971679688,13.800000190734863,2.5,-0.8436845347060876
2013-12-19,145.88368225097656,14.149999618530272,2.4200000000000004,-1.0414000436108168
2013-12-20,146.73223876953125,13.789999961853027,2.3799999999999994,-1.3250972650339927
2013-12-23,147.5162353515625,13.039999961853027,2.35,-1.4770333139850742
2013-12-24,147.83944702148438,12.479999542236328,2.3599999999999994,-1.4667260411984235
2013-12-26,148.59104919433594,12.329999923706056,2.37,-1.5115112831075332
2013-12-27,148.58299255371094,12.460000038146973,2.37,-1.4536279571323447
2013-12-30,148.55873107910156,13.5600004196167,2.35,-1.2456991747674617
2013-12-31,149.26185607910156,13.720000267028809,2.33,-1.3131446337156931
2014-01-02,147.83135986328125,14.229999542236328,2.34,-1.0569824931937872
2014-01-03,147.80714416503906,13.760000228881836,2.34,-1.177873874955042
2014-01-06,147.3788299560547,13.550000190734863,2.32,-1.2057662246267784
2014-01-07,148.28396606445312,12.920000076293944,2.3200000000000003,-1.4462796550662815
2014-01-08,148.3162841796875,12.869999885559082,2.3100000000000005,-1.3027732055936079
2014-01-09,148.4132537841797,12.890000343322754,2.31,-1.2469689669454898
2014-01-10,148.8173065185547,12.140000343322754,2.3200000000000003,-1.4293733304826823
2014-01-13,146.8373260498047,13.279999732971191,2.34,-1.113376837424623
2014-01-14,148.4375,12.279999732971191,2.34,-1.4844204887366779
2014-01-15,149.23760986328125,12.279999732971191,2.32,-1.58841087995662
2014-01-16,149.04364013671875,12.529999732971191,2.32,-1.41444887925723
2014-01-17,148.4132537841797,12.4399995803833,2.33,-1.3766145352342292
2014-01-21,148.8496856689453,12.869999885559082,2.3000000000000003,-1.1488495694366134
2014-01-22,148.94667053222656,12.84000015258789,2.3,-1.1625757666678211
2014-01-23,147.72630310058594,13.770000457763672,2.3200000000000003,-0.7346218902868963
2014-01-24,144.57443237304688,18.13999938964844,2.35,0.5333133273101103
2014-01-27,143.86322021484375,17.420000076293945,2.36,0.5086613146669262
2014-01-28,144.71986389160156,15.800000190734863,2.35,0.1705468663566855
2014-01-29,143.32980346679688,17.350000381469727,2.3800000000000003,0.6497955764938584
2014-01-30,144.84921264648438,17.290000915527344,2.36,0.45289343333998344
2014-01-31,144.00059509277344,18.40999984741211,2.4000000000000004,0.8790888204946397
2014-02-03,140.75982666015625,21.440000534057617,2.39,1.5688466053878873
2014-02-04,141.74583435058594,19.11000061035156,2.41,1.0522917482782266
2014-02-05,141.5680694580078,19.950000762939453,2.42,1.17924645981793
2014-02-06,143.43487548828125,17.229999542236328,2.4,0.5572815057635463
2014-02-07,145.212890625,15.289999961853027,2.42,0.10538357299201007
2014-02-10,145.4795684814453,15.260000228881836,2.42,0.08502778866614673
2014-02-11,147.0717010498047,14.510000228881836,2.39,-0.20539808877574597
2014-02-12,147.14442443847656,14.300000190734863,2.3600000000000003,-0.4731697146883951
2014-02-13,147.9040985107422,14.140000343322754,2.39,-0.3657665956233577
2014-02-14,148.72039794921875,13.56999969482422,2.38,-0.48173141854500584
2014-02-18,148.89817810058594,13.869999885559082,2.4000000000000004,-0.4198372970781297
2014-02-19,147.91220092773438,15.5,2.41,-0.08519973936343517
2014-02-20,148.78504943847656,14.789999961853027,2.390000000000001,-0.28259396077258603
2014-02-21,148.61529541015625,14.68000030517578,2.3800000000000003,-0.2935101288615038
2014-02-24,149.4396209716797,14.229999542236328,2.38,-0.5418069658866713
2014-02-25,149.383056640625,13.670000076293944,2.38,-0.9088421528793983
2014-02-26,149.39111328125,14.350000381469728,2.38,-0.8455967093035794
2014-02-27,150.17506408691406,14.039999961853027,2.36,-0.9190750818645838
2014-02-28,150.55490112304688,14.0,2.35,-1.098065112226431
2014-03-03,149.49620056152344,16.0,2.37,-0.4659702299908872
2014-03-04,151.59747314453125,14.100000381469728,2.35,-1.0933814272653557
2014-03-05,151.7349090576172,13.890000343322754,2.3599999999999994,-1.4208069943197355
2014-03-06,152.08238220214844,14.210000038146973,2.37,-1.2674658000199854
2014-03-07,152.1470489501953,14.109999656677246,2.34,-1.350510422422575
2014-03-10,152.06622314453125,14.199999809265137,2.3600000000000003,-1.1060073424845882
2014-03-11,151.31459045410156,14.800000190734863,2.37,-0.752100009661734
2014-03-12,151.3550567626953,14.470000267028809,2.3800000000000003,-0.7690844279257257
2014-03-13,149.6578826904297,16.219999313354492,2.39,-0.1573899230925769
2014-03-14,149.23760986328125,17.81999969482422,2.4,0.18849633337110436
2014-03-17,150.58726501464844,15.640000343322754,2.3999999999999995,-0.24999167204133257
2014-03-18,151.66209411621094,14.520000457763672,2.4199999999999995,-0.4334465981159403
2014-03-19,150.8539276123047,15.119999885559082,2.370000000000001,-0.33282614003960065
2014-03-20,151.7349090576172,14.520000457763672,2.34,-0.6463207495665316
2014-03-21,151.14634704589844,15.0,2.3200000000000003,-0.4704994380624444
2014-03-24,150.52133178710938,15.09000015258789,2.29,-0.466729389614503
2014-03-25,151.23561096191406,14.020000457763672,2.28,-0.6628998662460194
2014-03-26,150.14785766601562,14.93000030517578,2.28,-0.40933306255558094
2014-03-27,149.831298828125,14.619999885559082,2.26,-0.47104496098947707
2014-03-28,150.5700225830078,14.40999984741211,2.2500000000000004,-0.5188764782314554
2014-03-31,151.8038330078125,13.880000114440918,2.26,-0.662803728724756
2014-04-01,152.81039428710938,13.100000381469728,2.26,-0.9688384431394197
2014-04-02,153.3218231201172,13.09000015258789,2.2500000000000004,-0.8501993033005114
2014-04-03,153.11888122558594,13.369999885559082,2.24,-0.7820730321490181
2014-04-04,151.30870056152344,13.960000038146973,2.25,-0.4760462840623892
2014-04-07,149.63645935058594,15.56999969482422,2.24,-0.05652554199162396
2014-04-08,150.25343322753906,14.890000343322754,2.26,-0.19758128623584414
2014-04-09,151.86878967285156,13.81999969482422,2.25,-0.5953334426293159
2014-04-10,148.6786346435547,15.890000343322754,2.24,0.027698267987217456
2014-04-11,147.33929443359375,17.030000686645508,2.2300000000000004,0.1925032864470917
2014-04-14,148.5000762939453,16.110000610351562,2.22,-0.11884192294792184
2014-04-15,149.5228271484375,15.609999656677246,2.2,-0.20878070041361863
2014-04-16,151.08949279785156,14.18000030517578,2.19,-0.520341004062761
2014-04-17,151.3006134033203,13.359999656677246,2.16,-0.792101961358814
2014-04-21,151.82821655273438,13.25,2.18,-0.738659921493039
2014-04-22,152.5182342529297,13.1899995803833,2.15,-0.8916041716370007
2014-04-23,152.1610107421875,13.270000457763672,2.1499999999999995,-0.8885581373673067
2014-04-24,152.469482421875,13.31999969482422,2.14,-0.8531240904186267
2014-04-25,151.2193603515625,14.0600004196167,2.1299999999999994,-0.7122389311436393
2014-04-28,151.69833374023438,13.970000267028809,2.13,-0.7843770649830514
2014-04-29,152.404541015625,13.710000038146973,2.1500000000000004,-0.7878906346952542
2014-04-30,152.8590850830078,13.40999984741211,2.16,-0.7557769391202882
2014-05-01,152.87535095214844,13.25,2.14,-0.7307227400838338
2014-05-02,152.65621948242188,12.90999984741211,2.14,-0.7265067848365424
2014-05-05,152.94842529296875,13.289999961853027,2.1500000000000004,-0.6736728216441157
2014-05-06,151.61717224121094,13.800000190734863,2.15,-0.6135536170755285
2014-05-07,152.5100555419922,13.399999618530272,2.16,-0.8751938753774412
2014-05-08,152.34765625,13.43000030517578,2.18,-0.7703051483813055
2014-05-09,152.574951171875,12.920000076293944,2.21,-0.701428937273759
2014-05-12,154.06053161621094,12.229999542236328,2.2,-1.2227447574327985
2014-05-13,154.1985626220703,12.130000114440918,2.2100000000000004,-1.3453225800068769
2014-05-14,153.46792602539062,12.170000076293944,2.2,-1.1872325645870612
2014-05-15,152.120361328125,13.170000076293944,2.22,-0.7748241708471668
2014-05-16,152.64810180664062,12.4399995803833,2.2,-0.8502541444957075
2014-05-19,153.20819091796875,12.420000076293944,2.22,-0.8485746256095554
2014-05-20,152.24224853515625,12.960000038146973,2.23,-0.6103008170213429
2014-05-21,153.5247802734375,11.90999984741211,2.26,-0.8038318324706132
2014-05-22,153.89813232421875,12.029999732971191,2.25,-0.8545549261092202
2014-05-23,154.5150604248047,11.359999656677246,2.24,-1.0121030512954394
2014-05-27,155.46484375,11.510000228881836,2.23,-1.1805090017905717
2014-05-28,155.3511199951172,11.68000030517578,2.23,-1.0913382701023056
2014-05-29,156.15475463867188,11.56999969482422,2.24,-1.0964521709049813
2014-05-30,156.40646362304688,11.399999618530272,2.22,-1.13080683449786
2014-06-02,156.5850067138672,11.579999923706056,2.22,-1.1045690818356324
2014-06-03,156.50384521484375,11.869999885559082,2.22,-1.0575621910766058
2014-06-04,156.82044982910156,12.079999923706056,2.23,-0.9998402647812753
2014-06-05,157.84323120117188,11.68000030517578,2.24,-1.2514902802841155
2014-06-06,158.5981903076172,10.729999542236328,2.23,-1.4096886043999735
2014-06-09,158.76046752929688,11.149999618530272,2.22,-1.3665412772390007
2014-06-10,158.77674865722656,10.989999771118164,2.2099999999999995,-1.3795485296003187
2014-06-11,158.22471618652344,11.600000381469728,2.2,-1.1026341188623487
2014-06-12,157.1044921875,12.5600004196167,2.21,-0.8080399874975547
2014-06-13,157.58348083496094,12.18000030517578,2.19,-1.0013577943502139
2014-06-16,157.71334838867188,12.649999618530272,2.1700000000000004,-1.0703900006065632
2014-06-17,158.15174865722656,12.0600004196167,2.17,-1.1570278546514026
2014-06-18,159.31243896484375,10.609999656677246,2.19,-1.4215071398005348
2014-06-19,159.4910430908203,10.619999885559082,2.19,-1.5079667119420515
2014-06-20,159.8148651123047,10.850000381469728,2.2,-1.3540723191612385
2014-06-23,159.76588439941406,10.979999542236328,2.1900000000000004,-1.3083803761950392
2014-06-24,158.80343627929688,12.130000114440918,2.18,-0.9767458793622689
2014-06-25,159.52120971679688,11.59000015258789,2.18,-1.0481965515898557
2014-06-26,159.4070281982422,11.630000114440918,2.18,-1.03454337213503
2014-06-27,159.7169647216797,11.260000228881836,2.2,-1.018643098200494
2014-06-30,159.63536071777344,11.56999969482422,2.18,-0.9558919654246097
2014-07-01,160.7039031982422,11.149999618530272,2.1899999999999995,-1.085548100994674
2014-07-02,160.8670196533203,10.81999969482422,2.2,-1.1424866647512713
2014-07-03,161.658203125,10.31999969482422,2.2100000000000004,-1.2484057817130885
2014-07-07,161.09539794921875,11.329999923706056,2.18,-0.9597581599373407
2014-07-08,160.05953979492188,11.979999542236328,2.18,-0.6779247315377521
2014-07-09,160.7772674560547,11.649999618530272,2.1700000000000004,-0.7957221544223408
2014-07-10,160.14108276367188,12.59000015258789,2.2,-0.5154011746201617
2014-07-11,160.36129760742188,12.079999923706056,2.2000000000000006,-0.670134637998811
2014-07-14,161.16880798339844,11.81999969482422,2.21,-0.8668531891766921
2014-07-15,160.8670196533203,11.960000038146973,2.2,-0.7843977319120129
2014-07-16,161.46241760253906,11.0,2.1900000000000004,-1.008046794418089
2014-07-17,159.62725830078125,14.539999961853027,2.22,-0.12356769949220718
2014-07-18,161.258544921875,12.0600004196167,2.2,-0.6356167130768676
2014-07-21,160.9567413330078,12.8100004196167,2.1899999999999995,-0.4728442172885626
2014-07-22,161.658203125,12.239999771118164,2.19,-0.6052988620589955
2014-07-23,162.01708984375,11.520000457763672,2.2,-0.7519958238342134
2014-07-24,162.02520751953125,11.84000015258789,2.2,-0.7799454122607253
2014-07-25,161.2666778564453,12.6899995803833,2.19,-0.511998979479713
2014-07-28,161.3319091796875,12.5600004196167,2.1900000000000004,-0.5502923985924778
2014-07-29,160.638671875,13.279999732971191,2.18,-0.3473765561756225
2014-07-30,160.66310119628906,13.329999923706056,2.1700000000000004,-0.36301953916477786
2014-07-31,157.49034118652344,16.950000762939453,2.17,0.6613415884370939
2014-08-01,157.00909423828125,17.030000686645508,2.23,0.8233831804303294
2014-08-04,158.142822265625,15.119999885559082,2.24,0.4656208004719211
2014-08-05,156.60939025878906,16.8700008392334,2.25,0.8739301252649966
2014-08-06,156.65834045410156,16.3700008392334,2.26,0.6985644821355823
2014-08-07,155.8101043701172,16.65999984741211,2.28,0.9144390261078731
2014-08-08,157.61268615722656,15.770000457763672,2.27,0.5171002720150754
2014-08-11,158.06942749023438,14.229999542236328,2.28,0.24092145993687353
2014-08-12,157.84918212890625,14.130000114440918,2.29,0.3286891918150115
2014-08-13,158.9176025390625,12.899999618530272,2.31,0.025247867793049234
2014-08-14,159.66806030273438,12.420000076293944,2.2900000000000005,-0.1062770406617124
2014-08-15,159.63536071777344,13.149999618530272,2.29,-0.13616028520929677
2014-08-18,160.9730682373047,12.31999969482422,2.31,-0.21719556422296948
2014-08-19,161.8131103515625,12.210000038146973,2.3300000000000005,-0.2978142296318222
2014-08-20,162.2454071044922,11.779999732971191,2.3000000000000003,-0.39230076290815646
2014-08-21,162.71853637695312,11.760000228881836,2.28,-0.4325762879103688
2014-08-22,162.46559143066406,11.470000267028809,2.26,-0.48596336551606995
2014-08-25,163.28944396972656,11.699999809265137,2.25,-0.5983712345143112
2014-08-26,163.39547729492188,11.630000114440918,2.26,-0.5905906263205819
2014-08-27,163.3302459716797,11.779999732971191,2.24,-0.6498927368039974
2014-08-28,163.24046325683594,12.050000190734863,2.2300000000000004,-0.6029093866344931
2014-08-29,163.70541381835938,12.09000015258789,2.23,-0.9347477591660275
2014-09-02,163.62384033203125,12.25,2.25,-0.9051987783760312
2014-09-03,163.53414916992188,12.359999656677246,2.24,-0.7779190316794917
2014-09-04,163.297607421875,12.640000343322754,2.25,-0.8365649005530252
2014-09-05,164.03167724609375,12.09000015258789,2.29,-0.9234400115883106
2014-09-08,163.60752868652344,12.65999984741211,2.26,-0.9144348228398851
2014-09-09,162.57174682617188,13.5,2.25,-0.49358669843445496
2014-09-10,163.1833953857422,12.880000114440918,2.26,-0.5928954307924129
2014-09-11,163.37094116210938,12.800000190734863,2.25,-0.6595560164793892
2014-09-12,162.41673278808594,13.3100004196167,2.27,-0.33177078700682644
2014-09-15,162.2943572998047,14.119999885559082,2.28,-0.0828549267743559
2014-09-16,163.51785278320312,12.729999542236328,2.3000000000000003,-0.40913269773906563
2014-09-17,163.73805236816406,12.649999618530272,2.29,-0.3279191767155351
2014-09-18,164.61077880859375,12.029999732971191,2.28,-0.4535090977873113
2014-09-19,164.46243286132812,12.109999656677246,2.26,-0.41786728274210255
2014-09-22,163.1923065185547,13.6899995803833,2.27,0.04390221391821181
2014-09-23,162.2581787109375,14.93000030517578,2.26,0.30684870466268493
2014-09-24,163.52828979492188,13.270000457763672,2.27,-0.007588295862354433
2014-09-25,160.88963317871094,15.640000343322754,2.27,0.6671901411710426
2014-09-26,162.16799926757812,14.850000381469728,2.27,0.39869236143465
2014-09-29,161.8730010986328,15.979999542236328,2.27,0.6133990455391504
2014-09-30,161.44692993164062,16.309999465942383,2.29,0.7900956655544703
2014-10-01,159.25900268554688,16.709999084472656,2.3100000000000005,1.09442600801441
2014-10-02,159.2835235595703,16.15999984741211,2.32,1.0004473104020422
2014-10-03,161.03726196289062,14.550000190734863,2.29,0.4742061834013221
2014-10-06,160.84872436523438,15.460000038146973,2.3000000000000003,0.739799775553753
2014-10-07,158.3657989501953,17.200000762939453,2.3000000000000003,1.2354621668230699
2014-10-08,161.1355438232422,15.109999656677246,2.32,0.5595665760184596
2014-10-09,157.93968200683594,18.76000022888184,2.34,1.6256875841257667
2014-10-10,156.13682556152344,21.239999771118164,2.36,2.3053132546058124
2014-10-13,153.572021484375,24.63999938964844,2.36,3.0053935768851616
2014-10-14,153.80967712402344,22.790000915527344,2.39,2.5855749696962187
2014-10-15,152.76901245117188,25.270000457763672,2.44,3.205958318793947
2014-10-16,152.6378631591797,25.200000762939453,2.47,3.1711989753835983
2014-10-17,154.440673828125,21.989999771118164,2.44,2.4367591598626355
2014-10-20,155.9402313232422,18.56999969482422,2.45,1.786646837546155
2014-10-21,159.02951049804688,16.079999923706055,2.43,1.0265384315912873
2014-10-22,157.89874267578125,17.8700008392334,2.42,1.2715338634271554
2014-10-23,159.7342529296875,16.530000686645508,2.42,1.0290300208694054
2014-10-24,160.9634552001953,16.110000610351562,2.43,0.682358636465007
2014-10-27,160.74217224121094,16.040000915527344,2.44,0.8161448856928549
2014-10-28,162.58592224121094,14.390000343322754,2.4300000000000006,0.3914477960916489
2014-10-29,162.34005737304688,15.149999618530272,2.3600000000000003,0.32438439809724906
2014-10-30,163.38076782226562,14.520000457763672,2.39,0.039736901891062236
2014-10-31,165.24908447265625,14.029999732971191,2.39,-0.17803676066026877
2014-11-03,165.33926391601562,14.729999542236328,2.39,0.06444308676150266
2014-11-04,164.76568603515625,14.890000343322754,2.39,0.11889008786952432
2014-11-05,165.80633544921875,14.170000076293944,2.39,-0.28000455557656406
2014-11-06,166.4700927734375,13.670000076293944,2.4,-0.13800097000054956
2014-11-07,166.6257781982422,13.119999885559082,2.43,-0.4332476531571321
2014-11-10,167.1502227783203,12.670000076293944,2.41,-0.7479195946989461
2014-11-11,167.3141326904297,12.920000076293944,2.41,-0.952330289534275
2014-11-12,167.1338348388672,13.020000457763672,2.43,-0.8235789848650853
2014-11-13,167.32228088378906,13.789999961853027,2.47,-0.69829644139727
2014-11-14,167.36329650878906,13.3100004196167,2.48,-0.7272336467627148
2014-11-17,167.4698028564453,13.989999771118164,2.49,-0.4225364481204737
2014-11-18,168.43679809570312,13.859999656677246,2.52,-0.28363637964935
2014-11-19,168.1663055419922,13.960000038146973,2.51,-0.0018716922829509948
2014-11-20,168.4613494873047,13.579999923706056,2.5200000000000005,-0.12945934436978512
2014-11-21,169.3627166748047,12.899999618530272,2.49,-0.21467780548199586
2014-11-24,169.83799743652344,12.619999885559082,2.5,-0.15115756286827606
2014-11-25,169.715087890625,12.25,2.4600000000000004,-0.31747053929046937
2014-11-26,170.14935302734375,12.06999969482422,2.47,-0.18987996798281212
2014-11-28,169.78884887695312,13.329999923706056,2.52,0.15471859614523842
2014-12-01,168.6088104248047,14.15999984741211,2.54,0.5050067499150641
2014-12-02,169.6986846923828,12.850000381469728,2.5400000000000005,0.3870161984570835
2014-12-03,170.35426330566406,12.5,2.52,0.24165086511066472
2014-12-04,170.16575622558594,12.380000114440918,2.53,0.23429731222725714
2014-12-05,170.4443817138672,11.890000343322754,2.48,0.07573352239296072
2014-12-08,169.3053436279297,14.210000038146973,2.4800000000000004,0.5372264967095344
2014-12-09,169.190673828125,15.350000381469728,2.51,0.8159193886700183
2014-12-10,166.47824096679688,18.530000686645508,2.53,1.5541340695989068
2014-12-11,167.32228088378906,20.07999992370605,2.53,1.7145036450341753
2014-12-12,164.6181640625,21.07999992370605,2.58,2.178184616125772
2014-12-15,163.48728942871094,20.420000076293945,2.56,2.093915833617537
2014-12-16,162.17617797851562,23.56999969482422,2.6,2.714979449578374
2014-12-17,165.3556671142578,19.440000534057617,2.6,1.9150995268882678
2014-12-18,169.4446563720703,16.809999465942383,2.56,1.2186411366920538
2014-12-19,170.16561889648438,16.489999771118164,2.5600000000000005,1.1016076698155557
2014-12-22,170.94842529296875,15.25,2.53,0.8066045320589167
2014-12-23,171.1791534423828,14.800000190734863,2.53,0.7882269930560103
2014-12-24,171.1956024169922,14.369999885559082,2.5,0.665456614146189
2014-12-26,171.74765014648438,14.5,2.5,0.6293738593702087
2014-12-29,171.9783477783203,15.0600004196167,2.49,0.6794444549736772
2014-12-30,171.05552673339844,15.920000076293944,2.49,0.822603687806863
2014-12-31,169.35816955566406,19.200000762939453,2.51,1.3317212209385179
2015-01-02,169.26748657226562,17.790000915527344,2.51,1.2198374286481042
2015-01-05,166.21058654785156,19.920000076293945,2.52,1.7640700179581252
2015-01-06,164.64505004882812,21.1200008392334,2.5200000000000005,1.9902566527507333
2015-01-07,166.6967315673828,19.309999465942383,2.53,1.6474509979974379
2015-01-08,169.65476989746094,17.010000228881836,2.5400000000000005,1.097288137679153
2015-01-09,168.29527282714844,17.549999237060547,2.5500000000000003,1.2668156738401308
2015-01-12,166.9768524169922,19.600000381469727,2.55,1.4101825647955304
2015-01-13,166.50721740722656,20.559999465942383,2.55,1.602139216741711
2015-01-14,165.50198364257812,21.479999542236328,2.58,1.6591381021745466
2015-01-15,163.98587036132812,22.38999938964844,2.65,1.9631591930554546
2015-01-16,166.136474609375,20.950000762939453,2.62,1.4267117153778373
2015-01-20,166.49070739746094,19.88999938964844,2.6099999999999994,1.4560272237012735
2015-01-21,167.3312530517578,18.850000381469727,2.59,1.4878092480874006
2015-01-22,169.81954956054688,16.399999618530273,2.5900000000000003,1.0682356081047482
2015-01-23,168.8884735107422,16.65999984741211,2.6,1.2290984014975892
2015-01-26,169.2840576171875,15.520000457763672,2.58,1.0223365686769512
2015-01-27,167.051025390625,17.219999313354492,2.59,1.3921192633169983
2015-01-28,164.9087677001953,20.440000534057617,2.5900000000000003,1.9385097426111189
2015-01-29,166.43309020996094,18.76000022888184,2.58,1.6152911726093417
2015-01-30,164.3402099609375,20.96999931335449,2.6100000000000003,2.0174872056843394
2015-02-02,166.3754425048828,19.43000030517578,2.6100000000000003,1.5741227012597339
2015-02-03,168.78135681152344,17.329999923706055,2.6100000000000003,1.1579300004933863
2015-02-04,168.1387176513672,18.32999992370605,2.6,1.0788951955171155
2015-02-05,169.83599853515625,16.850000381469727,2.6,0.6718992673073726
2015-02-06,169.3664093017578,17.290000915527344,2.55,0.7837473242151972
2015-02-09,168.60836791992188,18.549999237060547,2.53,1.1426523045368844
2015-02-10,170.40457153320312,17.229999542236328,2.53,0.7637606209452673
2015-02-11,170.50344848632812,16.959999084472656,2.53,0.6278593901048771
2015-02-12,172.14315795898438,15.34000015258789,2.54,0.3112059524970853
2015-02-13,172.85182189941406,14.6899995803833,2.5500000000000003,0.1320319628760719
2015-02-17,173.12368774414062,15.800000190734863,2.53,0.07569586737953982
2015-02-18,173.14016723632812,15.449999809265137,2.53,0.19774024807979187
2015-02-19,173.0166015625,15.289999961853027,2.53,0.21377526640645392
2015-02-20,174.05477905273438,14.300000190734863,2.5,0.01837160006864143
2015-02-23,174.03009033203125,14.5600004196167,2.48,0.18398895315859862
2015-02-24,174.52435302734375,13.6899995803833,2.49,0.006186668401056823
2015-02-25,174.3761749267578,13.84000015258789,2.49,0.062039371513306296
2015-02-26,174.17013549804688,13.90999984741211,2.44,-0.19672258835726106
2015-02-27,173.5768585205078,13.34000015258789,2.46,-0.33302597479291435
2015-03-02,174.6727294921875,13.039999961853027,2.4799999999999995,-0.2839101139531038
2015-03-03,173.95591735839844,13.859999656677246,2.46,-0.3442083927931021
2015-03-04,173.2225799560547,14.229999542236328,2.46,-0.09485149738754262
2015-03-05,173.41207885742188,14.039999961853027,2.47,0.06543740031787626
2015-03-06,170.9730987548828,15.199999809265137,2.45,0.2719750268092434
2015-03-09,171.68173217773438,15.0600004196167,2.46,0.34642711905910506
2015-03-10,168.89671325683594,16.690000534057617,2.45,0.6702168161053558
2015-03-11,168.50123596191406,16.8700008392334,2.45,0.6602659822443834
2015-03-12,170.64352416992188,15.420000076293944,2.4599999999999995,0.4890993284603917
2015-03-13,169.5971221923828,16.0,2.47,0.6572157654827204
2015-03-16,171.86300659179688,15.609999656677246,2.48,0.5884285277823459
2015-03-17,171.35223388671875,15.65999984741211,2.49,0.7023564236083025
2015-03-18,173.41207885742188,13.970000267028809,2.5500000000000007,0.5175465893067642
2015-03-19,172.62107849121094,14.06999969482422,2.5000000000000004,0.4683866872232673
2015-03-20,174.1447296142578,13.020000457763672,2.5100000000000007,0.2528666179803863
2015-03-23,173.805419921875,13.40999984741211,2.54,0.4599774625650727
2015-03-24,172.82882690429688,13.619999885559082,2.53,0.5244364451169742
2015-03-25,170.29620361328125,15.4399995803833,2.53,0.9394311322554337
2015-03-26,169.8907012939453,15.800000190734863,2.55,1.0366372044943413
2015-03-27,170.27964782714844,15.06999969482422,2.53,0.8602043561654454
2015-03-30,172.3570556640625,14.510000228881836,2.55,0.650784095870629
2015-03-31,170.8507537841797,15.289999961853027,2.5500000000000003,0.9143709917319001
2015-04-01,170.2465057373047,15.109999656677246,2.55,0.8802680423803683
2015-04-02,170.85902404785156,14.670000076293944,2.55,0.7304811529984255
2015-04-06,172.00946044921875,14.739999771118164,2.58,0.7326225825152838
2015-04-07,171.55426025390625,14.779999732971191,2.5600000000000005,0.549461168595361
2015-04-08,172.1335906982422,13.979999542236328,2.51,0.3531350597059684
2015-04-09,172.89508056640625,13.09000015258789,2.53,0.04260542636122411
2015-04-10,173.83848571777344,12.579999923706056,2.53,-0.11209068291360673
2015-04-13,173.0522918701172,13.9399995803833,2.5400000000000005,0.27497477005977716
2015-04-14,173.3833465576172,13.670000076293944,2.5400000000000005,0.14474884796793372
2015-04-15,174.16131591796875,12.84000015258789,2.54,0.157471831728505
2015-04-16,174.11167907714844,12.600000381469728,2.5500000000000003,0.11843581783127706
2015-04-17,172.10877990722656,13.890000343322754,2.53,0.5058337626662791
2015-04-20,173.68136596679688,13.300000190734863,2.5500000000000003,0.3149931094550134
2015-04-21,173.47438049316406,13.25,2.54,0.4048961286068325
2015-04-22,174.3268280029297,12.710000038146973,2.53,0.2356649567570114
2015-04-23,174.76548767089844,12.479999542236328,2.54,0.13011064559106178
2015-04-24,175.1710662841797,12.289999961853027,2.5600000000000005,-0.05923774974560869
2015-04-27,174.4427032470703,13.119999885559082,2.5400000000000005,0.012106694672305407
2015-04-28,174.99728393554688,12.40999984741211,2.55,-0.05848542289826882
2015-04-29,174.27719116210938,13.390000343322754,2.58,0.31815647537010916
2015-04-30,172.53086853027344,14.550000190734863,2.6000000000000005,0.5073993621390963
2015-05-01,174.4013214111328,12.699999809265137,2.6100000000000003,0.13990196678247102
2015-05-04,174.89791870117188,12.850000381469728,2.6099999999999994,0.16397919239975842
2015-05-05,172.89508056640625,14.3100004196167,2.62,0.572429763354377
2015-05-06,172.18328857421875,15.149999618530272,2.64,0.7265127847257826
2015-05-07,172.8701934814453,15.130000114440918,2.64,0.7118582034974944
2015-05-08,175.14617919921875,12.859999656677246,2.6499999999999995,0.36459993053674244
2015-05-11,174.31031799316406,13.850000381469728,2.6600000000000006,0.6187267724897293
2015-05-12,173.78887939453125,13.859999656677246,2.65,0.5727939876155648
2015-05-13,173.82199096679688,13.760000228881836,2.7100000000000004,0.7080523206089394
2015-05-14,175.63449096679688,12.739999771118164,2.74,0.5757349143070322
2015-05-15,175.82489013671875,12.380000114440918,2.72,0.46314905451227956
2015-05-18,176.37107849121094,12.729999542236328,2.73,0.3364748511351949
2015-05-19,176.3131866455078,12.850000381469728,2.7100000000000004,0.41527916653463653
2015-05-20,176.18910217285156,12.880000114440918,2.7300000000000004,0.44860816012592925
2015-05-21,176.70217895507812,12.109999656677246,2.7500000000000004,0.4205736959322972
2015-05-22,176.28013610839844,12.130000114440918,2.74,0.4521710164226282
2015-05-26,174.384765625,14.0600004196167,2.73,0.8017869570056732
2015-05-27,176.04006958007812,13.270000457763672,2.7099999999999995,0.4943345704644149
2015-05-28,175.84146118164062,13.3100004196167,2.75,0.6269928923613964
2015-05-29,174.7489776611328,13.84000015258789,2.72,0.6407571751693029
2015-06-01,175.10488891601562,13.970000267028809,2.7500000000000004,0.5615991604840683
2015-06-02,174.9310760498047,14.239999771118164,2.75,0.7270984649370015
2015-06-03,175.39450073242188,13.65999984741211,2.72,0.5908397994955892
2015-06-04,173.91302490234375,14.710000038146973,2.72,0.6676264625734909
2015-06-05,173.6151123046875,14.210000038146973,2.6899999999999995,0.5107848934359791
2015-06-08,172.5474090576172,15.289999961853027,2.7,0.7728751080923568
2015-06-09,172.52256774902344,14.470000267028809,2.7300000000000004,0.8892948198146788
2015-06-10,174.5917205810547,13.220000267028809,2.7,0.47005783604650353
2015-06-11,175.154541015625,12.850000381469728,2.7099999999999995,0.36301511284881044
2015-06-12,173.813720703125,13.779999732971191,2.7,0.5420946784022623
2015-06-15,173.06883239746094,15.390000343322754,2.73,0.9641223559993586
2015-06-16,174.01229858398438,14.8100004196167,2.74,0.8548919947739311
2015-06-17,174.29373168945312,14.5,2.76,0.8686727514384249
2015-06-18,176.1062774658203,13.1899995803833,2.82,0.6966036220621512
2015-06-19,175.3245086669922,13.960000038146973,2.8200000000000003,0.8214067943403195
2015-06-22,176.2227325439453,12.739999771118164,2.81,0.616818902006279
2015-06-23,176.3474884033203,12.109999656677246,2.8200000000000003,0.512221263114643
2015-06-24,175.06666564941406,13.260000228881836,2.8100000000000005,0.5758380461952376
2015-06-25,174.53443908691406,14.010000228881836,2.8000000000000003,0.790963844193223
2015-06-26,174.50119018554688,14.020000457763672,2.81,0.7909989480734793
2015-06-29,170.84182739257812,18.850000381469727,2.84,1.6040655759837936
2015-06-30,171.19944763183594,18.229999542236328,2.83,1.4938376780700466
2015-07-01,172.57168579101562,16.09000015258789,2.83,1.1147531343533925
2015-07-02,172.41371154785156,16.790000915527344,2.86,1.2897416330532547
2015-07-06,171.92298889160156,17.010000228881836,2.84,1.1962855056563733
2015-07-07,173.00416564941406,16.09000015258789,2.8400000000000003,0.9754598061736116
2015-07-08,170.10159301757812,19.65999984741211,2.87,1.5898727020397043
2015-07-09,170.40931701660156,19.96999931335449,2.8800000000000003,1.6078873330823822
2015-07-10,172.55502319335938,16.829999923706055,2.9000000000000004,1.243114102758051
2015-07-13,174.45957946777344,13.899999618530272,2.8800000000000003,0.7430662669074679
2015-07-14,175.21641540527344,13.369999885559082,2.91,0.5779676727156609
2015-07-15,175.15818786621094,13.229999542236328,2.91,0.5000989042171408
2015-07-16,176.5636749267578,12.109999656677246,2.8800000000000003,0.2649822884389521
2015-07-17,176.7134552001953,11.949999809265137,2.87,0.2273548329054238
2015-07-20,176.80490112304688,12.25,2.8600000000000003,0.3622708034164295
2015-07-21,176.10623168945312,12.220000267028809,2.87,0.36446141130627757
2015-07-22,175.7902069091797,12.119999885559082,2.85,0.3941375243047145
2015-07-23,174.80056762695312,12.640000343322754,2.85,0.5290895270339185
2015-07-24,172.98751831054688,13.739999771118164,2.87,0.7307814521382374
2015-07-27,171.98121643066406,15.600000381469728,2.9,1.0385143298788562
2015-07-28,174.09364318847656,13.4399995803833,2.91,0.632555547174682
2015-07-29,175.29122924804688,12.5,2.9000000000000004,0.14329566554568718
2015-07-30,175.3328399658203,12.130000114440918,2.8800000000000003,0.08019798402956095
2015-07-31,175.06666564941406,12.119999885559082,2.9399999999999995,0.30494719433812173
2015-08-03,174.47622680664062,12.5600004196167,2.92,0.3494809149225111
2015-08-04,174.13523864746094,13.0,2.8800000000000003,0.3153142735217979
2015-08-05,174.70909118652344,12.510000228881836,2.9,0.32628511148079853
2015-08-06,173.27857971191406,13.770000457763672,2.9200000000000004,0.40483385638365615
2015-08-07,172.94595336914062,13.390000343322754,2.91,0.3828662779515921
2015-08-10,175.12489318847656,12.229999542236328,2.93,0.27413668695310234
2015-08-11,173.5447998046875,13.710000038146973,2.94,0.7185281629208767
2015-08-12,173.75265502929688,13.609999656677246,2.97,0.7918288370581847
2015-08-13,173.53646850585938,13.489999771118164,2.98,0.7982300069709232
2015-08-14,174.16845703125,12.829999923706056,2.97,0.7439366905873133
2015-08-17,175.14154052734375,13.020000457763672,2.97,0.6995780126597643
2015-08-18,174.63424682617188,13.789999961853027,3.01,0.8964349068834018
2015-08-19,173.25367736816406,15.25,3.06,1.1977171372887276
2015-08-20,169.6358642578125,19.13999938964844,3.04,1.8551225887452822
2015-08-21,164.52943420410156,28.030000686645508,3.1000000000000005,3.3135395931817335
2015-08-24,157.6016082763672,40.7400016784668,3.140000000000001,5.138731206695223
2015-08-25,155.74700927734375,36.02000045776367,3.17,4.326830793893284
2015-08-26,161.7267303466797,30.31999969482422,3.2,3.3529422605725543
2015-08-27,165.72703552246094,26.100000381469727,3.15,2.6060526604065744
2015-08-28,165.7353515625,26.049999237060547,3.1300000000000003,2.527825177518485
2015-08-31,164.3963623046875,28.43000030517578,3.1500000000000004,2.8018114153277938
2015-09-01,159.489501953125,31.39999961853028,3.18,3.33394886211804
2015-09-02,162.51683044433594,26.09000015258789,3.17,2.5731845872135226
2015-09-03,162.63323974609375,25.61000061035156,3.1699999999999995,2.5189295826899576
2015-09-04,160.17149353027344,27.799999237060547,3.1500000000000004,2.701350877990008
2015-09-08,164.19677734375,24.89999961853028,3.16,2.166516503860374
2015-09-09,162.00111389160156,26.229999542236328,3.1,2.4159074462270893
2015-09-10,162.8827362060547,24.3700008392334,3.12,2.1198116263023765
2015-09-11,163.62290954589844,23.200000762939453,3.1099999999999994,1.9536547954746588
2015-09-14,163.01577758789062,24.25,3.1299999999999994,2.0693760457922763
2015-09-15,165.05337524414062,22.540000915527344,3.1600000000000006,1.8698280426429932
2015-09-16,166.48382568359375,21.350000381469727,3.1500000000000004,1.711664131240921
2015-09-17,166.109619140625,21.13999938964844,3.18,1.7150882910736245
2015-09-18,163.39515686035156,22.280000686645508,3.1500000000000004,1.8237004001550092
2015-09-21,164.23953247070312,20.13999938964844,3.1899999999999995,1.4410028860054964
2015-09-22,162.10769653320312,22.440000534057617,3.15,1.371580263774769
2015-09-23,161.8485870361328,22.1299991607666,3.1499999999999995,0.9097155691189616
2015-09-24,161.26333618164062,23.46999931335449,3.16,0.9306854009836986
2015-09-25,161.22154235839844,23.6200008392334,3.1900000000000004,1.3651750970984258
2015-09-28,157.1753387451172,27.6299991607666,3.2099999999999995,2.176965527418225
2015-09-29,157.26730346679688,26.82999992370605,3.26,2.1541443059171246
2015-09-30,160.20166015625,24.5,3.29,1.738739793577597
2015-10-01,160.61961364746094,22.549999237060547,3.3100000000000005,1.2751291512491478
2015-10-02,163.0189666748047,20.940000534057617,3.34,1.222594326981939
2015-10-05,165.91981506347656,19.540000915527344,3.3300000000000005,0.9174987287016828
2015-10-06,165.35133361816406,19.39999961853028,3.3200000000000003,0.7577042779197888
2015-10-07,166.70562744140625,18.39999961853028,3.27,0.7773660748484416
2015-10-08,168.21043395996094,17.420000076293945,3.28,0.47802274608494616
2015-10-09,168.31077575683594,17.079999923706055,3.26,0.46874844047563685
2015-10-12,168.4696044921875,16.170000076293945,3.26,0.4331021512536348
2015-10-13,167.4078826904297,17.670000076293945,3.28,0.5909139574377396
2015-10-14,166.60536193847656,18.030000686645508,3.31,0.829264536820313
2015-10-15,169.1634979248047,16.049999237060547,3.29,0.5813605177203179
2015-10-16,169.9326171875,15.050000190734863,3.28,0.4172063460497439
2015-10-19,170.0161895751953,14.979999542236328,3.3,0.25053691605297895
2015-10-20,169.79884338378906,15.75,3.29,0.35948080421343825
2015-10-21,168.74551391601562,16.700000762939453,3.28,0.33816583665715916
2015-10-22,171.5962371826172,14.449999809265137,3.26,-0.06386261099078361
2015-10-23,173.47720336914062,14.460000038146973,3.2300000000000004,-0.2622378492614845
2015-10-26,173.05087280273438,15.289999961853027,3.22,-0.18322239601163778
2015-10-27,172.7165069580078,15.43000030517578,3.25,-0.39333559387565176
2015-10-28,174.68104553222656,14.329999923706056,3.2,-0.6442797599387432
2015-10-29,174.58074951171875,14.609999656677246,3.2100000000000004,-0.3845333576659627
2015-10-30,173.8282928466797,15.06999969482422,3.1899999999999995,-0.29262905949031204
2015-11-02,175.8848876953125,14.149999618530272,3.18,-0.33840384822304787
2015-11-03,176.3948211669922,14.539999961853027,3.19,-0.14336695217260295
2015-11-04,175.8598175048828,15.510000228881836,3.16,-0.11129810041801831
2015-11-05,175.68421936035156,15.050000190734863,3.1800000000000006,-0.02986539278386191
2015-11-06,175.59225463867188,14.329999923706056,3.17,-0.005587583888399121
2015-11-09,173.95370483398438,16.520000457763672,3.15,0.23032709406424798
2015-11-10,174.35501098632812,15.289999961853027,3.18,0.1538087935220982
2015-11-11,173.66954040527344,16.059999465942383,3.18,0.18061116949221576
2015-11-12,171.24510192871094,18.3700008392334,3.19,0.45006249913622853
2015-11-13,169.32229614257812,20.07999992370605,3.2000000000000006,0.8441215934366402
2015-11-16,171.89720153808594,18.15999984741211,3.24,0.6318957865907854
2015-11-17,171.77178955078125,18.84000015258789,3.2300000000000004,0.6729635156308921
2015-11-18,174.49713134765625,16.850000381469727,3.2100000000000004,0.31198733401230105
2015-11-19,174.3466339111328,16.989999771118164,3.2,0.2442365807936471
2015-11-20,174.98199462890625,15.470000267028809,3.2,0.2598532685289931
2015-11-23,174.7813720703125,15.619999885559082,3.1900000000000004,0.37789873533651286
2015-11-24,175.0154571533203,15.93000030517578,3.2,0.3660801041153557
2015-11-25,174.99041748046875,15.1899995803833,3.2100000000000004,0.2950873152575659
2015-11-27,175.19100952148438,15.119999885559082,3.22,0.40189270083193573
2015-11-30,174.4636993408203,16.1299991607666,3.2,0.4863241830087946
2015-12-01,176.12730407714844,14.670000076293944,3.2100000000000004,0.23229429906729515
2015-12-02,174.32994079589844,15.90999984741211,3.1699999999999995,0.5092426572914202
2015-12-03,171.88882446289062,18.11000061035156,3.18,0.8612460044019917
2015-12-04,175.2411651611328,14.8100004196167,3.15,0.33115181709770347
2015-12-07,174.17945861816406,15.84000015258789,3.15,0.4585686540180752
2015-12-08,173.00906372070312,17.600000381469727,3.1899999999999995,0.7007134114064085
2015-12-09,171.6631317138672,19.61000061035156,3.18,0.8218010400099525
2015-12-10,172.10617065429688,19.34000015258789,3.1899999999999995,0.8036745317319545
2015-12-11,168.77059936523438,24.38999938964844,3.24,1.4098172362350414
2015-12-14,169.62327575683594,22.729999542236328,3.23,1.061544521448188
2015-12-15,171.40394592285156,20.950000762939453,3.2100000000000004,0.6657665157699479
2015-12-16,173.9119110107422,17.860000610351562,3.21,0.4328422702425398
2015-12-17,171.26182556152344,18.940000534057617,3.21,0.6725303293339312
2015-12-18,168.21078491210938,20.700000762939453,3.2500000000000004,1.2035262604747285
2015-12-21,169.59840393066406,18.700000762939453,3.27,0.9707119152433187
2015-12-22,171.13735961914062,16.600000381469727,3.26,0.7348972258272731
2015-12-23,173.2566375732422,15.56999969482422,3.26,0.5091077321049313
2015-12-24,172.97071838378906,15.739999771118164,3.22,0.5025056236586113
2015-12-28,172.575439453125,16.90999984741211,3.21,0.5986304313050271
2015-12-29,174.41717529296875,16.079999923706055,3.22,0.4418546885057668
2015-12-30,173.18092346191406,17.290000915527344,3.23,0.5732001460715582
2015-12-31,171.44851684570312,18.209999084472656,3.23,0.8429928193357744
2016-01-04,169.0518035888672,20.700000762939453,3.24,1.0803737537948506
2016-01-05,169.33775329589844,19.34000015258789,3.25,0.81789893273052
2016-01-06,167.2016143798828,20.59000015258789,3.26,1.2503684137347892
2016-01-07,163.19021606445312,24.989999771118164,3.28,1.787751688987182
2016-01-08,161.39892578125,27.01000022888184,3.3100000000000005,2.0019145328777186
2016-01-11,161.5587158203125,24.299999237060547,3.3,1.6751126723159926
2016-01-12,162.86221313476562,22.46999931335449,3.29,1.4574453007373283
2016-01-13,158.8003387451172,25.21999931335449,3.28,1.6955970831934841
2016-01-14,161.40731811523438,23.950000762939453,3.36,1.568980915960424
2016-01-15,157.94256591796875,27.020000457763672,3.3800000000000003,2.1126670687521125
2016-01-19,158.15277099609375,26.049999237060547,3.35,2.103589594844219
2016-01-20,156.1260528564453,27.59000015258789,3.4000000000000004,2.2231933864653253
2016-01-21,157.00067138671875,26.690000534057617,3.45,1.971379011158308
2016-01-22,160.22161865234375,22.34000015258789,3.4200000000000004,1.4937175644280087
2016-01-25,157.79962158203125,24.14999961853028,3.44,1.850650566748847
2016-01-26,159.95249938964844,22.5,3.46,1.7239692652036995
2016-01-27,158.211669921875,23.11000061035156,3.4600000000000004,1.829763632635478
2016-01-28,159.0358428955078,22.420000076293945,3.4800000000000004,1.7188009715257844
2016-01-29,162.91262817382812,20.200000762939453,3.48,1.4314207109101418
2016-02-01,162.8538055419922,19.979999542236328,3.49,1.3571955159249345
2016-02-02,159.9187774658203,21.979999542236328,3.49,1.5605113551140664
2016-02-03,160.8775634765625,21.64999961853028,3.5200000000000005,1.3833535806743769
2016-02-04,161.12982177734375,21.84000015258789,3.53,1.3967656084012807
2016-02-05,158.06028747558594,23.3799991607666,3.52,1.5389500635935587
2016-02-08,155.9325714111328,26.0,3.53,1.626641810927234
2016-02-09,155.9410858154297,26.540000915527344,3.54,1.5621529920335429
2016-02-10,155.80650329589844,26.290000915527344,3.56,1.567366140150883
2016-02-11,153.77975463867188,28.13999938964844,3.63,1.9349152210836085
2016-02-12,156.95021057128906,25.39999961853028,3.6,1.29628928687091
2016-02-16,159.59925842285156,24.11000061035156,3.59,1.180076613500249
2016-02-17,162.20628356933594,22.309999465942383,3.62,0.7307979119373257
2016-02-18,161.5418701171875,21.63999938964844,3.62,0.7244204571552156
2016-02-19,161.4662628173828,20.530000686645508,3.5600000000000005,0.4608911978621542
2016-02-22,163.80410766601562,19.3799991607666,3.57,0.30293761394817453
2016-02-23,161.73533630371094,20.979999542236328,3.58,0.7232981429360619
2016-02-24,162.47537231445312,20.71999931335449,3.56,0.49300968315730015
2016-02-25,164.44320678710938,19.11000061035156,3.56,0.3917958033826916
2016-02-26,164.0648193359375,19.809999465942383,3.5600000000000005,0.3509399106976807
2016-02-29,162.77810668945312,20.549999237060547,3.55,0.5071707218148321
2016-03-01,166.60452270507812,17.700000762939453,3.54,0.3046990504006469
2016-03-02,167.3529510498047,17.09000015258789,3.5,0.16957841203167456
2016-03-03,168.0089569091797,16.700000762939453,3.47,-0.1068340469114825
2016-03-04,168.55557250976562,16.860000610351562,3.43,-0.11337257273213479
2016-03-07,168.69007873535156,17.350000381469727,3.39,-0.11552104985165405
2016-03-08,166.84840393066406,18.670000076293945,3.38,-0.11648402102834503
2016-03-09,167.672607421875,18.34000015258789,3.36,-0.3383135555898627
2016-03-10,167.8071746826172,18.049999237060547,3.3000000000000007,-0.4207174754572867
2016-03-11,170.5150146484375,16.5,3.26,-0.7246175788779582
2016-03-14,170.29638671875,16.920000076293945,3.2200000000000006,-0.8403625824282233
2016-03-15,170.01885986328125,16.84000015258789,3.1900000000000004,-0.6495905721881737
2016-03-16,171.0028076171875,14.989999771118164,3.22,-0.6334106255672389
2016-03-17,172.08763122558594,14.4399995803833,3.2,-0.5965897881582318
2016-03-18,172.76393127441406,14.020000457763672,3.17,-0.7274514131946624
2016-03-21,173.009033203125,13.789999961853027,3.1500000000000004,-0.7774040465129181
2016-03-22,172.91607666015625,14.170000076293944,3.1,-0.6691537882848997
2016-03-23,171.7749481201172,14.9399995803833,3.0700000000000003,-0.7022689902022852
2016-03-24,171.6988525390625,14.739999771118164,3.06,-0.6806317992338927
2016-03-28,171.8002166748047,15.239999771118164,3.0500000000000007,-0.5558574213348069
2016-03-29,173.3894500732422,13.81999969482422,3.0900000000000003,-0.7068390559565759
2016-03-30,174.1502227783203,13.5600004196167,3.1100000000000003,-0.8070368608242832
2016-03-31,173.72755432128906,13.949999809265137,3.12,-0.5430378800465796
2016-04-01,174.91102600097656,13.100000381469728,3.1,-0.6421130352787998
2016-04-04,174.34461975097656,14.119999885559082,3.1,-0.5107910055151398
2016-04-05,172.603271484375,15.420000076293944,3.08,-0.3341715701470771
2016-04-06,174.4883575439453,14.09000015258789,3.08,-0.5099883193049473
2016-04-07,172.400390625,16.15999984741211,3.06,-0.3851102456021365
2016-04-08,172.86544799804688,15.359999656677246,3.0700000000000003,-0.4109062946781679
2016-04-11,172.45957946777344,16.260000228881836,3.0500000000000003,-0.3503142568629141
2016-04-12,174.06570434570312,14.850000381469728,3.03,-0.4180065295380564
2016-04-13,175.82395935058594,13.84000015258789,3.01,-0.6082290868060861
2016-04-14,175.8323516845703,13.720000267028809,2.99,-0.6573124595811063
2016-04-15,175.63790893554688,13.619999885559082,2.99,-0.609187267462838
2016-04-18,176.87216186523438,13.350000381469728,2.99,-0.636365585637161
2016-04-19,177.4299774169922,13.239999771118164,2.96,-0.6764778732269446
2016-04-20,177.59902954101562,13.279999732971191,2.93,-0.7099422514317856
2016-04-21,176.64382934570312,13.949999809265137,2.91,-0.6518952397287493
2016-04-22,176.64382934570312,13.220000267028809,2.890000000000001,-0.7857523122767166
2016-04-25,176.3395233154297,14.079999923706056,2.88,-0.7329222317837344
2016-04-26,176.60162353515625,13.960000038146973,2.85,-0.7918968765230013
2016-04-27,176.965087890625,13.770000457763672,2.8600000000000003,-0.7370815013090466
2016-04-28,175.35899353027344,15.220000267028809,2.890000000000001,-0.49299281033671755
2016-04-29,174.4122314453125,15.699999809265137,2.8600000000000003,-0.4799887153096134
2016-05-02,175.79855346679688,14.68000030517578,2.8600000000000003,-0.5629406651452111
2016-05-03,174.26852416992188,15.600000381469728,2.85,-0.47341039865563284
2016-05-04,173.29644775390625,16.049999237060547,2.85,-0.48364273974640803
2016-05-05,173.26263427734375,15.90999984741211,2.8600000000000003,-0.3941541717115061
2016-05-06,173.89657592773438,14.720000267028809,2.87,-0.5930435023464721
2016-05-09,174.04026794433594,14.56999969482422,2.89,-0.5635352844623118
2016-05-10,176.20431518554688,13.630000114440918,2.89,-0.7529143345360175
2016-05-11,174.55592346191406,14.6899995803833,2.9,-0.5153719320759695
2016-05-12,174.6067352294922,14.40999984741211,2.91,-0.44542094040883423
2016-05-13,173.0851593017578,15.039999961853027,2.9000000000000004,-0.3485132696148187
2016-05-16,174.79263305664062,14.68000030517578,2.9000000000000004,-0.4644190768426208
2016-05-17,173.1612091064453,15.56999969482422,2.890000000000001,-0.2898613167207389
2016-05-18,173.21189880371094,15.949999809265137,2.87,-0.2737324358779962
2016-05-19,172.61167907714844,16.329999923706055,2.85,-0.24553828967156463
2016-05-20,173.70220947265625,15.199999809265137,2.86,-0.4066336661262897
2016-05-23,173.46551513671875,15.81999969482422,2.8600000000000003,-0.3564627113968883
2016-05-24,175.71401977539062,14.420000076293944,2.85,-0.5890634013514272
2016-05-25,176.90589904785156,13.899999618530272,2.87,-0.6411998291383042
2016-05-26,176.95657348632812,13.43000030517578,2.8600000000000003,-0.6769492345033973
2016-05-27,177.71746826171875,13.119999885559082,2.85,-0.8238585288691397
2016-05-31,177.3792724609375,14.1899995803833,2.84,-0.7937289265291062
2016-06-01,177.7427215576172,14.199999809265137,2.82,-0.7754004078990896
2016-06-02,178.28372192382812,13.630000114440918,2.83,-0.8983028178599973
2016-06-03,177.75125122070312,13.470000267028809,2.8600000000000003,-0.8884049913555631
2016-06-06,178.65573120117188,13.649999618530272,2.86,-0.9203958283550385
2016-06-07,178.93463134765625,14.050000190734863,2.8600000000000003,-0.8766836079973981
2016-06-08,179.5178680419922,14.079999923706056,2.85,-0.9103820812473575
2016-06-09,179.2728271484375,14.640000343322754,2.8500000000000005,-0.7584680046743841
2016-06-10,177.57373046875,17.030000686645508,2.8600000000000003,-0.5786637252374864
2016-06-13,176.20431518554688,20.96999931335449,2.8600000000000003,-0.24149019185337653
2016-06-14,175.8577423095703,20.5,2.88,-0.30389224833459905
2016-06-15,175.6125946044922,20.13999938964844,2.9,-0.2107306411369214
2016-06-16,176.13665771484375,19.3700008392334,2.8999999999999995,-0.3682854529477078
2016-06-17,175.48072814941406,19.40999984741211,2.89,-0.3501758600292071
2016-06-20,176.61082458496094,18.3700008392334,2.87,-0.5364435815986084
2016-06-21,177.11215209960938,18.479999542236328,2.8600000000000003,-0.5164753447257308
2016-06-22,176.82325744628906,21.170000076293945,2.86,-0.32657398307436586
2016-06-23,179.12596130371094,17.25,2.8599999999999994,-0.6054947554985759
2016-06-24,172.69363403320312,25.76000022888184,2.9799999999999995,0.5241615091764755
2016-06-27,169.6007537841797,23.850000381469727,2.96,0.4936373581005456
2016-06-28,172.65966796875,18.75,2.95,0.008076514777985988
2016-06-29,175.59970092773438,16.639999389648438,2.9000000000000004,-0.36612108828504103
2016-06-30,177.99578857421875,15.630000114440918,2.92,-0.49807730290789953
2016-07-01,178.36972045898438,14.770000457763672,2.8600000000000003,-0.6441625027443838
2016-07-05,177.08668518066406,15.579999923706056,2.83,-0.5984947060766191
2016-07-06,178.14878845214844,14.960000038146973,2.83,-0.6483025047405052
2016-07-07,178.03829956054688,14.760000228881836,2.7900000000000005,-0.7060259982268585
2016-07-08,180.6893615722656,13.199999809265137,2.78,-0.9197564905550805
2016-07-11,181.32669067382807,13.539999961853027,2.75,-0.9765117858856271
2016-07-12,182.64373779296875,13.550000190734863,2.7,-1.1840237133929643
2016-07-13,182.6182556152344,13.039999961853027,2.69,-1.2918878139511036
2016-07-14,183.637924194336,12.81999969482422,2.7,-1.3480582380666706
2016-07-15,183.39144897460932,12.670000076293944,2.66,-1.4123825210220515
2016-07-18,183.88424682617188,12.4399995803833,2.67,-1.4040489675984071
2016-07-19,183.6973114013672,11.970000267028809,2.6700000000000004,-1.4531586103018637
2016-07-20,184.4620361328125,11.770000457763672,2.66,-1.4559945322209478
2016-07-21,183.765365600586,12.739999771118164,2.68,-1.2967761377523896
2016-07-22,184.5895233154297,12.020000457763672,2.66,-1.421327341798203
2016-07-25,184.08822631835932,12.869999885559082,2.6500000000000004,-1.241046316411303
2016-07-26,184.17318725585932,13.050000190734863,2.6499999999999995,-1.5274817876883562
2016-07-27,183.977783203125,12.829999923706056,2.6700000000000004,-1.6463721439461751
2016-07-28,184.19015502929688,12.720000267028809,2.68,-1.4865126814259384
2016-07-29,184.487548828125,11.869999885559082,2.71,-1.369708526804059
2016-08-01,184.33465576171875,12.4399995803833,2.7300000000000004,-1.1802428496280621
2016-08-02,183.153549194336,13.369999885559082,2.75,-1.0148830665280482
2016-08-03,183.68885803222656,12.859999656677246,2.76,-1.1147081774484622
2016-08-04,183.88424682617188,12.420000076293944,2.76,-1.1028896804536021
2016-08-05,185.38824462890625,11.390000343322754,2.7300000000000004,-1.2837957820353152
2016-08-08,185.2777709960937,11.5,2.71,-1.1752326994519688
2016-08-09,185.38824462890625,11.65999984741211,2.7,-1.1496229604592743
2016-08-10,184.9294586181641,12.050000190734863,2.71,-1.0277281361653783
2016-08-11,185.78762817382807,11.68000030517578,2.7,-1.0991049579477308
2016-08-12,185.62619018554688,11.550000190734863,2.71,-1.0375389798124077
2016-08-15,186.1614990234375,11.8100004196167,2.7,-1.060223562106548
2016-08-16,185.2013702392578,12.640000343322754,2.7,-0.9358476869436988
2016-08-17,185.5497131347656,12.1899995803833,2.69,-0.9980438462446832
2016-08-18,185.96609497070312,11.43000030517578,2.7,-1.0156159190246365
2016-08-19,185.6941375732422,11.34000015258789,2.67,-1.0719861029249795
2016-08-22,185.68565368652344,12.270000457763672,2.6500000000000004,-0.9891413608430007
2016-08-23,186.0594787597656,12.380000114440918,2.640000000000001,-1.021677865355689
2016-08-24,185.1078643798828,13.449999809265137,2.64,-0.8999422906101359
2016-08-25,184.98043823242188,13.630000114440918,2.63,-0.8955966374478616
2016-08-26,184.63201904296875,13.649999618530272,2.63,-0.8597253212392398
2016-08-29,185.5411376953125,12.9399995803833,2.59,-0.9808663897812666
2016-08-30,185.23532104492188,13.119999885559082,2.62,-0.9107118635874997
2016-08-31,184.70846557617188,13.420000076293944,2.6100000000000003,-0.9197710210526789
2016-09-01,184.7169952392578,13.479999542236328,2.62,-0.8694347922019695
2016-09-02,185.5497131347656,11.979999542236328,2.6300000000000003,-0.9932313064129366
2016-09-06,186.11050415039065,12.020000457763672,2.640000000000001,-0.9238399881364593
2016-09-07,186.09353637695312,11.9399995803833,2.6500000000000004,-0.9126864490463742
2016-09-08,185.66867065429688,12.510000228881836,2.67,-0.80818761814989
2016-09-09,181.2247314453125,17.5,2.67,-0.2114150921790031
2016-09-12,183.82481384277344,15.15999984741211,2.6800000000000006,-0.4612917011427424
2016-09-13,181.1821746826172,17.850000381469727,2.7,-0.09305897396935947
2016-09-14,181.11427307128903,18.13999938964844,2.7,-0.032676234980023144
2016-09-15,182.92410278320312,16.299999237060547,2.72,-0.2818763211061866
2016-09-16,182.21697998046875,15.369999885559082,2.71,-0.314311337171856
2016-09-19,182.25115966796875,15.529999732971191,2.7,-0.28814002164474745
2016-09-20,182.2596740722656,15.920000076293944,2.7,-0.2606836784832392
2016-09-21,184.30929565429688,13.300000190734863,2.7,-0.5709201975658132
2016-09-22,185.47071838378903,12.020000457763672,2.6900000000000004,-0.7209471057514513
2016-09-23,184.4544219970703,12.289999961853027,2.68,-0.7013249114651403
2016-09-26,182.9599609375,14.5,2.7,-0.42229213243603664
2016-09-27,184.0958251953125,13.100000381469728,2.69,-0.617632336445794
2016-09-28,185.00958251953125,12.390000343322754,2.6899999999999995,-0.6719424623397527
2016-09-29,183.3357696533203,14.020000457763672,2.6700000000000004,-0.4818955752151048
2016-09-30,184.71923828125,13.289999961853027,2.69,-0.6076952958084961
2016-10-03,184.275131225586,13.56999969482422,2.66,-0.5908477407530117
2016-10-04,183.3357696533203,13.630000114440918,2.66,-0.49454589170236635
2016-10-05,184.14703369140625,12.989999771118164,2.640000000000001,-0.5815154025815721
2016-10-06,184.275131225586,12.84000015258789,2.6100000000000003,-0.6314207608937957
2016-10-07,183.64312744140625,13.479999542236328,2.6300000000000003,-0.536378591772887
2016-10-10,184.59967041015625,13.380000114440918,2.6300000000000003,-0.8046846290023127
2016-10-11,182.26817321777344,15.359999656677246,2.6,-0.41953222505039833
2016-10-12,182.50738525390625,15.90999984741211,2.6,-0.5091619062720704
2016-10-13,181.9095764160156,16.690000534057617,2.59,-0.4221421947864567
2016-10-14,182.00344848632807,16.1200008392334,2.63,-0.3371444245378779
2016-10-17,181.37159729003903,16.209999084472656,2.62,-0.341157519263708
2016-10-18,182.50738525390625,15.279999732971191,2.62,-0.4736495216604025
2016-10-19,182.99417114257807,14.40999984741211,2.62,-0.5704688992479549
2016-10-20,182.6525115966797,13.75,2.59,-0.5419400864218614
2016-10-21,182.7379608154297,13.34000015258789,2.6,-0.5109786160422416
2016-10-24,183.5150604248047,13.020000457763672,2.5900000000000003,-0.6341210068158126
2016-10-25,182.90020751953125,13.460000038146973,2.58,-0.6473559635503744
2016-10-26,182.532958984375,14.239999771118164,2.6,-0.4800140234655654
2016-10-27,182.0461578369141,15.359999656677246,2.5900000000000003,-0.32238862425372256
2016-10-28,181.50814819335932,16.190000534057617,2.6,-0.2934271655253199
2016-10-31,181.5167388916016,17.059999465942383,2.6100000000000003,-0.13599062938364292
2016-11-01,180.2015838623047,18.559999465942383,2.6100000000000003,0.04071385743365622
2016-11-02,179.11700439453125,19.31999969482422,2.6300000000000003,0.137656076445532
2016-11-03,178.29718017578125,22.07999992370605,2.67,0.5048073497760807
2016-11-04,178.10076904296875,22.51000022888184,2.67,0.5546468015117025
2016-11-07,182.02915954589844,18.709999084472656,2.66,-0.027394553162022477
2016-11-08,182.84893798828125,18.739999771118164,2.62,-0.06245290660150027
2016-11-09,184.78756713867188,14.380000114440918,2.6600000000000006,-0.6187372769418141
2016-11-10,185.2487030029297,14.739999771118164,2.6,-0.6629073317281199
2016-11-11,184.8217010498047,14.170000076293944,2.6,-0.7185755784010798
2016-11-14,184.9668731689453,14.479999542236328,2.6,-0.690295237928539
2016-11-15,186.41012573242188,13.369999885559082,2.5900000000000003,-0.902888214987463
2016-11-16,186.05995178222656,13.720000267028809,2.5499999999999994,-0.8292459663715656
2016-11-17,187.0164794921875,13.350000381469728,2.54,-0.8901901633130057
2016-11-18,186.5980224609375,12.850000381469728,2.5200000000000005,-0.9457224010561021
2016-11-21,188.0070953369141,12.420000076293944,2.52,-1.047385870873647
2016-11-22,188.37429809570312,12.40999984741211,2.53,-1.0081441579641668
2016-11-23,188.4767608642578,12.43000030517578,2.49,-1.081635346825342
2016-11-25,189.17706298828125,12.34000015258789,2.48,-1.1499612804737935
2016-11-28,188.2888946533203,13.149999618530272,2.47,-1.0636786448349895
2016-11-29,188.6561279296875,12.899999618530272,2.46,-1.137470443550098
2016-11-30,188.20358276367188,13.329999923706056,2.45,-1.0784565538977453
2016-12-01,187.5117645263672,14.06999969482422,2.42,-1.0764111437249129
2016-12-02,187.6057281494141,14.119999885559082,2.4200000000000004,-1.1292843369255154
2016-12-05,188.7330017089844,12.140000343322754,2.4199999999999995,-1.3940236236723729
2016-12-06,189.33074951171875,11.789999961853027,2.44,-1.4346971575418044
2016-12-07,191.80740356445312,12.220000267028809,2.4400000000000004,-1.2969252687813084
2016-12-08,192.2770538330078,12.640000343322754,2.43,-1.2404396089248773
2016-12-09,193.4385223388672,11.75,2.43,-1.2595077999047455
2016-12-12,193.21649169921875,12.640000343322754,2.41,-1.1586074370980823
2016-12-13,194.5060272216797,12.720000267028809,2.39,-1.2517813946670469
2016-12-14,192.9004669189453,13.1899995803833,2.3200000000000003,-1.1826783074932503
2016-12-15,193.6947326660156,12.789999961853027,2.24,-1.2515512064338574
2016-12-16,193.3159027099609,12.199999809265137,2.28,-1.2488450793965962
2016-12-19,193.7367706298828,11.710000038146973,2.28,-1.250092157962025
2016-12-20,194.484130859375,11.449999809265137,2.28,-1.3199445208903797
2016-12-21,193.9429626464844,11.270000457763672,2.26,-1.2422484979314878
2016-12-22,193.60792541503903,11.43000030517578,2.2700000000000005,-1.1714786502742143
2016-12-23,193.89141845703125,11.4399995803833,2.25,-1.1890059113146076
2016-12-27,194.37252807617188,11.989999771118164,2.2500000000000004,-1.1199587451797035
2016-12-28,192.76608276367188,12.949999809265137,2.26,-0.9842637960810837
2016-12-29,192.72314453125,13.369999885559082,2.27,-0.90958868680045
2016-12-30,192.01873779296875,14.039999961853027,2.28,-0.823065154560695
2017-01-03,193.4877014160156,12.850000381469728,2.27,-1.033549147993132
2017-01-04,194.63873291015625,11.850000381469728,2.25,-1.180180557424466
2017-01-05,194.484130859375,11.670000076293944,2.25,-1.1182909971183734
2017-01-06,195.1799468994141,11.31999969482422,2.24,-1.1507600389308756
2017-01-09,194.53570556640625,11.5600004196167,2.24,-0.9613823107016456
2017-01-10,194.53570556640625,11.489999771118164,2.24,-0.9349639647476091
2017-01-11,195.08551025390625,11.260000228881836,2.22,-0.9324911240359604
2017-01-12,194.59576416015625,11.539999961853027,2.2500000000000004,-0.8554953071762701
2017-01-13,195.0425567626953,11.229999542236328,2.23,-0.8489472630573234
2017-01-17,194.35531616210932,11.869999885559082,2.26,-0.8025221763837466
2017-01-18,194.7848358154297,12.479999542236328,2.22,-0.7571785058960078
2017-01-19,194.0632476806641,12.779999732971191,2.2099999999999995,-0.709573432310688
2017-01-20,194.77621459960932,11.539999961853027,2.2100000000000004,-0.8310381478308008
2017-01-23,194.26942443847656,11.770000457763672,2.21,-0.7323170057384703
2017-01-24,195.51492309570312,11.06999969482422,2.22,-0.879714102186877
2017-01-25,197.20724487304688,10.8100004196167,2.2100000000000004,-1.0200403670285538
2017-01-26,197.00108337402344,10.630000114440918,2.2,-1.0093482870597825
2017-01-27,196.6918334960937,10.579999923706056,2.1899999999999995,-0.9670611142409419
2017-01-30,195.47201538085932,11.880000114440918,2.21,-0.832909979681809
2017-01-31,195.45486450195312,11.989999771118164,2.2299999999999995,-0.7948738071625963
2017-02-01,195.53211975097656,11.8100004196167,2.23,-0.853534835327336
2017-02-02,195.66102600097656,11.93000030517578,2.23,-0.7461415757602747
2017-02-03,197.0096740722656,10.970000267028809,2.24,-0.837754877803718
2017-02-06,196.65753173828125,11.369999885559082,2.25,-0.7667091069380448
2017-02-07,196.66612243652344,11.289999961853027,2.24,-0.7317346836959903
2017-02-08,196.92379760742188,11.449999809265137,2.25,-0.7611627243295643
2017-02-09,198.0920867919922,10.880000114440918,2.24,-0.9092080957553318
2017-02-10,198.873779296875,10.850000381469728,2.2299999999999995,-0.9372050965664807
2017-02-13,199.9561920166016,11.06999969482422,2.23,-1.024741069059077
2017-02-14,200.75503540039065,10.739999771118164,2.2099999999999995,-1.1089234423145562
2017-02-15,201.8031005859375,11.970000267028809,2.1900000000000004,-1.1003144406984326
2017-02-16,201.6313018798828,11.760000228881836,2.2,-1.0717339930004293
2017-02-17,201.94911193847656,11.489999771118164,2.21,-1.1669981599188013
2017-02-21,203.1517639160156,11.56999969482422,2.2,-1.1961217014135543
2017-02-22,202.9713592529297,11.739999771118164,2.21,-1.1853266757239462
2017-02-23,203.1088104248047,11.710000038146973,2.2300000000000004,-1.0846388183703626
2017-02-24,203.3665008544922,11.470000267028809,2.23,-1.0123345549014686
2017-02-27,203.68435668945312,12.09000015258789,2.2100000000000004,-0.9862593240715541
2017-02-28,203.13458251953125,12.920000076293944,2.19,-0.8813040460225282
2017-03-01,205.9779663085937,12.539999961853027,2.18,-1.2211253421232133
2017-03-02,204.68084716796875,11.8100004196167,2.16,-1.24971449046714
2017-03-03,204.8096466064453,10.960000038146973,2.16,-1.363078476463137
2017-03-06,204.1997833251953,11.239999771118164,2.17,-1.2597846994532702
2017-03-07,203.58984375,11.449999809265137,2.15,-1.1150780661522999
2017-03-08,203.2118988037109,11.859999656677246,2.15,-1.0555701822314718
2017-03-09,203.46957397460932,12.300000190734863,2.1699999999999995,-0.98749490733952
2017-03-10,204.1825714111328,11.65999984741211,2.18,-1.0944128246461748
2017-03-13,204.28564453125,11.350000381469728,2.17,-1.0728530148346531
2017-03-14,203.50393676757807,12.300000190734863,2.18,-0.8210499625437979
2017-03-15,205.26498413085932,11.630000114440918,2.2,-0.9379184513150972
2017-03-16,204.8612823486328,11.210000038146973,2.2100000000000004,-0.8953590263394092
2017-03-17,204.50143432617188,11.279999732971191,2.22,-0.7681143295589576
2017-03-20,204.277099609375,11.34000015258789,2.23,-0.7415879885991146
2017-03-21,201.65432739257807,12.470000267028809,2.23,-0.36690103904948623
2017-03-22,202.1288452148437,12.8100004196167,2.23,-0.26426610847424836
2017-03-23,201.9131317138672,13.119999885559082,2.24,-0.20529944348025672
2017-03-24,201.76646423339844,12.960000038146973,2.22,-0.22835803360793597
2017-03-27,201.55943298339844,12.5,2.2300000000000004,-0.24218839618842578
2017-03-28,203.026123046875,11.529999732971191,2.22,-0.47263265432062096
2017-03-29,203.2159423828125,11.420000076293944,2.23,-0.5287644907498705
2017-03-30,203.86297607421875,11.539999961853027,2.2300000000000004,-0.34291460480128694
2017-03-31,203.3884735107422,12.369999885559082,2.24,-0.2778286096489775
2017-04-03,203.0347442626953,12.380000114440918,2.26,-0.2141681159903999
2017-04-04,203.16412353515625,11.789999961853027,2.26,-0.3504900155488895
2017-04-05,202.5601959228516,12.890000343322754,2.29,-0.1607216993164613
2017-04-06,203.1296539306641,12.390000343322754,2.2700000000000005,-0.3266197439810034
2017-04-07,202.92257690429688,12.869999885559082,2.24,-0.26141752709367627
2017-04-10,203.0433807373047,14.050000190734863,2.24,-0.05335643944856675
2017-04-11,202.80181884765625,15.06999969482422,2.24,0.11415989980669165
2017-04-12,201.9131317138672,15.770000457763672,2.28,0.2703171168496101
2017-04-13,200.6017608642578,15.960000038146973,2.28,0.5269952330374993
2017-04-17,202.37908935546875,14.65999984741211,2.29,0.1927808676617829
2017-04-18,201.77511596679688,14.420000076293944,2.29,0.1774195893516859
2017-04-19,201.4040985107422,14.93000030517578,2.29,0.25663419792410586
2017-04-20,203.0433807373047,14.149999618530272,2.28,-0.1884514032014031
2017-04-21,202.39634704589844,14.630000114440918,2.29,-0.022954578492657324
2017-04-24,204.6222381591797,10.84000015258789,2.28,-0.7386310692741773
2017-04-25,205.81280517578125,10.760000228881836,2.26,-0.8746105204804205
2017-04-26,205.68341064453125,10.850000381469728,2.27,-0.8503314529293982
2017-04-27,205.85598754882807,10.359999656677246,2.28,-0.7975537141753852
2017-04-28,205.4073486328125,10.81999969482422,2.28,-0.6811711306331499
2017-05-01,205.92501831054688,10.109999656677246,2.29,-0.7472935277684482
2017-05-02,206.0026397705078,10.59000015258789,2.3,-0.7050095014989601
2017-05-03,205.7525177001953,10.68000030517578,2.2299999999999995,-0.788539137945175
2017-05-04,205.99403381347656,10.460000038146973,2.2500000000000004,-0.7927128475060942
2017-05-05,206.80502319335932,10.56999969482422,2.24,-0.8936625893336552
2017-05-08,206.7704925537109,9.770000457763672,2.23,-0.9590934750090145
2017-05-09,206.5807037353516,9.960000038146973,2.22,-0.9408529419709059
2017-05-10,206.9517059326172,10.210000038146973,2.22,-0.9191223725722436
2017-05-11,206.52896118164065,10.600000381469728,2.24,-0.8213716218883514
2017-05-12,206.18386840820312,10.399999618530272,2.25,-0.8709507245040397
2017-05-15,207.3226623535156,10.420000076293944,2.25,-1.0535679912991909
2017-05-16,207.13291931152344,10.649999618530272,2.24,-0.8727133160769961
2017-05-17,203.45748901367188,15.59000015258789,2.26,0.044518767363284896
2017-05-18,204.277099609375,14.65999984741211,2.26,-0.16565749302498398
2017-05-19,205.60581970214844,12.039999961853027,2.26,-0.47750230344685685
2017-05-22,206.64974975585932,10.93000030517578,2.24,-0.7774226917317447
2017-05-23,207.1069793701172,10.720000267028809,2.22,-0.6837878803416996
2017-05-24,207.59014892578125,10.020000457763672,2.25,-0.6705100080392888
2017-05-25,208.58230590820312,9.989999771118164,2.24,-0.7691421265509653
2017-05-26,208.5391845703125,9.8100004196167,2.24,-0.7689373778478318
2017-05-30,208.35794067382807,10.380000114440918,2.25,-0.6955751295719438
2017-05-31,208.30625915527344,10.40999984741211,2.2300000000000004,-0.6697035396694999
2017-06-01,209.9627685546875,9.890000343322754,2.24,-0.8414467426199561
2017-06-02,210.6615753173828,9.75,2.24,-0.9276188795263994
2017-06-05,210.5062866210937,10.06999969482422,2.24,-0.8489784181901158
2017-06-06,209.83338928222656,10.449999809265137,2.25,-0.6642779770967794
2017-06-07,210.2216033935547,10.390000343322754,2.23,-0.7297450788745303
2017-06-08,210.3251037597656,10.15999984741211,2.23,-0.7781741822294305
2017-06-09,210.0059509277344,10.699999809265137,2.21,-0.6792461934363524
2017-06-12,209.9627685546875,11.460000038146973,2.22,-0.5939122613995843
2017-06-13,210.98947143554688,10.420000076293944,2.21,-0.8447074308461197
2017-06-14,210.7219696044922,10.640000343322754,2.19,-0.7302527651499853
2017-06-15,210.3164978027344,10.899999618530272,2.18,-0.6912645379732397
2017-06-16,210.3624725341797,10.380000114440918,2.1899999999999995,-1.0428131654227073
2017-06-19,212.11373901367188,10.369999885559082,2.1700000000000004,-1.1402113858556013
2017-06-20,210.68325805664065,10.859999656677246,2.16,-0.8622242266763184
2017-06-21,210.6311798095703,10.75,2.1499999999999995,-0.8005615092926645
2017-06-22,210.53582763671875,10.479999542236328,2.16,-0.775573827970641
2017-06-23,210.7872467041016,10.020000457763672,2.15,-0.8366324316689452
2017-06-26,210.92593383789065,9.899999618530272,2.15,-0.782146380383241
2017-06-27,209.2267303466797,11.0600004196167,2.12,-0.5358282335238059
2017-06-28,211.099349975586,10.029999732971191,2.14,-0.831498140408714
2017-06-29,209.2440643310547,11.4399995803833,2.11,-0.5007665997244487
2017-06-30,209.6342010498047,11.18000030517578,2.0900000000000003,-0.46777451013564764
2017-07-03,209.9897003173828,11.220000267028809,2.07,-0.46161591783737466
2017-07-05,210.47511291503903,11.06999969482422,2.08,-0.5167211740376011
2017-07-06,208.5504608154297,12.539999961853027,2.0700000000000003,-0.1849874106413838
2017-07-07,209.9029235839844,11.1899995803833,2.08,-0.4647786654812546
2017-07-10,210.1283721923828,11.109999656677246,2.08,-0.481868516065395
2017-07-11,209.97232055664065,10.890000343322754,2.08,-0.5268960569312076
2017-07-12,211.55014038085932,10.300000190734863,2.09,-0.7322766871500793
2017-07-13,211.90562438964844,9.899999618530272,2.0900000000000003,-0.7394810677422557
2017-07-14,212.89404296875,9.510000228881836,2.09,-0.8974828964848586
2017-07-17,212.8679962158203,9.81999969482422,2.0900000000000003,-0.8711580324610947
2017-07-18,212.9807281494141,9.890000343322754,2.08,-0.8755226835005246
2017-07-19,214.1337890625,9.789999961853027,2.07,-0.8532610006811093
2017-07-20,214.22915649414065,9.579999923706056,2.0500000000000003,-1.0378483719618619
2017-07-21,214.03842163085932,9.359999656677246,2.05,-1.056682014902507
2017-07-24,213.98638916015625,9.43000030517578,2.0600000000000005,-1.026219794543742
2017-07-25,214.5065460205078,9.43000030517578,2.05,-1.0577438777274162
2017-07-26,214.51524353027344,9.600000381469728,2.0700000000000003,-0.9807286736928275
2017-07-27,214.3158721923828,10.109999656677246,2.07,-1.0237147655804668
2017-07-28,214.0644378662109,10.289999961853027,2.05,-0.8455319042618292
2017-07-31,213.94302368164065,10.260000228881836,2.0600000000000005,-0.9859014082106761
2017-08-01,214.4198760986328,10.09000015258789,2.0600000000000005,-1.017899874484507
2017-08-02,214.52389526367188,10.279999732971191,2.0500000000000003,-0.9767263889515204
2017-08-03,214.10775756835932,10.4399995803833,2.05,-0.8665806805998836
2017-08-04,214.49789428710932,10.029999732971191,2.0500000000000003,-1.1362414599527833
2017-08-07,214.896713256836,9.93000030517578,2.0600000000000005,-1.0437920501904332
2017-08-08,214.36782836914065,10.960000038146973,2.0700000000000003,-0.7969231087659167
2017-08-09,214.3591766357422,11.109999656677246,2.09,-0.7519925020307029
2017-08-10,211.3334503173828,16.040000915527344,2.1099999999999994,0.4617191081376182
2017-08-11,211.6455535888672,15.510000228881836,2.12,0.39443436907100327
2017-08-14,213.7435913085937,12.329999923706056,2.11,-0.21441130856693644
2017-08-15,213.71766662597656,12.039999961853027,2.0900000000000003,-0.2903888454582619
2017-08-16,214.09043884277344,11.739999771118164,2.0900000000000003,-0.35793150389982503
2017-08-17,210.7525787353516,15.550000190734863,2.11,0.6570925335851766
2017-08-18,210.4231719970703,14.260000228881836,2.12,0.5048248751452347
2017-08-21,210.5878295898437,13.1899995803833,2.12,0.30512089830628564
2017-08-22,212.7899627685547,11.350000381469728,2.1,-0.20692230297511469
2017-08-23,212.0270233154297,12.25,2.12,0.07544279684856692
2017-08-24,211.53286743164065,12.229999542236328,2.12,0.1144374585083882
2017-08-25,212.0270233154297,11.279999732971191,2.12,-0.09025056357770056
2017-08-28,212.03575134277344,11.31999969482422,2.13,-0.08760357997310027
2017-08-29,212.27842712402344,11.699999809265137,2.1500000000000004,-0.024139704768199304
2017-08-30,213.2841033935547,11.220000267028809,2.14,-0.15823550002616138
2017-08-31,214.56727600097656,10.59000015258789,2.14,-0.3517725415631275
2017-09-01,214.8706817626953,10.130000114440918,2.1499999999999995,-0.46254371461690763
2017-09-05,213.32749938964844,12.229999542236328,2.1600000000000006,0.04354083881332164
2017-09-06,214.05572509765625,11.630000114440918,2.1699999999999995,-0.05888159545653012
2017-09-07,214.0296936035156,11.550000190734863,2.17,-0.11153822408109804
2017-09-08,213.7782745361328,12.119999885559082,2.1700000000000004,-0.0020269627576606775
2017-09-11,216.05848693847656,10.729999542236328,2.15,-0.6965952178569751
2017-09-12,216.78672790527344,10.579999923706056,2.16,-0.7315995906273324
2017-09-13,216.8907470703125,10.5,2.13,-0.6182032509614781
2017-09-14,216.8214111328125,10.4399995803833,2.1099999999999994,-0.6540278079560903
2017-09-15,217.11329650878903,10.170000076293944,2.1,-0.702461080870612
2017-09-18,217.57504272460932,10.149999618530272,2.1,-1.0358268563726412
2017-09-19,217.7928466796875,10.18000030517578,2.09,-1.0915394045104485
2017-09-20,217.8712921142578,9.779999732971191,2.06,-1.1964061380435567
2017-09-21,217.28749084472656,9.670000076293944,2.0500000000000003,-0.9763950412628576
2017-09-22,217.3311004638672,9.59000015258789,2.05,-1.0549878129165247
2017-09-25,216.88674926757807,10.210000038146973,2.06,-0.9353835079774839
2017-09-26,217.01742553710932,10.170000076293944,2.04,-0.9410363854446988
2017-09-27,217.8625640869141,9.869999885559082,2.06,-1.0194254582829965
2017-09-28,218.1239471435547,9.550000190734863,2.0500000000000003,-1.0850191072772548
2017-09-29,218.89065551757807,9.510000228881836,2.0,-1.158255774246637
2017-10-02,219.84036254882807,9.449999809265137,1.99,-1.147860245344301
2017-10-03,220.3108367919922,9.510000228881836,2.0,-1.1260198259123682
2017-10-04,220.57223510742188,9.630000114440918,2.01,-1.2424733425909031
2017-10-05,221.8791656494141,9.1899995803833,2.0,-1.3738008328268558
2017-10-06,221.6265106201172,9.649999618530272,1.9799999999999995,-1.311752477635132
2017-10-09,221.26058959960932,10.329999923706056,1.9799999999999995,-1.1858953775744678
2017-10-10,221.8443145751953,10.079999923706056,1.97,-1.0832828454592778
2017-10-11,222.1928100585937,9.850000381469728,1.97,-1.0795416991761786
2017-10-12,221.8617401123047,9.90999984741211,1.97,-1.0245509098420615
2017-10-13,222.1317901611328,9.609999656677246,1.97,-1.0962388760745871
2017-10-16,222.42803955078125,9.90999984741211,1.97,-1.0417322103518563
2017-10-17,222.5848693847656,10.3100004196167,1.95,-0.9848932072110342
2017-10-18,222.80276489257807,10.06999969482422,1.95,-1.0177613903387124
2017-10-19,222.86366271972656,10.050000190734863,1.9399999999999995,-1.0343262266723148
2017-10-20,224.01373291015625,9.970000267028809,1.94,-1.19454441488675
2017-10-23,223.1424865722656,11.06999969482422,1.9400000000000004,-0.925251435156934
2017-10-24,223.5345916748047,11.15999984741211,1.92,-1.021787290493746
2017-10-25,222.42803955078125,11.229999542236328,1.93,-0.8724381404691813
2017-10-26,222.715576171875,11.300000190734863,1.91,-0.8463215953833613
2017-10-27,224.5365295410156,9.800000190734863,1.93,-1.1829763832055078
2017-10-30,223.7001190185547,10.5,1.92,-0.9371625441215405
2017-10-31,224.048568725586,10.18000030517578,1.91,-0.9512905541775432
2017-11-01,224.3448944091797,10.199999809265137,1.92,-0.904185290778705
2017-11-02,224.4320068359375,9.93000030517578,1.91,-0.9531540580701905
2017-11-03,225.1812896728516,9.140000343322754,1.91,-1.0420371652165221
2017-11-06,225.5298309326172,9.399999618530272,1.9200000000000004,-1.0419445426392209
2017-11-07,225.3729553222656,9.890000343322754,1.9,-1.028095287665973
2017-11-08,225.7563323974609,9.779999732971191,1.9200000000000004,-0.9916646504965421
2017-11-09,224.9373321533203,10.5,1.93,-0.699682217649479
2017-11-10,224.8676605224609,11.289999961853027,1.93,-0.5442890453651534
2017-11-13,225.0767822265625,11.5,1.93,-0.48697408827671657
2017-11-14,224.5539703369141,11.59000015258789,1.93,-0.3861223696911553
2017-11-15,223.43006896972656,13.130000114440918,1.95,0.14932729146458468
2017-11-16,225.32940673828125,11.760000228881836,1.92,-0.41022952230962395
2017-11-17,224.6671905517578,11.43000030517578,1.93,-0.3928151143349772
2017-11-20,225.05059814453125,10.649999618530272,1.91,-0.5550861645691781
2017-11-21,226.52305603027344,9.729999542236328,1.8800000000000003,-1.0703332838467177
2017-11-22,226.3226928710937,9.880000114440918,1.9100000000000008,-0.8968439080461296
2017-11-24,226.84536743164065,9.670000076293944,1.9000000000000004,-1.125595962081117
2017-11-27,226.73220825195312,9.869999885559082,1.93,-0.9568846743527456
2017-11-28,229.03233337402344,10.029999732971191,1.91,-1.0097938084370737
2017-11-29,228.89291381835932,10.699999809265137,1.92,-0.8877373232884497
2017-11-30,230.89694213867188,11.279999732971191,1.88,-1.0080701716772973
2017-12-01,230.4176177978516,11.43000030517578,1.87,-0.918284056306744
2017-12-04,230.13888549804688,11.68000030517578,1.87,-0.815604939625874
2017-12-05,229.3111267089844,11.329999923706056,1.8400000000000003,-0.8210521688756428
2017-12-06,229.35467529296875,11.020000457763672,1.8600000000000003,-0.8094391679855065
2017-12-07,230.077880859375,10.15999984741211,1.88,-1.0523214949998385
2017-12-08,231.33248901367188,9.579999923706056,1.87,-1.3045283064327238
2017-12-11,232.02951049804688,9.34000015258789,1.85,-1.5679629202759962
2017-12-12,232.4390411376953,9.920000076293944,1.8400000000000003,-1.4966057369243337
2017-12-13,232.41293334960932,10.18000030517578,1.8300000000000003,-1.4278769011091113
2017-12-14,231.4631805419922,10.489999771118164,1.82,-1.331449067756658
2017-12-15,233.3907012939453,9.420000076293944,1.8000000000000005,-1.9578458785634532
2017-12-18,234.8706817626953,9.529999732971191,1.81,-1.8329145378680842
2017-12-19,233.9687042236328,10.029999732971191,1.81,-1.6723824049482243
2017-12-20,233.8460693359375,9.720000267028809,1.82,-1.6532154107187136
2017-12-21,234.3277130126953,9.619999885559082,1.7899999999999996,-1.633497894845739
2017-12-22,234.26638793945312,9.899999618530272,1.7899999999999996,-1.5644291130893588
2017-12-26,233.98622131347656,10.25,1.7799999999999998,-1.4044376043752618
2017-12-27,234.1000061035156,10.470000267028809,1.7599999999999998,-1.4086206057301052
2017-12-28,234.58164978027344,10.18000030517578,1.7600000000000002,-1.270586430713983
2017-12-29,233.69715881347656,11.039999961853027,1.77,-0.947147159599278
2018-01-02,235.3698272705078,9.770000457763672,1.7800000000000002,-1.1816824012925293
2018-01-03,236.85861206054688,9.149999618530272,1.77,-1.543787353971129
2018-01-04,237.8569183349609,9.220000267028809,1.75,-1.6878627800772774
2018-01-05,239.44195556640625,9.220000267028809,1.7600000000000002,-1.8960053245004402
2018-01-08,239.8797912597656,9.520000457763672,1.7400000000000002,-1.887559732741267
2018-01-09,240.4227905273437,10.079999923706056,1.7400000000000002,-1.7086264724045381
2018-01-10,240.05496215820312,9.81999969482422,1.7300000000000004,-1.6072431913968928
2018-01-11,241.80642700195312,9.880000114440918,1.6900000000000004,-1.7624943059227196
2018-01-12,243.3827667236328,10.15999984741211,1.6800000000000006,-1.8038540970671395
2018-01-16,242.55081176757807,11.65999984741211,1.66,-1.379460570788811
2018-01-17,244.86264038085932,11.90999984741211,1.6600000000000006,-1.6131162636935386
2018-01-18,244.4511260986328,12.220000267028809,1.6399999999999997,-1.316204401319233
2018-01-19,245.56333923339844,11.270000457763672,1.64,-1.4795642060238094
2018-01-22,247.5599670410156,11.029999732971191,1.6399999999999997,-1.7848948451586928
2018-01-23,248.08547973632807,11.100000381469728,1.6399999999999997,-1.7954707648796144
2018-01-24,247.98915100097656,11.470000267028809,1.65,-1.597624215399394
2018-01-25,248.09413146972656,11.579999923706056,1.6100000000000003,-1.6365292846486927
2018-01-26,250.96658325195312,11.079999923706056,1.5999999999999996,-2.0267163317339363
2018-01-29,249.30274963378903,13.84000015258789,1.59,-1.1738485607593647
2018-01-30,246.74557495117188,14.789999961853027,1.5900000000000003,-0.6570857733568012
2018-01-31,246.86822509765625,13.539999961853027,1.56,-1.0907130563736958
2018-02-01,246.58790588378903,13.470000267028809,1.56,-0.9135846914649662
2018-02-02,241.2197265625,17.309999465942383,1.58,0.6145649516663437
2018-02-05,231.1312713623047,37.31999969482422,1.6300000000000003,6.116906501500684
2018-02-06,235.6851043701172,29.979999542236328,1.6100000000000003,2.705556486289666
2018-02-07,234.4065399169922,27.729999542236328,1.62,2.2182125395715135
2018-02-08,225.6141967773437,33.459999084472656,1.6300000000000003,3.4952808377245894
2018-02-09,229.00326538085932,29.059999465942383,1.67,2.4385785774377826
2018-02-12,232.3661193847656,25.61000061035156,1.64,1.7608037437372985
2018-02-13,232.94406127929688,24.96999931335449,1.6899999999999995,1.779491329216632
2018-02-14,236.0879669189453,19.26000022888184,1.66,0.8397159874190226
2018-02-15,239.1005096435547,19.1299991607666,1.6300000000000003,0.7106408004207522
2018-02-16,239.17051696777344,19.459999084472656,1.66,0.7511941916433612
2018-02-20,237.67295837402344,20.600000381469727,1.67,1.039837667561233
2018-02-21,236.49078369140625,20.020000457763672,1.6700000000000004,1.1754194656464694
2018-02-22,236.7973022460937,18.71999931335449,1.6799999999999995,1.0613083135658374
2018-02-23,240.57159423828125,16.489999771118164,1.6799999999999995,0.5880247943879252
2018-02-26,243.365234375,15.800000190734863,1.6999999999999995,0.3786013539998088
2018-02-27,240.3264312744141,18.59000015258789,1.69,0.981436989841361
2018-02-28,237.89187622070312,19.850000381469727,1.6799999999999995,1.112968428123975
2018-03-01,234.4327545166016,22.46999931335449,1.7200000000000002,1.4523098432207737
2018-03-02,235.641357421875,19.59000015258789,1.7200000000000002,1.10226882450117
2018-03-05,238.36485290527344,18.729999542236328,1.7199999999999998,0.8258310914193321
2018-03-06,238.9690399169922,18.36000061035156,1.75,0.4709034121271894
2018-03-07,238.8814392089844,17.760000228881836,1.77,-0.19872763880175645
2018-03-08,240.0374298095703,16.540000915527344,1.7799999999999998,-0.06088811154541748
2018-03-09,244.21473693847656,14.640000343322754,1.77,-0.5920662926160254
2018-03-12,243.908203125,15.779999732971191,1.79,-1.0513809685096307
2018-03-13,242.33189392089844,16.350000381469727,1.7999999999999998,-0.6280228837542391
2018-03-14,241.0882873535156,17.229999542236328,1.8000000000000005,-0.24305241812171466
2018-03-15,240.8255920410156,16.59000015258789,1.81,-0.22575363999296602
2018-03-16,241.08673095703125,15.800000190734863,1.7899999999999996,-0.13760025443460613
2018-03-19,237.82476806640625,19.020000457763672,1.8000000000000005,0.5392123395164924
2018-03-20,238.22921752929688,18.200000762939453,1.7899999999999996,0.4293169420794389
2018-03-21,237.77203369140625,17.860000610351562,1.82,0.3819706980190121
2018-03-22,231.82833862304688,23.34000015258789,1.84,1.1620159087818855
2018-03-23,226.88706970214844,24.8700008392334,1.8700000000000008,1.6412324110916756
2018-03-26,233.094467163086,21.030000686645508,1.8400000000000003,1.0984593862837155
2018-03-27,229.12918090820312,22.5,1.86,1.6299675904254773
2018-03-28,228.4521484375,22.8700008392334,1.86,1.4999808767072877
2018-03-29,231.3712158203125,19.96999931335449,1.85,0.9265475830107032
2018-04-02,226.37713623046875,23.6200008392334,1.86,1.312409600998538
2018-04-03,229.2785797119141,21.100000381469727,1.84,0.9685691983649493
2018-04-04,231.7317047119141,20.059999465942383,1.85,0.9086108415444002
2018-04-05,233.5604858398437,18.940000534057617,1.84,0.7302761123434004
2018-04-06,228.3553771972656,21.489999771118164,1.8400000000000003,1.2092969252235632
2018-04-09,229.4808654785156,21.770000457763672,1.8300000000000003,1.19748175941505
2018-04-10,233.12960815429688,20.46999931335449,1.7999999999999998,1.0555167957428682
2018-04-11,231.9075927734375,20.239999771118164,1.7999999999999998,1.0761302304441107
2018-04-12,233.81544494628903,18.489999771118164,1.79,0.7344798385171182
2018-04-13,233.12960815429688,17.40999984741211,1.7900000000000005,0.6235466288057202
2018-04-16,235.0463256835937,16.559999465942383,1.7699999999999996,0.40903094976576043
2018-04-17,237.5609893798828,15.25,1.7600000000000002,0.17772938247496164
2018-04-18,237.7368621826172,15.600000381469728,1.7599999999999998,0.020252875620683453
2018-04-19,236.4179534912109,15.960000038146973,1.7700000000000005,0.159867583359639
2018-04-20,234.413314819336,16.8799991607666,1.7800000000000002,0.33054662613599967
2018-04-23,234.3781280517578,16.34000015258789,1.7600000000000002,-0.06876160495822592
2018-04-24,231.2217254638672,18.020000457763672,1.7699999999999996,-0.033456397834886964
2018-04-25,231.793212890625,17.84000015258789,1.8000000000000005,0.32438614349261397
2018-04-26,234.1495361328125,16.239999771118164,1.7999999999999998,-0.1493471951357048
2018-04-27,234.3694000244141,15.40999984741211,1.7999999999999998,-0.2603107741886072
2018-04-30,232.5669708251953,15.93000030517578,1.79,0.029990745878666458
2018-05-01,232.9802398681641,15.489999771118164,1.82,-0.26067630705370676
2018-05-02,231.41510009765625,15.970000267028809,1.83,0.04979370006395356
2018-05-03,230.90524291992188,15.899999618530272,1.86,0.26400571499908554
2018-05-04,233.8945770263672,14.770000457763672,1.86,0.11753444035120646
2018-05-07,234.6858673095703,14.75,1.87,-0.20615395677864154
2018-05-08,234.6858673095703,14.710000038146973,1.87,-0.14259627843873068
2018-05-09,236.9542999267578,13.420000076293944,1.8600000000000003,-0.1711661791907582
2018-05-10,239.17002868652344,13.229999542236328,1.84,-0.41221667480372776
2018-05-11,239.89976501464844,12.649999618530272,1.82,-0.4194473606176116
2018-05-14,240.0141143798828,12.93000030517578,1.81,-0.46056885812787857
2018-05-15,238.361068725586,14.630000114440918,1.81,-0.13702804380294717
2018-05-16,239.36338806152344,13.420000076293944,1.7999999999999998,-0.15857972154549102
2018-05-17,239.1613006591797,13.43000030517578,1.82,-0.10030330371901884
2018-05-18,238.5633087158203,13.420000076293944,1.83,-0.11996933387908464
2018-05-21,240.3569793701172,13.079999923706056,1.83,-0.3526986629747455
2018-05-22,239.6887664794922,13.220000267028809,1.83,-0.3052611372093024
2018-05-23,240.3481903076172,12.579999923706056,1.84,-0.5484009254264951
2018-05-24,239.85580444335932,12.529999732971191,1.8400000000000003,-0.48796564601949993
2018-05-25,239.2843017578125,13.220000267028809,1.85,-0.2506871458206787
2018-05-29,236.5323028564453,17.020000457763672,1.9600000000000004,0.39895798350558936
2018-05-30,239.6887664794922,14.9399995803833,1.91,-0.12225083301724583
2018-05-31,238.22039794921875,15.43000030517578,1.89,-0.018554667433957978
2018-06-01,240.55929565429688,13.460000038146973,1.9,-0.3590576892436812
2018-06-04,241.7022399902344,12.739999771118164,1.8800000000000003,-0.5400695221883937
2018-06-05,241.87803649902344,12.399999618530272,1.9000000000000004,-0.360138870167283
2018-06-06,243.9002990722656,11.640000343322754,1.91,-0.4582923488004345
2018-06-07,243.8739318847656,12.130000114440918,1.89,-0.4569565542341906
2018-06-08,244.5948944091797,12.18000030517578,1.9,-0.34170151798108717
2018-06-11,244.92022705078125,12.350000381469728,1.89,-0.24265412605387374
2018-06-12,245.23681640625,12.34000015258789,1.88,-0.2386865409582841
2018-06-13,244.45420837402344,12.9399995803833,1.87,-0.16555556615462233
2018-06-14,245.06968688964844,12.119999885559082,1.8800000000000003,-0.32570455433599294
2018-06-15,244.757064819336,11.979999542236328,1.87,-0.28316944115205833
2018-06-18,244.253662109375,12.3100004196167,1.9000000000000004,-0.1779710495455434
2018-06-19,243.31744384765625,13.350000381469728,1.91,-0.06233961831573984
2018-06-20,243.7325134277344,12.789999961853027,1.92,-0.006823678122392013
2018-06-21,242.2046661376953,14.640000343322754,1.95,0.23923805539673326
2018-06-22,242.64617919921875,13.770000457763672,1.97,0.23125594724293427
2018-06-25,239.34307861328125,17.329999923706055,1.99,0.6855877602189412
2018-06-26,239.87301635742188,15.920000076293944,1.99,0.5229325048975098
2018-06-27,237.88592529296875,17.90999984741211,1.9799999999999995,0.6057951495987557
2018-06-28,239.24594116210932,16.850000381469727,2.0,0.6678948607558214
2018-06-29,239.5903778076172,16.09000015258789,1.99,0.493100308033757
2018-07-02,240.1027374267578,15.600000381469728,1.97,0.5105926712827721
2018-07-03,239.2548065185547,16.139999389648438,1.99,0.699259927440094
2018-07-05,241.2066650390625,14.970000267028809,1.95,0.43055733909449484
2018-07-06,243.2469024658203,13.369999885559082,1.9600000000000004,0.3347468941200386
2018-07-09,245.4371032714844,12.6899995803833,1.93,0.10391348746163431
2018-07-10,246.32028198242188,12.640000343322754,1.91,0.048827344937194324
2018-07-11,244.51861572265625,13.630000114440918,1.91,0.2334575908078561
2018-07-12,246.7353973388672,12.579999923706056,1.9,0.036235743035212806
2018-07-13,246.92971801757807,12.18000030517578,1.9000000000000004,-0.0431311819825621
2018-07-16,246.708984375,12.829999923706056,1.91,0.07238657625202122
2018-07-17,247.7068634033203,12.0600004196167,1.9,-0.07463152439089576
2018-07-18,248.22802734375,12.100000381469728,1.89,-0.14712491677461384
2018-07-19,247.2917938232422,12.869999885559082,1.9000000000000004,-0.06692533432480909
2018-07-20,247.00912475585932,12.859999656677246,1.91,-0.006830720597271578
2018-07-23,247.4684295654297,12.619999885559082,1.91,-0.12965974349571116
2018-07-24,248.71372985839844,12.40999984741211,1.88,-0.2556768456565143
2018-07-25,250.83335876464844,12.289999961853027,1.87,-0.5787364224371141
2018-07-26,250.24159240722656,12.140000343322754,1.85,-0.5723076396487715
2018-07-27,248.54591369628903,13.029999732971191,1.84,-0.5462449609568198
2018-07-30,247.24761962890625,14.260000228881836,1.8400000000000003,-0.3085699730387747
2018-07-31,248.4664306640625,12.829999923706056,1.83,-0.4822139726140063
2018-08-01,248.05128479003903,13.149999618530272,1.83,-0.4067037613825611
2018-08-02,249.40261840820312,12.1899995803833,1.8400000000000003,-0.5699663436589429
2018-08-03,250.4712829589844,11.640000343322754,1.84,-0.558110932908042
2018-08-06,251.3897247314453,11.270000457763672,1.82,-0.5689857589893877
2018-08-07,252.22003173828125,10.93000030517578,1.82,-0.5198988284356698
2018-08-08,252.11404418945312,10.850000381469728,1.84,-0.4249085073705161
2018-08-09,251.76953125,11.270000457763672,1.85,-0.4437322366077256
2018-08-10,250.0826416015625,13.15999984741211,1.87,-0.0503745472801455
2018-08-13,249.1464691162109,14.779999732971191,1.91,0.22972266807260752
2018-08-14,250.73619079589844,13.3100004196167,1.9,0.006590043150567715
2018-08-15,248.86392211914065,14.640000343322754,1.9,0.2548001105540546
2018-08-16,250.87754821777344,13.449999809265137,1.89,0.06724094727274199
2018-08-17,251.7607269287109,12.640000343322754,1.89,-0.0839725398799242
2018-08-20,252.29949951171875,12.489999771118164,1.89,-0.13216898858201753
2018-08-21,252.89112854003903,12.859999656677246,1.8800000000000003,-0.1308711530260643
2018-08-22,252.7410125732422,12.25,1.9100000000000008,-0.02387864496605176
2018-08-23,252.4054718017578,12.40999984741211,1.9,0.09093280976919194
2018-08-24,253.9245147705078,11.989999771118164,1.9,-0.04324801317543586
2018-08-27,255.92941284179688,12.15999984741211,1.89,-0.24146838845682636
2018-08-28,256.0530700683594,12.5,1.9000000000000004,-0.25991453831538586
2018-08-29,257.4308166503906,12.25,1.88,-0.33241630796114524
2018-08-30,256.3885803222656,13.529999732971191,1.9,-0.14592224624760333
2018-08-31,256.3974609375,12.859999656677246,1.9200000000000004,-0.06691677403632124
2018-09-04,255.9558563232422,13.15999984741211,1.94,0.09288624073988805
2018-09-05,255.2669982910156,13.90999984741211,1.95,0.26373860798880233
2018-09-06,254.49856567382807,14.649999618530272,1.93,0.35066363552882623
2018-09-07,254.0040283203125,14.880000114440918,1.93,0.39287132291417226
2018-09-10,254.4455718994141,14.15999984741211,1.9200000000000004,0.2752797301724328
2018-09-11,255.28456115722656,13.220000267028809,1.9,0.022565823571810455
2018-09-12,255.346420288086,13.140000343322754,1.89,-0.06096084847666128
2018-09-13,256.8566589355469,12.369999885559082,1.87,-0.1689227781476684
2018-09-14,256.9009094238281,12.06999969482422,1.88,-0.25779784700738034
2018-09-17,255.54080200195312,13.68000030517578,1.88,0.042654492867098576
2018-09-18,256.92730712890625,12.789999961853027,1.88,-0.0465769123053961
2018-09-19,257.2011413574219,11.75,1.88,-0.1094471941178491
2018-09-20,259.285400390625,11.800000190734863,1.85,-0.2728250690237966
2018-09-21,259.04852294921875,11.68000030517578,1.8300000000000003,-0.3402262019118356
2018-09-24,258.1878967285156,12.199999809265137,1.84,-0.2405064696879827
2018-09-25,257.9483947753906,12.420000076293944,1.83,-0.16471969313322163
2018-09-26,257.1766052246094,12.890000343322754,1.8400000000000003,0.04500951569798831
2018-09-27,257.895263671875,12.40999984741211,1.83,-0.05360793096853112
2018-09-28,257.921875,12.119999885559082,1.84,0.025492180667038834
2018-10-01,258.81787109375,12.0,1.83,-0.11320909720116316
2018-10-02,258.66717529296875,12.050000190734863,1.84,-0.06741520022212318
2018-10-03,258.8089904785156,11.609999656677246,1.8300000000000003,-0.16429126667715707
2018-10-04,256.7862243652344,14.220000267028809,1.8400000000000003,0.1381543190576298
2018-10-05,255.3490600585937,14.81999969482422,1.85,0.2518630236310787
2018-10-08,255.3490600585937,15.6899995803833,1.85,0.29361228299230774
2018-10-09,254.976318359375,15.949999809265137,1.84,0.3191653844887062
2018-10-10,246.9029693603516,22.959999084472656,1.86,1.3799149216999134
2018-10-11,241.464584350586,24.979999542236328,1.88,1.8664584427584094
2018-10-12,244.818115234375,21.309999465942383,1.8800000000000003,1.4650150048738062
2018-10-15,243.4430084228516,21.299999237060547,1.89,1.5536413215379905
2018-10-16,248.76614379882807,17.6200008392334,1.88,0.9042992429036841
2018-10-17,248.8104705810547,17.399999618530273,1.8800000000000003,0.945220221402164
2018-10-18,245.2173767089844,20.059999465942383,1.92,1.4666435265333095
2018-10-19,245.08428955078125,19.88999938964844,1.92,1.5399693322919854
2018-10-22,243.9842529296875,19.63999938964844,1.92,1.5457298958314898
2018-10-23,242.74215698242188,20.709999084472656,1.96,1.7727915056893042
2018-10-24,235.38739013671875,25.229999542236328,1.99,2.524748200494733
2018-10-25,239.6103363037109,24.21999931335449,1.98,2.1485615952649337
2018-10-26,235.3962554931641,24.15999984741211,2.02,2.4702375850474825
2018-10-29,234.0920867919922,24.700000762939453,2.02,2.52424929038903
2018-10-30,237.5609893798828,23.350000381469727,2.03,2.30601444016888
2018-10-31,240.0983428955078,21.229999542236328,2.03,2.0081296166000446
2018-11-01,242.65347290039065,19.34000015258789,2.04,1.7823472320536087
2018-11-02,241.2162628173828,19.51000022888184,2.02,1.6878102236060364
2018-11-05,242.54702758789065,19.959999084472656,2.02,1.5950473095789661
2018-11-06,244.0818023681641,19.90999984741211,1.98,1.380354662955323
2018-11-07,249.30728149414065,16.360000610351562,1.9599999999999995,0.8224606485876995
2018-11-08,248.85484313964844,16.719999313354492,1.96,0.5371186867948531
2018-11-09,246.4239501953125,17.360000610351562,1.98,0.5193236096874143
2018-11-12,241.81948852539065,20.450000762939453,1.98,1.0747894947855716
2018-11-13,241.3669891357422,20.020000457763672,2.04,1.2000756506656283
2018-11-14,239.71685791015625,21.25,2.09,1.728675708760979
2018-11-15,242.2187347412109,19.979999542236328,2.1300000000000003,1.6496296413793992
2018-11-16,242.8486175537109,18.13999938964844,2.13,1.3263508636687968
2018-11-19,238.7409820556641,20.100000381469727,2.16,1.7091301581764444
2018-11-20,234.3227386474609,22.479999542236328,2.1700000000000004,2.026298993091701
2018-11-21,235.1212158203125,20.799999237060547,2.1700000000000004,1.7925833865518304
2018-11-23,233.5509185791016,21.520000457763672,2.1800000000000006,1.6117580490113097
2018-11-26,237.3214111328125,18.89999961853028,2.1600000000000006,1.354959936480019
2018-11-27,238.11990356445312,19.020000457763672,2.2,1.2493541226232716
2018-11-28,243.60269165039065,18.489999771118164,2.22,0.9539705655069509
2018-11-29,243.0703125,18.790000915527344,2.26,1.2377350224348902
2018-11-30,244.55197143554688,18.06999969482422,2.2700000000000005,1.2270958559008232
2018-12-03,247.79014587402344,16.440000534057617,2.26,1.0219061573251411
2018-12-04,239.7612152099609,20.739999771118164,2.25,1.5517156690539442
2018-12-06,239.3974609375,21.190000534057617,2.29,1.7293533706411575
2018-12-07,233.83477783203125,23.229999542236328,2.31,2.1840137122564602
2018-12-10,234.2784576416016,22.63999938964844,2.31,2.283143089760358
2018-12-11,234.33164978027344,21.76000022888184,2.26,2.03869769356797
2018-12-12,235.51156616210932,21.459999084472656,2.24,1.8008072395891588
2018-12-13,235.43170166015625,20.64999961853028,2.25,1.5666499306100514
2018-12-14,231.0845642089844,21.6299991607666,2.25,1.7741252689207005
2018-12-17,226.5510711669922,24.520000457763672,2.2500000000000004,2.0803569351951143
2018-12-18,226.3026580810547,25.57999992370605,2.26,2.256102094293609
2018-12-19,222.91360473632807,25.57999992370605,2.27,2.40534749150542
2018-12-20,219.2849884033203,28.3799991607666,2.28,2.5855117537197625
2018-12-21,214.7919769287109,30.11000061035156,2.31,2.747909709841141
2018-12-24,209.11654663085932,36.06999969482422,2.35,3.4556150916545256
2018-12-26,219.68212890625,30.40999984741211,2.33,2.4634188479312833
2018-12-27,221.36868286132807,29.959999084472656,2.36,2.525460446806752
2018-12-28,221.0831451416016,28.34000015258789,2.44,2.5765000198505197
2018-12-31,223.0196075439453,25.420000076293945,2.45,2.4744089721897424
2019-01-02,223.25157165527344,23.21999931335449,2.45,2.258284085526137
2019-01-03,217.9241943359375,25.450000762939453,2.48,2.6649987352272895
2019-01-04,225.22373962402344,21.3799991607666,2.45,2.1330996261362696
2019-01-07,226.99951171875,21.39999961853028,2.42,1.7125064627898343
2019-01-08,229.1322631835937,20.46999931335449,2.39,1.4822564473152537
2019-01-09,230.2030487060547,19.979999542236328,2.39,1.1916813170497635
2019-01-10,231.01516723632807,19.5,2.42,1.1800484397441948
2019-01-11,231.10435485839844,18.190000534057617,2.42,1.07159130890859
2019-01-14,229.69444274902344,19.06999969482422,2.46,1.2753046930873284
2019-01-15,232.3269195556641,18.600000381469727,2.4599999999999995,1.1213443590992822
2019-01-16,232.8891143798828,19.040000915527344,2.45,0.9287885721174276
2019-01-17,234.65594482421875,18.059999465942383,2.43,0.5646216728301297
2019-01-18,237.7792510986328,17.799999237060547,2.38,0.31647143465985766
2019-01-22,234.5667266845703,20.799999237060547,2.38,0.4944714244556268
2019-01-23,235.0575714111328,19.520000457763672,2.37,0.20731044783786112
2019-01-24,235.1824493408203,18.88999938964844,2.37,-0.04647256933526759
2019-01-25,237.1724395751953,17.420000076293945,2.34,-0.5401701887182586
2019-01-28,235.3699188232422,18.8700008392334,2.3600000000000003,0.14757772912756462
2019-01-29,235.0575714111328,19.1299991607666,2.36,0.24049048383740304
2019-01-30,238.7786865234375,17.65999984741211,2.37,-0.010508317691430827
2019-01-31,240.87576293945312,16.56999969482422,2.38,-0.07470659384843466
2019-02-01,240.99176025390625,16.139999389648438,2.31,-0.2122507409884579
2019-02-04,242.68728637695312,15.729999542236328,2.3000000000000003,-0.5470355119125236
2019-02-05,243.7045745849609,15.56999969482422,2.2700000000000005,-0.33019412545691457
2019-02-06,243.38333129882807,15.380000114440918,2.28,-0.240465872580469
2019-02-07,241.06317138671875,16.3700008392334,2.31,0.0474829782639851
2019-02-08,241.35760498046875,15.720000267028809,2.3,0.016595939090156664
2019-02-11,241.49148559570312,15.970000267028809,2.3000000000000003,0.061797638026346156
2019-02-12,244.5970001220703,15.43000030517578,2.3000000000000003,-0.08411072513856592
2019-02-13,245.3910675048828,15.649999618530272,2.2700000000000005,-0.19429379955799356
2019-02-14,244.8467559814453,16.219999313354492,2.3,0.019092439451210197
2019-02-15,247.5149078369141,14.90999984741211,2.28,-0.18464231459304306
2019-02-19,247.94337463378903,14.880000114440918,2.28,-0.13445448315396216
2019-02-20,248.4430389404297,14.020000457763672,2.23,-0.18283903110329502
2019-02-21,247.55960083007807,14.460000038146973,2.23,-0.23256251580562015
2019-02-22,249.0944061279297,13.510000228881836,2.2500000000000004,-0.3063837501539757
2019-02-25,249.43362426757807,14.850000381469728,2.2300000000000004,-0.23900617086153986
2019-02-26,249.255111694336,15.170000076293944,2.24,-0.11841908454637011
2019-02-27,249.14801025390625,14.699999809265137,2.2500000000000004,-0.1990113026491267
2019-02-28,248.68397521972656,14.779999732971191,2.22,-0.23514642623912438
2019-03-01,250.2367248535156,13.56999969482422,2.2200000000000006,-0.24641552090555333
2019-03-04,249.32644653320312,14.630000114440918,2.22,-0.0593810845575374
2019-03-05,248.9873504638672,14.739999771118164,2.22,-0.03427558732194558
2019-03-06,247.479248046875,15.739999771118164,2.2500000000000004,0.19997407425715844
2019-03-07,245.4089508056641,16.59000015258789,2.25,0.36764750905769333
2019-03-08,244.9180908203125,16.049999237060547,2.27,0.3615185133367547
2019-03-11,248.4697265625,14.329999923706056,2.27,0.027937583111691033
2019-03-12,249.4068298339844,13.770000457763672,2.2500000000000004,-0.07080617468801531
2019-03-13,251.05763244628903,13.40999984741211,2.26,-0.13612504100861567
2019-03-14,250.89703369140625,13.5,2.2700000000000005,-0.006025087470440689
2019-03-15,252.13656616210932,12.880000114440918,2.28,-0.05566287568961655
2019-03-18,253.05075073242188,13.100000381469728,2.27,-0.10586296490774005
2019-03-19,253.1134796142578,13.5600004196167,2.27,0.016090187653886073
2019-03-20,252.35166931152344,13.90999984741211,2.29,0.11203386227452257
2019-03-21,255.201889038086,13.630000114440918,2.28,-0.0032798865338409624
2019-03-22,250.29025268554688,16.479999542236328,2.3000000000000003,0.3781498913976587
2019-03-25,250.1019744873047,16.329999923706055,2.28,0.388483045944573
2019-03-26,251.9662628173828,14.68000030517578,2.3,0.2428793059527047
2019-03-27,250.6488342285156,15.149999618530272,2.28,0.2847652281600173
2019-03-28,251.598876953125,14.43000030517578,2.27,0.17771082171760613
2019-03-29,253.185302734375,13.710000038146973,2.26,0.03876054405580139
2019-04-01,256.1878356933594,13.399999618530272,2.24,-0.0629484600977142
2019-04-02,256.31329345703125,13.359999656677246,2.24,-0.10008621513251492
2019-04-03,256.7166442871094,13.739999771118164,2.23,-0.10954791416133029
2019-04-04,257.3978271484375,13.579999923706056,2.2200000000000006,-0.21124799415111836
2019-04-05,258.6436462402344,12.81999969482422,2.22,-0.3837591246672271
2019-04-08,258.8407592773437,13.18000030517578,2.2100000000000004,-0.39222596414983624
2019-04-09,257.514404296875,14.279999732971191,2.1900000000000004,-0.16528026461235404
2019-04-10,258.3927001953125,13.300000190734863,2.2100000000000004,-0.2062674121492931
2019-04-11,258.3210144042969,13.020000457763672,2.2,-0.1837612508307297
2019-04-12,260.06884765625,12.010000228881836,2.15,-0.4050124939462161
2019-04-15,259.8985290527344,12.31999969482422,2.1500000000000004,-0.32973712738079247
2019-04-16,260.06884765625,12.18000030517578,2.12,-0.36142177321082275
2019-04-17,259.4324035644531,12.600000381469728,2.13,-0.28740727206580735
2019-04-18,259.9432983398437,12.09000015258789,2.120000000000001,-0.3859608772008394
2019-04-22,260.1673583984375,12.420000076293944,2.140000000000001,-0.23816980035646604
2019-04-23,262.5067443847656,12.279999732971191,2.14,-0.4933396303020179
2019-04-24,261.9241638183594,13.140000343322754,2.14,-0.41035065762482276
2019-04-25,261.7628173828125,13.25,2.14,-0.3309652474574804
2019-04-26,262.981689453125,12.729999542236328,2.13,-0.4733871803358181
2019-04-29,263.3940734863281,13.109999656677246,2.13,-0.4219647050141315
2019-04-30,263.52850341796875,13.119999885559082,2.140000000000001,-0.3541216814397142
2019-05-01,261.54766845703125,14.800000190734863,2.11,-0.10757937574188951
2019-05-02,260.9830627441406,14.420000076293944,2.12,-0.09932840323261882
2019-05-03,263.5374755859375,12.869999885559082,2.1100000000000003,-0.3082320112430039
2019-05-06,262.4530029296875,15.4399995803833,2.140000000000001,0.0004950993586253135
2019-05-07,258.07000732421875,19.31999969482422,2.17,0.5343604610342143
2019-05-08,257.71148681640625,19.39999961853028,2.17,0.5547497401498369
2019-05-09,256.93182373046875,19.100000381469727,2.21,0.5766601519097088
2019-05-10,258.2224426269531,16.040000915527344,2.2,0.30346675059516176
2019-05-13,251.7333068847656,20.549999237060547,2.2500000000000004,0.9418928591372988
2019-05-14,254.009765625,18.059999465942383,2.24,0.7054313559084777
2019-05-15,255.4976959228516,16.440000534057617,2.26,0.5546192544251493
2019-05-16,257.8638916015625,15.289999961853027,2.24,0.3561089304195413
2019-05-17,256.1967468261719,15.960000038146973,2.24,0.4381519747794648
2019-05-20,254.50274658203125,16.309999465942383,2.24,0.5314653293636069
2019-05-21,256.79736328125,14.949999809265137,2.23,0.33806643674845455
2019-05-22,256.0085144042969,14.75,2.26,0.4673409019042487
2019-05-23,252.8805084228516,16.920000076293945,2.28,0.747112266539574
2019-05-24,253.45411682128903,15.850000381469728,2.31,0.6856298750818347
2019-05-28,251.096923828125,17.5,2.3200000000000003,0.9361282232835347
2019-05-29,249.4118804931641,17.899999618530273,2.33,1.0411576673575071
2019-05-30,250.0930938720703,17.299999237060547,2.33,0.9677740023368461
2019-05-31,246.72296142578125,18.709999084472656,2.37,1.1863283821054675
2019-06-03,246.09548950195312,18.86000061035156,2.4200000000000004,1.2763858331280469
2019-06-04,251.43746948242188,16.969999313354492,2.42,1.0270285404108153
2019-06-05,253.6154937744141,16.09000015258789,2.45,0.9008359269679955
2019-06-06,255.26461791992188,15.93000030517578,2.4399999999999995,0.6787090336598105
2019-06-07,257.8190612792969,16.299999237060547,2.42,0.5753150862503632
2019-06-10,259.0022277832031,15.9399995803833,2.39,0.42725314776598283
2019-06-11,258.9393615722656,15.989999771118164,2.3800000000000003,0.45059147735719013
2019-06-12,258.4822998046875,15.90999984741211,2.41,0.29500192384595425
2019-06-13,259.5489807128906,15.81999969482422,2.4199999999999995,0.33945228030908964
2019-06-14,259.2620849609375,15.279999732971191,2.42,0.3477147858219092
2019-06-17,259.3607482910156,15.350000381469728,2.41,0.40316637051422183
2019-06-18,262.0765380859375,15.149999618530272,2.4,0.22622212799168837
2019-06-19,262.6680603027344,14.329999923706056,2.4100000000000006,0.09861113954410834
2019-06-20,265.1776733398437,14.75,2.38,0.07336418669863676
2019-06-21,264.792236328125,15.399999618530272,2.35,0.05862864767478445
2019-06-24,264.46795654296875,15.260000228881836,2.33,-0.08154757249943856
2019-06-25,261.8740539550781,16.280000686645508,2.34,0.11713375119593017
2019-06-26,261.6128845214844,16.209999084472656,2.3200000000000003,0.006183140613902016
2019-06-27,262.5406494140625,15.81999969482422,2.3100000000000005,-0.12823138023556122
2019-06-28,263.8915405273437,15.079999923706056,2.31,-0.20771593477461028
2019-07-01,266.2872314453125,14.0600004196167,2.2900000000000005,-0.513967898524539
2019-07-02,266.9808349609375,12.93000030517578,2.29,-0.6439318272851812
2019-07-03,269.1152038574219,12.56999969482422,2.26,-0.6019240431289414
2019-07-05,268.8090209960937,13.279999732971191,2.26,-0.45944569832882715
2019-07-08,267.3321228027344,13.960000038146973,2.2300000000000004,-0.35331611289104964
2019-07-09,267.6653137207031,14.09000015258789,2.22,-0.28784550342628606
2019-07-10,268.9442443847656,13.029999732971191,2.2500000000000004,-0.32467196953734595
2019-07-11,269.5745544433594,12.93000030517578,2.25,-0.35436797212412
2019-07-12,270.7816162109375,12.390000343322754,2.25,-0.44894170467274286
2019-07-15,270.87158203125,12.68000030517578,2.25,-0.39415790716219495
2019-07-16,269.9979553222656,12.859999656677246,2.2300000000000004,-0.39658734983530036
2019-07-17,268.16070556640625,13.970000267028809,2.24,-0.23383993061458686
2019-07-18,269.1423034667969,13.529999732971191,2.27,-0.1658694417304337
2019-07-19,267.6472473144531,14.449999809265137,2.26,-0.049229690540037487
2019-07-22,268.3047790527344,13.529999732971191,2.24,-0.10457169042882232
2019-07-23,270.22314453125,12.609999656677246,2.2299999999999995,-0.2653783840986627
2019-07-24,271.4930725097656,12.06999969482422,2.1500000000000004,-0.4936827384444442
2019-07-25,270.19610595703125,12.739999771118164,2.14,-0.4984640992313187
2019-07-26,272.00640869140625,12.15999984741211,2.13,-0.625605883621783
2019-07-29,271.5110778808594,12.829999923706056,2.1300000000000003,-0.5310301572757898
2019-07-30,270.8446044921875,13.9399995803833,2.14,-0.3668120353240691
2019-07-31,267.88134765625,16.1200008392334,2.1300000000000003,-0.05438293834365742
2019-08-01,265.5487670898437,17.8700008392334,2.1700000000000004,0.24105136016368833
2019-08-02,263.5493469238281,17.610000610351562,2.18,0.3516629163587095
2019-08-05,255.62353515625,24.59000015258789,2.24,1.2365076027110153
2019-08-06,259.20806884765625,20.170000076293945,2.25,0.7416518994887401
2019-08-07,259.3612060546875,19.489999771118164,2.23,0.6492350664363752
2019-08-08,264.4499206542969,16.90999984741211,2.25,0.3605302084860016
2019-08-09,262.6485900878906,17.969999313354492,2.2300000000000004,0.47384050154406737
2019-08-12,259.4513244628906,21.09000015258789,2.23,0.84588397102497
2019-08-13,263.486328125,17.520000457763672,2.22,0.41732162971028314
2019-08-14,255.695541381836,22.100000381469727,2.2299999999999995,1.0012008892320308
2019-08-15,256.3710327148437,21.18000030517578,2.27,0.9229112580325131
2019-08-16,260.15380859375,18.46999931335449,2.26,0.5961921804379057
2019-08-19,263.28814697265625,16.8799991607666,2.29,0.3883493742192042
2019-08-20,261.2705993652344,17.5,2.3,0.5293310229062159
2019-08-21,263.396240234375,15.800000190734863,2.25,0.2839192130179586
2019-08-22,263.31512451171875,16.68000030517578,2.25,0.38772118508940007
2019-08-23,256.5512084960937,19.8700008392334,2.27,0.8362764898594434
2019-08-26,259.38818359375,19.31999969482422,2.27,0.7527072038286807
2019-08-27,258.3705749511719,20.309999465942383,2.26,0.822887215763369
2019-08-28,260.1898193359375,19.350000381469727,2.26,0.6685074978478616
2019-08-29,263.51324462890625,17.8799991607666,2.27,0.3872928706970748
2019-08-30,263.396240234375,18.979999542236328,2.26,0.3910486056898406
2019-09-03,261.8560791015625,19.65999984741211,2.28,0.4689233732147489
2019-09-04,264.8282470703125,17.329999923706055,2.29,-0.0290485358649268
2019-09-05,268.232666015625,16.270000457763672,2.28,-0.13078038397748662
2019-09-06,268.4398498535156,15.0,2.26,-0.28023644979784973
2019-09-09,268.574951171875,15.270000457763672,2.23,-0.17389308583129215
2019-09-10,268.5118713378906,15.199999809265137,2.22,-0.2529391467482976
2019-09-11,270.4212951660156,14.609999656677246,2.22,-0.4541217157419395
2019-09-12,271.35791015625,14.220000267028809,2.22,-0.394112897049463
2019-09-13,271.1778259277344,13.739999771118164,2.2100000000000004,-0.6881509588995253
2019-09-16,270.3401794433594,14.670000076293944,2.2,-0.5870612966476734
2019-09-17,271.0246887207031,14.4399995803833,2.2099999999999995,-0.4922971248121541
2019-09-18,271.18682861328125,13.949999809265137,2.18,-0.5123472495850602
2019-09-19,271.1687316894531,14.050000190734863,2.17,-0.587321230024576
2019-09-20,269.8875732421875,15.31999969482422,2.1900000000000004,-0.34226400093285814
2019-09-23,269.8242492675781,14.90999984741211,2.17,-0.42550649721681216
2019-09-24,267.7070007324219,17.049999237060547,2.2,-0.32514681061661554
2019-09-25,269.2904052734375,15.960000038146973,2.2,-0.38203103244177505
2019-09-26,268.7294311523437,16.06999969482422,2.18,-0.4370665440913575
2019-09-27,267.28173828125,17.219999313354492,2.19,-0.22576553984710027
2019-09-30,268.5213317871094,16.239999771118164,2.2,-0.22906474337894792
2019-10-01,265.3272705078125,18.559999465942383,2.22,0.09756974037605581
2019-10-02,260.6404113769531,20.559999465942383,2.26,0.4485456115898088
2019-10-03,262.7758483886719,19.1200008392334,2.29,0.4163119296774871
2019-10-04,266.3316345214844,17.040000915527344,2.29,0.22842284965146106
2019-10-07,265.1826477050781,17.860000610351562,2.28,0.3070867808232525
2019-10-08,261.0657043457031,20.280000686645508,2.3,0.6813196542145284
2019-10-09,263.5447998046875,18.63999938964844,2.29,0.4385033693048346
2019-10-10,265.3272705078125,17.56999969482422,2.27,0.29166633516206214
2019-10-11,268.07794189453125,15.579999923706056,2.22,-0.07015526002771269
2019-10-14,267.77935791015625,14.56999969482422,2.22,-0.15647055550689667
2019-10-15,270.4305114746094,13.539999961853027,2.21,-0.37164900829565334
2019-10-16,269.99615478515625,13.68000030517578,2.22,-0.30103376931037545
2019-10-17,270.7923889160156,13.789999961853027,2.21,-0.33903537316679744
2019-10-18,269.60711669921875,14.25,2.21,-0.26977933533606113
2019-10-21,271.434814453125,14.0,2.1900000000000004,-0.4428389349127502
2019-10-22,270.5481262207031,14.460000038146973,2.17,-0.44436182750755826
2019-10-23,271.33526611328125,14.010000228881836,2.18,-0.53782832245931
2019-10-24,271.778564453125,13.710000038146973,2.17,-0.5666394311248456
2019-10-25,272.8916320800781,12.649999618530272,2.16,-0.7413590068221514
2019-10-28,274.4297180175781,13.109999656677246,2.16,-0.7888791068092146
2019-10-29,274.34832763671875,13.199999809265137,2.1500000000000004,-0.7773129148130167
2019-10-30,275.1898193359375,12.329999923706056,2.17,-0.9081401834312994
2019-10-31,274.4569396972656,13.220000267028809,2.18,-0.9206927054343272
2019-11-01,276.9994201660156,12.300000190734863,2.16,-1.0809391783017104
2019-11-04,278.1123352050781,12.829999923706056,2.16,-0.9535217289219945
2019-11-05,277.8046875,13.100000381469728,2.1499999999999995,-0.9906418729699246
2019-11-06,277.8680725097656,12.619999885559082,2.14,-1.204454894416151
2019-11-07,278.8452453613281,12.729999542236328,2.13,-1.1785545938593267
2019-11-08,279.532958984375,12.06999969482422,2.11,-1.2756019911927108
2019-11-11,278.99908447265625,12.6899995803833,2.11,-1.1220413454364266
2019-11-12,279.5871887207031,12.68000030517578,2.1,-1.1945746968564237
2019-11-13,279.6777038574219,13.0,2.1100000000000003,-1.0546462729262391
2019-11-14,280.0848083496094,13.050000190734863,2.13,-1.0048802945331279
2019-11-15,282.111572265625,12.050000190734863,2.13,-1.130383806206975
2019-11-18,282.3197631835937,12.460000038146973,2.14,-1.0953689670908775
2019-11-19,282.2382507324219,12.859999656677246,2.13,-1.0347791101182753
2019-11-20,281.1886901855469,12.779999732971191,2.16,-0.9177161274116497
2019-11-21,280.7362670898437,13.130000114440918,2.15,-0.8833124786885556
2019-11-22,281.3606872558594,12.34000015258789,2.14,-0.9921535526583559
2019-11-25,283.541259765625,11.869999885559082,2.13,-1.097198395434312
2019-11-26,284.18365478515625,11.539999961853027,2.1100000000000003,-1.168755069864605
2019-11-27,285.45037841796875,11.75,2.09,-1.259375803526705
2019-11-29,284.3917541503906,12.619999885559082,2.08,-1.1536422482364543
2019-12-02,281.9759216308594,14.90999984741211,2.11,-0.7794314589423399
2019-12-03,280.0848083496094,15.960000038146973,2.1100000000000003,-0.5484536259597989
2019-12-04,281.8130798339844,14.800000190734863,2.11,-0.6628878519760087
2019-12-05,282.3197631835937,14.520000457763672,2.09,-0.7808299327790805
2019-12-06,284.8985290527344,13.619999885559082,2.0700000000000003,-0.9992123068832187
2019-12-09,284.00274658203125,15.859999656677246,2.05,-0.8070766189613062
2019-12-10,283.6859741210937,15.68000030517578,2.01,-0.9250043497829427
2019-12-11,284.49127197265625,14.989999771118164,2.04,-0.8986698975073312
2019-12-12,286.943359375,13.9399995803833,2.02,-1.104709668413065
2019-12-13,287.1151428222656,12.630000114440918,2.02,-1.2094579483632912
2019-12-16,289.0877380371094,12.140000343322754,2.0,-1.353515100710285
2019-12-17,289.1510925292969,12.289999961853027,1.99,-1.2954394305913592
2019-12-18,289.169189453125,12.579999923706056,1.98,-1.2780062216912533
2019-12-19,290.3544311523437,12.5,1.96,-1.3707870197116465
2019-12-20,291.6274719238281,12.510000228881836,1.96,-1.4194762805217271
2019-12-23,292.0730285644531,12.609999656677246,1.96,-1.4198515821460258
2019-12-24,292.08209228515625,12.670000076293944,1.97,-1.3470573127584018
2019-12-26,293.63690185546875,12.649999618530272,1.97,-1.3264678140361652
2019-12-27,293.5641784667969,13.43000030517578,1.96,-1.2373146181975307
2019-12-30,291.94561767578125,14.81999969482422,1.97,-0.9354699517689956
2019-12-31,292.6548767089844,13.779999732971191,1.98,-1.0764423156729725
2020-01-02,295.39178466796875,12.470000267028809,1.98,-1.4073898706048718
2020-01-03,293.1549072265625,14.020000457763672,1.99,-1.1588958291725604
2020-01-06,294.2733764648437,13.850000381469728,2.02,-1.060543566063514
2020-01-07,293.4459228515625,13.789999961853027,2.03,-0.9830019214441771
2020-01-08,295.0099182128906,13.449999809265137,2.05,-0.9199007278429074
2020-01-09,297.0102233886719,12.539999961853027,2.03,-1.204035669861182
2020-01-10,296.1555480957031,12.5600004196167,1.99,-1.2958701523785006
2020-01-13,298.1923217773437,12.31999969482422,1.99,-1.3612600004195743
2020-01-14,297.7376708984375,12.390000343322754,1.99,-1.2316252784846433
2020-01-15,298.4106140136719,12.420000076293944,2.01,-1.174516372897201
2020-01-16,300.892822265625,12.31999969482422,2.0,-1.2265442666216388
2020-01-17,301.8293762207031,12.100000381469728,1.98,-1.341782340232373
2020-01-21,301.23828125,12.850000381469728,1.97,-1.2354539072891362
2020-01-22,301.2746887207031,12.90999984741211,1.97,-1.1740308568270608
2020-01-23,301.6202697753906,12.979999542236328,1.98,-1.0902889080152403
2020-01-24,298.9379272460937,14.5600004196167,1.98,-0.7451249885320451
2020-01-27,294.1460876464844,18.229999542236328,2.04,0.14319758001846647
2020-01-28,297.2284851074219,16.280000686645508,2.04,-0.19083560679753178
2020-01-29,296.9830322265625,16.389999389648438,2.05,-0.13404370640635263
2020-01-30,297.94677734375,15.489999771118164,2.08,-0.2660689353458184
2020-01-31,292.5367126464844,18.84000015258789,2.13,0.6033633413363364
2020-02-03,294.7098388671875,17.969999313354492,2.1,0.40288038158390843
2020-02-04,299.2015380859375,16.049999237060547,2.09,-0.1600955628821544
2020-02-05,302.6566772460937,15.149999618530272,2.0700000000000003,-0.4411567965643554
2020-02-06,303.6751403808594,14.960000038146973,2.0500000000000003,-0.6014613266347575
2020-02-07,302.05670166015625,15.470000267028809,2.05,-0.4011732804661183
2020-02-10,304.3116149902344,15.039999961853027,2.06,-0.43823201680427637
2020-02-11,304.8389587402344,15.18000030517578,2.05,-0.4999488501949922
2020-02-12,306.802978515625,13.739999771118164,2.06,-0.6699245483036699
2020-02-13,306.4756774902344,14.149999618530272,2.05,-0.6436003806043599
2020-02-14,306.96661376953125,13.68000030517578,2.04,-0.731848966668724
2020-02-18,306.17559814453125,14.829999923706056,2.05,-0.4025849498637441
2020-02-19,307.6395263671875,14.380000114440918,2.05,-0.4859058944869854
2020-02-20,306.3757019042969,15.5600004196167,2.05,-0.2874858445123875
2020-02-21,303.2205810546875,17.079999923706055,2.09,0.17714577762195363
2020-02-24,293.1640930175781,25.030000686645508,2.13,1.8482853178164893
2020-02-25,284.28057861328125,27.850000381469727,2.19,2.6048944300419006
2020-02-26,283.23492431640625,27.559999465942383,2.2,2.3451231934555192
2020-02-27,270.514404296875,39.15999984741211,2.27,4.538350344270485
2020-02-28,269.3778076171875,40.11000061035156,2.38,4.556422606106924
2020-03-02,281.0436706542969,33.41999816894531,2.44,3.3307350856240685
2020-03-03,272.9966735839844,36.81999969482422,2.48,3.752622111129566
2020-03-04,284.4715270996094,31.989999771118164,2.47,2.796065813804986
2020-03-05,275.0152587890625,39.619998931884766,2.52,3.9982867983632127
2020-03-06,270.46893310546875,41.93999862670898,2.55,4.35351753903208
2020-03-09,249.3467559814453,54.459999084472656,2.93,6.853328551593276
2020-03-10,262.24920654296875,47.29999923706055,2.93,5.323956054855093
2020-03-11,249.4649810791016,53.900001525878906,2.99,6.005854182405128
2020-03-12,225.59683227539065,75.47000122070312,3.2,7.957519219200274
2020-03-13,244.88235473632807,57.83000183105469,3.3000000000000003,5.958819899505728
2020-03-16,218.0863494873047,82.69000244140625,3.3800000000000003,7.453623265639275
2020-03-17,229.8612670898437,75.91000366210938,3.49,6.372067707916526
2020-03-18,218.2227478027344,76.44999694824219,3.810000000000001,6.660762835845141
2020-03-19,218.6864624023437,72.0,4.01,6.258186654967871
2020-03-20,209.2623291015625,66.04000091552734,4.23,6.03280390933849
2020-03-23,203.91192626953125,61.59000015258789,4.3100000000000005,5.587157648406715
2020-03-24,222.38699340820312,61.66999816894531,4.19,4.62713617624894
2020-03-25,225.7161407470703,63.95000076293945,4.13,4.22003104673544
2020-03-26,238.89566040039065,61.0,4.04,3.6278577872842352
2020-03-27,231.780014038086,65.54000091552734,3.98,3.50253229917386
2020-03-30,239.3072052001953,57.08000183105469,3.89,2.9350950971161764
2020-03-31,235.7402191162109,53.540000915527344,3.93,3.0407847893949413
2020-04-01,225.1307830810547,57.060001373291016,3.97,3.1532808278691067
2020-04-02,230.3258209228516,50.90999984741211,3.92,2.9515278900402726
2020-04-03,226.99659729003903,46.79999923706055,3.92,2.708263692964548
2020-04-06,242.2431030273437,45.2400016784668,3.91,2.2791631512721735
2020-04-07,242.49009704589844,46.70000076293945,3.79,1.827848620796005
2020-04-08,250.6300811767578,43.34999847412109,3.75,1.7621048735363178
2020-04-09,254.4439849853516,41.66999816894531,3.61,1.29737936597353
2020-04-13,252.12094116210932,41.16999816894531,3.41,0.6745245603309958
2020-04-14,259.5566711425781,37.7599983215332,3.3600000000000003,0.8150994356823044
2020-04-15,254.04153442382807,40.84000015258789,3.33,0.37280344847936914
2020-04-16,255.26712036132807,40.11000061035156,3.28,0.5679137239120949
2020-04-17,262.1632385253906,38.150001525878906,3.27,0.09533814876748344
2020-04-20,257.5445251464844,43.83000183105469,3.28,0.3482294662237353
2020-04-21,249.72467041015625,45.40999984741211,3.29,0.3218450836311033
2020-04-22,255.26712036132807,41.97999954223633,3.3000000000000003,-0.005412479815478284
2020-04-23,255.24887084960932,41.380001068115234,3.26,0.4146830977866658
2020-04-24,258.8066711425781,35.93000030517578,3.25,0.282726337010901
2020-04-27,262.5382385253906,33.290000915527344,3.24,0.4139174204735863
2020-04-28,261.3309020996094,33.56999969482422,3.25,0.3008081110215108
2020-04-29,268.1722717285156,31.229999542236328,3.24,0.2654303261361673
2020-04-30,265.6754150390625,34.150001525878906,3.23,0.2961609179211659
2020-05-01,258.6420593261719,37.18999862670898,3.25,0.2849068135469113
2020-05-04,259.3553771972656,35.970001220703125,3.28,0.36799699165421323
2020-05-05,261.751708984375,33.61000061035156,3.28,0.1985087433578235
2020-05-06,259.9773864746094,34.119998931884766,3.3100000000000005,0.5539266851473782
2020-05-07,263.11444091796875,31.440000534057617,3.3400000000000003,0.4570485233994456
2020-05-08,267.4679870605469,27.979999542236328,3.37,0.4639016972915195
2020-05-11,267.5228881835937,27.56999969482422,3.41,0.5374451475410618
2020-05-12,262.19073486328125,33.040000915527344,3.4,0.6963856589498648
2020-05-13,257.5537109375,35.279998779296875,3.43,0.9524668159470949
2020-05-14,260.63592529296875,32.61000061035156,3.41,0.7346279089682776
2020-05-15,261.8340148925781,31.88999938964844,3.41,0.712126280026062
2020-05-18,269.8094482421875,29.299999237060547,3.3800000000000003,0.6144058238692813
2020-05-19,267.0382080078125,30.530000686645508,3.3,0.5580834979906636
2020-05-20,271.5745849609375,27.989999771118164,3.24,0.2546755034300388
2020-05-21,269.6996154785156,29.530000686645508,3.18,0.3773031546076311
2020-05-22,270.2117919921875,28.15999984741211,3.18,0.3344136241996341
2020-05-26,273.5409851074219,28.01000022888184,3.14,0.31189096504953695
2020-05-27,277.61102294921875,27.6200008392334,3.11,0.2812005127644941
2020-05-28,277.098876953125,28.59000015258789,3.1,0.28374307658862263
2020-05-29,278.3335876464844,27.51000022888184,3.08,0.33667915557999156
2020-06-01,279.45849609375,28.229999542236328,3.1,0.30593512711644866
2020-06-02,281.7724914550781,26.84000015258789,3.08,0.10897136228533055
2020-06-03,285.5223999023437,25.65999984741211,3.02,0.0009956600584452764
2020-06-04,284.7724304199219,25.809999465942383,2.99,0.03991355947163533
2020-06-05,292.07098388671875,24.520000457763672,2.86,-0.20712571296726368
2020-06-08,295.601318359375,25.809999465942383,2.81,-0.20439068514709371
2020-06-09,293.3971252441406,27.56999969482422,2.8000000000000003,-0.061851870895700656
2020-06-10,291.7600402832031,27.56999969482422,2.86,-0.0021763015347689616
2020-06-11,274.9402770996094,40.790000915527344,2.91,0.4949927375026945
2020-06-12,278.23297119140625,36.09000015258789,2.91,0.25750883207591396
2020-06-15,280.8304748535156,34.400001525878906,2.93,0.23947561096870706
2020-06-16,286.23583984375,33.66999816894531,2.89,0.1356822065363972
2020-06-17,285.0468139648437,33.470001220703125,2.87,0.26462996068024514
2020-06-18,285.156494140625,32.939998626708984,2.86,0.19945714671993198
2020-06-19,283.5268859863281,35.119998931884766,2.87,0.34702660502562827
2020-06-22,285.3457336425781,31.770000457763672,2.86,0.2068522357464679
2020-06-23,286.6593933105469,31.3700008392334,2.87,0.18983643793609217
2020-06-24,279.3470764160156,33.84000015258789,2.89,0.4118040568738226
2020-06-25,282.34185791015625,32.220001220703125,2.92,0.4053823572021075
2020-06-26,275.6358642578125,34.72999954223633,2.92,0.5473659266140518
2020-06-29,279.6869812011719,31.780000686645508,2.94,0.4473896881069243
2020-06-30,283.2696533203125,30.43000030517578,2.93,0.37251036264740195
2020-07-01,285.2538757324219,28.6200008392334,2.89,0.310033545428821
2020-07-02,286.8247375488281,27.68000030517578,2.87,0.30457114132718494
2020-07-06,291.25262451171875,27.940000534057617,2.83,0.21177258372335575
2020-07-07,288.2486572265625,29.43000030517578,2.81,0.3740870865409887
2020-07-08,290.4533996582031,28.07999992370605,2.77,0.33459132684556364
2020-07-09,288.7998352050781,29.26000022888184,2.73,0.3286795326361083
2020-07-10,291.74859619140625,27.290000915527344,2.74,0.22387280228641515
2020-07-13,289.2224426269531,32.189998626708984,2.74,0.12534421884809202
2020-07-14,292.9704895019531,29.520000457763672,2.71,0.04079388359326389
2020-07-15,295.6620483398437,27.76000022888184,2.71,-0.0010082480086744394
2020-07-16,294.6882629394531,28.0,2.69,0.08392324386949686
2020-07-17,295.54266357421875,25.68000030517578,2.68,-0.0061365136859809115
2020-07-20,297.9310913085937,24.459999084472656,2.66,-0.07897729234097686
2020-07-21,298.5649108886719,24.84000015258789,2.6300000000000003,-0.1213718145546222
2020-07-22,300.2643737792969,24.31999969482422,2.61,-0.14273891911643966
2020-07-23,296.6817321777344,26.07999992370605,2.58,-0.05162377335960986
2020-07-24,294.7709655761719,25.84000015258789,2.58,-0.1397946179821095
2020-07-27,296.92047119140625,24.739999771118164,2.56,-0.16394661660488605
2020-07-28,295.0373229980469,25.440000534057617,2.5700000000000003,-0.21858991966831962
2020-07-29,298.6659545898437,24.100000381469727,2.61,-0.21816734177920746
2020-07-30,297.600341796875,24.76000022888184,2.6,-0.1411463960705791
2020-07-31,299.9519958496094,24.459999084472656,2.6,-0.15287912785596428
2020-08-03,302.03741455078125,24.280000686645508,2.63,-0.14657432518380228
2020-08-04,303.2039489746094,23.76000022888184,2.62,-0.11714000666006684
2020-08-05,305.0871887207031,22.989999771118164,2.59,-0.22055350372904137
2020-08-06,307.1265869140625,22.64999961853028,2.5700000000000003,-0.23545093376094675
2020-08-07,307.3469543457031,22.209999084472656,2.5700000000000003,-0.2723973267605162
2020-08-10,308.26568603515625,22.1299991607666,2.56,-0.24966563831125418
2020-08-11,305.7210388183594,24.030000686645508,2.59,-0.1899348424488572
2020-08-12,309.9834899902344,22.280000686645508,2.5500000000000003,-0.25713761248104056
2020-08-13,309.42315673828125,22.1299991607666,2.59,-0.19185704022344865
2020-08-14,309.4322814941406,22.049999237060547,2.61,-0.19548844130638524
2020-08-17,310.415283203125,21.350000381469727,2.64,-0.1951669359354916
2020-08-18,311.0859375,21.51000022888184,2.64,-0.16678189084207998
2020-08-19,309.79058837890625,22.540000915527344,2.65,-0.1113249619088696
2020-08-20,310.755126953125,22.71999931335449,2.65,-0.0968561075657783
2020-08-21,311.8575439453125,22.540000915527344,2.64,-0.17195014880125245
2020-08-24,315.017578125,22.3700008392334,2.63,-0.25164136935566034
2020-08-25,316.1200256347656,22.030000686645508,2.63,-0.2428217692869777
2020-08-26,319.28924560546875,23.270000457763672,2.66,-0.26590623969797367
2020-08-27,319.9874267578125,24.46999931335449,2.71,-0.16516935249903494
2020-08-28,322.05426025390625,22.959999084472656,2.71,-0.24309769669307443
2020-08-31,320.8876953125,26.40999984741211,2.67,-0.13607466697560325
2020-09-01,323.90997314453125,26.1200008392334,2.67,-0.15351959687046576
2020-09-02,328.5950622558594,26.56999969482422,2.64,-0.20544462894687646
2020-09-03,317.2866516113281,33.599998474121094,2.64,0.1320675127294569
2020-09-04,314.6961364746094,30.75,2.68,0.14718151892020612
2020-09-08,306.09771728515625,31.459999084472656,2.67,0.2695779687700512
2020-09-09,312.142333984375,28.809999465942383,2.69,0.1503191895340001
2020-09-10,306.722412109375,29.709999084472656,2.69,0.20595820957409686
2020-09-11,306.8784484863281,26.8700008392334,2.69,0.1891593391447753
2020-09-14,310.9205017089844,25.850000381469727,2.66,0.0859619599975582
2020-09-15,312.491455078125,25.59000015258789,2.68,0.06842430841023162
2020-09-16,311.25128173828125,26.040000915527344,2.67,0.0990050408804636
2020-09-17,308.5137939453125,26.459999084472656,2.65,0.1381067389042084
2020-09-18,304.9619140625,25.82999992370605,2.66,0.1552958576451563
2020-09-21,301.5677490234375,27.780000686645508,2.66,0.2538615083818661
2020-09-22,304.6390991210937,26.86000061035156,2.66,0.2034380099288671
2020-09-23,297.5742492675781,28.57999992370605,2.68,0.3807599740663116
2020-09-24,298.3673400878906,28.51000022888184,2.7,0.389874204072459
2020-09-25,303.1910705566406,26.3799991607666,2.74,0.33589461321131076
2020-09-28,308.2268371582031,26.190000534057617,2.76,0.2851823899366362
2020-09-29,306.5482482910156,26.270000457763672,2.74,0.31709177104374364
2020-09-30,308.8725280761719,26.3700008392334,2.75,0.2796390348011994
2020-10-01,310.85552978515625,26.700000762939453,2.75,0.2960066600489082
2020-10-02,307.9040222167969,27.6299991607666,2.76,0.4109765561654016
2020-10-05,313.3641967773437,27.959999084472656,2.74,0.204804794212442
2020-10-06,308.90936279296875,29.479999542236328,2.7,0.23909332638827774
2020-10-07,314.2864990234375,28.059999465942383,2.69,0.019602626779274258
2020-10-08,317.07177734375,26.36000061035156,2.68,0.015401711099846649
2020-10-09,319.9033508300781,25.0,2.67,-0.13112659639844776
2020-10-12,325.0497436523437,25.06999969482422,2.67,-0.19409248528404321
2020-10-13,322.92852783203125,26.06999969482422,2.6500000000000004,-0.10176482312943902
2020-10-14,320.8993835449219,26.39999961853028,2.64,-0.05500699712654437
2020-10-15,320.5028686523437,26.96999931335449,2.6500000000000004,-0.04829973029555042
2020-10-16,320.30914306640625,27.40999984741211,2.64,-0.07889944281692214
2020-10-19,315.4393005371094,29.18000030517578,2.6100000000000003,-0.04048074616355804
2020-10-20,316.702880859375,29.350000381469727,2.64,-0.08250306718887628
2020-10-21,316.1033935546875,28.64999961853028,2.63,-0.05773549442942047
2020-10-22,317.8372802734375,28.11000061035156,2.61,-0.2045239870389418
2020-10-23,318.9163818359375,27.549999237060547,2.6,-0.22855913577137987
2020-10-26,313.02294921875,32.459999084472656,2.6,0.03281049733007866
2020-10-27,311.9437255859375,33.349998474121094,2.6,0.1320352008144167
2020-10-28,301.2818298339844,40.27999877929688,2.62,0.4251768002799933
2020-10-29,304.343994140625,37.59000015258789,2.61,0.33918412090323447
2020-10-30,301.17120361328125,38.02000045776367,2.6100000000000003,0.41041051305715953
2020-11-02,304.5468444824219,37.130001068115234,2.6,0.29845343823220416
2020-11-03,309.92388916015625,35.54999923706055,2.58,0.24369460462703155
2020-11-04,316.85040283203125,29.56999969482422,2.58,-0.05115043541440481
2020-11-05,323.0299072265625,27.57999992370605,2.52,-0.1479369492718938
2020-11-06,322.9562683105469,24.86000061035156,2.51,-0.18795665790062466
2020-11-09,327.01422119140625,25.75,2.47,-0.2078658728861947
2020-11-10,326.5347595214844,24.799999237060547,2.44,-0.18342902492952848
2020-11-11,328.9603576660156,23.450000762939453,2.44,-0.27555003292620656
2020-11-12,325.7691955566406,25.350000381469727,2.45,-0.211098649966707
2020-11-13,330.2792358398437,23.100000381469727,2.44,-0.3366087161988429
2020-11-16,334.4019775390625,22.450000762939453,2.42,-0.4207329393720829
2020-11-17,332.6034545898437,22.709999084472656,2.42,-0.45754103742421864
2020-11-18,328.6006774902344,23.84000015258789,2.39,-0.3835089355342655
2020-11-19,329.9841003417969,23.11000061035156,2.35,-0.4539902041500595
2020-11-20,327.7245178222656,23.700000762939453,2.35,-0.39066688041407643
2020-11-23,329.68896484375,22.65999984741211,2.33,-0.4421225258921114
2020-11-24,335.0015563964844,21.63999938964844,2.31,-0.6260403336709212
2020-11-25,334.4850158691406,21.25,2.3200000000000003,-0.6393619132960708
2020-11-27,335.41656494140625,20.84000015258789,2.3200000000000003,-0.8126858749271136
2020-11-30,333.9316101074219,20.56999969482422,2.29,-0.7755910968236465
2020-12-01,337.583984375,20.770000457763672,2.28,-0.870014418257934
2020-12-02,338.2942199707031,21.170000076293945,2.24,-0.8443370138009482
2020-12-03,338.2019958496094,21.280000686645508,2.23,-0.7705474882735452
2020-12-04,341.116455078125,20.790000915527344,2.2300000000000004,-0.7261397176178481
2020-12-07,340.4154357910156,21.299999237060547,2.22,-0.6313279370673462
2020-12-08,341.41162109375,20.68000030517578,2.22,-0.6617212146690368
2020-12-09,338.3495483398437,22.270000457763672,2.24,-0.5216055318787963
2020-12-10,338.2388610839844,22.520000457763672,2.22,-0.5340366134347869
2020-12-11,337.8422241210937,23.309999465942383,2.23,-0.47457767647272275
2020-12-14,336.32965087890625,24.71999931335449,2.24,-0.4548254722912555
2020-12-15,340.87664794921875,22.88999938964844,2.26,-0.4913341675123575
2020-12-16,341.41162109375,22.5,2.25,-0.467611093320468
2020-12-17,343.32080078125,21.93000030517578,2.23,-0.5419219469499249
2020-12-18,341.9498291015625,21.56999969482422,2.24,-0.5802949570393382
2020-12-21,340.727294921875,25.15999984741211,2.2300000000000004,-0.46312938164210055
2020-12-22,340.153076171875,24.229999542236328,2.22,-0.51820900771741
2020-12-23,340.458740234375,23.309999465942383,2.24,-0.5125645441760022
2020-12-24,341.7831420898437,21.530000686645508,2.23,-0.5214649813600176
2020-12-28,344.7194519042969,21.700000762939453,2.22,-0.5666697223388114
2020-12-29,344.061767578125,23.07999992370605,2.22,-0.5137564903960546
2020-12-30,344.5526733398437,22.770000457763672,2.2,-0.5610425022451366
2020-12-31,346.30328369140625,22.75,2.18,-0.5540081879917381
2021-01-04,341.5887451171875,26.96999931335449,2.19,-0.37403551369744426
2021-01-05,343.9413757324219,25.34000015258789,2.23,-0.42360538398223735
2021-01-06,345.99755859375,25.06999969482422,2.27,-0.3976447304880318
2021-01-07,351.1382751464844,22.3700008392334,2.23,-0.5675002577970586
2021-01-08,353.1388854980469,21.559999465942383,2.19,-0.6295198343800199
2021-01-11,350.75848388671875,24.07999992370605,2.15,-0.5983480734476608
2021-01-12,350.8325500488281,23.32999992370605,2.16,-0.617545990744984
2021-01-13,351.7773742675781,22.209999084472656,2.13,-0.6869569116677648
2021-01-14,350.5453796386719,23.25,2.12,-0.6712813594631161
2021-01-15,347.98907470703125,24.34000015258789,2.13,-0.5537210439460581
2021-01-19,350.72137451171875,23.239999771118164,2.11,-0.6256588303282441
2021-01-20,355.57501220703125,21.57999992370605,2.11,-0.7080822879148453
2021-01-21,355.89910888671875,21.31999969482422,2.12,-0.7313619318724478
2021-01-22,354.63946533203125,21.90999984741211,2.14,-0.7042246954339152
2021-01-25,356.0379943847656,23.190000534057617,2.1500000000000004,-0.6867919425942794
2021-01-26,355.4823608398437,23.020000457763672,2.16,-0.6772193910077545
2021-01-27,346.7941589355469,37.209999084472656,2.16,-0.16008437550304053
2021-01-28,349.7767333984375,30.209999084472656,2.17,-0.3556756166879724
2021-01-29,342.7743225097656,33.09000015258789,2.17,-0.20412705475919257
2021-02-01,348.4798889160156,30.239999771118164,2.1899999999999995,-0.33392112342181623
2021-02-02,353.40753173828125,25.559999465942383,2.18,-0.5119170981335223
2021-02-03,353.6854248046875,22.90999984741211,2.17,-0.6540022054201892
2021-02-04,357.7053527832031,21.770000457763672,2.19,-0.6928663664201258
2021-02-05,359.1131896972656,20.8700008392334,2.18,-0.7192907431784684
2021-02-08,361.7066345214844,21.239999771118164,2.14,-0.7072075996580572
2021-02-09,361.4657897949219,21.6299991607666,2.1500000000000004,-0.6655740572309307
2021-02-10,361.3084106445313,21.989999771118164,2.16,-0.6755680368195879
2021-02-11,361.8919067382813,21.25,2.18,-0.6913794094208754
2021-02-12,363.6795349121094,19.96999931335449,2.1900000000000004,-0.7334443835981882
2021-02-16,363.3645629882813,21.459999084472656,2.1500000000000004,-0.7296375137640111
2021-02-17,363.4480285644531,21.5,2.13,-0.774841972489646
2021-02-18,361.9012145996094,22.489999771118164,2.13,-0.6985266896848761
2021-02-19,361.2620239257813,22.049999237060547,2.14,-0.645166132260126
2021-02-22,358.4833374023437,23.450000762939453,2.16,-0.5581812994421
2021-02-23,358.91876220703125,23.11000061035156,2.2,-0.5614033086195129
2021-02-24,362.8736572265625,21.34000015258789,2.22,-0.6275742637569168
2021-02-25,354.1300048828125,28.88999938964844,2.12,-0.3801212607443117
2021-02-26,352.3052978515625,27.950000762939453,2.12,-0.4836998517241922
2021-03-01,360.84521484375,23.350000381469727,2.13,-0.6711842089440231
2021-03-02,358.0294494628906,24.100000381469727,2.15,-0.6806303481060584
2021-03-03,353.2872314453125,26.670000076293945,2.14,-0.48634810283958596
2021-03-04,348.915283203125,28.56999969482422,2.13,-0.32812687381618333
2021-03-05,355.33416748046875,24.65999984741211,2.13,-0.5099899745774266
2021-03-08,353.5650329589844,25.46999931335449,2.14,-0.4099588437740598
2021-03-09,358.61297607421875,24.030000686645508,2.16,-0.4740158049633791
2021-03-10,360.84521484375,22.559999465942383,2.17,-0.4988873515060092
2021-03-11,364.5039367675781,21.90999984741211,2.18,-0.5477703723106302
2021-03-12,364.9948425292969,20.690000534057617,2.1900000000000004,-0.577297482380008
2021-03-15,367.1715087890625,20.030000686645508,2.18,-0.6174873401577742
2021-03-16,366.7084045410156,19.790000915527344,2.19,-0.5838966239200406
2021-03-17,367.9588012695313,19.229999542236328,2.23,-0.5933216621333884
2021-03-18,362.6050720214844,21.57999992370605,2.17,-0.48185879381914226
2021-03-19,361.9341735839844,20.950000762939453,2.1,-0.5574328305062629
2021-03-22,364.82421875,18.8799991607666,2.08,-0.6934416957386444
2021-03-23,361.9528198242188,20.299999237060547,2.1100000000000003,-0.61038371185185
2021-03-24,360.1127014160156,21.200000762939453,2.1,-0.5360223312587157
2021-03-25,362.1387023925781,19.809999465942383,2.1100000000000003,-0.5502499552531459
2021-03-26,367.9743957519531,18.86000061035156,2.09,-0.8487832345694954
2021-03-29,367.7886047363281,20.739999771118164,2.08,-0.8030999013628373
2021-03-30,366.8129577636719,19.61000061035156,2.04,-0.7264051885449657
2021-03-31,368.2997131347656,19.39999961853028,2.03,-0.8237788103974476
2021-04-01,372.2769775390625,17.329999923706055,1.98,-1.1345710247421985
2021-04-05,377.6203308105469,17.90999984741211,1.93,-1.3469708074252082
2021-04-06,377.3973388671875,18.1200008392334,1.95,-1.1907794088084254
2021-04-07,377.8340759277344,17.15999984741211,1.96,-1.2903602943629588
2021-04-08,379.6275634765625,16.950000762939453,1.98,-1.2140107023756312
2021-04-09,382.3875122070313,16.690000534057617,1.96,-1.2572338855005594
2021-04-12,382.5269165039063,16.90999984741211,1.95,-1.1741821903006826
2021-04-13,383.6605529785156,16.649999618530273,1.97,-1.1831916736612544
2021-04-14,382.350341796875,16.989999771118164,1.98,-1.0782299296280338
2021-04-15,386.457763671875,16.56999969482422,1.95,-1.2195228615448956
2021-04-16,387.74951171875,16.25,1.97,-1.2222398174801932
2021-04-19,385.8444519042969,17.290000915527344,1.99,-1.2174023563996943
2021-04-20,383.01953125,18.68000030517578,2.0,-1.0793151849320362
2021-04-21,386.6435852050781,17.5,2.01,-1.1652805332233367
2021-04-22,383.1123352050781,18.709999084472656,1.99,-1.1047641951892497
2021-04-23,387.2662048339844,17.329999923706055,1.99,-1.3637744394456555
2021-04-26,388.0746765136719,17.639999389648438,1.98,-1.324092265878723
2021-04-27,387.9910888671875,17.559999465942383,1.97,-1.181756606786888
2021-04-28,387.8794860839844,17.280000686645508,1.98,-1.1891260626555467
2021-04-29,390.3513793945313,17.610000610351562,1.97,-1.2628627765865874
2021-04-30,387.7866821289063,18.61000061035156,1.96,-1.0950597996241669
2021-05-03,388.6230163574219,18.309999465942383,1.96,-1.0280689330500008
2021-05-04,386.2254333496094,19.479999542236328,1.97,-0.7340897227820239
2021-05-05,386.3462524414063,19.14999961853028,1.98,-0.7550870072462916
2021-05-06,389.4314575195313,18.38999938964844,1.96,-0.894276661291174
2021-05-07,392.2657470703125,16.690000534057617,1.97,-1.0257763208271609
2021-05-10,388.38134765625,19.65999984741211,1.98,-0.626491975283898
2021-05-11,384.9151611328125,21.84000015258789,2.01,-0.349586576498496
2021-05-12,376.737548828125,27.59000015258789,2.02,0.30427198736973887
2021-05-13,381.26312255859375,23.1299991607666,2.04,-0.14194384215257994
2021-05-14,387.1174926757813,18.809999465942383,2.03,-0.4964247027707391
2021-05-17,386.1325073242188,19.71999931335449,2.0200000000000005,-0.38136145347474754
2021-05-18,382.80572509765625,21.34000015258789,2.03,-0.22004978904622371
2021-05-19,381.8021545410156,22.18000030517578,2.0200000000000005,-0.21976021345995175
2021-05-20,385.9095458984375,20.670000076293945,2.02,-0.33877393419195306
2021-05-21,385.5935363769531,20.14999961853028,2.01,-0.469873082869896
2021-05-24,389.5244140625,18.39999961853028,2.0,-0.5947409999282921
2021-05-25,388.66015625,18.84000015258789,2.01,-0.506660991305367
2021-05-26,389.4314575195313,17.360000610351562,1.98,-0.6617622534983244
2021-05-27,389.6358947753906,16.739999771118164,1.98,-0.7089425941244891
2021-05-28,390.3328857421875,16.760000228881836,1.99,-0.6455597195369943
2021-06-01,389.989013671875,17.899999618530273,1.97,-0.6412058721869992
2021-06-02,390.6022338867188,17.479999542236328,1.98,-0.6497483675240229
2021-06-03,389.1526489257813,18.040000915527344,1.96,-0.6544284876005949
2021-06-04,392.7117919921875,16.420000076293945,1.98,-0.8306044031191991
2021-06-07,392.3307800292969,16.420000076293945,1.98,-0.7320579924388962
2021-06-08,392.4143981933594,17.06999969482422,1.98,-0.6071011526775737
2021-06-09,391.8289794921875,17.889999389648438,1.96,-0.6568082340845244
2021-06-10,393.650390625,16.100000381469727,2.0,-0.876070629871624
2021-06-11,394.3009033203125,15.649999618530272,1.97,-1.19199795056315
2021-06-14,395.18365478515625,16.389999389648438,1.96,-1.043853433702392
2021-06-15,394.4588928222656,17.020000457763672,1.96,-0.8081183119649283
2021-06-16,392.2564392089844,18.14999961853028,1.91,-0.7493249883363645
2021-06-17,392.1262817382813,17.75,1.84,-0.9458635167125538
2021-06-18,386.8364562988281,20.700000762939453,1.85,-0.6002183481105865
2021-06-21,392.3742980957031,17.889999389648438,1.88,-0.7993448082581939
2021-06-22,394.4720764160156,16.65999984741211,1.9,-0.9298296409915721
2021-06-23,393.9965515136719,16.31999969482422,1.89,-0.8320589096011926
2021-06-24,396.327392578125,15.970000267028809,1.88,-0.9545079518575458
2021-06-25,397.7350769042969,15.619999885559082,1.9,-0.9689085279500022
2021-06-28,398.5369873046875,15.760000228881836,1.88,-0.9918703879345342
2021-06-29,398.75140380859375,16.020000457763672,1.87,-0.9644799090790505
2021-06-30,399.0870361328125,15.829999923706056,1.87,-0.9909197699826727
2021-07-01,401.296630859375,15.479999542236328,1.86,-1.06554227278712
2021-07-02,404.3638916015625,15.06999969482422,1.87,-1.2051431816764848
2021-07-06,403.6274108886719,16.440000534057617,1.9,-0.9358113429287528
2021-07-07,405.0538635253906,16.200000762939453,1.89,-1.0090851584864116
2021-07-08,401.75341796875,19.0,1.91,-0.6798733037267176
2021-07-09,406.0420837402344,16.18000030517578,1.91,-1.0147503477886282
2021-07-12,407.4964904785156,16.170000076293945,1.91,-0.993906967421903
2021-07-13,406.10736083984375,17.1200008392334,1.91,-0.8579913096068248
2021-07-14,406.7133483886719,16.329999923706055,1.91,-0.9017099606233003
2021-07-15,405.3241882324219,17.010000228881836,1.92,-0.8169411093413202
2021-07-16,402.14501953125,18.450000762939453,1.93,-0.6700574567742175
2021-07-19,396.2062072753906,22.5,1.97,-0.15848810602926489
2021-07-20,401.884033203125,19.729999542236328,1.98,-0.6673405256675395
2021-07-21,405.1376953125,17.90999984741211,1.96,-0.7456708262671051
2021-07-22,405.9861450195313,17.690000534057617,1.95,-0.7310074545754496
2021-07-23,410.1629638671875,17.200000762939453,1.93,-0.9204223476045469
2021-07-26,411.1697998046875,17.579999923706055,1.94,-0.83408246733033
2021-07-27,409.2958984375,19.36000061035156,1.95,-0.5946926000245844
2021-07-28,409.1280517578125,18.309999465942383,1.96,-0.6258684409318036
2021-07-29,410.8248901367188,17.700000762939453,1.94,-0.7325560940192747
2021-07-30,408.8297424316406,18.239999771118164,1.95,-0.6112590457717967
2021-08-02,407.9719543457031,19.459999084472656,1.95,-0.4310739094476544
2021-08-03,411.2910461425781,18.040000915527344,1.97,-0.511215166874448
2021-08-04,409.2678527832031,17.969999313354492,1.96,-0.488462365213028
2021-08-05,411.8597106933594,17.280000686645508,1.95,-0.5785949398108895
2021-08-06,412.5403137207031,16.149999618530273,1.94,-0.7834612819682046
2021-08-09,412.2047729492188,16.719999313354492,1.95,-0.5911989382603028
2021-08-10,412.7174377441406,16.790000915527344,1.95,-0.5553568547474179
2021-08-11,413.7430419921875,16.170000076293945,1.99,-0.6173597537006541
2021-08-12,414.9829711914063,15.59000015258789,1.99,-0.6716558821018205
2021-08-13,415.7381286621094,15.449999809265137,1.98,-0.7519268685601648
2021-08-16,416.7171325683594,16.1200008392334,1.97,-0.8361354975623422
2021-08-17,413.98541259765625,17.90999984741211,1.98,-0.7971988971707434
2021-08-18,409.4544067382813,21.56999969482422,1.97,-0.24750001340421113
2021-08-19,410.0882873535156,21.670000076293945,1.98,-0.14950331522860202
2021-08-20,413.3514404296875,18.559999465942383,1.96,-0.45705075072056695
2021-08-23,416.9875183105469,17.149999618530273,1.97,-0.5215077690606802
2021-08-24,417.64947509765625,17.219999313354492,1.95,-0.5280059134371314
2021-08-25,418.5257568359375,16.790000915527344,1.93,-0.6601070907908306
2021-08-26,416.05517578125,18.84000015258789,1.92,-0.462470131949531
2021-08-27,419.7750854492188,16.389999389648438,1.92,-0.6869313919870533
2021-08-30,421.62115478515625,16.190000534057617,1.92,-0.8119648974883266
2021-08-31,420.9963684082031,16.479999542236328,1.94,-0.7729504058272073
2021-09-01,421.22015380859375,16.110000610351562,1.92,-0.7256317473741921
2021-09-02,422.51605224609375,16.40999984741211,1.92,-0.8031505023522246
2021-09-03,422.41351318359375,16.40999984741211,1.91,-0.7305261171319327
2021-09-07,420.9031677246094,18.13999938964844,1.91,-0.5426478306071831
2021-09-08,420.3904724121094,17.959999084472656,1.91,-0.5460785545019653
2021-09-09,418.591064453125,18.799999237060547,1.9,-0.4254558423374224
2021-09-10,415.2905883789063,20.950000762939453,1.88,-0.1670774165355546
2021-09-13,416.353515625,19.3700008392334,1.87,-0.28133067530192174
2021-09-14,414.1066284179688,19.459999084472656,1.87,-0.18006351514540975
2021-09-15,417.56549072265625,18.18000030517578,1.85,-0.36780094096952354
2021-09-16,416.903564453125,18.690000534057617,1.84,-0.40408298428916245
2021-09-17,412.842529296875,20.809999465942383,1.83,-0.2789847395001213
2021-09-20,405.9586791992188,25.709999084472656,1.84,0.31422556427235643
2021-09-21,405.5751953125,24.36000061035156,1.83,0.31734052943904545
2021-09-22,409.5314636230469,20.8700008392334,1.83,0.0641948894193299
2021-09-23,414.5072937011719,18.6299991607666,1.8100000000000005,-0.24741252374999823
2021-09-24,415.1901245117188,17.75,1.8,-0.30574724725848257
2021-09-27,414.0023193359375,18.76000022888184,1.7799999999999998,-0.2874332413767028
2021-09-28,405.6593627929688,23.25,1.7999999999999998,0.4496645432579862
2021-09-29,406.3421936035156,22.559999465942383,1.81,0.45123726875892417
2021-09-30,401.3757019042969,23.13999938964844,1.85,0.6934321503177023
2021-10-01,406.1457824707031,21.100000381469727,1.85,0.4016663371312064
2021-10-04,400.9080505371094,22.959999084472656,1.85,0.7419734350298511
2021-10-05,405.0794677734375,21.299999237060547,1.84,0.48131931499280184
2021-10-06,406.7630310058594,21.0,1.84,0.35425523783126134
2021-10-07,410.27978515625,19.540000915527344,1.85,0.13603859450267666
2021-10-08,409.5314636230469,18.770000457763672,1.84,0.027958340174980407
2021-10-11,406.5666809082031,20.0,1.84,0.1073343688463236
2021-10-12,405.56585693359375,19.850000381469727,1.82,0.12326733824590767
2021-10-13,407.02490234375,18.63999938964844,1.79,-0.1317188103658208
2021-10-14,413.8713073730469,16.860000610351562,1.81,-0.3393777038132569
2021-10-15,417.0232543945313,16.299999237060547,1.76,-0.5783635848559562
2021-10-18,418.2579345703125,16.309999465942383,1.72,-0.8049770715766297
2021-10-19,421.4846496582031,15.699999809265137,1.7200000000000002,-1.1669763671361482
2021-10-20,423.1401977539063,15.489999771118164,1.75,-1.19292144887588
2021-10-21,424.2437744140625,15.010000228881836,1.74,-1.1506799918660116
2021-10-22,423.8042602539063,15.43000030517578,1.72,-0.9794358668652561
2021-10-25,426.0770263671875,15.239999771118164,1.7300000000000002,-1.0240456058945382
2021-10-26,426.4604797363281,15.979999542236328,1.71,-1.0517034799333402
2021-10-27,424.5711975097656,16.979999542236328,1.69,-1.2216153890413999
2021-10-28,428.6678161621094,16.530000686645508,1.6899999999999995,-1.3603825922700874
2021-10-29,429.5376892089844,16.260000228881836,1.6900000000000002,-1.5815512450415692
2021-11-01,430.2765808105469,16.40999984741211,1.69,-1.4309274981455078
2021-11-02,432.0161743164063,16.030000686645508,1.71,-1.6662802964953558
2021-11-03,434.65374755859375,15.100000381469728,1.6999999999999995,-1.7111476835768311
2021-11-04,436.7020568847656,15.4399995803833,1.7299999999999998,-1.63240666712056
2021-11-05,438.21728515625,16.479999542236328,1.7300000000000002,-1.457774283828295
2021-11-08,438.5914001464844,17.219999313354492,1.6700000000000002,-1.5321671796411032
2021-11-09,437.1416931152344,17.780000686645508,1.67,-1.5221255032482996
2021-11-10,433.6248779296875,18.729999542236328,1.66,-1.3634406717197323
2021-11-11,433.7651977539063,17.65999984741211,1.66,-1.412892426210922
2021-11-12,437.0387573242188,16.290000915527344,1.69,-1.35670430025802
2021-11-15,437.18841552734375,16.489999771118164,1.7000000000000002,-1.2160697035971146
2021-11-16,438.918701171875,16.3700008392334,1.7200000000000002,-1.1949554148071073
2021-11-17,437.85247802734375,17.110000610351562,1.7399999999999998,-0.9477883531047224
2021-11-18,439.339599609375,17.59000015258789,1.7299999999999998,-0.9121063064188729
2021-11-19,438.5539855957031,17.90999984741211,1.73,-0.820595990482242
2021-11-22,437.31939697265625,19.170000076293945,1.71,-0.7117049488844284
2021-11-23,437.8992614746094,19.3799991607666,1.73,-0.5940597466546115
2021-11-24,439.0683898925781,18.57999992370605,1.72,-0.7114626171428403
2021-11-26,429.2757873535156,28.6200008392334,1.82,0.7110254937106735
2021-11-29,434.5414733886719,22.959999084472656,1.81,0.09555783439100803
2021-11-30,426.0863952636719,27.190000534057617,1.8100000000000005,0.7802496024431474
2021-12-01,421.353759765625,31.1200008392334,1.8100000000000005,1.313338263876305
2021-12-02,427.807373046875,27.950000762939453,1.8000000000000005,0.8317936280114933
2021-12-03,424.0848388671875,30.670000076293945,1.81,1.296949155125165
2021-12-06,429.10748291015625,27.18000030517578,1.7900000000000005,0.8224846627772502
2021-12-07,437.9834289550781,21.88999938964844,1.75,0.02145781478423851
2021-12-08,439.1431884765625,19.89999961853028,1.79,-0.09713043912263371
2021-12-09,436.1782836914063,21.57999992370605,1.81,0.1456150540075757
2021-12-10,440.2842102050781,18.690000534057617,1.83,-0.31282512029247994
2021-12-13,436.3840026855469,20.309999465942383,1.8200000000000005,-0.05773701373105259
2021-12-14,433.3816833496094,21.88999938964844,1.82,0.2843626884427496
2021-12-15,440.1533508300781,19.290000915527344,1.83,-0.13643038657809356
2021-12-16,436.2718811035156,20.56999969482422,1.87,0.24338739194621806
2021-12-17,431.628662109375,21.56999969482422,1.87,0.4460062568560888
2021-12-20,427.0389709472656,22.8700008392334,1.89,0.7927657757127956
2021-12-21,434.6227111816406,21.01000022888184,1.88,0.33864609662952144
2021-12-22,438.9683837890625,18.6299991607666,1.86,-0.09359442595140106
2021-12-23,441.69970703125,17.959999084472656,1.86,-0.21886329105167066
2021-12-27,447.9507141113281,17.68000030517578,1.86,-0.39680114943963823
2021-12-28,447.5845947265625,17.540000915527344,1.86,-0.7063424119770559
2021-12-29,448.15716552734375,16.950000762939453,1.85,-0.6275375778546171
2021-12-30,446.9182434082031,17.329999923706055,1.85,-0.8228320693887952
2021-12-31,445.7918395996094,17.219999313354492,1.85,-0.948844214779503
2022-01-03,448.3730773925781,16.600000381469727,1.8200000000000005,-0.9358429373241975
2022-01-04,448.2228393554688,16.90999984741211,1.84,-0.9711040890052577
2022-01-05,439.6160583496094,19.729999542236328,1.7999999999999998,-0.3661106129088431
2022-01-06,439.2030334472656,19.61000061035156,1.7799999999999998,-0.13376691967485688
2022-01-07,437.4666137695313,18.76000022888184,1.78,-0.1248054319280331
2022-01-10,436.9223937988281,19.39999961853028,1.76,-0.18432720311494835
2022-01-11,440.9018249511719,18.40999984741211,1.7599999999999998,-0.27043500317658337
2022-01-12,442.0938415527344,17.6200008392334,1.7699999999999998,-0.4720651682448625
2022-01-13,436.0025024414063,20.309999465942383,1.8,-0.050761039094692983
2022-01-14,436.1808166503906,19.190000534057617,1.7899999999999998,0.02035921575355933
2022-01-18,428.4561767578125,22.790000915527344,1.7799999999999998,0.45635439781317944
2022-01-19,424.0072937011719,23.850000381469727,1.77,0.5280571245501547
2022-01-20,419.3143310546875,25.59000015258789,1.79,0.7429504977298794
2022-01-21,411.0829772949219,28.850000381469727,1.84,1.632488332004159
2022-01-24,412.8287658691406,29.89999961853028,1.89,1.8888712828683794
2022-01-25,407.7884521484375,31.15999984741211,1.91,2.234419973468296
2022-01-26,406.7654418945313,31.959999084472656,1.84,2.2677192049463177
2022-01-27,404.7568054199219,30.489999771118164,1.86,2.208380438994513
2022-01-28,414.8091430664063,27.65999984741211,1.91,1.779152078427228
2022-01-31,422.28033447265625,24.82999992370605,1.93,1.340278755545799
2022-02-01,425.1336059570313,21.959999084472656,1.92,0.9431829782660591
2022-02-02,429.2634582519531,22.09000015258789,1.91,0.8848037519365249
2022-02-03,419.173583984375,24.350000381469727,1.92,1.365499730526043
2022-02-04,421.1446838378906,23.21999931335449,1.92,0.9941760541395127
2022-02-07,419.7930603027344,22.86000061035156,1.93,1.0031329713455344
2022-02-08,423.2470703125,21.440000534057617,1.91,0.6843580612350131
2022-02-09,429.4417724609375,19.959999084472656,1.92,0.4034292434122237
2022-02-10,421.7265319824219,23.90999984741211,1.91,1.034376599946402
2022-02-11,413.4106140136719,27.36000061035156,2.0,1.8211766113881958
2022-02-14,412.05902099609375,28.32999992370605,2.0,1.7878264006046187
2022-02-15,418.7042846679688,25.700000762939453,1.99,1.343850810453575
2022-02-16,419.173583984375,24.290000915527344,2.0500000000000003,1.1791062728320476
2022-02-17,410.2194213867188,28.11000061035156,2.12,1.8319830573009535
2022-02-18,407.5632629394531,27.75,2.13,1.767253645889582
2022-02-22,403.1894226074219,28.809999465942383,2.1300000000000003,1.7642817243499749
2022-02-23,396.0373840332031,31.020000457763672,2.1,2.09026847368313
2022-02-24,401.9973449707031,30.31999969482422,2.24,2.1266762760704068
2022-02-25,410.8670043945313,27.59000015258789,2.2,1.51648431903124
2022-02-28,409.8158874511719,30.14999961853028,2.34,2.0947208963690436
2022-03-01,403.5742492675781,33.31999969482422,2.25,2.4919120969269843
2022-03-02,410.99847412109375,30.739999771118164,2.24,2.203445152851701
2022-03-03,408.9523315429688,30.479999542236328,2.24,2.276665155701936
2022-03-04,405.6296997070313,31.979999542236328,2.31,2.7422773274677623
2022-03-07,393.6721801757813,36.45000076293945,2.3199999999999994,3.152216449056658
2022-03-08,390.6874084472656,35.130001068115234,2.35,3.1710463621034073
2022-03-09,401.162109375,32.45000076293945,2.32,2.5486165504528446
2022-03-10,399.3505554199219,30.229999542236328,2.3800000000000003,2.609776443371681
2022-03-11,394.2728271484375,30.75,2.35,2.7832165405479032
2022-03-14,391.3913269042969,31.770000457763672,2.33,2.6730584008387663
2022-03-15,399.9981689453125,29.82999992370605,2.36,2.189287919250521
2022-03-16,408.8678588867188,26.670000076293945,2.23,1.3900555287416825
2022-03-17,413.9832153320313,25.670000076293945,2.17,1.2030812315805057
2022-03-18,418.5174255371094,23.8700008392334,2.14,0.9068030087875057
2022-03-21,418.3950805664063,23.530000686645508,2.07,0.5118970586283721
2022-03-22,423.2908935546875,22.940000534057617,2.05,0.24527927454580525
2022-03-23,417.8395690917969,23.56999969482422,2.03,0.2664748028960567
2022-03-24,424.1382446289063,21.670000076293945,2.01,-0.24195939118755058
2022-03-25,426.2095642089844,20.809999465942383,1.9600000000000004,-0.3166652277419781
2022-03-28,429.2411804199219,19.6299991607666,1.9400000000000004,-0.3028753894049761
2022-03-29,434.5513000488281,18.89999961853028,1.91,-0.5713881942879466
2022-03-30,431.8679809570313,19.32999992370605,1.93,-0.5778398987224235
2022-03-31,425.2209777832031,20.559999465942383,1.93,-0.15585617736979598
2022-04-01,426.4261474609375,19.6299991607666,1.81,-0.5884517104082955
2022-04-04,430.0791931152344,18.56999969482422,1.8100000000000005,-0.8310631822017706
2022-04-05,424.6466979980469,21.030000686645508,1.7699999999999996,-0.9181934265624662
2022-04-06,420.40045166015625,22.100000381469727,1.77,-0.8129523838910414
2022-04-07,422.5188293457031,21.549999237060547,1.7800000000000002,-0.6142271691957101
2022-04-08,421.3890075683594,21.15999984741211,1.7799999999999998,-0.6603869814302048
2022-04-11,414.18658447265625,24.3700008392334,1.8200000000000005,-0.2861670660275315
2022-04-12,412.6518859863281,24.26000022888184,1.92,-0.09227005706875542
2022-04-13,417.3782043457031,21.81999969482422,1.9399999999999995,-0.12256714500598492
2022-04-14,412.1811218261719,22.700000762939453,1.93,0.2430317011214971
2022-04-18,412.35064697265625,22.170000076293945,1.94,0.33708624818741423
2022-04-19,419.007080078125,21.3700008392334,1.91,0.15663692681350053
2022-04-20,418.6962890625,20.31999969482422,1.91,0.08233523458815654
2022-04-21,412.435302734375,22.68000030517578,1.93,0.5485922792125376
2022-04-22,401.118408203125,28.209999084472656,1.9600000000000004,1.1569185195525267
2022-04-25,403.4440307617188,27.020000457763672,2.03,1.311906710415882
2022-04-26,391.7599182128906,33.52000045776367,2.06,2.1487494760242556
2022-04-27,392.8615112304688,31.600000381469727,2.0500000000000003,1.9914515526665602
2022-04-28,402.7849426269531,29.989999771118164,2.06,1.766585542699883
2022-04-29,387.8997192382813,33.400001525878906,2.0500000000000003,2.2287244702846762
2022-05-02,390.2347106933594,32.34000015258789,2.08,2.0113209198531865
2022-05-03,392.0235290527344,29.25,2.0499999999999994,1.6870869622736315
2022-05-04,403.9617614746094,25.420000076293945,2.08,1.3001176683492561
2022-05-05,389.6038818359375,31.200000762939453,2.1000000000000005,1.9234917929732402
2022-05-06,387.2783508300781,30.190000534057617,2.09,1.7755577549219428
2022-05-09,374.8787536621094,34.75,2.17,2.5451631584443053
2022-05-10,375.744873046875,32.9900016784668,2.16,2.3219402339628505
2022-05-11,369.7757263183594,32.560001373291016,2.17,2.272826465836105
2022-05-12,369.3897399902344,31.770000457763672,2.2,2.243564847306851
2022-05-13,378.2210998535156,28.8700008392334,2.24,2.029019927893945
2022-05-16,376.6864013671875,27.46999931335449,2.29,1.9660234101949416
2022-05-17,384.4350280761719,26.100000381469727,2.27,1.6617399590926631
2022-05-18,368.9378356933594,30.959999084472656,2.31,2.4568129786922097
2022-05-19,366.6781921386719,29.350000381469727,2.37,2.4843261319540537
2022-05-20,366.8382873535156,29.43000030517578,2.36,2.318731555296654
2022-05-23,373.701904296875,28.479999542236328,2.3300000000000005,1.8382642056618181
2022-05-24,370.8491516113281,29.450000762939453,2.34,1.9918355068770204
2022-05-25,374.1255187988281,28.3700008392334,2.29,1.5270312508609194
2022-05-26,381.60107421875,27.5,2.25,1.2524312089242278
2022-05-27,390.9690551757813,25.71999931335449,2.26,1.1555436588310979
2022-05-31,388.77532958984375,26.190000534057617,2.18,0.7762568100494103
2022-06-01,385.6306762695313,25.690000534057617,2.08,0.6427444695226036
2022-06-02,392.9744262695313,24.71999931335449,2.1,0.5123615633910409
2022-06-03,386.5251159667969,24.790000915527344,2.09,0.8340428595840709
2022-06-06,387.7020263671875,25.06999969482422,2.08,0.5401565302263914
2022-06-07,391.42095947265625,24.020000457763672,2.07,0.3347649080018063
2022-06-08,387.1653137207031,23.959999084472656,2.07,0.16387934543642615
2022-06-09,377.95745849609375,26.09000015258789,2.0700000000000003,0.4960426730304219
2022-06-10,366.9984130859375,27.75,2.0400000000000005,0.6366764299039515
2022-06-13,353.0640869140625,34.02000045776367,1.98,1.1793184452732641
2022-06-14,352.0001525878906,32.689998626708984,1.99,1.291186224548538
2022-06-15,357.0183410644531,29.6200008392334,2.1,1.180100295674816
2022-06-16,345.2024841308594,32.95000076293945,2.1300000000000003,1.8057959823318137
2022-06-17,345.9466857910156,31.1299991607666,2.13,1.3802606028738353
2022-06-21,354.6553955078125,30.190000534057617,2.1300000000000003,1.094321525379928
2022-06-22,354.0124206542969,28.950000762939453,2.17,1.1051056566999005
2022-06-23,357.482666015625,29.049999237060547,2.2,1.2231075436882124
2022-06-24,368.8484191894531,27.229999542236328,2.22,0.8636810388786283
2022-06-27,367.43951416015625,26.950000762939453,2.1899999999999995,0.8711481445931569
2022-06-28,359.93170166015625,28.36000061035156,2.22,1.2925234838888218
2022-06-29,359.6385803222656,28.15999984741211,2.24,1.4785842990284044
2022-06-30,356.7167358398437,28.709999084472656,2.31,1.6489669611170132
2022-07-01,360.4895629882813,26.700000762939453,2.42,1.5931259323987714
2022-07-05,361.17034912109375,27.540000915527344,2.4100000000000006,1.7168232998596593
2022-07-06,362.3901977539063,26.729999542236328,2.39,1.4744718446888665
2022-07-07,367.8177795410156,26.07999992370605,2.33,1.2262742916315417
2022-07-08,367.5151977539063,24.63999938964844,2.3100000000000005,1.1586547416248747
2022-07-11,363.3168640136719,26.170000076293945,2.3199999999999994,1.2622450307229471
2022-07-12,360.10186767578125,27.290000915527344,2.31,1.1973387779002858
2022-07-13,358.2107238769531,26.81999969482422,2.3200000000000003,1.0075880615557582
2022-07-14,357.3408508300781,26.39999961853028,2.31,0.6945718619182326
2022-07-15,364.1678161621094,24.229999542236328,2.3000000000000003,0.37249024164212224
2022-07-18,361.1609497070313,25.299999237060547,2.28,0.5610728305603073
2022-07-19,370.9192504882813,24.5,2.26,0.018070850938535
2022-07-20,373.2830810546875,23.8799991607666,2.2,-0.15570530608865493
2022-07-21,377.08441162109375,23.11000061035156,2.2299999999999995,-0.03928123752155462
2022-07-22,373.5857849121094,23.030000686645508,2.28,0.09543285960584676
2022-07-25,374.0396423339844,23.36000061035156,2.31,0.22604081803145468
2022-07-26,369.6143798828125,24.690000534057617,2.29,0.5802251493650123
2022-07-27,379.2119140625,23.239999771118164,2.3000000000000003,0.2868836603442891
2022-07-28,383.9681091308594,22.32999992370605,2.4199999999999995,0.17964848439099637
2022-07-29,389.5658874511719,21.32999992370605,2.3600000000000003,-0.10673578548086941
2022-08-01,388.4122619628906,22.84000015258789,2.3800000000000003,-0.02166826049629759
2022-08-02,385.8497619628906,23.93000030517578,2.29,0.025525025408067153
2022-08-03,391.8919982910156,21.950000762939453,2.29,-0.2024080630648868
2022-08-04,391.6272583007813,21.440000534057617,2.32,-0.1551310579442151
2022-08-05,390.9653625488281,21.14999961853028,2.29,-0.10148559266923114
2022-08-08,390.5114440917969,21.290000915527344,2.26,-0.1410338818633384
2022-08-09,388.9607849121094,21.770000457763672,2.26,-0.16783558689034384
2022-08-10,397.1304321289063,19.739999771118164,2.2900000000000005,-0.4682728084531429
2022-08-11,397.1304321289063,20.200000762939453,2.29,-0.4741895455890237
2022-08-12,403.8534851074219,19.530000686645508,2.2700000000000005,-0.6870186064435183
2022-08-15,405.5176696777344,19.950000762939453,2.27,-0.5415341300317201
2022-08-16,406.31195068359375,19.690000534057617,2.27,-0.6280630837857359
2022-08-17,403.427978515625,19.89999961853028,2.24,-0.4155032784378923
2022-08-18,404.60052490234375,19.559999465942383,2.24,-0.41340717891671713
2022-08-19,399.1634521484375,20.600000381469727,2.2500000000000004,-0.16724592788413925
2022-08-22,390.8518676757813,23.799999237060547,2.24,0.10170867923753553
2022-08-23,389.90631103515625,24.11000061035156,2.24,0.14295344510239763
2022-08-24,391.154541015625,22.81999969482422,2.23,-0.05957495514133626
2022-08-25,396.6765747070313,21.780000686645508,2.2100000000000004,-0.0831801758563256
2022-08-26,383.24951171875,25.559999465942383,2.1900000000000004,0.4313012464533563
2022-08-29,380.7154235839844,26.209999084472656,2.1899999999999995,0.6009040153151523
2022-08-30,376.5359497070313,26.209999084472656,2.1700000000000004,0.6145593213313036
2022-08-31,373.67083740234375,25.8700008392334,2.18,0.6085350810634335
2022-09-01,374.8433532714844,25.559999465942383,2.2200000000000006,0.7193704394714557
2022-09-02,370.890869140625,25.46999931335449,2.24,0.797315467380823
2022-09-06,369.4914245605469,26.90999984741211,2.27,0.9444429579959266
2022-09-07,376.1293640136719,24.63999938964844,2.24,0.6259325320246808
2022-09-08,378.58782958984375,23.61000061035156,2.25,0.5027738185761786
2022-09-09,384.46923828125,22.790000915527344,2.2,0.39913898652561786
2022-09-12,388.6014404296875,23.8700008392334,2.2,0.4019649222256238
2022-09-13,371.70404052734375,27.270000457763672,2.18,0.9614981109371792
2022-09-14,373.1224670410156,26.15999984741211,2.1499999999999995,0.8352964922578651
2022-09-15,368.88623046875,26.270000457763672,2.12,0.8663660694117167
2022-09-16,366.0720825195313,26.299999237060547,2.18,0.9540012541714605
2022-09-19,368.9109191894531,25.76000022888184,2.1499999999999995,0.8360457337489032
2022-09-20,364.6763916015625,27.15999984741211,2.1300000000000003,0.8816180835976488
2022-09-21,358.3150329589844,27.989999771118164,2.12,0.8971797385542853
2022-09-22,355.30523681640625,27.350000381469727,2.08,0.8203142888277318
2022-09-23,349.35211181640625,29.920000076293945,2.0900000000000003,1.111801060598194
2022-09-26,345.8961181640625,32.2599983215332,2.01,1.263746345798109
2022-09-27,345.0132141113281,32.599998474121094,2.08,1.2090615030148582
2022-09-28,351.80181884765625,30.18000030517578,2.25,1.1535915209009338
2022-09-29,344.45294189453125,31.84000015258789,2.2700000000000005,1.342268663295524
2022-09-30,339.1264953613281,31.6200008392334,2.24,1.3140147545609038
2022-10-03,348.079833984375,30.100000381469727,2.29,1.1564934295138414
2022-10-04,358.8656616210937,29.06999969482422,2.27,0.8211218191776509
2022-10-05,358.0301513671875,28.549999237060547,2.2200000000000006,0.6976455867647973
2022-10-06,354.3368225097656,30.520000457763672,2.16,0.8898647879006477
2022-10-07,344.45294189453125,31.36000061035156,2.1699999999999995,1.143517678128543
2022-10-10,341.82293701171875,32.45000076293945,2.1699999999999995,1.327208781220335
2022-10-11,339.658203125,33.630001068115234,2.23,1.571255631244686
2022-10-12,338.5378723144531,33.56999969482422,2.27,1.4003581779736205
2022-10-13,347.4722595214844,31.940000534057617,2.28,1.1802262795682426
2022-10-14,339.5538024902344,32.02000045776367,2.28,1.2383144646737965
2022-10-17,348.279296875,31.3700008392334,2.28,1.0102183487322194
2022-10-18,352.37139892578125,30.5,2.28,0.925158575400279
2022-10-19,349.87432861328125,30.76000022888184,2.25,0.865090226117959
2022-10-20,346.9405822753906,29.979999542236328,2.24,0.7416997287172559
2022-10-21,355.37164306640625,29.690000534057617,2.3600000000000003,0.7196060388723741
2022-10-24,359.72021484375,29.850000381469727,2.34,0.5235700088667576
2022-10-25,365.4644165039063,28.459999084472656,2.37,0.3188409258463593
2022-10-26,362.7109375,27.280000686645508,2.33,0.204053565604138
2022-10-27,360.774169921875,27.38999938964844,2.34,0.3703723281890727
2022-10-28,369.3571166992188,25.75,2.3000000000000007,-0.0758375156949714
2022-10-31,366.6891174316406,25.8799991607666,2.28,-0.15302303866395503
2022-11-01,365.0846252441406,25.809999465942383,2.22,-0.0709009797761118
2022-11-02,355.9223937988281,25.86000061035156,2.1800000000000006,0.19011408990615467
2022-11-03,352.2574768066406,25.299999237060547,2.1900000000000004,0.20621451024485093
2022-11-04,357.3276062011719,24.549999237060547,2.22,0.053569179500706575
2022-11-07,360.7455749511719,24.350000381469727,2.2200000000000006,-0.19235095645961472
2022-11-08,362.6919860839844,25.540000915527344,2.2300000000000004,-0.17726768724784878
2022-11-09,355.2197570800781,26.09000015258789,2.33,0.10831746739221519
2022-11-10,374.7405395507813,23.530000686645508,2.36,-0.3875375743541462
2022-11-11,378.3675842285156,22.520000457763672,2.36,-0.35595550309543184
2022-11-14,375.1488952636719,23.729999542236328,2.2700000000000005,-0.5116908069781251
2022-11-15,378.3484802246094,24.540000915527344,2.2300000000000004,-0.4132588142610678
2022-11-16,375.4622192382813,24.11000061035156,2.24,-0.3109715750277598
2022-11-17,374.3133544921875,23.93000030517578,2.18,-0.4543956894895227
2022-11-18,376.0127868652344,23.1200008392334,2.1300000000000003,-0.6823512245480042
2022-11-21,374.6456298828125,22.36000061035156,2.08,-0.6589771980956551
2022-11-22,379.6872253417969,21.290000915527344,2.0700000000000003,-0.7683623358848591
2022-11-23,382.0799255371094,20.350000381469727,2.0200000000000005,-0.8726923365375318
2022-11-25,381.994384765625,20.5,2.06,-0.8380228663040752
2022-11-28,375.8989562988281,22.209999084472656,2.0500000000000003,-0.6659567857675969
2022-11-29,375.2532958984375,21.88999938964844,2.06,-0.5250264377458381
2022-11-30,387.0740051269531,20.57999992370605,2.15,-0.6891278257919994
2022-12-01,386.7891540527344,19.84000015258789,2.0900000000000003,-0.8710379705811704
2022-12-02,386.3429565429688,19.059999465942383,2.03,-1.1798623009397973
2022-12-05,379.3929138183594,20.75,1.99,-1.0709428123173936
2022-12-06,373.9240417480469,22.170000076293945,1.9700000000000009,-0.8255181152668213
2022-12-07,373.2879028320313,22.68000030517578,1.95,-0.7578358830497485
2022-12-08,376.2121887207031,22.290000915527344,1.91,-0.8773788068104054
2022-12-09,373.40185546875,22.82999992370605,1.9,-0.9345502094504795
2022-12-12,378.78521728515625,25.0,1.8800000000000003,-0.5849239750061386
2022-12-13,381.6526184082031,22.549999237060547,1.91,-0.7068730670436739
2022-12-14,379.2125244140625,21.13999938964844,1.95,-0.7543875506795158
2022-12-15,369.9363098144531,22.82999992370605,1.97,-0.40717342903330755
2022-12-16,365.5688171386719,22.6200008392334,1.98,-0.38616886631271513
2022-12-19,362.4689025878906,22.420000076293945,1.98,-0.3751698106195382
2022-12-20,362.9649353027344,21.479999542236328,1.99,-0.4136422281878141
2022-12-21,368.3921813964844,20.06999969482422,2.01,-0.5837500917582928
2022-12-22,363.1365966796875,21.96999931335449,1.99,-0.3292098686199864
2022-12-23,365.2254943847656,20.8700008392334,2.0,-0.39646920042732026
2022-12-27,363.78521728515625,21.64999961853028,2.0200000000000005,-0.2840875600358747
2022-12-28,359.2640991210937,22.13999938964844,2.01,-0.2903944902914447
2022-12-29,365.7309265136719,21.440000534057617,2.01,-0.45554605206633586
2022-12-30,364.76763916015625,21.670000076293945,1.99,-0.30461652793115496
2023-01-03,363.2319946289063,22.89999961853028,2.03,-0.11967748115761163
2023-01-04,366.0362548828125,22.01000022888184,2.07,-0.16626364565502336
2023-01-05,361.8584289550781,22.459999084472656,2.03,-0.25228234251462894
2023-01-06,370.1566467285156,21.1299991607666,2.0700000000000003,-0.4893098104311697
2023-01-09,369.9468383789063,21.96999931335449,2.02,-0.5317179768281969
2023-01-10,372.5411987304688,20.57999992370605,2.02,-0.6448323666534538
2023-01-11,377.2530517578125,21.09000015258789,1.99,-0.7808977490556069
2023-01-12,378.6265563964844,18.82999992370605,1.97,-0.9505661242260999
2023-01-13,380.0953979492188,18.350000381469727,1.95,-1.015080914982067
2023-01-17,379.3991394042969,19.36000061035156,1.9100000000000008,-1.0464903875552964
2023-01-18,373.4091491699219,20.34000015258789,1.96,-0.9150325410981193
2023-01-19,370.6907958984375,20.520000457763672,1.99,-0.8680047280076643
2023-01-20,377.596435546875,19.850000381469727,1.98,-1.0992640160716902
2023-01-23,382.1271057128906,19.809999465942383,1.9600000000000004,-1.206065184815806
2023-01-24,381.7168884277344,19.200000762939453,1.9400000000000004,-1.2038423201905397
2023-01-25,381.8599853515625,19.07999992370605,1.96,-1.2512894590967385
2023-01-26,386.0567626953125,18.729999542236328,1.91,-1.4109379841139404
2023-01-27,386.94384765625,18.51000022888184,1.8800000000000003,-1.521735694644514
2023-01-30,382.0888671875,19.940000534057617,1.87,-1.4218909560812711
2023-01-31,387.7069091796875,19.39999961853028,1.9,-1.3749643340302413
2023-02-01,391.8273620605469,17.8700008392334,1.91,-1.5454210124273127
2023-02-02,397.53118896484375,18.729999542236328,1.8800000000000003,-1.6432937472626403
2023-02-03,393.3057861328125,18.32999992370605,1.8300000000000003,-1.6627733043068815
2023-02-06,390.9021606445313,19.43000030517578,1.7700000000000005,-1.7261784274749772
2023-02-07,396.0146484375,18.65999984741211,1.7800000000000002,-1.6938905889247076
2023-02-08,391.6842956542969,19.6299991607666,1.83,-1.439248062441931
2023-02-09,388.2886352539063,20.709999084472656,1.84,-1.2363254816948064
2023-02-10,389.19482421875,20.530000686645508,1.85,-1.166926632343147
2023-02-13,393.7634887695313,20.34000015258789,1.84,-1.244812060027001
2023-02-14,393.5823669433594,18.90999984741211,1.81,-1.387383304792527
2023-02-15,394.8605346679688,18.229999542236328,1.82,-1.4352458303906959
2023-02-16,389.4237365722656,20.170000076293945,1.8400000000000003,-1.2440733933374908
2023-02-17,388.450927734375,20.020000457763672,1.89,-1.171601841861775
2023-02-21,380.6581726074219,22.8700008392334,1.87,-0.7714480633256485
2023-02-22,380.1336059570313,22.290000915527344,1.85,-0.7769760602509427
2023-02-23,382.1557312011719,21.13999938964844,1.8600000000000003,-0.8715135031397651
2023-02-24,378.0733337402344,21.670000076293945,1.86,-0.7631632687248935
2023-02-27,379.3609924316406,20.950000762939453,1.87,-0.7504090310623619
2023-02-28,377.95892333984375,20.700000762939453,1.9000000000000004,-0.6706402392346678
2023-03-01,376.5090942382813,20.57999992370605,1.84,-0.8402717785141455
2023-03-02,379.437255859375,19.59000015258789,1.8200000000000005,-0.9118959056569476
2023-03-03,385.5226745605469,18.489999771118164,1.7899999999999996,-1.0752218040084773
2023-03-06,385.7897338867188,18.61000061035156,1.7899999999999996,-0.980914545782349
2023-03-07,379.8760681152344,19.59000015258789,1.7899999999999996,-0.8688966708168434
2023-03-08,380.49603271484375,19.11000061035156,1.7899999999999996,-0.9366336471526472
2023-03-09,373.4759521484375,22.61000061035156,1.85,-0.37505869743223563
2023-03-10,368.0868835449219,24.799999237060547,1.96,0.03471983225838134
2023-03-13,367.562255859375,26.520000457763672,2.140000000000001,0.48561200959391976
2023-03-14,373.6380920410156,23.729999542236328,2.11,0.13600555577434306
2023-03-15,371.30120849609375,26.13999938964844,2.2200000000000006,0.6416455382714386
2023-03-16,377.8157653808594,22.989999771118164,2.16,0.18265087683508405
2023-03-17,373.3981323242188,25.51000022888184,2.2099999999999995,0.5658687922665941
2023-03-20,376.9886169433594,24.14999961853028,2.19,0.29356407374910154
2023-03-21,381.9385986328125,21.3799991607666,2.1100000000000003,-0.170053184505033
2023-03-22,375.4278869628906,22.26000022888184,2.16,-0.016550444844492102
2023-03-23,376.4429016113281,22.61000061035156,2.26,0.1848497340689131
2023-03-24,378.9130554199219,21.739999771118164,2.24,0.06590878515279804
2023-03-27,379.6216125488281,20.600000381469727,2.19,-0.1946477118019824
2023-03-28,378.76953125,19.96999931335449,2.1900000000000004,-0.21666973015240254
2023-03-29,384.2748718261719,19.1200008392334,2.15,-0.46635970882469674
2023-03-30,386.5248107910156,19.020000457763672,2.1100000000000003,-0.6092024524070443
2023-03-31,391.9727478027344,18.700000762939453,2.11,-0.6731413065164237
2023-04-03,393.4664306640625,18.549999237060547,2.11,-0.6185780952708908
2023-04-04,391.283447265625,19.0,2.1,-0.5671652754089468
2023-04-05,390.2589416503906,19.07999992370605,2.140000000000001,-0.5563118858764333
2023-04-06,391.7812805175781,18.39999961853028,2.1100000000000003,-0.6875751020860027
2023-04-10,392.183349609375,18.96999931335449,2.09,-0.7984884640240647
2023-04-11,392.2887268066406,19.100000381469727,2.0500000000000003,-0.9590698194373832
2023-04-12,390.6897888183594,19.09000015258789,2.08,-0.8833850457935944
2023-04-13,395.8791809082031,17.799999237060547,2.0699999999999994,-0.988807458759255
2023-04-14,394.912109375,17.06999969482422,2.0500000000000003,-1.108546777930105
2023-04-17,396.32916259765625,16.950000762939453,2.02,-1.0950069120391264
2023-04-18,396.5877075195313,16.829999923706055,2.01,-1.1944494384498396
2023-04-19,396.5207214355469,16.459999084472656,2.01,-1.1598848193825644
2023-04-20,394.35687255859375,17.170000076293945,2.05,-0.9078033476945367
2023-04-21,394.6632385253906,16.770000457763672,2.0400000000000005,-1.0603048685890615
2023-04-24,395.0748901367188,16.889999389648438,2.04,-1.0379699754273017
2023-04-25,388.8034973144531,18.76000022888184,2.0900000000000003,-0.6550970200731822
2023-04-26,387.15673828125,18.84000015258789,2.11,-0.5683648183738494
2023-04-27,394.86431884765625,17.030000686645508,2.07,-0.9117000965203005
2023-04-28,398.2344970703125,15.779999732971191,2.08,-0.9464714937252839
2023-05-01,397.8324279785156,16.079999923706055,2.0600000000000005,-0.9197094267316898
2023-05-02,393.361083984375,17.780000686645508,2.16,-0.42720978185832603
2023-05-03,390.6610107421875,18.34000015258789,2.2,-0.23619740936377778
2023-05-04,387.89404296875,20.09000015258789,2.24,-0.005363569909023276
2023-05-05,395.0748901367188,17.190000534057617,2.2,-0.42869052822185333
2023-05-08,395.1802062988281,16.979999542236328,2.2,-0.4189255775001841
2023-05-09,393.4472351074219,17.709999084472656,2.2100000000000004,-0.3062817951832412
2023-05-10,395.28558349609375,16.940000534057617,2.26,-0.2797558693931416
2023-05-11,394.59619140625,16.93000030517578,2.25,-0.3128228455123267
2023-05-12,394.07916259765625,17.030000686645508,2.21,-0.30232660956282126
2023-05-15,395.4387512207031,17.1200008392334,2.27,-0.197470643444121
2023-05-16,392.7961730957031,17.989999771118164,2.28,-0.044075222630163724
2023-05-17,397.5642700195313,16.8700008392334,2.26,-0.23556868554776042
2023-05-18,401.3941650390625,16.049999237060547,2.2,-0.4772578281627587
2023-05-19,400.8100891113281,16.809999465942383,2.18,-0.4766266845243028
2023-05-22,400.9728393554688,17.209999084472656,2.19,-0.41487539620222336
2023-05-23,396.4727783203125,18.530000686645508,2.1899999999999995,-0.2289671763744038
2023-05-24,393.60052490234375,20.030000686645508,2.18,-0.18001309271770868
2023-05-25,397.0089416503906,19.13999938964844,2.1,-0.4959473429112817
2023-05-26,402.1505126953125,17.950000762939453,2.1000000000000005,-0.5397052767435669
2023-05-30,402.3037414550781,17.459999084472656,2.14,-0.43472588573619175
2023-05-31,400.0728759765625,17.940000534057617,2.16,-0.32018535224249783
2023-06-01,403.87396240234375,15.649999618530272,2.15,-0.6451068823899602
2023-06-02,409.7144470214844,14.600000381469728,2.11,-0.9422557815627385
2023-06-05,408.9293212890625,14.729999542236328,2.1,-0.9784069225170237
2023-06-06,409.81976318359375,13.960000038146973,2.08,-0.9679346880826193
2023-06-07,408.4026794433594,13.9399995803833,2.06,-0.9787134107557143
2023-06-08,410.87298583984375,13.649999618530272,2.07,-1.0358772205185358
2023-06-09,411.6101684570313,13.829999923706056,2.05,-1.037754726120433
2023-06-12,415.34417724609375,15.010000228881836,2.1,-0.902518048107018
2023-06-13,418.0825805664063,14.609999656677246,2.0,-1.1929210330397206
2023-06-14,418.5804443359375,13.880000114440918,1.9399999999999995,-1.3532744163505441
2023-06-15,423.7699279785156,14.5,2.02,-1.2528982980725925
2023-06-16,422.3264465332031,13.539999961853027,1.9600000000000004,-1.3468483390445947
2023-06-20,420.1353149414063,13.880000114440918,1.95,-1.2367865440175387
2023-06-21,417.9826354980469,13.199999809265137,1.9599999999999995,-1.2346410378700272
2023-06-22,419.4914245605469,12.90999984741211,1.9400000000000004,-1.3101745818101798
2023-06-23,416.3200378417969,13.4399995803833,1.96,-1.2407853512117335
2023-06-26,414.619140625,14.25,1.98,-1.1478679076275873
2023-06-27,419.1647338867188,13.739999771118164,1.94,-1.2766430136791904
2023-06-28,419.3761901855469,13.43000030517578,1.96,-1.1652426645841203
2023-06-29,421.0291137695313,13.539999961853027,1.92,-1.254647928224945
2023-06-30,425.9974670410156,13.59000015258789,1.8800000000000003,-1.4377917126662858
2023-07-03,426.4876403808594,13.56999969482422,1.85,-1.4353712912620125
2023-07-05,425.8533325195313,14.18000030517578,1.83,-1.3168068019639463
2023-07-06,422.51861572265625,15.4399995803833,1.7999999999999998,-1.2390103971030515
2023-07-07,421.4518737792969,14.829999923706056,1.8100000000000005,-1.220337358399291
2023-07-10,422.51861572265625,15.06999969482422,1.8600000000000003,-1.1247856797606721
2023-07-11,425.2095031738281,14.84000015258789,1.84,-1.1755748105267156
2023-07-12,428.630615234375,13.539999961853027,1.8800000000000003,-1.2144404759613618
2023-07-13,432.0326232910156,13.609999656677246,1.91,-1.1271252430914538
2023-07-14,431.7635498046875,13.34000015258789,1.87,-1.172938272622499
2023-07-17,433.2626647949219,13.479999542236328,1.9,-1.103835050941911
2023-07-18,436.4821166992188,13.300000190734863,1.8900000000000008,-1.095895576413097
2023-07-19,437.4527587890625,13.760000228881836,1.87,-1.1338769663800579
2023-07-20,434.5505065917969,13.989999771118164,1.85,-1.1405477960450139
2023-07-21,434.5505065917969,13.600000381469728,1.8500000000000003,-1.194115765276455
2023-07-24,436.4917297363281,13.90999984741211,1.8400000000000003,-1.190732343585304
2023-07-25,437.683349609375,13.859999656677246,1.81,-1.317905143703195
2023-07-26,437.7506713867188,13.1899995803833,1.8300000000000003,-1.341410110635801
2023-07-27,434.848388671875,14.40999984741211,1.7800000000000002,-1.2325996611258052
2023-07-28,439.105712890625,13.329999923706056,1.7999999999999998,-1.3160459574431373
2023-07-31,439.94183349609375,13.630000114440918,1.77,-1.3329728122125168
2023-08-01,438.682861328125,13.93000030517578,1.7700000000000005,-1.206798890307758
2023-08-02,432.5804443359375,16.09000015258789,1.8200000000000005,-0.8483767922726365
2023-08-03,431.3406982421875,15.920000076293944,1.84,-0.8054233339328144
2023-08-04,429.389892578125,17.100000381469727,1.9000000000000004,-0.6178670569595254
2023-08-07,433.1378173828125,15.770000457763672,1.9000000000000004,-0.7805334174351
2023-08-08,431.2541809082031,15.989999771118164,1.9300000000000008,-0.653692742990205
2023-08-09,428.3712158203125,15.960000038146973,1.92,-0.5864201292440164
2023-08-10,428.5249633789063,15.850000381469728,1.8900000000000008,-0.6029514577030984
2023-08-11,428.2751159667969,14.84000015258789,1.87,-0.6534631639009066
2023-08-14,430.6391906738281,14.81999969482422,1.84,-0.755005420616418
2023-08-15,425.6227111816406,16.459999084472656,1.8600000000000003,-0.4989599017631195
2023-08-16,422.49945068359375,16.780000686645508,1.84,-0.41955199681409444
2023-08-17,419.280029296875,17.889999389648438,1.87,-0.214838797743828
2023-08-18,419.4818420410156,17.299999237060547,1.8900000000000008,-0.25716862764998444
2023-08-21,422.2110595703125,17.1299991607666,1.88,-0.33158460562465136
2023-08-22,421.0674743652344,16.969999313354492,1.8200000000000005,-0.4189357558498384
2023-08-23,425.75726318359375,15.979999542236328,1.8299999999999992,-0.5168285997678216
2023-08-24,419.8566589355469,17.200000762939453,1.7999999999999998,-0.4003564786571423
2023-08-25,422.8165588378906,15.68000030517578,1.7599999999999998,-0.6727254435820144
2023-08-28,425.4977416992188,15.079999923706056,1.82,-0.557752506638466
2023-08-29,431.6482543945313,14.449999809265137,1.84,-0.637319169037219
2023-08-30,433.4261474609375,13.880000114440918,1.8200000000000005,-0.7579869194816538
2023-08-31,432.7918090820313,13.56999969482422,1.83,-0.8361516815672948
2023-09-01,433.59912109375,13.09000015258789,1.8200000000000005,-0.913113142377917
2023-09-05,431.7251586914063,14.010000228881836,1.8400000000000007,-0.8034812158742399
2023-09-06,428.8228759765625,14.449999809265137,1.79,-0.762752344321774
2023-09-07,427.5062561035156,14.399999618530272,1.8100000000000005,-0.7245903578587455
2023-09-08,428.1501770019531,13.84000015258789,1.79,-0.8519023784780977
2023-09-11,430.9659118652344,13.800000190734863,1.7999999999999998,-0.8686640891200668
2023-09-12,428.601806640625,14.229999542236328,1.79,-0.818284788680751
2023-09-13,429.1015319824219,13.479999542236328,1.81,-0.7873182466586374
2023-09-14,432.8013916015625,12.81999969482422,1.7999999999999998,-0.9869264338518969
2023-09-15,427.5869140625,13.789999961853027,1.7800000000000002,-0.9204428402776484
2023-09-18,427.8376770019531,14.0,1.7699999999999996,-0.9766986730627826
2023-09-19,426.9503784179688,14.109999656677246,1.75,-0.9811136695082379
2023-09-20,423.0253601074219,15.140000343322754,1.7300000000000004,-0.8278666201967649
2023-09-21,416.0333862304688,17.540000915527344,1.66,-0.6983995033848779
2023-09-22,415.0979919433594,17.200000762939453,1.7299999999999995,-0.468060663785258
2023-09-25,416.8434753417969,16.899999618530273,1.75,-0.5696311905469079
2023-09-26,410.7195739746094,18.940000534057617,1.7700000000000005,-0.22210258105013925
2023-09-27,410.8835144042969,18.21999931335449,1.7699999999999996,-0.21323002633296836
2023-09-28,413.26556396484375,17.34000015258789,1.7999999999999998,-0.13352463742040524
2023-09-29,412.2626037597656,17.520000457763672,1.7800000000000002,-0.099617549945763
2023-10-02,412.0986328125,17.610000610351562,1.7799999999999994,-0.09266221000816577
2023-10-03,406.5822448730469,19.780000686645508,1.8200000000000005,0.2638580081946013
2023-10-04,409.54296875,18.57999992370605,1.8299999999999992,0.12180153762640604
2023-10-05,409.3886413574219,18.489999771118164,1.8500000000000003,0.11369332386232878
2023-10-06,414.2492370605469,17.450000762939453,1.84,-0.09284738515167368
2023-10-09,416.9013671875,17.700000762939453,1.84,-0.10789521558700525
2023-10-10,419.0712890625,17.030000686645508,1.83,-0.1595242591963312
2023-10-11,420.787841796875,16.09000015258789,1.8200000000000005,-0.31621151819966264
2023-10-12,418.22259521484375,16.690000534057617,1.83,-0.17998844209362067
2023-10-13,416.1395263671875,19.31999969482422,1.8200000000000005,0.13199166255892117
2023-10-16,420.5178833007813,17.209999084472656,1.83,-0.19133236298013911
2023-10-17,420.4985046386719,17.8799991607666,1.7999999999999998,-0.18317669502843467
2023-10-18,414.8954162597656,19.21999931335449,1.7800000000000002,-0.004221618786718784
2023-10-19,411.2499694824219,21.39999961853028,1.82,0.2684134288868683
2023-10-20,406.1965026855469,21.709999084472656,1.88,0.39123816089928704
2023-10-23,405.4924621582031,20.3700008392334,1.85,0.21867985712656654
2023-10-24,408.5496520996094,18.96999931335449,1.84,0.052623502225672136
2023-10-25,402.6861267089844,20.190000534057617,1.83,0.14567231141344283
2023-10-26,397.8640441894531,20.68000030517578,1.82,0.2829861456389185
2023-10-27,396.0606384277344,21.270000457763672,1.88,0.5563781821727313
2023-10-30,400.7957763671875,19.75,1.8600000000000003,0.24985582576906096
2023-10-31,403.31292724609375,18.13999938964844,1.8500000000000003,0.018738497003219723
2023-11-01,407.6141052246094,16.8700008392334,1.91,-0.18272568568743916
2023-11-02,415.4258728027344,15.65999984741211,1.84,-0.5572788130099853
2023-11-03,419.2159729003906,14.90999984741211,1.86,-0.6707942979434686
2023-11-06,420.1803283691406,14.890000343322754,1.84,-0.6264428332209583
2023-11-07,421.3761596679688,14.8100004196167,1.83,-0.6198119562604593
2023-11-08,421.6847839355469,14.449999809265137,1.84,-0.5902044078107803
2023-11-09,418.3961486816406,15.289999961853027,1.83,-0.4178407583395991
2023-11-10,424.9251403808594,14.170000076293944,1.7999999999999998,-0.7914857076881532
2023-11-13,424.5200805664063,14.760000228881836,1.79,-0.7880661060647033
2023-11-14,432.7561340332031,14.15999984741211,1.8299999999999992,-0.8412284815529175
2023-11-15,433.6723327636719,14.18000030517578,1.7999999999999998,-0.9284269375209573
2023-11-16,434.2027282714844,14.31999969482422,1.81,-1.030758527723772
2023-11-17,434.7427673339844,13.800000190734863,1.7799999999999994,-1.2537736758461433
2023-11-20,438.0892333984375,13.40999984741211,1.7599999999999998,-1.5369448883869368
2023-11-21,437.1344909667969,13.350000381469728,1.7699999999999996,-1.5079300435180114
2023-11-22,438.82220458984375,12.850000381469728,1.71,-1.6612788714401774
2023-11-24,439.0921630859375,12.460000038146973,1.7200000000000006,-1.817353880473071
2023-11-27,438.3014526367188,12.6899995803833,1.71,-1.9030074141844955
2023-11-28,438.7354431152344,12.6899995803833,1.75,-1.8437527723605778
2023-11-29,438.42681884765625,12.979999542236328,1.7200000000000006,-1.7386284789161695
2023-11-30,440.1531066894531,12.920000076293944,1.67,-1.8221058906571417
2023-12-01,442.7570190429688,12.630000114440918,1.71,-1.694895096036421
2023-12-04,440.4327392578125,13.079999923706056,1.67,-1.4981573664686707
2023-12-05,440.3459777832031,12.850000381469728,1.6500000000000004,-1.471558893589336
2023-12-06,438.5714721679688,12.970000267028809,1.63,-1.437017023240046
2023-12-07,441.9179382324219,13.0600004196167,1.63,-1.4612480614651187
2023-12-08,443.81787109375,12.350000381469728,1.6099999999999994,-1.6011784831390097
2023-12-11,445.5440979003906,12.630000114440918,1.6099999999999994,-1.6670775550944175
2023-12-12,447.5789794921875,12.06999969482422,1.5999999999999996,-1.6302256715666192
2023-12-13,453.7511901855469,12.1899995803833,1.6100000000000003,-1.7194348816756957
2023-12-14,455.2074279785156,12.479999542236328,1.5700000000000005,-1.6127676332070007
2023-12-15,454.4578857421875,12.279999732971191,1.5700000000000005,-1.582291735518073
2023-12-18,457.0142822265625,12.5600004196167,1.58,-1.5547606299178964
2023-12-19,459.7933044433594,12.529999732971191,1.5699999999999998,-1.607710846763401
2023-12-20,453.42181396484375,13.670000076293944,1.6300000000000003,-1.147574295580075
2023-12-21,457.7211608886719,13.649999618530272,1.64,-1.22409228226961
2023-12-22,458.6409912109375,13.029999732971191,1.65,-1.240876011676723
2023-12-26,460.57763671875,12.989999771118164,1.64,-1.2876740169081817
2023-12-27,461.4103698730469,12.43000030517578,1.6399999999999997,-1.369186718926317
2023-12-28,461.5846862792969,12.470000267028809,1.62,-1.3879159504761962
2023-12-29,460.2484436035156,12.449999809265137,1.6100000000000003,-1.3775138326763432
2024-01-02,457.6727600097656,13.199999809265137,1.62,-1.1769072386828168
2024-01-03,453.93499755859375,14.039999961853027,1.66,-0.8668006286169714
2024-01-04,452.4728698730469,14.130000114440918,1.6499999999999997,-0.8869100832857292
2024-01-05,453.0926513671875,13.350000381469728,1.6500000000000004,-0.9757288739128814
2024-01-08,459.5609436035156,13.079999923706056,1.6500000000000004,-1.1684012429791195
2024-01-09,458.86370849609375,12.760000228881836,1.6300000000000008,-1.1458160540944524
2024-01-10,461.4587707519531,12.6899995803833,1.59,-1.2352687971549228
2024-01-11,461.2554931640625,12.4399995803833,1.6300000000000003,-1.131165080110283
2024-01-12,461.5750122070313,12.699999809265137,1.6399999999999997,-1.0365572126925915
2024-01-16,459.8804321289063,13.84000015258789,1.6499999999999997,-0.7218286676218785
2024-01-17,457.3240966796875,14.789999961853027,1.6300000000000008,-0.5695181154752523
2024-01-18,461.3910217285156,14.130000114440918,1.62,-0.7512812826998584
2024-01-19,467.142822265625,13.300000190734863,1.59,-0.9548723084014773
2024-01-22,468.1304626464844,13.1899995803833,1.59,-0.920380400691597
2024-01-23,469.4957885742188,12.550000190734863,1.62,-1.0834790630066073
2024-01-24,470.0090026855469,13.140000343322754,1.6100000000000003,-0.9513172250038328
2024-01-25,472.5653991699219,13.449999809265137,1.6000000000000003,-0.962478654391512
2024-01-26,471.9650268554688,13.260000228881836,1.58,-0.9609975440584811
2024-01-29,475.7026672363281,13.600000381469728,1.5999999999999996,-0.9373759682489521
2024-01-30,475.3347473144531,13.3100004196167,1.58,-0.9888778206244933
2024-01-31,467.5785827636719,14.350000381469728,1.6099999999999994,-0.6859692659151876
2024-02-01,473.69830322265625,13.880000114440918,1.63,-0.8738161303155169
2024-02-02,478.6851196289063,13.850000381469728,1.59,-1.1285071896586925
2024-02-05,476.9420776367188,13.670000076293944,1.5600000000000005,-1.1934682759322788
2024-02-06,478.3268127441406,13.0600004196167,1.58,-1.2343772787951437
2024-02-07,482.3162841796875,12.829999923706056,1.6000000000000003,-1.1591150751022654
2024-02-08,482.52935791015625,12.789999961853027,1.5999999999999996,-1.179630294759913
2024-02-09,485.3180541992188,12.93000030517578,1.59,-1.179144499943788
2024-02-12,485.1050109863281,13.93000030517578,1.58,-1.0831033784204989
2024-02-13,478.4236145019531,15.850000381469728,1.54,-0.7943602734002471
2024-02-14,482.7713928222656,14.380000114440918,1.5600000000000005,-1.0375182741734255
2024-02-15,486.1023864746094,14.010000228881836,1.5699999999999994,-1.1783072356263553
2024-02-16,483.6816101074219,14.239999771118164,1.5300000000000002,-1.0758586551810063
2024-02-20,481.0187683105469,15.420000076293944,1.5600000000000005,-0.7105691387060745
2024-02-21,481.4544982910156,15.34000015258789,1.54,-0.736311309220827
2024-02-22,491.4184265136719,14.539999961853027,1.4900000000000002,-1.0773435841064505
2024-02-23,491.7572937011719,13.75,1.4900000000000002,-1.149835579087032
2024-02-26,489.9562377929688,13.739999771118164,1.5299999999999994,-0.9822872081451205
2024-02-27,490.8664245605469,13.43000030517578,1.5300000000000002,-1.0392560918354479
2024-02-28,490.2176818847656,13.84000015258789,1.5500000000000007,-0.8597643638887534
2024-02-29,491.97998046875,13.399999618530272,1.5499999999999998,-0.9444730976570807
2024-03-01,496.5988464355469,13.109999656677246,1.5699999999999994,-1.1942095366676775
2024-03-04,496.0662841796875,13.489999771118164,1.5700000000000005,-0.9997481674011576
2024-03-05,491.1085510253906,14.460000038146973,1.59,-0.6444533952358918
2024-03-06,493.5970458984375,14.5,1.5699999999999994,-0.7528590298187137
2024-03-07,498.4967346191406,14.4399995803833,1.59,-0.7900296867603457
2024-03-08,495.5047302246094,14.739999771118164,1.59,-0.6057830379879964
2024-03-11,495.07861328125,15.220000267028809,1.5900000000000007,-0.5312368620698159
2024-03-12,500.4044189453125,13.84000015258789,1.5499999999999998,-0.7986967447138519
2024-03-13,499.6199645996094,13.75,1.5499999999999998,-0.7902890073330836
2024-03-14,498.63232421875,14.399999618530272,1.5300000000000002,-0.8603654187588313
2024-03-15,495.20843505859375,14.40999984741211,1.4900000000000002,-0.749551618849738
2024-03-18,498.1514892578125,14.329999923706056,1.4900000000000002,-0.741660290135199
2024-03-19,500.91986083984375,13.81999969482422,1.5,-0.8946807061306443
2024-03-20,505.5529479980469,13.039999961853027,1.5600000000000005,-1.0573808754048948
2024-03-21,507.22369384765625,12.920000076293944,1.5300000000000002,-1.1455314141059454
2024-03-22,506.2620849609375,13.0600004196167,1.5300000000000002,-0.8752562607128486
2024-03-25,504.86328125,13.1899995803833,1.5300000000000002,-0.814167319061544
2024-03-26,503.9308166503906,13.239999771118164,1.5299999999999994,-0.8228239801398974
2024-03-27,508.1659240722656,12.779999732971191,1.54,-0.9401240720415839
2024-03-28,508.0686645507813,13.010000228881836,1.5,-0.9784024699238906
2024-04-01,507.1848449707031,13.649999618530272,1.4900000000000002,-0.8343957064375549
2024-04-02,503.9600830078125,14.609999656677246,1.5099999999999998,-0.4812451659923749
2024-04-03,504.513671875,14.329999923706056,1.489999999999999,-0.5741243342655691
2024-04-04,498.3555603027344,16.350000381469727,1.510000000000001,-0.20434317531690468
2024-04-05,503.561767578125,16.030000686645508,1.4900000000000002,-0.33753298239662916
2024-04-08,503.8434448242188,15.1899995803833,1.46,-0.40934600311009567
2024-04-09,504.4263000488281,14.979999542236328,1.4399999999999995,-0.5449879608586122
2024-04-10,499.37542724609375,15.800000190734863,1.4000000000000004,-0.37831684594081333
2024-04-11,503.1441040039063,14.90999984741211,1.41,-0.4597620821925142
2024-04-12,496.1991882324219,17.309999465942383,1.4500000000000002,0.12067162545972887
2024-04-15,489.9827575683594,19.229999542236328,1.46,0.5572833505300925
2024-04-16,489.089111328125,18.39999961853028,1.46,0.3710447876961103
2024-04-17,486.194580078125,18.209999084472656,1.4800000000000004,0.4959299437199191
2024-04-18,485.194091796875,18.0,1.4700000000000006,0.5222858760939904
2024-04-19,480.9591674804688,18.709999084472656,1.46,0.7957156936528321
2024-04-22,485.3883666992188,16.940000534057617,1.46,0.45233681515119356
2024-04-23,491.1482849121094,15.6899995803833,1.46,0.1176007647252953
2024-04-24,490.9151611328125,15.970000267028809,1.4799999999999995,0.17055035092982193
2024-04-25,489.05023193359375,15.369999885559082,1.4699999999999998,0.08039169510588524
2024-04-26,493.6834716796875,15.029999732971191,1.4500000000000002,-0.01425226259698816
2024-04-29,495.4318542480469,14.670000076293944,1.4500000000000002,-0.10605022192909286
2024-04-30,487.5835571289063,15.649999618530272,1.4399999999999995,0.17423400651987167
2024-05-01,486.0003051757813,15.390000343322754,1.4299999999999995,0.08442111967521071
2024-05-02,490.5460510253906,14.68000030517578,1.4699999999999998,-0.04420375858048079
2024-05-03,496.6265869140625,13.489999771118164,1.4900000000000002,-0.44166509298823026
2024-05-06,501.755126953125,13.489999771118164,1.4699999999999998,-0.4686247629661217
2024-05-07,502.3088073730469,13.229999542236328,1.4500000000000002,-0.5452808763757556
2024-05-08,502.3572998046875,13.0,1.4699999999999998,-0.5353145665556391
2024-05-09,505.2518310546875,12.6899995803833,1.4799999999999995,-0.7237298694823311
2024-05-10,505.9026794433594,12.550000190734863,1.4800000000000004,-0.6788116369732057
2024-05-13,505.97064208984375,13.600000381469728,1.4799999999999995,-0.6475345460275742
2024-05-14,508.2920837402344,13.420000076293944,1.4799999999999995,-0.8503212879846949
2024-05-15,514.5862426757812,12.449999809265137,1.489999999999999,-1.133041385513171
2024-05-16,513.5275268554688,12.420000076293944,1.4699999999999998,-1.2077051506849352
2024-05-17,514.2657470703125,11.989999771118164,1.4800000000000004,-1.2913175777785242
2024-05-20,514.8583374023438,12.149999618530272,1.4699999999999998,-1.3813628703727003
2024-05-21,516.1209106445312,11.859999656677246,1.4799999999999995,-1.3301812983702843
2024-05-22,514.6348876953125,12.289999961853027,1.46,-1.1356020343711235
2024-05-23,510.8757629394531,12.770000457763672,1.4500000000000002,-1.0002967609473075
2024-05-24,514.2559814453125,11.93000030517578,1.46,-1.2208372994407057
2024-05-28,514.615478515625,12.920000076293944,1.4500000000000002,-0.9840102428479062
2024-05-29,511.01177978515625,14.279999732971191,1.4699999999999998,-0.6097146345718737
2024-05-30,507.6218566894531,14.470000267028809,1.46,-0.68771070146968
2024-05-31,512.2454223632812,12.920000076293944,1.46,-1.0682098400130549
2024-06-03,512.6630859375,13.109999656677246,1.4699999999999998,-0.9244151005355973
2024-06-04,513.2362060546875,13.15999984741211,1.4900000000000002,-0.7593696360232068
2024-06-05,519.3361206054688,12.630000114440918,1.5300000000000002,-0.7830992174186336
2024-06-06,519.3262329101562,12.579999923706056,1.5,-0.837101659756843
2024-06-07,518.6950073242188,12.220000267028809,1.46,-0.9607240574981617
2024-06-10,520.297607421875,12.739999771118164,1.46,-0.8435670646306402
2024-06-11,521.55078125,12.850000381469728,1.4800000000000004,-0.7941877023569694
2024-06-12,525.8341064453125,12.039999961853027,1.4800000000000004,-1.0078825461548133
2024-06-13,526.8928833007812,11.9399995803833,1.5099999999999998,-0.9328527177086136
2024-06-14,527.2134399414062,12.65999984741211,1.5300000000000002,-0.6499594423194763
2024-06-17,531.4095458984375,12.75,1.5199999999999996,-0.7559341563665997
2024-06-18,532.7597045898438,12.300000190734863,1.5200000000000005,-0.8401360586790542
2024-06-20,531.3123168945312,13.279999732971191,1.54,-0.5956044642982635
2024-06-21,530.6001586914062,13.199999809265137,1.5499999999999998,-0.5464955807850697
2024-06-24,528.8753051757812,13.329999923706056,1.5300000000000002,-0.5626756170568991
2024-06-25,530.9118041992188,12.84000015258789,1.5499999999999998,-0.7147939530408486
2024-06-26,531.5745849609375,12.550000190734863,1.5499999999999998,-0.7044985054433011
2024-06-27,532.4126586914062,12.239999771118164,1.5499999999999998,-0.7615284037593892
2024-06-28,530.3175048828125,12.4399995803833,1.5499999999999998,-0.7585097116643142
2024-07-01,531.408935546875,12.220000267028809,1.5499999999999998,-0.8829065783874723
2024-07-02,534.9852294921875,12.029999732971191,1.5600000000000005,-0.8630630717869417
2024-07-03,537.3726196289062,12.09000015258789,1.5299999999999994,-0.9556035689505148
2024-07-05,540.4713745117188,12.479999542236328,1.5599999999999996,-0.8718398425470752
2024-07-08,541.0950317382812,12.369999885559082,1.54,-0.8165331123189651
2024-07-09,541.6211547851562,12.510000228881836,1.5600000000000005,-0.7548859662597805
2024-07-10,546.9805908203125,12.850000381469728,1.5599999999999996,-0.8126629833678689
2024-07-11,542.2642822265625,12.920000076293944,1.58,-0.6277002467642084
2024-07-12,545.6846923828125,12.460000038146973,1.58,-0.7383662046729746
2024-07-15,547.1852416992188,13.119999885559082,1.5799999999999992,-0.5724262547347289
2024-07-16,550.4302368164062,13.1899995803833,1.5600000000000005,-0.6449175705342615
2024-07-17,542.7125854492188,14.479999542236328,1.5599999999999996,-0.2825694508754963
2024-07-18,538.5419311523438,15.93000030517578,1.5699999999999994,0.13369899313823383
2024-07-19,534.9656982421875,16.520000457763672,1.5700000000000005,0.32086488394188034
2024-07-22,540.4811401367188,14.90999984741211,1.58,-0.04622179123009503
2024-07-23,539.63330078125,14.720000267028809,1.59,-0.05036088741237038
2024-07-24,527.4039306640625,18.040000915527344,1.6499999999999997,0.8182021661671617
2024-07-25,524.6559448242188,18.459999084472656,1.62,0.8997916522107983
2024-07-26,530.5319213867188,16.389999389648438,1.6499999999999997,0.5369663990689126
2024-07-29,530.8436889648438,16.600000381469727,1.66,0.6009905759708044
2024-07-30,528.1542358398438,17.690000534057617,1.6499999999999997,0.7577276482358702
2024-07-31,536.7391967773438,16.360000610351562,1.6799999999999995,0.4730185755392328
2024-08-01,529.1383666992188,18.59000015258789,1.71,1.101781151410722
2024-08-02,519.2866821289062,23.38999938964844,1.7999999999999998,2.2806928635448735
2024-08-05,504.16314697265625,38.56999969482422,1.85,4.96956585932298
2024-08-06,508.8113098144531,27.709999084472656,1.7799999999999998,2.727731481092905
2024-08-07,505.4103698730469,27.850000381469727,1.7999999999999998,2.7805545443119115
2024-08-08,517.0941162109375,23.790000915527344,1.7799999999999994,2.0705199019342677
2024-08-09,519.3743896484375,20.3700008392334,1.77,1.5161340578094693
2024-08-12,519.6472778320312,20.709999084472656,1.7799999999999998,1.6231416314821974
2024-08-13,528.193115234375,18.1200008392334,1.8000000000000005,1.2517591642809525
2024-08-14,529.8595581054688,16.190000534057617,1.7400000000000002,0.9145573119996246
2024-08-15,538.9413452148438,15.229999542236328,1.6799999999999995,0.3734747155567109
2024-08-16,540.1497802734375,14.800000190734863,1.69,0.26052739079737086
2024-08-19,545.3142700195312,14.649999618530272,1.6800000000000002,0.0693905215438919
2024-08-20,544.4275512695312,15.880000114440918,1.69,0.35103970365293985
2024-08-21,546.298583984375,16.270000457763672,1.6900000000000004,0.35185472553785613
2024-08-22,542.0109252929688,17.549999237060547,1.6999999999999995,0.3772628690569319
2024-08-23,547.7699584960938,15.859999656677246,1.6999999999999995,0.03581737306868027
2024-08-26,546.4642944335938,16.149999618530273,1.6999999999999995,0.20740973812733723
2024-08-27,547.2146606445312,15.43000030517578,1.71,0.14923641992597306
2024-08-28,544.037841796875,17.110000610351562,1.71,0.3459538045558305
2024-08-29,544.0866088867188,15.649999618530272,1.6899999999999995,0.29549486948192927
2024-08-30,549.2804565429688,15.0,1.6899999999999995,-0.012059718165581082
2024-09-03,537.9767456054688,20.71999931335449,1.7300000000000004,0.7490927489885917
2024-09-04,536.8756103515625,21.31999969482422,1.73,0.5276867268110147
2024-09-05,535.5698852539062,19.89999961853028,1.73,0.4888667114563583
2024-09-06,526.55615234375,22.3799991607666,1.73,0.8626211101333107
2024-09-09,532.4514770507812,19.450000762939453,1.7299999999999995,0.6566825122321983
2024-09-10,534.770751953125,19.07999992370605,1.7399999999999998,0.6427135530332063
2024-09-11,540.2568969726562,17.690000534057617,1.7500000000000004,0.4212720547312019
2024-09-12,544.8076782226562,17.06999969482422,1.7399999999999998,0.40965100592112874
2024-09-13,547.6531372070312,16.559999465942383,1.7199999999999998,0.2827151310088029
2024-09-16,548.4617919921875,17.139999389648438,1.7000000000000002,0.4492306318303574
2024-09-17,548.6859130859375,17.610000610351562,1.6800000000000002,0.4644483922521056
2024-09-18,547.0586547851562,18.229999542236328,1.67,0.626968631516089
2024-09-19,556.393798828125,16.329999923706055,1.6700000000000004,0.23961728470444074
2024-09-20,555.43212890625,16.149999618530273,1.6700000000000004,0.2722394643195591
2024-09-23,556.8200073242188,15.890000343322754,1.6500000000000004,0.08833974408885766
2024-09-24,558.4132690429688,15.390000343322754,1.66,0.141589237924547
2024-09-25,557.181640625,15.40999984741211,1.6500000000000004,0.11862648928172863
2024-09-26,559.3908081054688,15.369999885559082,1.6500000000000004,0.09128537504981576
2024-09-27,558.5794677734375,16.959999084472656,1.66,0.24868163358761078
2024-09-30,560.8177490234375,16.729999542236328,1.6300000000000003,0.1075821656362753
2024-10-01,555.7938232421875,19.26000022888184,1.6499999999999997,0.6263055269631437
2024-10-02,556.0283203125,18.89999961853028,1.6399999999999997,0.3444877314933889
2024-10-03,555.01171875,20.489999771118164,1.6199999999999997,0.4598757425440778
2024-10-04,560.0553588867188,19.209999084472656,1.5699999999999998,0.06670681054155925
2024-10-07,554.9921875,22.63999938964844,1.54,0.26527650526582053
2024-10-08,560.2412109375,21.420000076293945,1.5499999999999998,0.17829134553026385
2024-10-09,564.1215209960938,20.86000061035156,1.54,0.06142707289578094
2024-10-10,563.13427734375,20.93000030517578,1.54,0.20165548442474712
2024-10-11,566.5064086914062,20.459999084472656,1.54,0.17880920710513012
2024-10-14,571.1396484375,19.700000762939453,1.54,0.06721750962776518
2024-10-15,566.7019653320312,20.63999938964844,1.5299999999999994,0.2396828754275766
2024-10-16,569.1651611328125,19.57999992370605,1.510000000000001,0.032174447544531026
2024-10-17,569.2140502929688,19.11000061035156,1.5300000000000002,0.009169461390875452
2024-10-18,571.403564453125,18.030000686645508,1.5300000000000002,0.04935104572954326
2024-10-21,570.4652099609375,18.3700008392334,1.54,0.11753638974049833
2024-10-22,570.1621704101562,18.200000762939453,1.5499999999999998,0.17099078598219555
2024-10-23,564.9523315429688,19.239999771118164,1.54,0.3923493023574441
2024-10-24,566.1741943359375,19.07999992370605,1.5200000000000005,0.27213498270270825
2024-10-25,565.9786987304688,20.32999992370605,1.5099999999999998,0.4240117988793172
2024-10-28,567.7283935546875,19.799999237060547,1.5099999999999998,0.3211664666866557
2024-10-29,568.6471557617188,19.34000015258789,1.489999999999999,0.2458307094857618
2024-10-30,566.9268798828125,20.350000381469727,1.4400000000000004,0.13399208810617277
2024-10-31,555.8133544921875,23.15999984741211,1.46,0.7272714770228452
2024-11-01,558.1591796875,21.8799991607666,1.46,0.5183145699424684
2024-11-04,556.9569091796875,21.979999542236328,1.46,0.650521631875385
2024-11-05,563.6915893554688,20.489999771118164,1.4500000000000002,0.21370298509688146
2024-11-06,577.7080688476562,16.270000457763672,1.4000000000000004,-0.5574273220611237
2024-11-07,582.1749877929688,15.199999809265137,1.4400000000000004,-0.5412377540658942
2024-11-08,584.6968383789062,14.9399995803833,1.38,-0.8354215693072696
2024-11-11,585.2538452148438,14.970000267028809,1.38,-0.7680725752956762
2024-11-12,583.4359130859375,14.710000038146973,1.3600000000000003,-0.7213638567522244
2024-11-13,583.7194213867188,14.020000457763672,1.4099999999999993,-0.7174635783453791
2024-11-14,579.9660034179688,14.3100004196167,1.3900000000000006,-0.6224680189160569
2024-11-15,572.5372924804688,16.139999389648438,1.41,-0.21698084541451515
2024-11-18,574.8832397460938,15.579999923706056,1.42,-0.2421682274037681
2024-11-19,576.9846801757812,16.350000381469727,1.42,-0.22710246552470725
2024-11-20,577.1802368164062,17.15999984741211,1.4299999999999995,-0.1218074106731039
2024-11-21,580.2786865234375,16.8700008392334,1.4300000000000006,-0.3247292815469855
2024-11-22,582.0772094726562,15.239999771118164,1.4299999999999995,-0.5013150840434492
2024-11-25,584.0516357421875,14.600000381469728,1.4200000000000008,-0.6449600019079226
2024-11-26,587.1012573242188,14.100000381469728,1.4300000000000006,-0.6877559891651136
2024-11-27,585.3223266601562,14.100000381469728,1.4299999999999995,-0.6312191943304603
2024-11-29,588.9584350585938,13.510000228881836,1.4400000000000004,-0.7765668389512657
2024-12-02,590.0140991210938,13.34000015258789,1.4099999999999993,-1.1822503911919195
2024-12-03,590.2876586914062,13.300000190734863,1.3999999999999997,-1.1712621652310375
2024-12-04,593.953125,13.449999809265137,1.3899999999999997,-1.3030551305179856
2024-12-05,592.9755859375,13.539999961853027,1.4000000000000004,-1.0694341432287644
2024-12-06,594.0997314453125,12.770000457763672,1.42,-0.7753591699313427
2024-12-09,591.0403442382812,14.1899995803833,1.42,-0.46106307564232657
2024-12-10,589.2027587890625,14.18000030517578,1.41,-0.3982628747123962
2024-12-11,593.7576904296875,13.579999923706056,1.42,-0.5105194256378024
2024-12-12,590.6982421875,13.920000076293944,1.4399999999999995,-0.3805634691292297
2024-12-13,590.5809936523438,13.8100004196167,1.42,-0.4496928899570965
2024-12-16,593.1027221679688,14.6899995803833,1.42,-0.4991292892335107
2024-12-17,590.6591186523438,15.869999885559082,1.3899999999999997,-0.5934812457417685
2024-12-18,573.055419921875,27.6200008392334,1.37,0.9951783522998238
2024-12-19,572.8794555664062,24.09000015258789,1.3999999999999997,0.759052477633789
2024-12-20,579.7603149414062,18.36000061035156,1.4300000000000006,0.12978433186155072
2024-12-23,583.2321166992188,16.780000686645508,1.42,-0.06711214769112443
2024-12-24,589.714599609375,14.270000457763672,1.3900000000000006,-0.5157931635273096
2024-12-26,589.7540283203125,14.729999542236328,1.4000000000000004,-0.39157711208535173
2024-12-27,583.5458374023438,15.949999809265137,1.3999999999999997,-0.06435136955359488
2024-12-30,576.8866577148438,17.399999618530273,1.4300000000000006,0.28450165932705834
2024-12-31,574.7880249023438,17.350000381469727,1.42,0.36909971197544816
2025-01-02,573.375732421875,17.93000030517578,1.4499999999999993,0.5719925523765812
2025-01-03,580.5448608398438,16.1299991607666,1.4400000000000004,0.20448041478935583
2025-01-06,583.8890380859375,16.040000915527344,1.4399999999999995,0.1987768279320218
2025-01-07,577.288818359375,17.81999969482422,1.4699999999999998,0.5903489494006898
2025-01-08,578.1322631835938,17.700000762939453,1.4800000000000004,0.6096260471724543
2025-01-10,569.3056640625,19.540000915527344,1.4200000000000008,0.7158869146983694
2025-01-13,570.1882934570312,19.190000534057617,1.4400000000000004,0.680019247388067
2025-01-14,570.9728393554688,18.709999084472656,1.4399999999999995,0.6994585526309147
2025-01-15,581.3589477539062,16.1200008392334,1.4399999999999995,0.15668765744504587
2025-01-16,580.2408447265625,16.600000381469727,1.46,0.28713106195055055
2025-01-17,586.0664672851562,15.970000267028809,1.46,0.15382925077437878
2025-01-21,591.4309692382812,15.0600004196167,1.46,-0.0963692843360734
2025-01-22,594.7556762695312,15.100000381469728,1.4300000000000006,-0.6317087384757808
2025-01-23,598.001953125,15.020000457763672,1.4299999999999995,-0.7093988312840686
2025-01-24,596.2561645507812,14.850000381469728,1.4299999999999995,-0.5366501868377231
2025-01-27,587.8218994140625,17.899999618530273,1.4500000000000002,0.08232601544900624
2025-01-28,592.8727416992188,16.40999984741211,1.4500000000000002,-0.036631751483316766
2025-01-29,590.2149047851562,16.559999465942383,1.4500000000000002,0.03335650955957359
2025-01-30,593.3826904296875,15.84000015258789,1.4500000000000002,-0.23357718512146963
2025-01-31,590.224609375,16.43000030517578,1.4500000000000002,-0.24970924634898195
2025-02-03,586.252685546875,18.6200008392334,1.46,0.04066866741187891
2025-02-04,590.1854858398438,17.209999084472656,1.4600000000000009,-0.2137229756220329
2025-02-05,592.5784912109375,15.770000457763672,1.4500000000000002,-0.2858652294015942
2025-02-06,594.637939453125,15.5,1.4399999999999995,-0.3173957905918906
2025-02-07,589.1950073242188,16.540000915527344,1.4500000000000002,-0.2084478964342981
2025-02-10,593.1962280273438,15.8100004196167,1.4500000000000002,-0.3493618262383218
2025-02-11,593.6475219726562,16.020000457763672,1.46,-0.5011982425352538
2025-02-12,591.7349243164062,15.890000343322754,1.4500000000000002,-0.4857487565802428
2025-02-13,597.9822998046875,15.100000381469728,1.4400000000000004,-0.7148428440489435
2025-02-14,597.952880859375,14.770000457763672,1.46,-0.4526802910263849
2025-02-18,599.7083129882812,15.350000381469728,1.4400000000000004,-0.5183086352284062
2025-02-19,601.1206665039062,15.270000457763672,1.46,-0.36541557710678346
2025-02-20,598.6197509765625,15.65999984741211,1.4699999999999998,-0.12779796596837958
2025-02-21,588.380859375,18.209999084472656,1.4900000000000002,0.4766719932600534
2025-02-24,585.7035522460938,18.979999542236328,1.4799999999999995,0.6414941080630739
2025-02-25,582.7907104492188,19.43000030517578,1.5,0.7701317048565932
2025-02-26,583.0849609375,19.100000381469727,1.5099999999999998,0.5826806661605116
2025-02-27,573.77783203125,21.1299991607666,1.5199999999999996,1.1111955104955704
2025-02-28,582.7318115234375,19.6299991607666,1.5699999999999994,0.8693133868150335
2025-03-03,572.5225219726562,22.780000686645508,1.6099999999999994,1.5811047929561253
2025-03-04,565.74560546875,23.51000022888184,1.6100000000000003,1.7136855651317353
2025-03-05,571.8260498046875,21.93000030517578,1.5699999999999994,1.206906174524882
2025-03-06,561.675537109375,24.8700008392334,1.59,1.8359346343971241
2025-03-07,564.8236694335938,23.3700008392334,1.6099999999999994,1.7105535236434408
2025-03-10,549.7792358398438,27.86000061035156,1.6400000000000006,2.5576153099477046
2025-03-11,545.2090454101562,26.920000076293945,1.6799999999999995,2.530451017416607
2025-03-12,548.102294921875,24.229999542236328,1.6499999999999997,2.15387080269586
2025-03-13,540.7957153320312,24.65999984741211,1.7000000000000002,2.461624989035935
2025-03-14,551.96630859375,21.770000457763672,1.6500000000000004,1.7562436397339412
2025-03-17,556.2227172851562,20.51000022888184,1.6300000000000008,1.5849661011587342
2025-03-18,550.2108764648438,21.700000762939453,1.63,1.778548628545552
2025-03-19,556.203125,19.89999961853028,1.6399999999999997,1.543996201608732
2025-03-20,554.5947265625,19.799999237060547,1.6399999999999997,1.564108903038446
2025-03-21,554.7776489257812,19.280000686645508,1.6799999999999995,1.5765073986612037
2025-03-24,564.7129516601562,17.479999542236328,1.6400000000000006,0.9370757987882036
2025-03-25,566.0703735351562,17.149999618530273,1.66,0.8939084864738716
2025-03-26,559.3125,18.32999992370605,1.66,1.0610434419822206
2025-03-27,557.8270263671875,18.690000534057617,1.6799999999999995,1.1762799061532208
2025-03-28,546.5934448242188,21.64999961853028,1.7300000000000004,1.6283012051654975
2025-03-31,550.2625732421875,22.280000686645508,1.7599999999999998,1.843141140428485
2025-04-01,551.8167724609375,21.770000457763672,1.7300000000000004,1.493545004568799
2025-04-02,555.3088989257812,21.51000022888184,1.7299999999999995,1.2821785760892617
2025-04-03,527.9428100585938,30.020000457763672,1.8900000000000008,3.0872183053058
2025-04-04,497.0354614257813,45.310001373291016,1.9400000000000004,4.880179522203928
2025-04-07,496.1501159667969,46.97999954223633,2.02,4.987456092953663
2025-04-08,488.3790588378906,52.33000183105469,2.0,4.923770398974508
2025-04-09,539.6682739257812,33.619998931884766,2.0200000000000005,2.5069827566874654
2025-04-10,516.0205078125,40.720001220703125,1.97,3.200634260704239
2025-04-11,525.227783203125,37.560001373291016,1.9,2.4633667270568576
2025-04-14,530.3233032226562,30.88999938964844,1.9000000000000004,2.1001061289097245
2025-04-15,528.8378295898438,30.1200008392334,1.9000000000000004,2.1132312557025856
2025-04-16,517.0828247070312,32.63999938964844,1.92,2.3798041119368887
2025-04-17,517.8206176757812,29.64999961853028,1.92,2.2473887342969596
2025-04-21,505.4951171875,33.81999969482422,1.96,2.724049166508529
2025-04-22,518.64697265625,30.56999969482422,1.93,2.217147625293434
2025-04-23,526.68359375,28.450000762939453,1.86,1.9240402824641816
2025-04-24,537.7698364257812,26.46999931335449,1.86,1.6466940738592768
2025-04-25,541.6553344726562,24.84000015258789,1.84,1.3380717284296104
2025-04-28,541.8619384765625,25.14999961853028,1.8699999999999992,1.3883694666263775
2025-04-29,545.2752685546875,24.170000076293945,1.88,1.119638079641862
2025-04-30,545.4916381835938,24.700000762939453,1.96,1.3723998377795634
2025-05-01,549.3574829101562,24.600000381469727,1.95,1.2909404259619992
2025-05-02,557.5123291015625,22.68000030517578,1.9000000000000004,0.9865330769318598
2025-05-05,554.3152465820312,23.63999938964844,1.91,0.6540701528204839
2025-05-06,549.68212890625,24.76000022888184,1.95,0.30989997637683325
2025-05-07,551.9938354492188,23.549999237060547,1.95,0.18574534538078544
2025-05-08,555.8401489257812,22.479999542236328,1.89,-0.213783900288156
2025-05-09,555.1317749023438,21.89999961853028,1.89,0.6750473473876412
2025-05-12,573.4774780273438,18.38999938964844,1.82,-0.354589270226507
2025-05-13,577.2646484375,18.21999931335449,1.82,-0.25536480338222006
2025-05-14,578.0025024414062,18.6200008392334,1.7999999999999998,-0.19689417813652846
2025-05-15,580.8256225585938,17.829999923706055,1.83,-0.2429212287399256
2025-05-16,584.5045166015625,17.239999771118164,1.8200000000000005,-0.5475516355475628
2025-05-19,585.1439819335938,18.13999938964844,1.84,-0.44121320954070775
2025-05-20,583.1765747070312,18.09000015258789,1.82,-0.6584590705804945
2025-05-21,573.3494873046875,20.8700008392334,1.85,-0.059511369717375105
2025-05-22,573.5758666992188,20.280000686645508,1.87,0.07122996218309623
2025-05-23,569.6607055664062,22.290000915527344,1.88,0.42117359419384387
2025-05-27,581.5043334960938,18.959999084472656,1.84,0.038873850111421936
2025-05-28,578.14013671875,19.309999465942383,1.83,0.08387047064839252
2025-05-29,580.4222412109375,19.18000030517578,1.8100000000000005,0.051182893597975086
2025-05-30,579.7730712890625,18.56999969482422,1.84,0.08492911652976372
2025-06-02,583.038818359375,18.36000061035156,1.84,0.08023601597917211
2025-06-03,586.36376953125,17.690000534057617,1.81,0.0498439107428282
2025-06-04,586.2063598632812,17.610000610351562,1.7999999999999998,-0.02110908143503624
2025-06-05,583.373291015625,18.479999542236328,1.7699999999999996,-0.063582884960153
2025-06-06,589.364013671875,16.770000457763672,1.7300000000000004,-0.29057250245182503
2025-06-09,589.8951416015625,17.15999984741211,1.7199999999999998,-0.24165543086216915
2025-06-10,593.2396850585938,16.950000762939453,1.71,-0.329245276265415
2025-06-11,591.5477294921875,17.260000228881836,1.7400000000000002,0.02037755694077581
2025-06-12,593.8988037109375,18.020000457763672,1.7299999999999995,0.06023658843946974
2025-06-13,587.2587890625,20.81999969482422,1.75,0.3514399684242244
2025-06-16,592.8462524414062,19.11000061035156,1.7400000000000002,0.19465054725370765
2025-06-17,587.7802734375,21.600000381469727,1.7400000000000002,0.44492331129704304
2025-06-18,587.691650390625,20.13999938964844,1.7700000000000005,0.4250537481795198
2025-06-20,586.3114624023438,20.6200008392334,1.7599999999999998,0.42101305350565266
2025-06-23,592.1027221679688,19.82999992370605,1.7700000000000005,0.1892748281765753
2025-06-24,598.643798828125,17.479999542236328,1.7800000000000002,-0.01250544966425656
2025-06-25,598.979248046875,16.760000228881836,1.79,-0.09471007100462965
2025-06-26,603.6655883789062,16.59000015258789,1.7999999999999998,0.01093685119706933
2025-06-27,606.6647338867188,16.31999969482422,1.79,-0.11046033682893767
2025-06-30,609.5653686523438,16.729999542236328,1.75,-0.17497594631762248
2025-07-01,609.3681030273438,16.829999923706055,1.7200000000000006,-0.23679310639089937
2025-07-02,612.130615234375,16.639999389648438,1.7000000000000002,-0.28110513151286803
2025-07-03,616.955078125,16.3799991607666,1.67,-0.37431982801914304
2025-07-07,612.357421875,17.790000915527344,1.71,-0.15853932351551292
2025-07-08,612.02197265625,16.809999465942383,1.71,-0.2524507115552607
2025-07-09,615.6920776367188,15.9399995803833,1.7300000000000004,-0.23511103419364662
2025-07-10,617.4285278320312,15.779999732971191,1.7000000000000002,-0.3216358205957383
2025-07-11,615.2581176757812,16.399999618530273,1.7200000000000006,-0.17734345270418309
2025-07-14,616.4320068359375,17.200000762939453,1.7300000000000004,-0.14875811501475866
2025-07-15,613.7978515625,17.3799991607666,1.7000000000000002,-0.13771258153900198
2025-07-16,615.8499755859375,17.15999984741211,1.7300000000000004,-0.2056982537156443
2025-07-17,619.6187133789062,16.520000457763672,1.71,-0.2605932462732575
2025-07-18,619.1649169921875,16.40999984741211,1.7299999999999995,-0.29018558620129437
2025-07-21,620.3389282226562,16.649999618530273,1.7300000000000004,-0.2934887406676106
2025-07-22,620.427734375,16.5,1.7300000000000004,-0.32270390175155256
2025-07-23,625.7060546875,15.369999885559082,1.71,-0.4197510455883742
2025-07-24,625.9132690429688,15.390000343322754,1.6800000000000006,-0.39462423439104066
2025-07-25,628.5572509765625,14.93000030517578,1.6899999999999995,-0.4305934355657501
2025-07-28,628.3994750976562,15.029999732971191,1.6900000000000004,-0.3629975217744997
2025-07-29,626.7420043945312,15.979999542236328,1.7000000000000002,-0.2263906592712972
2025-07-30,625.9526977539062,15.479999542236328,1.6900000000000004,-0.2299081848147603
2025-07-31,623.6045532226562,16.719999313354492,1.67,-0.1677821348835804
2025-08-01,613.3834228515625,20.3799991607666,1.75,0.36699413377060824
2025-08-04,622.706787109375,17.520000457763672,1.7400000000000002,0.1197359166706594
2025-08-05,619.5496826171875,17.850000381469727,1.7200000000000006,0.08187385108414315
2025-08-06,624.295166015625,16.770000457763672,1.75,0.01573264607588143
2025-08-07,623.7722778320312,16.56999969482422,1.739999999999999,0.03796948357946439
2025-08-08,628.63623046875,15.149999618530272,1.7400000000000002,-0.08219415821139764
2025-08-11,627.39306640625,16.25,1.7200000000000006,-0.05994043061318072
2025-08-12,634.0723266601562,14.729999542236328,1.7299999999999995,-0.19628031797982057
2025-08-13,636.2428588867188,14.489999771118164,1.71,-0.30540897064862316
2025-08-14,636.302001953125,14.829999923706056,1.71,-0.25468707179575123
2025-08-15,634.812255859375,15.09000015258789,1.6899999999999995,-0.20854758488650682
2025-08-18,634.6741333007812,14.989999771118164,1.7000000000000002,-0.19524999550368363
2025-08-19,631.2308349609375,15.56999969482422,1.71,-0.08021082882715863
2025-08-20,629.5537109375,15.6899995803833,1.7299999999999995,-0.01117992489470702
2025-08-21,627.028076171875,16.600000381469727,1.7199999999999998,0.12048446961646764
2025-08-22,636.6571655273438,14.220000267028809,1.7300000000000004,-0.12359158355094917
2025-08-25,633.8552856445312,14.789999961853027,1.7000000000000002,-0.08099952582012705
2025-08-26,636.5092163085938,14.619999885559082,1.75,-0.02585309265091355
2025-08-27,637.95947265625,14.850000381469728,1.7699999999999996,-0.009445449884544951
2025-08-28,640.21875,14.43000030517578,1.75,-0.1133961149093506
2025-08-29,636.400634765625,15.359999656677246,1.7999999999999998,0.06054441811176425
2025-09-02,631.684814453125,17.170000076293945,1.81,0.12117633786185607
2025-09-03,635.1082153320312,16.350000381469727,1.7800000000000002,0.0844536078361211
2025-09-04,640.4161376953125,15.300000190734863,1.7999999999999998,-0.04659484834047264
2025-09-05,638.5613403320312,15.18000030517578,1.7800000000000002,-0.013277883198017851
2025-09-08,640.1300048828125,15.109999656677246,1.7599999999999998,-0.08189546726866255
2025-09-09,641.60986328125,15.039999961853027,1.75,-0.0635901285075046
2025-09-10,643.4646606445312,15.350000381469728,1.75,-0.08187998136530046
2025-09-11,648.8119506835938,14.710000038146973,1.7400000000000002,-0.1223048904282588
2025-09-12,648.5948486328125,14.760000228881836,1.7000000000000002,-0.16746232673455053
2025-09-15,652.0480346679688,15.6899995803833,1.6800000000000006,-0.18814602057296637
2025-09-16,651.150146484375,16.360000610351562,1.6900000000000004,-0.13376736594375796
2025-09-17,650.3412475585938,15.720000267028809,1.7000000000000002,-0.1452956931781529
2025-09-18,653.3798828125,15.699999809265137,1.6799999999999995,-0.2647726463701312
2025-09-19,656.6160278320312,15.449999809265137,1.6800000000000006,-0.3390382960905766
2025-09-22,659.7225341796875,16.100000381469727,1.67,-0.3863284704194901
2025-09-23,656.1312866210938,16.639999389648438,1.6899999999999995,-0.14776793835843763
2025-09-24,654.0436401367188,16.18000030517578,1.6799999999999995,-0.2054236344527184
2025-09-25,651.0263061523438,16.739999771118164,1.67,-0.12154708605131899
2025-09-26,654.756103515625,15.289999961853027,1.6499999999999997,-0.27780209663029487
2025-09-29,656.5962524414062,16.1200008392334,1.6399999999999997,-0.24013909209432796
2025-09-30,659.0694580078125,16.280000686645508,1.67,-0.24725891797549768
2025-10-01,661.3153686523438,16.290000915527344,1.6899999999999995,-0.2927743950481671
2025-10-02,662.0769653320312,16.6299991607666,1.6800000000000006,-0.2570089315920163
2025-10-03,662.0672607421875,16.649999618530273,1.66,-0.22954962783480415
2025-10-06,664.4415893554688,16.3700008392334,1.6500000000000004,-0.31603810765051027
2025-10-07,661.9781494140625,17.239999771118164,1.67,-0.17368996426897745
2025-10-08,665.925537109375,16.299999237060547,1.6799999999999995,-0.2402121732873216
2025-10-09,663.996337890625,16.43000030517578,1.6900000000000004,-0.167588824801866
2025-10-10,646.0499877929688,21.65999984741211,1.7199999999999998,0.4881768431961637
2025-10-13,655.9629516601562,19.030000686645508,1.7199999999999998,0.20424928862496836
2025-10-14,655.16162109375,20.809999465942383,1.71,0.3424847572386282
2025-10-15,658.0702514648438,20.63999938964844,1.6800000000000006,0.2261326303639477
2025-10-16,653.5887451171875,25.309999465942383,1.71,0.6149658930926651
2025-10-17,657.2986450195312,20.780000686645508,1.7000000000000002,0.3033153686799981
2025-10-20,664.1348876953125,18.229999542236328,1.6799999999999995,0.06300911573052499
2025-10-21,664.1249389648438,17.8700008392334,1.6700000000000004,0.05574327808481023
2025-10-22,660.6722412109375,18.600000381469727,1.69,0.13666710362352474
2025-10-23,664.5899658203125,17.299999237060547,1.66,-0.07487136444856496
2025-10-24,670.0213623046875,16.3700008392334,1.6500000000000004,-0.25243058091293763
2025-10-27,677.926025390625,15.789999961853027,1.63,-0.3751954919372202
2025-10-28,679.7266235351562,16.420000076293945,1.6499999999999997,-0.2945254053033833
2025-10-29,680.0531616210938,16.920000076293945,1.6100000000000003,-0.31695007603494996
2025-10-30,672.5737915039062,16.90999984741211,1.6399999999999997,-0.1446582204575376
2025-10-31,674.780029296875,17.440000534057617,1.6899999999999995,-0.0293346550115058
2025-11-03,676.04638671875,17.170000076293945,1.71,-0.02159526695252582
2025-11-04,668.0328369140625,19.0,1.7200000000000006,0.22959654274759958
2025-11-05,670.3478393554688,18.010000228881836,1.7000000000000002,0.07291174458669826
2025-11-06,663.1554565429688,19.5,1.7199999999999998,0.33231220670854683
2025-11-07,663.808349609375,19.07999992370605,1.75,0.33616769232112403
2025-11-10,674.1666870117188,17.600000381469727,1.7300000000000004,-0.13093966141069543
2025-11-11,675.7100219726562,17.280000686645508,1.7300000000000004,-0.05051408346595395
2025-11-12,676.0859375,17.510000228881836,1.75,-0.012134075838974264
2025-11-13,664.866943359375,20.0,1.7699999999999996,0.3441644741564313
2025-11-14,664.7581787109375,19.82999992370605,1.7700000000000005,0.2782930458121993
2025-11-17,658.5650024414062,22.3799991607666,1.7700000000000005,0.5483975959720718
2025-11-18,653.03466796875,24.690000534057617,1.79,0.8701279255978838
2025-11-19,655.5574951171875,23.65999984741211,1.79,0.7709722301424683
2025-11-20,645.5652465820312,26.420000076293945,1.8000000000000007,1.0333507508679525
2025-11-21,651.995849609375,23.43000030517578,1.8200000000000005,0.8534684732774288
2025-11-24,661.59228515625,20.520000457763672,1.7999999999999998,0.5782321689876516
2025-11-25,667.815185546875,18.559999465942383,1.79,0.45008924637341724
2025-11-26,672.4254760742188,17.190000534057617,1.7800000000000002,0.308917030956357
2025-11-28,676.0958251953125,16.350000381469727,1.7800000000000002,0.2159779525933401
2025-12-01,673.0091552734375,17.239999771118164,1.7800000000000002,0.21824612149737535
2025-12-02,674.2556762695312,16.59000015258789,1.7599999999999998,0.1420410314067968
2025-12-03,676.5905151367188,16.079999923706055,1.7700000000000005,0.11629583218570061
2025-12-04,677.085205078125,15.779999732971191,1.7599999999999998,-0.024425819810163157
2025-12-05,678.3712768554688,15.40999984741211,1.7400000000000002,-0.08320295646780738
2025-12-08,676.3333129882812,16.65999984741211,1.7300000000000004,-0.09172217804563983
2025-12-09,675.74951171875,16.93000030517578,1.7300000000000004,-0.06536072995156984
2025-12-10,680.2312622070312,15.770000457763672,1.7599999999999998,-0.006917049360527987
2025-12-11,681.8140869140625,14.850000381469728,1.7300000000000004,-0.13533486024806532
2025-12-12,674.4832763671875,15.739999771118164,1.7599999999999998,0.07214435446067476
2025-12-15,673.4642333984375,16.5,1.7700000000000005,0.022401902029798137
2025-12-16,671.6240844726562,16.479999542236328,1.7799999999999994,0.06065702354388974
2025-12-17,664.2337646484375,17.6200008392334,1.7800000000000002,0.14243055192401016
2025-12-18,669.2496337890625,16.8700008392334,1.7800000000000002,-0.03194267646650262
2025-12-19,675.3153686523438,14.90999984741211,1.7599999999999998,-0.2447512028425062
2025-12-22,679.5224609375,14.079999923706056,1.7599999999999998,-0.4704165511888503
2025-12-23,682.6282348632812,14.0,1.7400000000000002,-0.4773039139068236
2025-12-24,685.0294799804688,13.470000267028809,1.7299999999999995,-0.4443217586065656
2025-12-26,684.9599609375,13.600000381469728,1.75,-0.3133198509113388
2025-12-29,682.51904296875,14.199999809265137,1.7599999999999998,-0.17043191550790956
2025-12-30,681.685546875,14.329999923706056,1.75,-0.13724375293402563
2025-12-31,676.635009765625,14.949999809265137,1.7200000000000006,-0.15207699210221176
2026-01-02,677.8753051757812,14.510000228881836,1.739999999999999,-0.13198652417110426
2026-01-05,682.3900756835938,14.899999618530272,1.75,-0.10756270103017236
2026-01-06,686.4484252929688,14.75,1.7400000000000002,-0.18273726085808495
2026-01-07,684.2356567382812,15.380000114440918,1.7299999999999995,-0.12892947544731467
2026-01-08,684.1661987304688,15.449999809265137,1.7299999999999995,-0.1484438398058292
2026-01-09,688.6908569335938,14.489999771118164,1.7000000000000002,-0.34553119249511294
2026-01-12,689.7723999023438,15.119999885559082,1.6999999999999993,-0.26682377635325466
2026-01-13,688.3932495117188,15.979999542236328,1.6900000000000004,-0.20597619939960995
2026-01-14,685.009521484375,16.75,1.6799999999999995,-0.23123401582337202
2026-01-15,686.8750610351562,15.84000015258789,1.6500000000000004,-0.40274905284536816
2026-01-16,686.2994995117188,15.859999656677246,1.63,-0.4717536061508522
2026-01-20,672.3286743164062,20.09000015258789,1.6500000000000004,-0.08135033584784224
2026-01-21,680.0880737304688,16.899999618530273,1.62,-0.39726128648772346
2026-01-22,683.6402587890625,15.640000343322754,1.59,-0.5319401662025771
2026-01-23,683.8883666992188,16.09000015258789,1.6099999999999994,-0.4059865463013452
2026-01-26,687.3612060546875,16.149999618530273,1.6100000000000003,-0.4124374324551298
2026-01-27,690.099853515625,16.350000381469727,1.6099999999999994,-0.4101647875450039
2026-01-28,690.0303344726562,16.350000381469727,1.62,-0.38787844697144863
2026-01-29,688.6610717773438,16.8799991607666,1.63,-0.34240231647318325
2026-01-30,686.6071166992188,17.440000534057617,1.62,-0.32744822410315316
2026-02-02,690.0204467773438,16.34000015258789,1.6100000000000003,-0.5285519339111753
2026-02-03,684.18603515625,18.0,1.63,-0.2886267881900965
2026-02-04,680.8719482421875,18.63999938964844,1.6399999999999997,-0.134474068571168
2026-02-05,672.3682861328125,21.770000457763672,1.67,0.28971434628364007
2026-02-06,685.2676391601562,20.3700008392334,1.6500000000000004,-0.038164901152556774
2026-02-09,688.5718383789062,17.360000610351562,1.6400000000000006,-0.30300657479390747
2026-02-10,686.7559814453125,17.790000915527344,1.66,-0.14786490681893621
2026-02-11,686.5972290039062,17.649999618530273,1.67,-0.11716458583637362
2026-02-12,675.9900512695312,20.81999969482422,1.6799999999999995,0.2114912825676777
2026-02-13,676.4663696289062,20.600000381469727,1.7199999999999998,0.27802737866552196
2026-02-17,677.5578002929688,20.290000915527344,1.7000000000000002,0.19367993115307758
2026-02-18,680.97119140625,19.6200008392334,1.67,-0.0034368232915690244
2026-02-19,679.1751708984375,20.229999542236328,1.6799999999999995,-0.07837272299205315
2026-02-20,684.0867919921875,19.09000015258789,1.6899999999999995,-0.08995846336670439
2026-02-23,677.1013793945312,21.01000022888184,1.7299999999999995,0.28640229701717135
2026-02-24,682.0228881835938,19.549999237060547,1.7299999999999995,0.13527824038547864
2026-02-25,687.7780151367188,17.93000030517578,1.7300000000000004,0.003479172986422673
2026-02-26,683.9578247070312,18.6299991607666,1.75,0.19325605252370048
2026-02-27,680.6734619140625,19.86000061035156,1.7999999999999994,0.4940149879289084
2026-03-02,681.0604858398438,21.440000534057617,1.7800000000000002,0.49548954091119124
2026-03-03,675.0573120117188,23.56999969482422,1.7800000000000002,0.6737064573319852
2026-03-04,679.8201293945312,21.14999961853028,1.7400000000000002,0.345600530021702
2026-03-05,676.0297241210938,23.75,1.7599999999999998,0.5649337578334204
2026-03-06,667.1689453125,29.489999771118164,1.75,0.9505294078624972
2026-03-09,673.0133056640625,25.5,1.7800000000000002,0.6462912861629465
2026-03-10,671.9317016601562,24.93000030517578,1.7699999999999996,0.7308316234696915
2026-03-11,671.08837890625,24.229999542236328,1.84,1.0140861089061497
2026-03-12,660.89794921875,27.290000915527344,1.8400000000000007,1.3060054366317837
2026-03-13,657.1571655273438,27.190000534057617,1.83,1.301533059488869
2026-03-16,663.844970703125,23.51000022888184,1.85,0.9505901446695185
2026-03-17,665.5912475585938,22.3700008392334,1.85,0.8662176779526817
2026-03-18,656.3038330078125,25.09000015258789,1.8100000000000005,1.000922754777602
2026-03-19,654.6864624023438,24.059999465942383,1.81,0.9956395451908059
2026-03-20,645.3009643554688,26.780000686645508,1.79,1.1795154359798192
2026-03-23,652.07666015625,26.14999961853028,1.79,1.112315049105473
2026-03-24,649.8877563476562,26.950000762939453,1.75,0.9435061974348761
2026-03-25,653.5094604492188,25.32999992370605,1.7599999999999998,0.8969404240357304
2026-03-26,641.838623046875,27.440000534057617,1.7300000000000004,1.110305519097776
2026-03-27,630.89404296875,31.049999237060547,1.7799999999999994,1.614845307390732
2026-03-30,628.78466796875,30.61000061035156,1.79,1.6000588340048452
2026-03-31,647.0621337890625,25.25,1.79,1.0443830640418421
2026-04-01,651.9373779296875,24.540000915527344,1.75,0.7055473869689818
2026-04-02,652.5244750976562,23.8700008392334,1.7400000000000002,0.6747007483888794
2026-04-06,655.6087646484375,24.170000076293945,1.7000000000000002,0.44513128274472447
2026-04-07,655.8972778320312,25.780000686645508,1.75,0.6345356861083126
2026-04-08,672.6027221679688,21.040000915527344,1.7299999999999995,0.14066390661789327
2026-04-09,676.4830322265625,19.489999771118164,1.7299999999999995,-0.00012191899345443773
2026-04-10,676.0353393554688,19.229999542236328,1.7200000000000006,-0.04813717839237602
2026-04-13,682.6417846679688,19.1200008392334,1.7199999999999998,-0.26718075366786104
2026-04-14,690.959716796875,18.36000061035156,1.7000000000000002,-0.5715668951995254
2026-04-15,696.412109375,18.170000076293945,1.6900000000000004,-0.6029198694367645
2026-04-16,698.1234130859375,17.940000534057617,1.71,-0.5206706259918809
2026-04-17,706.5607299804688,17.479999542236328,1.7200000000000006,-0.7568769122854593
2026-04-20,705.1477661132812,18.8700008392334,1.7200000000000006,-0.63524906014295
2026-04-21,700.53125,19.5,1.7000000000000002,-0.742262726777501
2026-04-22,707.6253051757812,18.920000076293945,1.6900000000000004,-0.8285023378603683
2026-04-23,704.8792114257812,19.309999465942383,1.6799999999999995,-0.8300306698103038
2026-04-24,710.3414916992188,18.709999084472656,1.7000000000000002,-0.8003380337314642
2026-04-27,711.5653686523438,18.020000457763672,1.7000000000000002,-1.0603843006331424
2026-04-28,708.1029052734375,17.829999923706055,1.6999999999999993,-1.1929936449660785
2026-04-29,707.993408203125,18.809999465942383,1.6900000000000004,-1.161504165377634
2026-04-30,715.0377197265625,16.889999389648438,1.6999999999999993,-1.0851150566255598
2026-05-01,717.0177001953125,16.989999771118164,1.6900000000000004,-1.0645163432187974
2026-05-04,714.3909912109375,18.290000915527344,1.6899999999999995,-0.8809367781898604
2026-05-05,720.1220092773438,17.3799991607666,1.6500000000000004,-1.2059239943666007
2026-05-06,730.1312866210938,17.389999389648438,1.6599999999999993,-1.271612055569883
2026-05-07,727.8926391601562,17.079999923706055,1.6499999999999997,-1.0735513588731422
2026-05-08,733.9021606445312,17.190000534057617,1.6500000000000004,-1.0905396729519012
2026-05-11,735.5736694335938,18.3799991607666,1.6500000000000004,-1.0048271120512817
2026-05-12,734.4593505859375,17.989999771118164,1.66,-0.8844482746576959
2026-05-13,738.5685424804688,17.8700008392334,1.66,-0.828985316998823
2026-05-14,744.3989868164062,17.260000228881836,1.62,-1.1275432966961707
2026-05-15,735.4443969726562,18.43000030517578,1.62,-0.8660235886353688
2026-05-18,734.927001953125,17.81999969482422,1.59,-0.9782129002502709
2026-05-19,730.03173828125,18.059999465942383,1.5700000000000005,-1.019813808491837
2026-05-20,737.5138549804688,17.440000534057617,1.59,-1.1228954162207931
2026-05-21,738.9764404296875,16.760000228881836,1.59,-1.110973497746666
2026-05-22,741.8817749023438,16.700000762939453,1.5700000000000005,-1.311848779526974
2026-05-26,746.8068237304688,17.010000228881836,1.5599999999999996,-1.3199487344848824
2026-05-27,746.6774291992188,16.290000915527344,1.5699999999999994,-1.3097748920340402
2026-05-28,750.7965698242188,15.739999771118164,1.5699999999999994,-1.4681167158338393
2026-05-29,752.6671142578125,15.31999969482422,1.5699999999999994,-1.5290944005730236
2026-06-01,754.7166748046875,16.049999237060547,1.54,-1.537240095319796
2026-06-02,755.7415771484375,15.770000457763672,1.54,-1.5319770180758046
2026-06-03,750.4384155273438,16.059999465942383,1.54,-1.4519837749820492
2026-06-04,753.2740478515625,15.399999618530272,1.54,-1.460570564762736
2026-06-05,733.83251953125,21.51000022888184,1.5099999999999998,-0.5786263619473255
2026-06-08,735.4940795898438,18.920000076293945,1.5200000000000005,-0.8201720546108519
2026-06-09,733.3350830078125,19.8700008392334,1.5299999999999994,-0.5391429403169107
2026-06-10,721.7736206054688,22.21999931335449,1.5300000000000002,-0.1054259692625014
2026-06-11,734.04150390625,19.440000534057617,1.5499999999999998,-0.455351408953407
2026-06-12,738.0113525390625,17.68000030517578,1.5299999999999994,-0.7222979993404288
2026-06-15,751.0254516601562,16.200000762939453,1.5300000000000002,-0.9542509062140727
2026-06-16,746.5481567382812,16.40999984741211,1.5500000000000007,-0.881881913510342
2026-06-17,737.225341796875,18.440000534057617,1.5,-0.7871349074016635
2026-06-18,744.8902587890625,16.399999618530273,1.5099999999999998,-1.0978907136954696
2026-06-22,742.546142578125,17.280000686645508,1.5099999999999998,-0.8524322327323958
2026-06-23,731.7628784179688,19.489999771118164,1.5099999999999998,-0.44431485730056214
2026-06-24,731.4237060546875,18.6299991607666,1.5199999999999996,-0.4261439076769129
2026-06-25,732.4810791015625,18.88999938964844,1.54,-0.24667047956504198
2026-06-26,727.1842651367188,18.40999984741211,1.5600000000000005,-0.12981304853150344
2026-06-29,739.1644897460938,17.649999618530273,1.5499999999999998,-0.35615357877352743
2026-06-30,744.9202270507812,16.450000762939453,1.5299999999999994,-0.6151879526227132
2026-07-01,743.9127197265625,16.59000015258789,1.5399999999999991,-0.5090629228378057
2026-07-02,742.9351806640625,16.149999618530273,1.54,-0.5210178325436493
2026-07-06,749.4190673828125,15.56999969482422,1.5599999999999996,-0.641751766120979
2026-07-07,745.85791015625,16.1299991607666,1.5499999999999998,-0.5389475840713801
2026-07-08,743.5536499023438,16.899999618530273,1.5600000000000005,-0.6449739080828666
2026-07-09,749.8480224609375,15.84000015258789,1.5599999999999996,-0.8097784188027788
2026-07-10,753.0799560546875,15.029999732971191,1.58,-0.8753233268203927
2026-07-13,747.3142700195312,17.15999984741211,1.5599999999999996,-0.826617675733672
2026-07-14,749.9677124023438,16.5,1.5999999999999996,-0.5818638652101239
2026-07-15,752.9403076171875,15.670000076293944,1.6000000000000003,-0.6486339720855218
2026-07-16,748.8604125976562,16.729999542236328,1.59,-0.34804393947405393
2026-07-17,741.4487915039062,18.770000457763672,1.59,-0.10064308923501634
2026-07-20,740.2518310546875,18.64999961853028,1.6100000000000003,-0.13842156799118163
2026-07-21,746.426513671875,17.049999237060547,1.6000000000000003,-0.3211317407300166
2026-07-22,745.55859375,16.639999389648438,1.58,-0.46539096607413627
2026-07-23,736.3515014648438,18.700000762939453,1.58,-0.277819683040796
2026-07-24,737.099609375,18.57999992370605,1.59,-0.26237195967968
2026-07-27,737.25927734375,18.670000076293945,1.6099999999999994,-0.157740996210484
2026-07-28,739.0248413085938,18.209999084472656,1.62,-0.26356578736847547
2026-07-29,727.6531372070312,20.65999984741211,1.5999999999999996,0.22705492194704813
2026-07-30,739.852783203125,17.09000015258789,1.6400000000000006,-0.06253674000980751
2026-07-31,745.1796264648438,15.989999771118164,1.63,-0.3034468673030181
2026-08-03,755.793212890625,15.859999656677246,1.6099999999999994,-0.5584344815903781
2026-08-04,769.4193725585938,16.5,1.6399999999999997,-0.46439608646234065
2026-08-05,767.8831787109375,15.8100004196167,1.62,-0.6415354142433276
2026-08-06,766.65625,15.149999618530272,1.6099999999999994,-0.7615083996220671
2026-08-07,771.3446044921875,14.899999618530272,1.6399999999999997,-0.6346645555215534
2026-08-10,771.1151733398438,15.460000038146973,1.62,-0.6086346124651218
2026-08-11,768.6513061523438,15.279999732971191,1.6399999999999997,-0.5885974451582375
2026-08-12,770.5764770507812,14.550000190734863,1.66,-0.567420890482814
2026-08-13,775.9531860351562,14.630000114440918,1.67,-0.5471624406528859
2026-08-14,774.4169921875,14.25,1.6900000000000004,-0.5385367032541325
2026-08-17,770.7560424804688,15.1899995803833,1.6900000000000004,-0.49838490797034285
2026-08-18,765.5490112304688,15.84000015258789,1.6799999999999995,-0.4188839078194328
2026-08-19,767.1549682617188,14.890000343322754,1.6399999999999997,-0.6138343860266321
2026-08-20,760.7109985351562,16.010000228881836,1.6399999999999997,-0.42360623669158054
2026-08-21,763.8232421875,15.130000114440918,1.63,-0.7256289715689825
2026-08-24,761.5787963867188,15.850000381469728,1.63,-0.6080980404645976
2026-08-25,764.0127563476562,15.449999809265137,1.62,-0.7176372709139439
2026-08-26,764.182373046875,15.210000038146973,1.6099999999999994,-0.7581917394794448
2026-08-27,769.18994140625,14.510000228881836,1.5999999999999996,-1.1016527652988277
2026-08-28,767.4442749023438,14.43000030517578,1.5399999999999991,-1.1493351229871467
2026-08-31,765.1499633789062,14.920000076293944,1.59,-0.7823532864468851
2026-09-01,759.89306640625,16.34000015258789,1.58,-0.4604402733766473
2026-09-02,763.2646484375,15.199999809265137,1.58,-0.4380929475093529
2026-09-03,771.2548217773438,14.31999969482422,1.5700000000000005,-0.6912126653180058
2026-09-04,768.2822265625,14.529999732971191,1.5599999999999996,-0.6836960052515867
2026-09-08,764.0626831054688,15.720000267028809,1.5700000000000005,-0.40289259665037075
2026-09-09,760.5115356445312,16.459999084472656,1.5499999999999998,-0.3654390332375483
2026-09-10,755.9528198242188,17.84000015258789,1.5099999999999998,-0.36030257757237455
2026-09-11,762.3967895507812,15.84000015258789,1.5,-0.6581015680300636
2026-09-14,758.9952392578125,17.100000381469727,1.4700000000000006,-0.5322621464824805
2026-09-15,755.513916015625,17.200000762939453,1.4800000000000004,-0.4479238756172313
2026-09-16,752.1821899414062,17.709999084472656,1.4300000000000006,-0.5906216847985438
2026-09-17,760.7109985351562,15.4399995803833,1.4399999999999995,-0.9450805277121838
2026-09-18,761.6900024414062,14.8100004196167,1.4000000000000004,-1.13992354718524
2026-09-21,773.5,14.869999885559082,1.42,-1.274639242576738
2026-09-22,773.3800048828125,14.210000038146973,1.42,-1.2810929703201552
2026-09-23,767.8099975585938,15.18000030517578,1.3899999999999997,-1.2330011288443423
2026-09-24,767.1799926757812,15.670000076293944,1.3900000000000006,-1.1225121829196203
2026-09-25,771.3499755859375,14.869999885559082,1.46,-0.9875522031642197
2026-09-28,765.6099853515625,16.06999969482422,1.46,-0.7164210136345948
2026-09-29,764.2000122070312,16.040000915527344,1.46,-0.715567480064856
2026-09-30,762.6300048828125,16.34000015258789,1.4699999999999998,-0.6533367621636769
2026-10-01,763.989990234375,16.389999389648438,1.4900000000000002,-0.6607927162222049
2026-10-02,769.6400146484375,15.3100004196167,1.4699999999999998,-0.8630971671941056
2026-10-05,774.8300170898438,15.520000457763672,1.4699999999999998,-0.798041810821266
